name,label,seed,relative_time_ms,mean_posterior_density,curve_type,std_posterior_density
ets_inception_pyramid_event_nll_mixture,ets inception pyramid event nll mixture,2025,-1000.0,0.10417963453426483,seed,
ets_inception_pyramid_event_nll_mixture,ets inception pyramid event nll mixture,2025,-990.0,0.10743243832785186,seed,
ets_inception_pyramid_event_nll_mixture,ets inception pyramid event nll mixture,2025,-980.0,0.11554659288728335,seed,
ets_inception_pyramid_event_nll_mixture,ets inception pyramid event nll mixture,2025,-970.0,0.12487255023389726,seed,
ets_inception_pyramid_event_nll_mixture,ets inception pyramid event nll mixture,2025,-960.0,0.12686744567591252,seed,
ets_inception_pyramid_event_nll_mixture,ets inception pyramid event nll mixture,2025,-950.0,0.12214246576436479,seed,
ets_inception_pyramid_event_nll_mixture,ets inception pyramid event nll mixture,2025,-940.0,0.1209201957252901,seed,
ets_inception_pyramid_event_nll_mixture,ets inception pyramid event nll mixture,2025,-929.9999999999999,0.12122935388265225,seed,
ets_inception_pyramid_event_nll_mixture,ets inception pyramid event nll mixture,2025,-919.9999999999999,0.12729468655637435,seed,
ets_inception_pyramid_event_nll_mixture,ets inception pyramid event nll mixture,2025,-909.9999999999999,0.13339166647065262,seed,
ets_inception_pyramid_event_nll_mixture,ets inception pyramid event nll mixture,2025,-899.9999999999999,0.13839133140907384,seed,
ets_inception_pyramid_event_nll_mixture,ets inception pyramid event nll mixture,2025,-889.9999999999999,0.14195434857133502,seed,
ets_inception_pyramid_event_nll_mixture,ets inception pyramid event nll mixture,2025,-879.9999999999999,0.1435376619985675,seed,
ets_inception_pyramid_event_nll_mixture,ets inception pyramid event nll mixture,2025,-869.9999999999999,0.14246862139200384,seed,
ets_inception_pyramid_event_nll_mixture,ets inception pyramid event nll mixture,2025,-859.9999999999999,0.14448207862985005,seed,
ets_inception_pyramid_event_nll_mixture,ets inception pyramid event nll mixture,2025,-849.9999999999999,0.14513514386990997,seed,
ets_inception_pyramid_event_nll_mixture,ets inception pyramid event nll mixture,2025,-839.9999999999999,0.1415208277958609,seed,
ets_inception_pyramid_event_nll_mixture,ets inception pyramid event nll mixture,2025,-829.9999999999999,0.13971952819344083,seed,
ets_inception_pyramid_event_nll_mixture,ets inception pyramid event nll mixture,2025,-819.9999999999999,0.14398529719680558,seed,
ets_inception_pyramid_event_nll_mixture,ets inception pyramid event nll mixture,2025,-809.9999999999999,0.15093384730868062,seed,
ets_inception_pyramid_event_nll_mixture,ets inception pyramid event nll mixture,2025,-799.9999999999998,0.15666328673837077,seed,
ets_inception_pyramid_event_nll_mixture,ets inception pyramid event nll mixture,2025,-789.9999999999998,0.1634564562824415,seed,
ets_inception_pyramid_event_nll_mixture,ets inception pyramid event nll mixture,2025,-779.9999999999998,0.16800074740979817,seed,
ets_inception_pyramid_event_nll_mixture,ets inception pyramid event nll mixture,2025,-769.9999999999998,0.17125254396732972,seed,
ets_inception_pyramid_event_nll_mixture,ets inception pyramid event nll mixture,2025,-759.9999999999998,0.1758253385728287,seed,
ets_inception_pyramid_event_nll_mixture,ets inception pyramid event nll mixture,2025,-749.9999999999998,0.18036970076552936,seed,
ets_inception_pyramid_event_nll_mixture,ets inception pyramid event nll mixture,2025,-739.9999999999998,0.1857316195389815,seed,
ets_inception_pyramid_event_nll_mixture,ets inception pyramid event nll mixture,2025,-729.9999999999998,0.19500434843492442,seed,
ets_inception_pyramid_event_nll_mixture,ets inception pyramid event nll mixture,2025,-719.9999999999998,0.20186919889237967,seed,
ets_inception_pyramid_event_nll_mixture,ets inception pyramid event nll mixture,2025,-709.9999999999998,0.20480911993015966,seed,
ets_inception_pyramid_event_nll_mixture,ets inception pyramid event nll mixture,2025,-699.9999999999998,0.20584639464423063,seed,
ets_inception_pyramid_event_nll_mixture,ets inception pyramid event nll mixture,2025,-689.9999999999998,0.20644949566861626,seed,
ets_inception_pyramid_event_nll_mixture,ets inception pyramid event nll mixture,2025,-679.9999999999998,0.21411780898486496,seed,
ets_inception_pyramid_event_nll_mixture,ets inception pyramid event nll mixture,2025,-669.9999999999997,0.2203241829464175,seed,
ets_inception_pyramid_event_nll_mixture,ets inception pyramid event nll mixture,2025,-659.9999999999997,0.2230070818487655,seed,
ets_inception_pyramid_event_nll_mixture,ets inception pyramid event nll mixture,2025,-649.9999999999997,0.22403103412746056,seed,
ets_inception_pyramid_event_nll_mixture,ets inception pyramid event nll mixture,2025,-639.9999999999997,0.22610230437255247,seed,
ets_inception_pyramid_event_nll_mixture,ets inception pyramid event nll mixture,2025,-629.9999999999997,0.2299004414491679,seed,
ets_inception_pyramid_event_nll_mixture,ets inception pyramid event nll mixture,2025,-619.9999999999997,0.2357716903974627,seed,
ets_inception_pyramid_event_nll_mixture,ets inception pyramid event nll mixture,2025,-609.9999999999997,0.24149024234336355,seed,
ets_inception_pyramid_event_nll_mixture,ets inception pyramid event nll mixture,2025,-599.9999999999997,0.24502037331094453,seed,
ets_inception_pyramid_event_nll_mixture,ets inception pyramid event nll mixture,2025,-589.9999999999997,0.2543709133503758,seed,
ets_inception_pyramid_event_nll_mixture,ets inception pyramid event nll mixture,2025,-579.9999999999997,0.2646373474451237,seed,
ets_inception_pyramid_event_nll_mixture,ets inception pyramid event nll mixture,2025,-569.9999999999997,0.26830782827951233,seed,
ets_inception_pyramid_event_nll_mixture,ets inception pyramid event nll mixture,2025,-559.9999999999997,0.26883852871149955,seed,
ets_inception_pyramid_event_nll_mixture,ets inception pyramid event nll mixture,2025,-549.9999999999995,0.27522338461701995,seed,
ets_inception_pyramid_event_nll_mixture,ets inception pyramid event nll mixture,2025,-539.9999999999995,0.2796164829649044,seed,
ets_inception_pyramid_event_nll_mixture,ets inception pyramid event nll mixture,2025,-529.9999999999995,0.28480076967475915,seed,
ets_inception_pyramid_event_nll_mixture,ets inception pyramid event nll mixture,2025,-519.9999999999995,0.29302191947923656,seed,
ets_inception_pyramid_event_nll_mixture,ets inception pyramid event nll mixture,2025,-509.99999999999955,0.2980942512541011,seed,
ets_inception_pyramid_event_nll_mixture,ets inception pyramid event nll mixture,2025,-499.99999999999955,0.30301525765921106,seed,
ets_inception_pyramid_event_nll_mixture,ets inception pyramid event nll mixture,2025,-489.99999999999955,0.3071145271495965,seed,
ets_inception_pyramid_event_nll_mixture,ets inception pyramid event nll mixture,2025,-479.99999999999955,0.3170243705064633,seed,
ets_inception_pyramid_event_nll_mixture,ets inception pyramid event nll mixture,2025,-469.99999999999955,0.3305958146120922,seed,
ets_inception_pyramid_event_nll_mixture,ets inception pyramid event nll mixture,2025,-459.99999999999955,0.33786061983584964,seed,
ets_inception_pyramid_event_nll_mixture,ets inception pyramid event nll mixture,2025,-449.9999999999995,0.34545089985384897,seed,
ets_inception_pyramid_event_nll_mixture,ets inception pyramid event nll mixture,2025,-439.9999999999995,0.35587381265171714,seed,
ets_inception_pyramid_event_nll_mixture,ets inception pyramid event nll mixture,2025,-429.9999999999995,0.36437060221731155,seed,
ets_inception_pyramid_event_nll_mixture,ets inception pyramid event nll mixture,2025,-419.9999999999995,0.3765005209342055,seed,
ets_inception_pyramid_event_nll_mixture,ets inception pyramid event nll mixture,2025,-409.9999999999995,0.3845933664405412,seed,
ets_inception_pyramid_event_nll_mixture,ets inception pyramid event nll mixture,2025,-399.9999999999995,0.389114249398768,seed,
ets_inception_pyramid_event_nll_mixture,ets inception pyramid event nll mixture,2025,-389.99999999999943,0.40287590015458075,seed,
ets_inception_pyramid_event_nll_mixture,ets inception pyramid event nll mixture,2025,-379.99999999999943,0.41381907648224214,seed,
ets_inception_pyramid_event_nll_mixture,ets inception pyramid event nll mixture,2025,-369.99999999999943,0.4221377941810373,seed,
ets_inception_pyramid_event_nll_mixture,ets inception pyramid event nll mixture,2025,-359.99999999999943,0.43519255977126853,seed,
ets_inception_pyramid_event_nll_mixture,ets inception pyramid event nll mixture,2025,-349.99999999999943,0.4530117704592547,seed,
ets_inception_pyramid_event_nll_mixture,ets inception pyramid event nll mixture,2025,-339.99999999999943,0.4623794086829864,seed,
ets_inception_pyramid_event_nll_mixture,ets inception pyramid event nll mixture,2025,-329.99999999999943,0.47227063115544754,seed,
ets_inception_pyramid_event_nll_mixture,ets inception pyramid event nll mixture,2025,-319.9999999999994,0.4853078793509782,seed,
ets_inception_pyramid_event_nll_mixture,ets inception pyramid event nll mixture,2025,-309.9999999999994,0.4957016828570691,seed,
ets_inception_pyramid_event_nll_mixture,ets inception pyramid event nll mixture,2025,-299.9999999999994,0.5126608886557371,seed,
ets_inception_pyramid_event_nll_mixture,ets inception pyramid event nll mixture,2025,-289.9999999999994,0.5348025132332088,seed,
ets_inception_pyramid_event_nll_mixture,ets inception pyramid event nll mixture,2025,-279.9999999999994,0.5518702281932667,seed,
ets_inception_pyramid_event_nll_mixture,ets inception pyramid event nll mixture,2025,-269.9999999999994,0.5679998809922386,seed,
ets_inception_pyramid_event_nll_mixture,ets inception pyramid event nll mixture,2025,-259.9999999999993,0.5752137889120349,seed,
ets_inception_pyramid_event_nll_mixture,ets inception pyramid event nll mixture,2025,-249.99999999999935,0.5797764338099417,seed,
ets_inception_pyramid_event_nll_mixture,ets inception pyramid event nll mixture,2025,-239.99999999999932,0.5948052435311512,seed,
ets_inception_pyramid_event_nll_mixture,ets inception pyramid event nll mixture,2025,-229.99999999999932,0.6111886092391601,seed,
ets_inception_pyramid_event_nll_mixture,ets inception pyramid event nll mixture,2025,-219.99999999999932,0.62490942913297,seed,
ets_inception_pyramid_event_nll_mixture,ets inception pyramid event nll mixture,2025,-209.9999999999993,0.6316863357943518,seed,
ets_inception_pyramid_event_nll_mixture,ets inception pyramid event nll mixture,2025,-199.9999999999993,0.6432425635684399,seed,
ets_inception_pyramid_event_nll_mixture,ets inception pyramid event nll mixture,2025,-189.9999999999993,0.673438996908669,seed,
ets_inception_pyramid_event_nll_mixture,ets inception pyramid event nll mixture,2025,-179.99999999999926,0.711679634351447,seed,
ets_inception_pyramid_event_nll_mixture,ets inception pyramid event nll mixture,2025,-169.99999999999926,0.7395424074744316,seed,
ets_inception_pyramid_event_nll_mixture,ets inception pyramid event nll mixture,2025,-159.99999999999926,0.7665552181352556,seed,
ets_inception_pyramid_event_nll_mixture,ets inception pyramid event nll mixture,2025,-149.99999999999923,0.8002957567885436,seed,
ets_inception_pyramid_event_nll_mixture,ets inception pyramid event nll mixture,2025,-139.99999999999923,0.8602207666768136,seed,
ets_inception_pyramid_event_nll_mixture,ets inception pyramid event nll mixture,2025,-129.99999999999923,0.9397935354079396,seed,
ets_inception_pyramid_event_nll_mixture,ets inception pyramid event nll mixture,2025,-119.99999999999922,1.0375385869507288,seed,
ets_inception_pyramid_event_nll_mixture,ets inception pyramid event nll mixture,2025,-109.9999999999992,1.1562986292470405,seed,
ets_inception_pyramid_event_nll_mixture,ets inception pyramid event nll mixture,2025,-99.9999999999992,1.3045169027073331,seed,
ets_inception_pyramid_event_nll_mixture,ets inception pyramid event nll mixture,2025,-89.99999999999919,1.4884802780371107,seed,
ets_inception_pyramid_event_nll_mixture,ets inception pyramid event nll mixture,2025,-79.99999999999918,1.6831639535020226,seed,
ets_inception_pyramid_event_nll_mixture,ets inception pyramid event nll mixture,2025,-69.99999999999918,1.8768807845280064,seed,
ets_inception_pyramid_event_nll_mixture,ets inception pyramid event nll mixture,2025,-59.99999999999916,2.0743967965657175,seed,
ets_inception_pyramid_event_nll_mixture,ets inception pyramid event nll mixture,2025,-49.999999999999154,2.2613621273761666,seed,
ets_inception_pyramid_event_nll_mixture,ets inception pyramid event nll mixture,2025,-39.99999999999915,2.425149490043163,seed,
ets_inception_pyramid_event_nll_mixture,ets inception pyramid event nll mixture,2025,-29.99999999999914,2.5417139145709418,seed,
ets_inception_pyramid_event_nll_mixture,ets inception pyramid event nll mixture,2025,-19.99999999999913,2.595365353679263,seed,
ets_inception_pyramid_event_nll_mixture,ets inception pyramid event nll mixture,2025,-9.99999999999912,2.566563920754976,seed,
ets_inception_pyramid_event_nll_mixture,ets inception pyramid event nll mixture,2025,8.881784197001252e-13,2.5007215611556566,seed,
ets_inception_pyramid_event_nll_mixture,ets inception pyramid event nll mixture,2025,10.000000000000897,2.389973261926232,seed,
ets_inception_pyramid_event_nll_mixture,ets inception pyramid event nll mixture,2025,20.000000000000906,2.219411496832701,seed,
ets_inception_pyramid_event_nll_mixture,ets inception pyramid event nll mixture,2025,30.000000000000917,2.017801876144449,seed,
ets_inception_pyramid_event_nll_mixture,ets inception pyramid event nll mixture,2025,40.000000000000924,1.8074092682587286,seed,
ets_inception_pyramid_event_nll_mixture,ets inception pyramid event nll mixture,2025,50.00000000000093,1.6103470880262314,seed,
ets_inception_pyramid_event_nll_mixture,ets inception pyramid event nll mixture,2025,60.00000000000094,1.4390780299740469,seed,
ets_inception_pyramid_event_nll_mixture,ets inception pyramid event nll mixture,2025,70.00000000000095,1.2970189989945955,seed,
ets_inception_pyramid_event_nll_mixture,ets inception pyramid event nll mixture,2025,80.00000000000097,1.1686653676836745,seed,
ets_inception_pyramid_event_nll_mixture,ets inception pyramid event nll mixture,2025,90.00000000000097,1.0543830390252322,seed,
ets_inception_pyramid_event_nll_mixture,ets inception pyramid event nll mixture,2025,100.00000000000098,0.9670017478916496,seed,
ets_inception_pyramid_event_nll_mixture,ets inception pyramid event nll mixture,2025,110.00000000000098,0.9011122195854679,seed,
ets_inception_pyramid_event_nll_mixture,ets inception pyramid event nll mixture,2025,120.000000000001,0.8531541945936589,seed,
ets_inception_pyramid_event_nll_mixture,ets inception pyramid event nll mixture,2025,130.000000000001,0.8217137873273996,seed,
ets_inception_pyramid_event_nll_mixture,ets inception pyramid event nll mixture,2025,140.00000000000102,0.7991269871057448,seed,
ets_inception_pyramid_event_nll_mixture,ets inception pyramid event nll mixture,2025,150.00000000000102,0.7782348156940812,seed,
ets_inception_pyramid_event_nll_mixture,ets inception pyramid event nll mixture,2025,160.00000000000102,0.7615097909721513,seed,
ets_inception_pyramid_event_nll_mixture,ets inception pyramid event nll mixture,2025,170.00000000000105,0.741976556728942,seed,
ets_inception_pyramid_event_nll_mixture,ets inception pyramid event nll mixture,2025,180.00000000000105,0.730384037114824,seed,
ets_inception_pyramid_event_nll_mixture,ets inception pyramid event nll mixture,2025,190.00000000000105,0.7236347711523575,seed,
ets_inception_pyramid_event_nll_mixture,ets inception pyramid event nll mixture,2025,200.00000000000108,0.716512282385684,seed,
ets_inception_pyramid_event_nll_mixture,ets inception pyramid event nll mixture,2025,210.00000000000108,0.6980031961715562,seed,
ets_inception_pyramid_event_nll_mixture,ets inception pyramid event nll mixture,2025,220.00000000000108,0.6769234333713277,seed,
ets_inception_pyramid_event_nll_mixture,ets inception pyramid event nll mixture,2025,230.00000000000108,0.6455078324180423,seed,
ets_inception_pyramid_event_nll_mixture,ets inception pyramid event nll mixture,2025,240.0000000000011,0.6138058874767508,seed,
ets_inception_pyramid_event_nll_mixture,ets inception pyramid event nll mixture,2025,250.0000000000011,0.5880865539873283,seed,
ets_inception_pyramid_event_nll_mixture,ets inception pyramid event nll mixture,2025,260.00000000000114,0.5658596852207495,seed,
ets_inception_pyramid_event_nll_mixture,ets inception pyramid event nll mixture,2025,270.00000000000114,0.5431712926805818,seed,
ets_inception_pyramid_event_nll_mixture,ets inception pyramid event nll mixture,2025,280.00000000000114,0.5215482965111998,seed,
ets_inception_pyramid_event_nll_mixture,ets inception pyramid event nll mixture,2025,290.00000000000114,0.5092353826799069,seed,
ets_inception_pyramid_event_nll_mixture,ets inception pyramid event nll mixture,2025,300.00000000000114,0.49080203689402385,seed,
ets_inception_pyramid_event_nll_mixture,ets inception pyramid event nll mixture,2025,310.00000000000114,0.46662605170358035,seed,
ets_inception_pyramid_event_nll_mixture,ets inception pyramid event nll mixture,2025,320.0000000000012,0.4443768291759013,seed,
ets_inception_pyramid_event_nll_mixture,ets inception pyramid event nll mixture,2025,330.0000000000012,0.4258970179790324,seed,
ets_inception_pyramid_event_nll_mixture,ets inception pyramid event nll mixture,2025,340.0000000000012,0.41411499270555086,seed,
ets_inception_pyramid_event_nll_mixture,ets inception pyramid event nll mixture,2025,350.0000000000012,0.4044560933336369,seed,
ets_inception_pyramid_event_nll_mixture,ets inception pyramid event nll mixture,2025,360.0000000000012,0.4025278151541517,seed,
ets_inception_pyramid_event_nll_mixture,ets inception pyramid event nll mixture,2025,370.0000000000012,0.3987622029573607,seed,
ets_inception_pyramid_event_nll_mixture,ets inception pyramid event nll mixture,2025,380.00000000000125,0.39455165523273195,seed,
ets_inception_pyramid_event_nll_mixture,ets inception pyramid event nll mixture,2025,390.00000000000125,0.392282756033861,seed,
ets_inception_pyramid_event_nll_mixture,ets inception pyramid event nll mixture,2025,400.00000000000125,0.38330986343433593,seed,
ets_inception_pyramid_event_nll_mixture,ets inception pyramid event nll mixture,2025,410.00000000000125,0.3745842872217398,seed,
ets_inception_pyramid_event_nll_mixture,ets inception pyramid event nll mixture,2025,420.00000000000125,0.36924994652211657,seed,
ets_inception_pyramid_event_nll_mixture,ets inception pyramid event nll mixture,2025,430.00000000000125,0.36521130297082943,seed,
ets_inception_pyramid_event_nll_mixture,ets inception pyramid event nll mixture,2025,440.00000000000125,0.3569915173917011,seed,
ets_inception_pyramid_event_nll_mixture,ets inception pyramid event nll mixture,2025,450.0000000000013,0.34912348768141566,seed,
ets_inception_pyramid_event_nll_mixture,ets inception pyramid event nll mixture,2025,460.0000000000013,0.33848459093684063,seed,
ets_inception_pyramid_event_nll_mixture,ets inception pyramid event nll mixture,2025,470.0000000000013,0.33111597898306433,seed,
ets_inception_pyramid_event_nll_mixture,ets inception pyramid event nll mixture,2025,480.0000000000013,0.32277057018622574,seed,
ets_inception_pyramid_event_nll_mixture,ets inception pyramid event nll mixture,2025,490.0000000000013,0.32202178453825936,seed,
ets_inception_pyramid_event_nll_mixture,ets inception pyramid event nll mixture,2025,500.0000000000013,0.3225063855251151,seed,
ets_inception_pyramid_event_nll_mixture,ets inception pyramid event nll mixture,2025,510.00000000000136,0.31969387004281596,seed,
ets_inception_pyramid_event_nll_mixture,ets inception pyramid event nll mixture,2025,520.0000000000014,0.31149647003123515,seed,
ets_inception_pyramid_event_nll_mixture,ets inception pyramid event nll mixture,2025,530.0000000000014,0.3050625295412001,seed,
ets_inception_pyramid_event_nll_mixture,ets inception pyramid event nll mixture,2025,540.0000000000014,0.2996128547872451,seed,
ets_inception_pyramid_event_nll_mixture,ets inception pyramid event nll mixture,2025,550.0000000000014,0.29236488167353886,seed,
ets_inception_pyramid_event_nll_mixture,ets inception pyramid event nll mixture,2025,560.0000000000014,0.2880429101391994,seed,
ets_inception_pyramid_event_nll_mixture,ets inception pyramid event nll mixture,2025,570.0000000000014,0.28207519102035233,seed,
ets_inception_pyramid_event_nll_mixture,ets inception pyramid event nll mixture,2025,580.0000000000014,0.27763489878348235,seed,
ets_inception_pyramid_event_nll_mixture,ets inception pyramid event nll mixture,2025,590.0000000000014,0.27501334213805423,seed,
ets_inception_pyramid_event_nll_mixture,ets inception pyramid event nll mixture,2025,600.0000000000014,0.27580919359223927,seed,
ets_inception_pyramid_event_nll_mixture,ets inception pyramid event nll mixture,2025,610.0000000000015,0.2727419145464422,seed,
ets_inception_pyramid_event_nll_mixture,ets inception pyramid event nll mixture,2025,620.0000000000015,0.26619915923190296,seed,
ets_inception_pyramid_event_nll_mixture,ets inception pyramid event nll mixture,2025,630.0000000000015,0.2570915290817028,seed,
ets_inception_pyramid_event_nll_mixture,ets inception pyramid event nll mixture,2025,640.0000000000015,0.25220801500762197,seed,
ets_inception_pyramid_event_nll_mixture,ets inception pyramid event nll mixture,2025,650.0000000000015,0.2539341482401173,seed,
ets_inception_pyramid_event_nll_mixture,ets inception pyramid event nll mixture,2025,660.0000000000015,0.2526402883259991,seed,
ets_inception_pyramid_event_nll_mixture,ets inception pyramid event nll mixture,2025,670.0000000000015,0.2554043132283336,seed,
ets_inception_pyramid_event_nll_mixture,ets inception pyramid event nll mixture,2025,680.0000000000015,0.2583559857758008,seed,
ets_inception_pyramid_event_nll_mixture,ets inception pyramid event nll mixture,2025,690.0000000000015,0.2568661951055429,seed,
ets_inception_pyramid_event_nll_mixture,ets inception pyramid event nll mixture,2025,700.0000000000015,0.24886397979634348,seed,
ets_inception_pyramid_event_nll_mixture,ets inception pyramid event nll mixture,2025,710.0000000000015,0.23985682975184436,seed,
ets_inception_pyramid_event_nll_mixture,ets inception pyramid event nll mixture,2025,720.0000000000015,0.22805749102831993,seed,
ets_inception_pyramid_event_nll_mixture,ets inception pyramid event nll mixture,2025,730.0000000000016,0.22235135181080964,seed,
ets_inception_pyramid_event_nll_mixture,ets inception pyramid event nll mixture,2025,740.0000000000016,0.22288197678768598,seed,
ets_inception_pyramid_event_nll_mixture,ets inception pyramid event nll mixture,2025,750.0000000000016,0.22352615249352945,seed,
ets_inception_pyramid_event_nll_mixture,ets inception pyramid event nll mixture,2025,760.0000000000016,0.22630921631690498,seed,
ets_inception_pyramid_event_nll_mixture,ets inception pyramid event nll mixture,2025,770.0000000000016,0.22510043680474742,seed,
ets_inception_pyramid_event_nll_mixture,ets inception pyramid event nll mixture,2025,780.0000000000016,0.2176027618472047,seed,
ets_inception_pyramid_event_nll_mixture,ets inception pyramid event nll mixture,2025,790.0000000000016,0.21715740933922537,seed,
ets_inception_pyramid_event_nll_mixture,ets inception pyramid event nll mixture,2025,800.0000000000016,0.21645319650540254,seed,
ets_inception_pyramid_event_nll_mixture,ets inception pyramid event nll mixture,2025,810.0000000000016,0.22214802836128003,seed,
ets_inception_pyramid_event_nll_mixture,ets inception pyramid event nll mixture,2025,820.0000000000016,0.23291779602948573,seed,
ets_inception_pyramid_event_nll_mixture,ets inception pyramid event nll mixture,2025,830.0000000000016,0.23702683402060898,seed,
ets_inception_pyramid_event_nll_mixture,ets inception pyramid event nll mixture,2025,840.0000000000016,0.23997786222387973,seed,
ets_inception_pyramid_event_nll_mixture,ets inception pyramid event nll mixture,2025,850.0000000000016,0.2344372281778144,seed,
ets_inception_pyramid_event_nll_mixture,ets inception pyramid event nll mixture,2025,860.0000000000017,0.22063257615741025,seed,
ets_inception_pyramid_event_nll_mixture,ets inception pyramid event nll mixture,2025,870.0000000000017,0.21854555763899636,seed,
ets_inception_pyramid_event_nll_mixture,ets inception pyramid event nll mixture,2025,880.0000000000017,0.2195273280202228,seed,
ets_inception_pyramid_event_nll_mixture,ets inception pyramid event nll mixture,2025,890.0000000000017,0.21680544297552964,seed,
ets_inception_pyramid_event_nll_mixture,ets inception pyramid event nll mixture,2025,900.0000000000017,0.2192724485171432,seed,
ets_inception_pyramid_event_nll_mixture,ets inception pyramid event nll mixture,2025,910.0000000000017,0.21769997697682436,seed,
ets_inception_pyramid_event_nll_mixture,ets inception pyramid event nll mixture,2025,920.0000000000017,0.2194103160673946,seed,
ets_inception_pyramid_event_nll_mixture,ets inception pyramid event nll mixture,2025,930.0000000000017,0.22529468933586094,seed,
ets_inception_pyramid_event_nll_mixture,ets inception pyramid event nll mixture,2025,940.0000000000017,0.2283927705879479,seed,
ets_inception_pyramid_event_nll_mixture,ets inception pyramid event nll mixture,2025,950.0000000000017,0.23124039494811754,seed,
ets_inception_pyramid_event_nll_mixture,ets inception pyramid event nll mixture,2025,960.0000000000017,0.2337585219872441,seed,
ets_inception_pyramid_event_nll_mixture,ets inception pyramid event nll mixture,2025,970.0000000000017,0.2284415394246444,seed,
ets_inception_pyramid_event_nll_mixture,ets inception pyramid event nll mixture,2025,980.0000000000017,0.22751930946700966,seed,
ets_inception_pyramid_event_nll_mixture,ets inception pyramid event nll mixture,2025,990.0000000000018,0.2276866923622266,seed,
ets_inception_pyramid_event_nll_mixture,ets inception pyramid event nll mixture,2025,1000.0000000000018,0.2258059404409921,seed,
ets_inception_pyramid_event_nll_mixture,ets inception pyramid event nll mixture,2026,-1000.0,0.10299704634234055,seed,
ets_inception_pyramid_event_nll_mixture,ets inception pyramid event nll mixture,2026,-990.0,0.10616875297852817,seed,
ets_inception_pyramid_event_nll_mixture,ets inception pyramid event nll mixture,2026,-980.0,0.10967212403507305,seed,
ets_inception_pyramid_event_nll_mixture,ets inception pyramid event nll mixture,2026,-970.0,0.11136200645838441,seed,
ets_inception_pyramid_event_nll_mixture,ets inception pyramid event nll mixture,2026,-960.0,0.11094735177879857,seed,
ets_inception_pyramid_event_nll_mixture,ets inception pyramid event nll mixture,2026,-950.0,0.11196520704233512,seed,
ets_inception_pyramid_event_nll_mixture,ets inception pyramid event nll mixture,2026,-940.0,0.11580406625694394,seed,
ets_inception_pyramid_event_nll_mixture,ets inception pyramid event nll mixture,2026,-929.9999999999999,0.12040570907945083,seed,
ets_inception_pyramid_event_nll_mixture,ets inception pyramid event nll mixture,2026,-919.9999999999999,0.12454816425096525,seed,
ets_inception_pyramid_event_nll_mixture,ets inception pyramid event nll mixture,2026,-909.9999999999999,0.12818750586443856,seed,
ets_inception_pyramid_event_nll_mixture,ets inception pyramid event nll mixture,2026,-899.9999999999999,0.1317332555813678,seed,
ets_inception_pyramid_event_nll_mixture,ets inception pyramid event nll mixture,2026,-889.9999999999999,0.1352152704068726,seed,
ets_inception_pyramid_event_nll_mixture,ets inception pyramid event nll mixture,2026,-879.9999999999999,0.14067090063966006,seed,
ets_inception_pyramid_event_nll_mixture,ets inception pyramid event nll mixture,2026,-869.9999999999999,0.14338172449154651,seed,
ets_inception_pyramid_event_nll_mixture,ets inception pyramid event nll mixture,2026,-859.9999999999999,0.14528213985331281,seed,
ets_inception_pyramid_event_nll_mixture,ets inception pyramid event nll mixture,2026,-849.9999999999999,0.14378214612166193,seed,
ets_inception_pyramid_event_nll_mixture,ets inception pyramid event nll mixture,2026,-839.9999999999999,0.14202943049823294,seed,
ets_inception_pyramid_event_nll_mixture,ets inception pyramid event nll mixture,2026,-829.9999999999999,0.14378666413446303,seed,
ets_inception_pyramid_event_nll_mixture,ets inception pyramid event nll mixture,2026,-819.9999999999999,0.14945840563452548,seed,
ets_inception_pyramid_event_nll_mixture,ets inception pyramid event nll mixture,2026,-809.9999999999999,0.15410584566276161,seed,
ets_inception_pyramid_event_nll_mixture,ets inception pyramid event nll mixture,2026,-799.9999999999998,0.1579288538815673,seed,
ets_inception_pyramid_event_nll_mixture,ets inception pyramid event nll mixture,2026,-789.9999999999998,0.16068277865577704,seed,
ets_inception_pyramid_event_nll_mixture,ets inception pyramid event nll mixture,2026,-779.9999999999998,0.16270011473929902,seed,
ets_inception_pyramid_event_nll_mixture,ets inception pyramid event nll mixture,2026,-769.9999999999998,0.16455608460460083,seed,
ets_inception_pyramid_event_nll_mixture,ets inception pyramid event nll mixture,2026,-759.9999999999998,0.16868889596978212,seed,
ets_inception_pyramid_event_nll_mixture,ets inception pyramid event nll mixture,2026,-749.9999999999998,0.17693869670479187,seed,
ets_inception_pyramid_event_nll_mixture,ets inception pyramid event nll mixture,2026,-739.9999999999998,0.18229038997033298,seed,
ets_inception_pyramid_event_nll_mixture,ets inception pyramid event nll mixture,2026,-729.9999999999998,0.1906258654414578,seed,
ets_inception_pyramid_event_nll_mixture,ets inception pyramid event nll mixture,2026,-719.9999999999998,0.1960005341239641,seed,
ets_inception_pyramid_event_nll_mixture,ets inception pyramid event nll mixture,2026,-709.9999999999998,0.19684494780156694,seed,
ets_inception_pyramid_event_nll_mixture,ets inception pyramid event nll mixture,2026,-699.9999999999998,0.19768288887883828,seed,
ets_inception_pyramid_event_nll_mixture,ets inception pyramid event nll mixture,2026,-689.9999999999998,0.20189799779843753,seed,
ets_inception_pyramid_event_nll_mixture,ets inception pyramid event nll mixture,2026,-679.9999999999998,0.20704854599769354,seed,
ets_inception_pyramid_event_nll_mixture,ets inception pyramid event nll mixture,2026,-669.9999999999997,0.2098114204009995,seed,
ets_inception_pyramid_event_nll_mixture,ets inception pyramid event nll mixture,2026,-659.9999999999997,0.21317467634402734,seed,
ets_inception_pyramid_event_nll_mixture,ets inception pyramid event nll mixture,2026,-649.9999999999997,0.21852983161266568,seed,
ets_inception_pyramid_event_nll_mixture,ets inception pyramid event nll mixture,2026,-639.9999999999997,0.22325331760272013,seed,
ets_inception_pyramid_event_nll_mixture,ets inception pyramid event nll mixture,2026,-629.9999999999997,0.23044462409583025,seed,
ets_inception_pyramid_event_nll_mixture,ets inception pyramid event nll mixture,2026,-619.9999999999997,0.23713587225851218,seed,
ets_inception_pyramid_event_nll_mixture,ets inception pyramid event nll mixture,2026,-609.9999999999997,0.2410945922325281,seed,
ets_inception_pyramid_event_nll_mixture,ets inception pyramid event nll mixture,2026,-599.9999999999997,0.24365309767547916,seed,
ets_inception_pyramid_event_nll_mixture,ets inception pyramid event nll mixture,2026,-589.9999999999997,0.24524564588242795,seed,
ets_inception_pyramid_event_nll_mixture,ets inception pyramid event nll mixture,2026,-579.9999999999997,0.2521061447580729,seed,
ets_inception_pyramid_event_nll_mixture,ets inception pyramid event nll mixture,2026,-569.9999999999997,0.2592289361996049,seed,
ets_inception_pyramid_event_nll_mixture,ets inception pyramid event nll mixture,2026,-559.9999999999997,0.2651164934226355,seed,
ets_inception_pyramid_event_nll_mixture,ets inception pyramid event nll mixture,2026,-549.9999999999995,0.271009134811025,seed,
ets_inception_pyramid_event_nll_mixture,ets inception pyramid event nll mixture,2026,-539.9999999999995,0.27800978679929794,seed,
ets_inception_pyramid_event_nll_mixture,ets inception pyramid event nll mixture,2026,-529.9999999999995,0.2839225984843159,seed,
ets_inception_pyramid_event_nll_mixture,ets inception pyramid event nll mixture,2026,-519.9999999999995,0.2868250296475719,seed,
ets_inception_pyramid_event_nll_mixture,ets inception pyramid event nll mixture,2026,-509.99999999999955,0.29130767590517326,seed,
ets_inception_pyramid_event_nll_mixture,ets inception pyramid event nll mixture,2026,-499.99999999999955,0.29769647328986754,seed,
ets_inception_pyramid_event_nll_mixture,ets inception pyramid event nll mixture,2026,-489.99999999999955,0.30547627352084356,seed,
ets_inception_pyramid_event_nll_mixture,ets inception pyramid event nll mixture,2026,-479.99999999999955,0.31609373911844485,seed,
ets_inception_pyramid_event_nll_mixture,ets inception pyramid event nll mixture,2026,-469.99999999999955,0.32815413775052027,seed,
ets_inception_pyramid_event_nll_mixture,ets inception pyramid event nll mixture,2026,-459.99999999999955,0.3395666468861291,seed,
ets_inception_pyramid_event_nll_mixture,ets inception pyramid event nll mixture,2026,-449.9999999999995,0.34760740076680585,seed,
ets_inception_pyramid_event_nll_mixture,ets inception pyramid event nll mixture,2026,-439.9999999999995,0.3554155423378883,seed,
ets_inception_pyramid_event_nll_mixture,ets inception pyramid event nll mixture,2026,-429.9999999999995,0.36390419141925373,seed,
ets_inception_pyramid_event_nll_mixture,ets inception pyramid event nll mixture,2026,-419.9999999999995,0.36958369018174764,seed,
ets_inception_pyramid_event_nll_mixture,ets inception pyramid event nll mixture,2026,-409.9999999999995,0.3783313528744483,seed,
ets_inception_pyramid_event_nll_mixture,ets inception pyramid event nll mixture,2026,-399.9999999999995,0.39544064189456296,seed,
ets_inception_pyramid_event_nll_mixture,ets inception pyramid event nll mixture,2026,-389.99999999999943,0.4102722231966881,seed,
ets_inception_pyramid_event_nll_mixture,ets inception pyramid event nll mixture,2026,-379.99999999999943,0.4249643492768074,seed,
ets_inception_pyramid_event_nll_mixture,ets inception pyramid event nll mixture,2026,-369.99999999999943,0.44276892938432183,seed,
ets_inception_pyramid_event_nll_mixture,ets inception pyramid event nll mixture,2026,-359.99999999999943,0.46010475910894866,seed,
ets_inception_pyramid_event_nll_mixture,ets inception pyramid event nll mixture,2026,-349.99999999999943,0.4748831087459628,seed,
ets_inception_pyramid_event_nll_mixture,ets inception pyramid event nll mixture,2026,-339.99999999999943,0.49288219186412985,seed,
ets_inception_pyramid_event_nll_mixture,ets inception pyramid event nll mixture,2026,-329.99999999999943,0.5094431214934402,seed,
ets_inception_pyramid_event_nll_mixture,ets inception pyramid event nll mixture,2026,-319.9999999999994,0.5266555137047018,seed,
ets_inception_pyramid_event_nll_mixture,ets inception pyramid event nll mixture,2026,-309.9999999999994,0.5489280955471544,seed,
ets_inception_pyramid_event_nll_mixture,ets inception pyramid event nll mixture,2026,-299.9999999999994,0.5599521708741044,seed,
ets_inception_pyramid_event_nll_mixture,ets inception pyramid event nll mixture,2026,-289.9999999999994,0.5695496695454529,seed,
ets_inception_pyramid_event_nll_mixture,ets inception pyramid event nll mixture,2026,-279.9999999999994,0.5751944823512888,seed,
ets_inception_pyramid_event_nll_mixture,ets inception pyramid event nll mixture,2026,-269.9999999999994,0.5865473914680225,seed,
ets_inception_pyramid_event_nll_mixture,ets inception pyramid event nll mixture,2026,-259.9999999999993,0.5941895936938781,seed,
ets_inception_pyramid_event_nll_mixture,ets inception pyramid event nll mixture,2026,-249.99999999999935,0.6043917069965659,seed,
ets_inception_pyramid_event_nll_mixture,ets inception pyramid event nll mixture,2026,-239.99999999999932,0.6108699660959946,seed,
ets_inception_pyramid_event_nll_mixture,ets inception pyramid event nll mixture,2026,-229.99999999999932,0.620352871107269,seed,
ets_inception_pyramid_event_nll_mixture,ets inception pyramid event nll mixture,2026,-219.99999999999932,0.6339331501368851,seed,
ets_inception_pyramid_event_nll_mixture,ets inception pyramid event nll mixture,2026,-209.9999999999993,0.6472165189061541,seed,
ets_inception_pyramid_event_nll_mixture,ets inception pyramid event nll mixture,2026,-199.9999999999993,0.6677504365682533,seed,
ets_inception_pyramid_event_nll_mixture,ets inception pyramid event nll mixture,2026,-189.9999999999993,0.6874342333039388,seed,
ets_inception_pyramid_event_nll_mixture,ets inception pyramid event nll mixture,2026,-179.99999999999926,0.7253698478614172,seed,
ets_inception_pyramid_event_nll_mixture,ets inception pyramid event nll mixture,2026,-169.99999999999926,0.7657330687006216,seed,
ets_inception_pyramid_event_nll_mixture,ets inception pyramid event nll mixture,2026,-159.99999999999926,0.8133805720337395,seed,
ets_inception_pyramid_event_nll_mixture,ets inception pyramid event nll mixture,2026,-149.99999999999923,0.8804529977385269,seed,
ets_inception_pyramid_event_nll_mixture,ets inception pyramid event nll mixture,2026,-139.99999999999923,0.9530950345971643,seed,
ets_inception_pyramid_event_nll_mixture,ets inception pyramid event nll mixture,2026,-129.99999999999923,1.0398035237396428,seed,
ets_inception_pyramid_event_nll_mixture,ets inception pyramid event nll mixture,2026,-119.99999999999922,1.1427912304860521,seed,
ets_inception_pyramid_event_nll_mixture,ets inception pyramid event nll mixture,2026,-109.9999999999992,1.2650989258461955,seed,
ets_inception_pyramid_event_nll_mixture,ets inception pyramid event nll mixture,2026,-99.9999999999992,1.407865232487565,seed,
ets_inception_pyramid_event_nll_mixture,ets inception pyramid event nll mixture,2026,-89.99999999999919,1.5771677668172819,seed,
ets_inception_pyramid_event_nll_mixture,ets inception pyramid event nll mixture,2026,-79.99999999999918,1.7530227389698199,seed,
ets_inception_pyramid_event_nll_mixture,ets inception pyramid event nll mixture,2026,-69.99999999999918,1.9369865752663273,seed,
ets_inception_pyramid_event_nll_mixture,ets inception pyramid event nll mixture,2026,-59.99999999999916,2.1050509514429967,seed,
ets_inception_pyramid_event_nll_mixture,ets inception pyramid event nll mixture,2026,-49.999999999999154,2.254927339421262,seed,
ets_inception_pyramid_event_nll_mixture,ets inception pyramid event nll mixture,2026,-39.99999999999915,2.3719994804451394,seed,
ets_inception_pyramid_event_nll_mixture,ets inception pyramid event nll mixture,2026,-29.99999999999914,2.4429267267410557,seed,
ets_inception_pyramid_event_nll_mixture,ets inception pyramid event nll mixture,2026,-19.99999999999913,2.4731582903246987,seed,
ets_inception_pyramid_event_nll_mixture,ets inception pyramid event nll mixture,2026,-9.99999999999912,2.427345331821845,seed,
ets_inception_pyramid_event_nll_mixture,ets inception pyramid event nll mixture,2026,8.881784197001252e-13,2.3180658275760857,seed,
ets_inception_pyramid_event_nll_mixture,ets inception pyramid event nll mixture,2026,10.000000000000897,2.1630831571622613,seed,
ets_inception_pyramid_event_nll_mixture,ets inception pyramid event nll mixture,2026,20.000000000000906,1.9850600928109734,seed,
ets_inception_pyramid_event_nll_mixture,ets inception pyramid event nll mixture,2026,30.000000000000917,1.8144460860420857,seed,
ets_inception_pyramid_event_nll_mixture,ets inception pyramid event nll mixture,2026,40.000000000000924,1.6491115475802507,seed,
ets_inception_pyramid_event_nll_mixture,ets inception pyramid event nll mixture,2026,50.00000000000093,1.4776140285421318,seed,
ets_inception_pyramid_event_nll_mixture,ets inception pyramid event nll mixture,2026,60.00000000000094,1.3252550502232707,seed,
ets_inception_pyramid_event_nll_mixture,ets inception pyramid event nll mixture,2026,70.00000000000095,1.1981762794837205,seed,
ets_inception_pyramid_event_nll_mixture,ets inception pyramid event nll mixture,2026,80.00000000000097,1.0861734881930716,seed,
ets_inception_pyramid_event_nll_mixture,ets inception pyramid event nll mixture,2026,90.00000000000097,0.9814971499844115,seed,
ets_inception_pyramid_event_nll_mixture,ets inception pyramid event nll mixture,2026,100.00000000000098,0.8998966680412142,seed,
ets_inception_pyramid_event_nll_mixture,ets inception pyramid event nll mixture,2026,110.00000000000098,0.841450023797966,seed,
ets_inception_pyramid_event_nll_mixture,ets inception pyramid event nll mixture,2026,120.000000000001,0.8071050930634349,seed,
ets_inception_pyramid_event_nll_mixture,ets inception pyramid event nll mixture,2026,130.000000000001,0.7774972999452923,seed,
ets_inception_pyramid_event_nll_mixture,ets inception pyramid event nll mixture,2026,140.00000000000102,0.7553759071070107,seed,
ets_inception_pyramid_event_nll_mixture,ets inception pyramid event nll mixture,2026,150.00000000000102,0.7387700693968625,seed,
ets_inception_pyramid_event_nll_mixture,ets inception pyramid event nll mixture,2026,160.00000000000102,0.7366376974970009,seed,
ets_inception_pyramid_event_nll_mixture,ets inception pyramid event nll mixture,2026,170.00000000000105,0.739481668345632,seed,
ets_inception_pyramid_event_nll_mixture,ets inception pyramid event nll mixture,2026,180.00000000000105,0.7453257374458921,seed,
ets_inception_pyramid_event_nll_mixture,ets inception pyramid event nll mixture,2026,190.00000000000105,0.7496863047273986,seed,
ets_inception_pyramid_event_nll_mixture,ets inception pyramid event nll mixture,2026,200.00000000000108,0.7409303510873381,seed,
ets_inception_pyramid_event_nll_mixture,ets inception pyramid event nll mixture,2026,210.00000000000108,0.7221648244744021,seed,
ets_inception_pyramid_event_nll_mixture,ets inception pyramid event nll mixture,2026,220.00000000000108,0.6981252469705567,seed,
ets_inception_pyramid_event_nll_mixture,ets inception pyramid event nll mixture,2026,230.00000000000108,0.6748203647538227,seed,
ets_inception_pyramid_event_nll_mixture,ets inception pyramid event nll mixture,2026,240.0000000000011,0.6498521246013201,seed,
ets_inception_pyramid_event_nll_mixture,ets inception pyramid event nll mixture,2026,250.0000000000011,0.6134067315332059,seed,
ets_inception_pyramid_event_nll_mixture,ets inception pyramid event nll mixture,2026,260.00000000000114,0.5848033034271816,seed,
ets_inception_pyramid_event_nll_mixture,ets inception pyramid event nll mixture,2026,270.00000000000114,0.5623487627316149,seed,
ets_inception_pyramid_event_nll_mixture,ets inception pyramid event nll mixture,2026,280.00000000000114,0.54277270147983,seed,
ets_inception_pyramid_event_nll_mixture,ets inception pyramid event nll mixture,2026,290.00000000000114,0.5222199340199472,seed,
ets_inception_pyramid_event_nll_mixture,ets inception pyramid event nll mixture,2026,300.00000000000114,0.49940314349804105,seed,
ets_inception_pyramid_event_nll_mixture,ets inception pyramid event nll mixture,2026,310.00000000000114,0.48014919666273076,seed,
ets_inception_pyramid_event_nll_mixture,ets inception pyramid event nll mixture,2026,320.0000000000012,0.4686895499857316,seed,
ets_inception_pyramid_event_nll_mixture,ets inception pyramid event nll mixture,2026,330.0000000000012,0.45470385843785044,seed,
ets_inception_pyramid_event_nll_mixture,ets inception pyramid event nll mixture,2026,340.0000000000012,0.44561383587026115,seed,
ets_inception_pyramid_event_nll_mixture,ets inception pyramid event nll mixture,2026,350.0000000000012,0.44106552597685156,seed,
ets_inception_pyramid_event_nll_mixture,ets inception pyramid event nll mixture,2026,360.0000000000012,0.4356484814112325,seed,
ets_inception_pyramid_event_nll_mixture,ets inception pyramid event nll mixture,2026,370.0000000000012,0.4300649487542043,seed,
ets_inception_pyramid_event_nll_mixture,ets inception pyramid event nll mixture,2026,380.00000000000125,0.42174399994251416,seed,
ets_inception_pyramid_event_nll_mixture,ets inception pyramid event nll mixture,2026,390.00000000000125,0.4155577767505418,seed,
ets_inception_pyramid_event_nll_mixture,ets inception pyramid event nll mixture,2026,400.00000000000125,0.40842529684201756,seed,
ets_inception_pyramid_event_nll_mixture,ets inception pyramid event nll mixture,2026,410.00000000000125,0.40499216797281146,seed,
ets_inception_pyramid_event_nll_mixture,ets inception pyramid event nll mixture,2026,420.00000000000125,0.3999855423299989,seed,
ets_inception_pyramid_event_nll_mixture,ets inception pyramid event nll mixture,2026,430.00000000000125,0.3948617749209013,seed,
ets_inception_pyramid_event_nll_mixture,ets inception pyramid event nll mixture,2026,440.00000000000125,0.3828121338644004,seed,
ets_inception_pyramid_event_nll_mixture,ets inception pyramid event nll mixture,2026,450.0000000000013,0.3741029303268083,seed,
ets_inception_pyramid_event_nll_mixture,ets inception pyramid event nll mixture,2026,460.0000000000013,0.36133497046469204,seed,
ets_inception_pyramid_event_nll_mixture,ets inception pyramid event nll mixture,2026,470.0000000000013,0.3491127695264294,seed,
ets_inception_pyramid_event_nll_mixture,ets inception pyramid event nll mixture,2026,480.0000000000013,0.3362866945039506,seed,
ets_inception_pyramid_event_nll_mixture,ets inception pyramid event nll mixture,2026,490.0000000000013,0.3266499546597978,seed,
ets_inception_pyramid_event_nll_mixture,ets inception pyramid event nll mixture,2026,500.0000000000013,0.31708734863982424,seed,
ets_inception_pyramid_event_nll_mixture,ets inception pyramid event nll mixture,2026,510.00000000000136,0.31279211826109177,seed,
ets_inception_pyramid_event_nll_mixture,ets inception pyramid event nll mixture,2026,520.0000000000014,0.3088095159595526,seed,
ets_inception_pyramid_event_nll_mixture,ets inception pyramid event nll mixture,2026,530.0000000000014,0.30782476742406123,seed,
ets_inception_pyramid_event_nll_mixture,ets inception pyramid event nll mixture,2026,540.0000000000014,0.3094814120006187,seed,
ets_inception_pyramid_event_nll_mixture,ets inception pyramid event nll mixture,2026,550.0000000000014,0.3059218819853361,seed,
ets_inception_pyramid_event_nll_mixture,ets inception pyramid event nll mixture,2026,560.0000000000014,0.303174847811514,seed,
ets_inception_pyramid_event_nll_mixture,ets inception pyramid event nll mixture,2026,570.0000000000014,0.297017978291314,seed,
ets_inception_pyramid_event_nll_mixture,ets inception pyramid event nll mixture,2026,580.0000000000014,0.29008054747840517,seed,
ets_inception_pyramid_event_nll_mixture,ets inception pyramid event nll mixture,2026,590.0000000000014,0.2831628135495361,seed,
ets_inception_pyramid_event_nll_mixture,ets inception pyramid event nll mixture,2026,600.0000000000014,0.2792372996221704,seed,
ets_inception_pyramid_event_nll_mixture,ets inception pyramid event nll mixture,2026,610.0000000000015,0.27488369742967805,seed,
ets_inception_pyramid_event_nll_mixture,ets inception pyramid event nll mixture,2026,620.0000000000015,0.2701327828211399,seed,
ets_inception_pyramid_event_nll_mixture,ets inception pyramid event nll mixture,2026,630.0000000000015,0.26739314695307664,seed,
ets_inception_pyramid_event_nll_mixture,ets inception pyramid event nll mixture,2026,640.0000000000015,0.2652617058567783,seed,
ets_inception_pyramid_event_nll_mixture,ets inception pyramid event nll mixture,2026,650.0000000000015,0.2645793152508872,seed,
ets_inception_pyramid_event_nll_mixture,ets inception pyramid event nll mixture,2026,660.0000000000015,0.2587580356832378,seed,
ets_inception_pyramid_event_nll_mixture,ets inception pyramid event nll mixture,2026,670.0000000000015,0.25308390001734704,seed,
ets_inception_pyramid_event_nll_mixture,ets inception pyramid event nll mixture,2026,680.0000000000015,0.24830540114679175,seed,
ets_inception_pyramid_event_nll_mixture,ets inception pyramid event nll mixture,2026,690.0000000000015,0.24111291718134328,seed,
ets_inception_pyramid_event_nll_mixture,ets inception pyramid event nll mixture,2026,700.0000000000015,0.2355663384768542,seed,
ets_inception_pyramid_event_nll_mixture,ets inception pyramid event nll mixture,2026,710.0000000000015,0.2314846946792194,seed,
ets_inception_pyramid_event_nll_mixture,ets inception pyramid event nll mixture,2026,720.0000000000015,0.2301977221847252,seed,
ets_inception_pyramid_event_nll_mixture,ets inception pyramid event nll mixture,2026,730.0000000000016,0.23072906036915702,seed,
ets_inception_pyramid_event_nll_mixture,ets inception pyramid event nll mixture,2026,740.0000000000016,0.23575617785128702,seed,
ets_inception_pyramid_event_nll_mixture,ets inception pyramid event nll mixture,2026,750.0000000000016,0.23547229570453718,seed,
ets_inception_pyramid_event_nll_mixture,ets inception pyramid event nll mixture,2026,760.0000000000016,0.23370976766499235,seed,
ets_inception_pyramid_event_nll_mixture,ets inception pyramid event nll mixture,2026,770.0000000000016,0.23357816993679753,seed,
ets_inception_pyramid_event_nll_mixture,ets inception pyramid event nll mixture,2026,780.0000000000016,0.2279261776410652,seed,
ets_inception_pyramid_event_nll_mixture,ets inception pyramid event nll mixture,2026,790.0000000000016,0.2274743104214763,seed,
ets_inception_pyramid_event_nll_mixture,ets inception pyramid event nll mixture,2026,800.0000000000016,0.22329008200902384,seed,
ets_inception_pyramid_event_nll_mixture,ets inception pyramid event nll mixture,2026,810.0000000000016,0.22566816260023154,seed,
ets_inception_pyramid_event_nll_mixture,ets inception pyramid event nll mixture,2026,820.0000000000016,0.22689530834726643,seed,
ets_inception_pyramid_event_nll_mixture,ets inception pyramid event nll mixture,2026,830.0000000000016,0.22628691688269043,seed,
ets_inception_pyramid_event_nll_mixture,ets inception pyramid event nll mixture,2026,840.0000000000016,0.23290696577717013,seed,
ets_inception_pyramid_event_nll_mixture,ets inception pyramid event nll mixture,2026,850.0000000000016,0.23569557706490124,seed,
ets_inception_pyramid_event_nll_mixture,ets inception pyramid event nll mixture,2026,860.0000000000017,0.23631130617270993,seed,
ets_inception_pyramid_event_nll_mixture,ets inception pyramid event nll mixture,2026,870.0000000000017,0.23696124488531733,seed,
ets_inception_pyramid_event_nll_mixture,ets inception pyramid event nll mixture,2026,880.0000000000017,0.229314037026195,seed,
ets_inception_pyramid_event_nll_mixture,ets inception pyramid event nll mixture,2026,890.0000000000017,0.22144668436271384,seed,
ets_inception_pyramid_event_nll_mixture,ets inception pyramid event nll mixture,2026,900.0000000000017,0.2182464384486649,seed,
ets_inception_pyramid_event_nll_mixture,ets inception pyramid event nll mixture,2026,910.0000000000017,0.2151337778565785,seed,
ets_inception_pyramid_event_nll_mixture,ets inception pyramid event nll mixture,2026,920.0000000000017,0.21843577259845096,seed,
ets_inception_pyramid_event_nll_mixture,ets inception pyramid event nll mixture,2026,930.0000000000017,0.22543421233249256,seed,
ets_inception_pyramid_event_nll_mixture,ets inception pyramid event nll mixture,2026,940.0000000000017,0.22980886598941713,seed,
ets_inception_pyramid_event_nll_mixture,ets inception pyramid event nll mixture,2026,950.0000000000017,0.23659425455328711,seed,
ets_inception_pyramid_event_nll_mixture,ets inception pyramid event nll mixture,2026,960.0000000000017,0.241483514852289,seed,
ets_inception_pyramid_event_nll_mixture,ets inception pyramid event nll mixture,2026,970.0000000000017,0.2455071216666048,seed,
ets_inception_pyramid_event_nll_mixture,ets inception pyramid event nll mixture,2026,980.0000000000017,0.2537226179900299,seed,
ets_inception_pyramid_event_nll_mixture,ets inception pyramid event nll mixture,2026,990.0000000000018,0.25634781782822025,seed,
ets_inception_pyramid_event_nll_mixture,ets inception pyramid event nll mixture,2026,1000.0000000000018,0.25154589392359067,seed,
ets_inception_pyramid_event_nll_mixture,ets inception pyramid event nll mixture,2027,-1000.0,0.11273891044419207,seed,
ets_inception_pyramid_event_nll_mixture,ets inception pyramid event nll mixture,2027,-990.0,0.10999202146978636,seed,
ets_inception_pyramid_event_nll_mixture,ets inception pyramid event nll mixture,2027,-980.0,0.11109701451536963,seed,
ets_inception_pyramid_event_nll_mixture,ets inception pyramid event nll mixture,2027,-970.0,0.11696107631629554,seed,
ets_inception_pyramid_event_nll_mixture,ets inception pyramid event nll mixture,2027,-960.0,0.12049911868144061,seed,
ets_inception_pyramid_event_nll_mixture,ets inception pyramid event nll mixture,2027,-950.0,0.12355634775351386,seed,
ets_inception_pyramid_event_nll_mixture,ets inception pyramid event nll mixture,2027,-940.0,0.1278895629082529,seed,
ets_inception_pyramid_event_nll_mixture,ets inception pyramid event nll mixture,2027,-929.9999999999999,0.1285145821679496,seed,
ets_inception_pyramid_event_nll_mixture,ets inception pyramid event nll mixture,2027,-919.9999999999999,0.1300767850577188,seed,
ets_inception_pyramid_event_nll_mixture,ets inception pyramid event nll mixture,2027,-909.9999999999999,0.1344325587198845,seed,
ets_inception_pyramid_event_nll_mixture,ets inception pyramid event nll mixture,2027,-899.9999999999999,0.13774226225453293,seed,
ets_inception_pyramid_event_nll_mixture,ets inception pyramid event nll mixture,2027,-889.9999999999999,0.14040078527339897,seed,
ets_inception_pyramid_event_nll_mixture,ets inception pyramid event nll mixture,2027,-879.9999999999999,0.1460449775892027,seed,
ets_inception_pyramid_event_nll_mixture,ets inception pyramid event nll mixture,2027,-869.9999999999999,0.14762417692710772,seed,
ets_inception_pyramid_event_nll_mixture,ets inception pyramid event nll mixture,2027,-859.9999999999999,0.1480685048928198,seed,
ets_inception_pyramid_event_nll_mixture,ets inception pyramid event nll mixture,2027,-849.9999999999999,0.1483490490466235,seed,
ets_inception_pyramid_event_nll_mixture,ets inception pyramid event nll mixture,2027,-839.9999999999999,0.1479071276432762,seed,
ets_inception_pyramid_event_nll_mixture,ets inception pyramid event nll mixture,2027,-829.9999999999999,0.14692088284326024,seed,
ets_inception_pyramid_event_nll_mixture,ets inception pyramid event nll mixture,2027,-819.9999999999999,0.14834122192036137,seed,
ets_inception_pyramid_event_nll_mixture,ets inception pyramid event nll mixture,2027,-809.9999999999999,0.14731459132049352,seed,
ets_inception_pyramid_event_nll_mixture,ets inception pyramid event nll mixture,2027,-799.9999999999998,0.14809213454715428,seed,
ets_inception_pyramid_event_nll_mixture,ets inception pyramid event nll mixture,2027,-789.9999999999998,0.15148828200447953,seed,
ets_inception_pyramid_event_nll_mixture,ets inception pyramid event nll mixture,2027,-779.9999999999998,0.15722970299142178,seed,
ets_inception_pyramid_event_nll_mixture,ets inception pyramid event nll mixture,2027,-769.9999999999998,0.16230790713605575,seed,
ets_inception_pyramid_event_nll_mixture,ets inception pyramid event nll mixture,2027,-759.9999999999998,0.16837896481904552,seed,
ets_inception_pyramid_event_nll_mixture,ets inception pyramid event nll mixture,2027,-749.9999999999998,0.17343249399113253,seed,
ets_inception_pyramid_event_nll_mixture,ets inception pyramid event nll mixture,2027,-739.9999999999998,0.18365557837732924,seed,
ets_inception_pyramid_event_nll_mixture,ets inception pyramid event nll mixture,2027,-729.9999999999998,0.1933316808007624,seed,
ets_inception_pyramid_event_nll_mixture,ets inception pyramid event nll mixture,2027,-719.9999999999998,0.19837541274987705,seed,
ets_inception_pyramid_event_nll_mixture,ets inception pyramid event nll mixture,2027,-709.9999999999998,0.20003908739621917,seed,
ets_inception_pyramid_event_nll_mixture,ets inception pyramid event nll mixture,2027,-699.9999999999998,0.2013001932518129,seed,
ets_inception_pyramid_event_nll_mixture,ets inception pyramid event nll mixture,2027,-689.9999999999998,0.20257183644414525,seed,
ets_inception_pyramid_event_nll_mixture,ets inception pyramid event nll mixture,2027,-679.9999999999998,0.20526653580662185,seed,
ets_inception_pyramid_event_nll_mixture,ets inception pyramid event nll mixture,2027,-669.9999999999997,0.20790857379129338,seed,
ets_inception_pyramid_event_nll_mixture,ets inception pyramid event nll mixture,2027,-659.9999999999997,0.21017790954094392,seed,
ets_inception_pyramid_event_nll_mixture,ets inception pyramid event nll mixture,2027,-649.9999999999997,0.21787587898110947,seed,
ets_inception_pyramid_event_nll_mixture,ets inception pyramid event nll mixture,2027,-639.9999999999997,0.2255378686221155,seed,
ets_inception_pyramid_event_nll_mixture,ets inception pyramid event nll mixture,2027,-629.9999999999997,0.23112784084934299,seed,
ets_inception_pyramid_event_nll_mixture,ets inception pyramid event nll mixture,2027,-619.9999999999997,0.2351485432528066,seed,
ets_inception_pyramid_event_nll_mixture,ets inception pyramid event nll mixture,2027,-609.9999999999997,0.23843495480106125,seed,
ets_inception_pyramid_event_nll_mixture,ets inception pyramid event nll mixture,2027,-599.9999999999997,0.23895636049521002,seed,
ets_inception_pyramid_event_nll_mixture,ets inception pyramid event nll mixture,2027,-589.9999999999997,0.2428536319863618,seed,
ets_inception_pyramid_event_nll_mixture,ets inception pyramid event nll mixture,2027,-579.9999999999997,0.25033326431111025,seed,
ets_inception_pyramid_event_nll_mixture,ets inception pyramid event nll mixture,2027,-569.9999999999997,0.2546885950158754,seed,
ets_inception_pyramid_event_nll_mixture,ets inception pyramid event nll mixture,2027,-559.9999999999997,0.25795413039765985,seed,
ets_inception_pyramid_event_nll_mixture,ets inception pyramid event nll mixture,2027,-549.9999999999995,0.26125791574834,seed,
ets_inception_pyramid_event_nll_mixture,ets inception pyramid event nll mixture,2027,-539.9999999999995,0.27022703328827674,seed,
ets_inception_pyramid_event_nll_mixture,ets inception pyramid event nll mixture,2027,-529.9999999999995,0.2779070600636964,seed,
ets_inception_pyramid_event_nll_mixture,ets inception pyramid event nll mixture,2027,-519.9999999999995,0.28463026129393815,seed,
ets_inception_pyramid_event_nll_mixture,ets inception pyramid event nll mixture,2027,-509.99999999999955,0.29246514338204077,seed,
ets_inception_pyramid_event_nll_mixture,ets inception pyramid event nll mixture,2027,-499.99999999999955,0.29485953290809597,seed,
ets_inception_pyramid_event_nll_mixture,ets inception pyramid event nll mixture,2027,-489.99999999999955,0.2961464717285177,seed,
ets_inception_pyramid_event_nll_mixture,ets inception pyramid event nll mixture,2027,-479.99999999999955,0.2982603762004368,seed,
ets_inception_pyramid_event_nll_mixture,ets inception pyramid event nll mixture,2027,-469.99999999999955,0.3104925471432884,seed,
ets_inception_pyramid_event_nll_mixture,ets inception pyramid event nll mixture,2027,-459.99999999999955,0.3208109156935987,seed,
ets_inception_pyramid_event_nll_mixture,ets inception pyramid event nll mixture,2027,-449.9999999999995,0.32497803108309964,seed,
ets_inception_pyramid_event_nll_mixture,ets inception pyramid event nll mixture,2027,-439.9999999999995,0.3305896754917573,seed,
ets_inception_pyramid_event_nll_mixture,ets inception pyramid event nll mixture,2027,-429.9999999999995,0.33635674008029826,seed,
ets_inception_pyramid_event_nll_mixture,ets inception pyramid event nll mixture,2027,-419.9999999999995,0.3391330701949421,seed,
ets_inception_pyramid_event_nll_mixture,ets inception pyramid event nll mixture,2027,-409.9999999999995,0.3504639314830052,seed,
ets_inception_pyramid_event_nll_mixture,ets inception pyramid event nll mixture,2027,-399.9999999999995,0.3607113720426746,seed,
ets_inception_pyramid_event_nll_mixture,ets inception pyramid event nll mixture,2027,-389.99999999999943,0.37141436159901975,seed,
ets_inception_pyramid_event_nll_mixture,ets inception pyramid event nll mixture,2027,-379.99999999999943,0.3846843302696514,seed,
ets_inception_pyramid_event_nll_mixture,ets inception pyramid event nll mixture,2027,-369.99999999999943,0.39601274007857623,seed,
ets_inception_pyramid_event_nll_mixture,ets inception pyramid event nll mixture,2027,-359.99999999999943,0.4064981469187263,seed,
ets_inception_pyramid_event_nll_mixture,ets inception pyramid event nll mixture,2027,-349.99999999999943,0.4178203746569459,seed,
ets_inception_pyramid_event_nll_mixture,ets inception pyramid event nll mixture,2027,-339.99999999999943,0.4308848882747735,seed,
ets_inception_pyramid_event_nll_mixture,ets inception pyramid event nll mixture,2027,-329.99999999999943,0.44338056710272283,seed,
ets_inception_pyramid_event_nll_mixture,ets inception pyramid event nll mixture,2027,-319.9999999999994,0.4600270934658815,seed,
ets_inception_pyramid_event_nll_mixture,ets inception pyramid event nll mixture,2027,-309.9999999999994,0.47193420782203166,seed,
ets_inception_pyramid_event_nll_mixture,ets inception pyramid event nll mixture,2027,-299.9999999999994,0.48236785680959293,seed,
ets_inception_pyramid_event_nll_mixture,ets inception pyramid event nll mixture,2027,-289.9999999999994,0.4883517502023931,seed,
ets_inception_pyramid_event_nll_mixture,ets inception pyramid event nll mixture,2027,-279.9999999999994,0.4932455457374934,seed,
ets_inception_pyramid_event_nll_mixture,ets inception pyramid event nll mixture,2027,-269.9999999999994,0.4986020600922417,seed,
ets_inception_pyramid_event_nll_mixture,ets inception pyramid event nll mixture,2027,-259.9999999999993,0.5122635062041062,seed,
ets_inception_pyramid_event_nll_mixture,ets inception pyramid event nll mixture,2027,-249.99999999999935,0.5320525311700937,seed,
ets_inception_pyramid_event_nll_mixture,ets inception pyramid event nll mixture,2027,-239.99999999999932,0.5524681704374684,seed,
ets_inception_pyramid_event_nll_mixture,ets inception pyramid event nll mixture,2027,-229.99999999999932,0.5621703853950138,seed,
ets_inception_pyramid_event_nll_mixture,ets inception pyramid event nll mixture,2027,-219.99999999999932,0.5702817779937315,seed,
ets_inception_pyramid_event_nll_mixture,ets inception pyramid event nll mixture,2027,-209.9999999999993,0.5874869739672651,seed,
ets_inception_pyramid_event_nll_mixture,ets inception pyramid event nll mixture,2027,-199.9999999999993,0.5981732137090877,seed,
ets_inception_pyramid_event_nll_mixture,ets inception pyramid event nll mixture,2027,-189.9999999999993,0.6017318843546817,seed,
ets_inception_pyramid_event_nll_mixture,ets inception pyramid event nll mixture,2027,-179.99999999999926,0.6189014557288379,seed,
ets_inception_pyramid_event_nll_mixture,ets inception pyramid event nll mixture,2027,-169.99999999999926,0.6489668363440388,seed,
ets_inception_pyramid_event_nll_mixture,ets inception pyramid event nll mixture,2027,-159.99999999999926,0.6911759149524479,seed,
ets_inception_pyramid_event_nll_mixture,ets inception pyramid event nll mixture,2027,-149.99999999999923,0.7369611148317007,seed,
ets_inception_pyramid_event_nll_mixture,ets inception pyramid event nll mixture,2027,-139.99999999999923,0.7919397882512328,seed,
ets_inception_pyramid_event_nll_mixture,ets inception pyramid event nll mixture,2027,-129.99999999999923,0.8558628032834918,seed,
ets_inception_pyramid_event_nll_mixture,ets inception pyramid event nll mixture,2027,-119.99999999999922,0.9250048283863982,seed,
ets_inception_pyramid_event_nll_mixture,ets inception pyramid event nll mixture,2027,-109.9999999999992,1.0010751913644367,seed,
ets_inception_pyramid_event_nll_mixture,ets inception pyramid event nll mixture,2027,-99.9999999999992,1.1063448741600657,seed,
ets_inception_pyramid_event_nll_mixture,ets inception pyramid event nll mixture,2027,-89.99999999999919,1.2421675992518675,seed,
ets_inception_pyramid_event_nll_mixture,ets inception pyramid event nll mixture,2027,-79.99999999999918,1.4161276908604352,seed,
ets_inception_pyramid_event_nll_mixture,ets inception pyramid event nll mixture,2027,-69.99999999999918,1.6053236298063536,seed,
ets_inception_pyramid_event_nll_mixture,ets inception pyramid event nll mixture,2027,-59.99999999999916,1.8157217476277672,seed,
ets_inception_pyramid_event_nll_mixture,ets inception pyramid event nll mixture,2027,-49.999999999999154,2.0266878005969957,seed,
ets_inception_pyramid_event_nll_mixture,ets inception pyramid event nll mixture,2027,-39.99999999999915,2.218795671367433,seed,
ets_inception_pyramid_event_nll_mixture,ets inception pyramid event nll mixture,2027,-29.99999999999914,2.395665527393095,seed,
ets_inception_pyramid_event_nll_mixture,ets inception pyramid event nll mixture,2027,-19.99999999999913,2.520055406294038,seed,
ets_inception_pyramid_event_nll_mixture,ets inception pyramid event nll mixture,2027,-9.99999999999912,2.5894346356630584,seed,
ets_inception_pyramid_event_nll_mixture,ets inception pyramid event nll mixture,2027,8.881784197001252e-13,2.578660637383234,seed,
ets_inception_pyramid_event_nll_mixture,ets inception pyramid event nll mixture,2027,10.000000000000897,2.5053294731039113,seed,
ets_inception_pyramid_event_nll_mixture,ets inception pyramid event nll mixture,2027,20.000000000000906,2.3681012823462004,seed,
ets_inception_pyramid_event_nll_mixture,ets inception pyramid event nll mixture,2027,30.000000000000917,2.2188978217678095,seed,
ets_inception_pyramid_event_nll_mixture,ets inception pyramid event nll mixture,2027,40.000000000000924,2.0427203068287305,seed,
ets_inception_pyramid_event_nll_mixture,ets inception pyramid event nll mixture,2027,50.00000000000093,1.833108245981406,seed,
ets_inception_pyramid_event_nll_mixture,ets inception pyramid event nll mixture,2027,60.00000000000094,1.6413138882245792,seed,
ets_inception_pyramid_event_nll_mixture,ets inception pyramid event nll mixture,2027,70.00000000000095,1.4780252471207755,seed,
ets_inception_pyramid_event_nll_mixture,ets inception pyramid event nll mixture,2027,80.00000000000097,1.3196428064678554,seed,
ets_inception_pyramid_event_nll_mixture,ets inception pyramid event nll mixture,2027,90.00000000000097,1.190775716820719,seed,
ets_inception_pyramid_event_nll_mixture,ets inception pyramid event nll mixture,2027,100.00000000000098,1.0787541526698883,seed,
ets_inception_pyramid_event_nll_mixture,ets inception pyramid event nll mixture,2027,110.00000000000098,1.0051791899225269,seed,
ets_inception_pyramid_event_nll_mixture,ets inception pyramid event nll mixture,2027,120.000000000001,0.9464349999373071,seed,
ets_inception_pyramid_event_nll_mixture,ets inception pyramid event nll mixture,2027,130.000000000001,0.8923365793877113,seed,
ets_inception_pyramid_event_nll_mixture,ets inception pyramid event nll mixture,2027,140.00000000000102,0.840867382519641,seed,
ets_inception_pyramid_event_nll_mixture,ets inception pyramid event nll mixture,2027,150.00000000000102,0.8003014668330868,seed,
ets_inception_pyramid_event_nll_mixture,ets inception pyramid event nll mixture,2027,160.00000000000102,0.7770106856715091,seed,
ets_inception_pyramid_event_nll_mixture,ets inception pyramid event nll mixture,2027,170.00000000000105,0.7650125640001412,seed,
ets_inception_pyramid_event_nll_mixture,ets inception pyramid event nll mixture,2027,180.00000000000105,0.7598170504803661,seed,
ets_inception_pyramid_event_nll_mixture,ets inception pyramid event nll mixture,2027,190.00000000000105,0.7519959143710966,seed,
ets_inception_pyramid_event_nll_mixture,ets inception pyramid event nll mixture,2027,200.00000000000108,0.7422122130932122,seed,
ets_inception_pyramid_event_nll_mixture,ets inception pyramid event nll mixture,2027,210.00000000000108,0.7303395725222462,seed,
ets_inception_pyramid_event_nll_mixture,ets inception pyramid event nll mixture,2027,220.00000000000108,0.7052431611919623,seed,
ets_inception_pyramid_event_nll_mixture,ets inception pyramid event nll mixture,2027,230.00000000000108,0.6794701822548453,seed,
ets_inception_pyramid_event_nll_mixture,ets inception pyramid event nll mixture,2027,240.0000000000011,0.6565998545736618,seed,
ets_inception_pyramid_event_nll_mixture,ets inception pyramid event nll mixture,2027,250.0000000000011,0.6294736850658501,seed,
ets_inception_pyramid_event_nll_mixture,ets inception pyramid event nll mixture,2027,260.00000000000114,0.6013775047077458,seed,
ets_inception_pyramid_event_nll_mixture,ets inception pyramid event nll mixture,2027,270.00000000000114,0.5792624944438198,seed,
ets_inception_pyramid_event_nll_mixture,ets inception pyramid event nll mixture,2027,280.00000000000114,0.5528561479760233,seed,
ets_inception_pyramid_event_nll_mixture,ets inception pyramid event nll mixture,2027,290.00000000000114,0.5304848404348337,seed,
ets_inception_pyramid_event_nll_mixture,ets inception pyramid event nll mixture,2027,300.00000000000114,0.5060598284100681,seed,
ets_inception_pyramid_event_nll_mixture,ets inception pyramid event nll mixture,2027,310.00000000000114,0.48460333662575455,seed,
ets_inception_pyramid_event_nll_mixture,ets inception pyramid event nll mixture,2027,320.0000000000012,0.4725476797681683,seed,
ets_inception_pyramid_event_nll_mixture,ets inception pyramid event nll mixture,2027,330.0000000000012,0.45775276478898963,seed,
ets_inception_pyramid_event_nll_mixture,ets inception pyramid event nll mixture,2027,340.0000000000012,0.4476066841712706,seed,
ets_inception_pyramid_event_nll_mixture,ets inception pyramid event nll mixture,2027,350.0000000000012,0.4387746063032785,seed,
ets_inception_pyramid_event_nll_mixture,ets inception pyramid event nll mixture,2027,360.0000000000012,0.43091356898840044,seed,
ets_inception_pyramid_event_nll_mixture,ets inception pyramid event nll mixture,2027,370.0000000000012,0.42113303250319767,seed,
ets_inception_pyramid_event_nll_mixture,ets inception pyramid event nll mixture,2027,380.00000000000125,0.410870671366097,seed,
ets_inception_pyramid_event_nll_mixture,ets inception pyramid event nll mixture,2027,390.00000000000125,0.4001938635168061,seed,
ets_inception_pyramid_event_nll_mixture,ets inception pyramid event nll mixture,2027,400.00000000000125,0.39475108074227166,seed,
ets_inception_pyramid_event_nll_mixture,ets inception pyramid event nll mixture,2027,410.00000000000125,0.38807615145980057,seed,
ets_inception_pyramid_event_nll_mixture,ets inception pyramid event nll mixture,2027,420.00000000000125,0.3840415293736967,seed,
ets_inception_pyramid_event_nll_mixture,ets inception pyramid event nll mixture,2027,430.00000000000125,0.375313158322569,seed,
ets_inception_pyramid_event_nll_mixture,ets inception pyramid event nll mixture,2027,440.00000000000125,0.36746722023090833,seed,
ets_inception_pyramid_event_nll_mixture,ets inception pyramid event nll mixture,2027,450.0000000000013,0.3633902068057225,seed,
ets_inception_pyramid_event_nll_mixture,ets inception pyramid event nll mixture,2027,460.0000000000013,0.3618933205034524,seed,
ets_inception_pyramid_event_nll_mixture,ets inception pyramid event nll mixture,2027,470.0000000000013,0.36221028499944224,seed,
ets_inception_pyramid_event_nll_mixture,ets inception pyramid event nll mixture,2027,480.0000000000013,0.36090427503436173,seed,
ets_inception_pyramid_event_nll_mixture,ets inception pyramid event nll mixture,2027,490.0000000000013,0.35535854210043416,seed,
ets_inception_pyramid_event_nll_mixture,ets inception pyramid event nll mixture,2027,500.0000000000013,0.34949498393106515,seed,
ets_inception_pyramid_event_nll_mixture,ets inception pyramid event nll mixture,2027,510.00000000000136,0.3423179389552872,seed,
ets_inception_pyramid_event_nll_mixture,ets inception pyramid event nll mixture,2027,520.0000000000014,0.3313544955579992,seed,
ets_inception_pyramid_event_nll_mixture,ets inception pyramid event nll mixture,2027,530.0000000000014,0.32077478186286146,seed,
ets_inception_pyramid_event_nll_mixture,ets inception pyramid event nll mixture,2027,540.0000000000014,0.3125791086133367,seed,
ets_inception_pyramid_event_nll_mixture,ets inception pyramid event nll mixture,2027,550.0000000000014,0.3107141186381511,seed,
ets_inception_pyramid_event_nll_mixture,ets inception pyramid event nll mixture,2027,560.0000000000014,0.3098388481045435,seed,
ets_inception_pyramid_event_nll_mixture,ets inception pyramid event nll mixture,2027,570.0000000000014,0.30779354101440326,seed,
ets_inception_pyramid_event_nll_mixture,ets inception pyramid event nll mixture,2027,580.0000000000014,0.30191905603229885,seed,
ets_inception_pyramid_event_nll_mixture,ets inception pyramid event nll mixture,2027,590.0000000000014,0.2965045566946587,seed,
ets_inception_pyramid_event_nll_mixture,ets inception pyramid event nll mixture,2027,600.0000000000014,0.2900795175875851,seed,
ets_inception_pyramid_event_nll_mixture,ets inception pyramid event nll mixture,2027,610.0000000000015,0.28779965789250755,seed,
ets_inception_pyramid_event_nll_mixture,ets inception pyramid event nll mixture,2027,620.0000000000015,0.2866500860404827,seed,
ets_inception_pyramid_event_nll_mixture,ets inception pyramid event nll mixture,2027,630.0000000000015,0.2821824879985351,seed,
ets_inception_pyramid_event_nll_mixture,ets inception pyramid event nll mixture,2027,640.0000000000015,0.27840224880545755,seed,
ets_inception_pyramid_event_nll_mixture,ets inception pyramid event nll mixture,2027,650.0000000000015,0.2722251729142113,seed,
ets_inception_pyramid_event_nll_mixture,ets inception pyramid event nll mixture,2027,660.0000000000015,0.26880668880148084,seed,
ets_inception_pyramid_event_nll_mixture,ets inception pyramid event nll mixture,2027,670.0000000000015,0.2650683426565121,seed,
ets_inception_pyramid_event_nll_mixture,ets inception pyramid event nll mixture,2027,680.0000000000015,0.2632287652035226,seed,
ets_inception_pyramid_event_nll_mixture,ets inception pyramid event nll mixture,2027,690.0000000000015,0.26148935149789604,seed,
ets_inception_pyramid_event_nll_mixture,ets inception pyramid event nll mixture,2027,700.0000000000015,0.26278845823855845,seed,
ets_inception_pyramid_event_nll_mixture,ets inception pyramid event nll mixture,2027,710.0000000000015,0.262514967956235,seed,
ets_inception_pyramid_event_nll_mixture,ets inception pyramid event nll mixture,2027,720.0000000000015,0.25606698339228773,seed,
ets_inception_pyramid_event_nll_mixture,ets inception pyramid event nll mixture,2027,730.0000000000016,0.25232543186705886,seed,
ets_inception_pyramid_event_nll_mixture,ets inception pyramid event nll mixture,2027,740.0000000000016,0.25707594873589606,seed,
ets_inception_pyramid_event_nll_mixture,ets inception pyramid event nll mixture,2027,750.0000000000016,0.2569030933550058,seed,
ets_inception_pyramid_event_nll_mixture,ets inception pyramid event nll mixture,2027,760.0000000000016,0.2561629691704829,seed,
ets_inception_pyramid_event_nll_mixture,ets inception pyramid event nll mixture,2027,770.0000000000016,0.25130649768191965,seed,
ets_inception_pyramid_event_nll_mixture,ets inception pyramid event nll mixture,2027,780.0000000000016,0.23748821232252323,seed,
ets_inception_pyramid_event_nll_mixture,ets inception pyramid event nll mixture,2027,790.0000000000016,0.23094070852859677,seed,
ets_inception_pyramid_event_nll_mixture,ets inception pyramid event nll mixture,2027,800.0000000000016,0.22306017628826624,seed,
ets_inception_pyramid_event_nll_mixture,ets inception pyramid event nll mixture,2027,810.0000000000016,0.2272896342885621,seed,
ets_inception_pyramid_event_nll_mixture,ets inception pyramid event nll mixture,2027,820.0000000000016,0.23037060051737698,seed,
ets_inception_pyramid_event_nll_mixture,ets inception pyramid event nll mixture,2027,830.0000000000016,0.22866504223452722,seed,
ets_inception_pyramid_event_nll_mixture,ets inception pyramid event nll mixture,2027,840.0000000000016,0.23752331465343435,seed,
ets_inception_pyramid_event_nll_mixture,ets inception pyramid event nll mixture,2027,850.0000000000016,0.2476368434116952,seed,
ets_inception_pyramid_event_nll_mixture,ets inception pyramid event nll mixture,2027,860.0000000000017,0.24949309897676722,seed,
ets_inception_pyramid_event_nll_mixture,ets inception pyramid event nll mixture,2027,870.0000000000017,0.2536509627098924,seed,
ets_inception_pyramid_event_nll_mixture,ets inception pyramid event nll mixture,2027,880.0000000000017,0.24581811414104024,seed,
ets_inception_pyramid_event_nll_mixture,ets inception pyramid event nll mixture,2027,890.0000000000017,0.23259133955736266,seed,
ets_inception_pyramid_event_nll_mixture,ets inception pyramid event nll mixture,2027,900.0000000000017,0.2246487754177236,seed,
ets_inception_pyramid_event_nll_mixture,ets inception pyramid event nll mixture,2027,910.0000000000017,0.22553875721737446,seed,
ets_inception_pyramid_event_nll_mixture,ets inception pyramid event nll mixture,2027,920.0000000000017,0.23142354840757934,seed,
ets_inception_pyramid_event_nll_mixture,ets inception pyramid event nll mixture,2027,930.0000000000017,0.23616032483651514,seed,
ets_inception_pyramid_event_nll_mixture,ets inception pyramid event nll mixture,2027,940.0000000000017,0.23870946124133596,seed,
ets_inception_pyramid_event_nll_mixture,ets inception pyramid event nll mixture,2027,950.0000000000017,0.2412377846872038,seed,
ets_inception_pyramid_event_nll_mixture,ets inception pyramid event nll mixture,2027,960.0000000000017,0.24743460997001737,seed,
ets_inception_pyramid_event_nll_mixture,ets inception pyramid event nll mixture,2027,970.0000000000017,0.25557861067801335,seed,
ets_inception_pyramid_event_nll_mixture,ets inception pyramid event nll mixture,2027,980.0000000000017,0.2561158918852173,seed,
ets_inception_pyramid_event_nll_mixture,ets inception pyramid event nll mixture,2027,990.0000000000018,0.25287918199449105,seed,
ets_inception_pyramid_event_nll_mixture,ets inception pyramid event nll mixture,2027,1000.0000000000018,0.24999381512673907,seed,
ets_inception_pyramid_event_nll_mixture,ets inception pyramid event nll mixture,2028,-1000.0,0.10664815655468944,seed,
ets_inception_pyramid_event_nll_mixture,ets inception pyramid event nll mixture,2028,-990.0,0.10710074685775099,seed,
ets_inception_pyramid_event_nll_mixture,ets inception pyramid event nll mixture,2028,-980.0,0.10766069843532325,seed,
ets_inception_pyramid_event_nll_mixture,ets inception pyramid event nll mixture,2028,-970.0,0.10785545861534863,seed,
ets_inception_pyramid_event_nll_mixture,ets inception pyramid event nll mixture,2028,-960.0,0.10834066991449355,seed,
ets_inception_pyramid_event_nll_mixture,ets inception pyramid event nll mixture,2028,-950.0,0.10600879276099619,seed,
ets_inception_pyramid_event_nll_mixture,ets inception pyramid event nll mixture,2028,-940.0,0.10701722919880133,seed,
ets_inception_pyramid_event_nll_mixture,ets inception pyramid event nll mixture,2028,-929.9999999999999,0.11046215874430201,seed,
ets_inception_pyramid_event_nll_mixture,ets inception pyramid event nll mixture,2028,-919.9999999999999,0.11528747296999098,seed,
ets_inception_pyramid_event_nll_mixture,ets inception pyramid event nll mixture,2028,-909.9999999999999,0.11773404637008164,seed,
ets_inception_pyramid_event_nll_mixture,ets inception pyramid event nll mixture,2028,-899.9999999999999,0.12027142430789499,seed,
ets_inception_pyramid_event_nll_mixture,ets inception pyramid event nll mixture,2028,-889.9999999999999,0.1239465376108777,seed,
ets_inception_pyramid_event_nll_mixture,ets inception pyramid event nll mixture,2028,-879.9999999999999,0.12549442450485235,seed,
ets_inception_pyramid_event_nll_mixture,ets inception pyramid event nll mixture,2028,-869.9999999999999,0.12629699263137867,seed,
ets_inception_pyramid_event_nll_mixture,ets inception pyramid event nll mixture,2028,-859.9999999999999,0.1269889532353378,seed,
ets_inception_pyramid_event_nll_mixture,ets inception pyramid event nll mixture,2028,-849.9999999999999,0.1244887543908157,seed,
ets_inception_pyramid_event_nll_mixture,ets inception pyramid event nll mixture,2028,-839.9999999999999,0.11999714394967649,seed,
ets_inception_pyramid_event_nll_mixture,ets inception pyramid event nll mixture,2028,-829.9999999999999,0.11825266845733064,seed,
ets_inception_pyramid_event_nll_mixture,ets inception pyramid event nll mixture,2028,-819.9999999999999,0.12260871252102933,seed,
ets_inception_pyramid_event_nll_mixture,ets inception pyramid event nll mixture,2028,-809.9999999999999,0.1308760675439776,seed,
ets_inception_pyramid_event_nll_mixture,ets inception pyramid event nll mixture,2028,-799.9999999999998,0.1419505749632337,seed,
ets_inception_pyramid_event_nll_mixture,ets inception pyramid event nll mixture,2028,-789.9999999999998,0.15150536509390752,seed,
ets_inception_pyramid_event_nll_mixture,ets inception pyramid event nll mixture,2028,-779.9999999999998,0.158284263855353,seed,
ets_inception_pyramid_event_nll_mixture,ets inception pyramid event nll mixture,2028,-769.9999999999998,0.1621140802748185,seed,
ets_inception_pyramid_event_nll_mixture,ets inception pyramid event nll mixture,2028,-759.9999999999998,0.16464732265539847,seed,
ets_inception_pyramid_event_nll_mixture,ets inception pyramid event nll mixture,2028,-749.9999999999998,0.16744910610150596,seed,
ets_inception_pyramid_event_nll_mixture,ets inception pyramid event nll mixture,2028,-739.9999999999998,0.17225544052453018,seed,
ets_inception_pyramid_event_nll_mixture,ets inception pyramid event nll mixture,2028,-729.9999999999998,0.17666630941306152,seed,
ets_inception_pyramid_event_nll_mixture,ets inception pyramid event nll mixture,2028,-719.9999999999998,0.1800798210872452,seed,
ets_inception_pyramid_event_nll_mixture,ets inception pyramid event nll mixture,2028,-709.9999999999998,0.1832805754137706,seed,
ets_inception_pyramid_event_nll_mixture,ets inception pyramid event nll mixture,2028,-699.9999999999998,0.18370930078196668,seed,
ets_inception_pyramid_event_nll_mixture,ets inception pyramid event nll mixture,2028,-689.9999999999998,0.18852445344318042,seed,
ets_inception_pyramid_event_nll_mixture,ets inception pyramid event nll mixture,2028,-679.9999999999998,0.19528633290821104,seed,
ets_inception_pyramid_event_nll_mixture,ets inception pyramid event nll mixture,2028,-669.9999999999997,0.2005395921955299,seed,
ets_inception_pyramid_event_nll_mixture,ets inception pyramid event nll mixture,2028,-659.9999999999997,0.206007889195125,seed,
ets_inception_pyramid_event_nll_mixture,ets inception pyramid event nll mixture,2028,-649.9999999999997,0.2094596521303452,seed,
ets_inception_pyramid_event_nll_mixture,ets inception pyramid event nll mixture,2028,-639.9999999999997,0.2109073878348703,seed,
ets_inception_pyramid_event_nll_mixture,ets inception pyramid event nll mixture,2028,-629.9999999999997,0.2131132938094072,seed,
ets_inception_pyramid_event_nll_mixture,ets inception pyramid event nll mixture,2028,-619.9999999999997,0.220387227224159,seed,
ets_inception_pyramid_event_nll_mixture,ets inception pyramid event nll mixture,2028,-609.9999999999997,0.22465216725229098,seed,
ets_inception_pyramid_event_nll_mixture,ets inception pyramid event nll mixture,2028,-599.9999999999997,0.22341973274500246,seed,
ets_inception_pyramid_event_nll_mixture,ets inception pyramid event nll mixture,2028,-589.9999999999997,0.22140736393782753,seed,
ets_inception_pyramid_event_nll_mixture,ets inception pyramid event nll mixture,2028,-579.9999999999997,0.22058066867095416,seed,
ets_inception_pyramid_event_nll_mixture,ets inception pyramid event nll mixture,2028,-569.9999999999997,0.22430748677186135,seed,
ets_inception_pyramid_event_nll_mixture,ets inception pyramid event nll mixture,2028,-559.9999999999997,0.23380154216865953,seed,
ets_inception_pyramid_event_nll_mixture,ets inception pyramid event nll mixture,2028,-549.9999999999995,0.2435294488724365,seed,
ets_inception_pyramid_event_nll_mixture,ets inception pyramid event nll mixture,2028,-539.9999999999995,0.24764363349614166,seed,
ets_inception_pyramid_event_nll_mixture,ets inception pyramid event nll mixture,2028,-529.9999999999995,0.25627308642382657,seed,
ets_inception_pyramid_event_nll_mixture,ets inception pyramid event nll mixture,2028,-519.9999999999995,0.26456809703860673,seed,
ets_inception_pyramid_event_nll_mixture,ets inception pyramid event nll mixture,2028,-509.99999999999955,0.2716920892523658,seed,
ets_inception_pyramid_event_nll_mixture,ets inception pyramid event nll mixture,2028,-499.99999999999955,0.2783300456641311,seed,
ets_inception_pyramid_event_nll_mixture,ets inception pyramid event nll mixture,2028,-489.99999999999955,0.28158641438793724,seed,
ets_inception_pyramid_event_nll_mixture,ets inception pyramid event nll mixture,2028,-479.99999999999955,0.2865461388740243,seed,
ets_inception_pyramid_event_nll_mixture,ets inception pyramid event nll mixture,2028,-469.99999999999955,0.29269028758813836,seed,
ets_inception_pyramid_event_nll_mixture,ets inception pyramid event nll mixture,2028,-459.99999999999955,0.2954852520281857,seed,
ets_inception_pyramid_event_nll_mixture,ets inception pyramid event nll mixture,2028,-449.9999999999995,0.301429367148094,seed,
ets_inception_pyramid_event_nll_mixture,ets inception pyramid event nll mixture,2028,-439.9999999999995,0.3134313650909749,seed,
ets_inception_pyramid_event_nll_mixture,ets inception pyramid event nll mixture,2028,-429.9999999999995,0.32937643272364536,seed,
ets_inception_pyramid_event_nll_mixture,ets inception pyramid event nll mixture,2028,-419.9999999999995,0.33580550667621084,seed,
ets_inception_pyramid_event_nll_mixture,ets inception pyramid event nll mixture,2028,-409.9999999999995,0.33994194344074746,seed,
ets_inception_pyramid_event_nll_mixture,ets inception pyramid event nll mixture,2028,-399.9999999999995,0.35132608230623874,seed,
ets_inception_pyramid_event_nll_mixture,ets inception pyramid event nll mixture,2028,-389.99999999999943,0.3649483511839668,seed,
ets_inception_pyramid_event_nll_mixture,ets inception pyramid event nll mixture,2028,-379.99999999999943,0.3798754843829714,seed,
ets_inception_pyramid_event_nll_mixture,ets inception pyramid event nll mixture,2028,-369.99999999999943,0.39500289293389224,seed,
ets_inception_pyramid_event_nll_mixture,ets inception pyramid event nll mixture,2028,-359.99999999999943,0.4058296121448299,seed,
ets_inception_pyramid_event_nll_mixture,ets inception pyramid event nll mixture,2028,-349.99999999999943,0.4170596003089099,seed,
ets_inception_pyramid_event_nll_mixture,ets inception pyramid event nll mixture,2028,-339.99999999999943,0.426374434730095,seed,
ets_inception_pyramid_event_nll_mixture,ets inception pyramid event nll mixture,2028,-329.99999999999943,0.4378474306937652,seed,
ets_inception_pyramid_event_nll_mixture,ets inception pyramid event nll mixture,2028,-319.9999999999994,0.44738847668706316,seed,
ets_inception_pyramid_event_nll_mixture,ets inception pyramid event nll mixture,2028,-309.9999999999994,0.457401749140172,seed,
ets_inception_pyramid_event_nll_mixture,ets inception pyramid event nll mixture,2028,-299.9999999999994,0.47460243872094876,seed,
ets_inception_pyramid_event_nll_mixture,ets inception pyramid event nll mixture,2028,-289.9999999999994,0.4920901473374186,seed,
ets_inception_pyramid_event_nll_mixture,ets inception pyramid event nll mixture,2028,-279.9999999999994,0.5086825215642901,seed,
ets_inception_pyramid_event_nll_mixture,ets inception pyramid event nll mixture,2028,-269.9999999999994,0.5173312207543284,seed,
ets_inception_pyramid_event_nll_mixture,ets inception pyramid event nll mixture,2028,-259.9999999999993,0.5156767900446959,seed,
ets_inception_pyramid_event_nll_mixture,ets inception pyramid event nll mixture,2028,-249.99999999999935,0.5154599250434724,seed,
ets_inception_pyramid_event_nll_mixture,ets inception pyramid event nll mixture,2028,-239.99999999999932,0.519253685055327,seed,
ets_inception_pyramid_event_nll_mixture,ets inception pyramid event nll mixture,2028,-229.99999999999932,0.5265544727550577,seed,
ets_inception_pyramid_event_nll_mixture,ets inception pyramid event nll mixture,2028,-219.99999999999932,0.5432693616563502,seed,
ets_inception_pyramid_event_nll_mixture,ets inception pyramid event nll mixture,2028,-209.9999999999993,0.5625255114394445,seed,
ets_inception_pyramid_event_nll_mixture,ets inception pyramid event nll mixture,2028,-199.9999999999993,0.5859490455670918,seed,
ets_inception_pyramid_event_nll_mixture,ets inception pyramid event nll mixture,2028,-189.9999999999993,0.6151500514172935,seed,
ets_inception_pyramid_event_nll_mixture,ets inception pyramid event nll mixture,2028,-179.99999999999926,0.6522312783224725,seed,
ets_inception_pyramid_event_nll_mixture,ets inception pyramid event nll mixture,2028,-169.99999999999926,0.6933032420811249,seed,
ets_inception_pyramid_event_nll_mixture,ets inception pyramid event nll mixture,2028,-159.99999999999926,0.7376545425258744,seed,
ets_inception_pyramid_event_nll_mixture,ets inception pyramid event nll mixture,2028,-149.99999999999923,0.7956621776133381,seed,
ets_inception_pyramid_event_nll_mixture,ets inception pyramid event nll mixture,2028,-139.99999999999923,0.8789329491410415,seed,
ets_inception_pyramid_event_nll_mixture,ets inception pyramid event nll mixture,2028,-129.99999999999923,0.9776283630852162,seed,
ets_inception_pyramid_event_nll_mixture,ets inception pyramid event nll mixture,2028,-119.99999999999922,1.1000768386917679,seed,
ets_inception_pyramid_event_nll_mixture,ets inception pyramid event nll mixture,2028,-109.9999999999992,1.2349441925017306,seed,
ets_inception_pyramid_event_nll_mixture,ets inception pyramid event nll mixture,2028,-99.9999999999992,1.3791936503134103,seed,
ets_inception_pyramid_event_nll_mixture,ets inception pyramid event nll mixture,2028,-89.99999999999919,1.5551785447339224,seed,
ets_inception_pyramid_event_nll_mixture,ets inception pyramid event nll mixture,2028,-79.99999999999918,1.7340763113194482,seed,
ets_inception_pyramid_event_nll_mixture,ets inception pyramid event nll mixture,2028,-69.99999999999918,1.9259093696258294,seed,
ets_inception_pyramid_event_nll_mixture,ets inception pyramid event nll mixture,2028,-59.99999999999916,2.12367232675969,seed,
ets_inception_pyramid_event_nll_mixture,ets inception pyramid event nll mixture,2028,-49.999999999999154,2.2963920140035476,seed,
ets_inception_pyramid_event_nll_mixture,ets inception pyramid event nll mixture,2028,-39.99999999999915,2.4311864755181234,seed,
ets_inception_pyramid_event_nll_mixture,ets inception pyramid event nll mixture,2028,-29.99999999999914,2.548520465208765,seed,
ets_inception_pyramid_event_nll_mixture,ets inception pyramid event nll mixture,2028,-19.99999999999913,2.591213476340445,seed,
ets_inception_pyramid_event_nll_mixture,ets inception pyramid event nll mixture,2028,-9.99999999999912,2.5776858854920057,seed,
ets_inception_pyramid_event_nll_mixture,ets inception pyramid event nll mixture,2028,8.881784197001252e-13,2.522930342672299,seed,
ets_inception_pyramid_event_nll_mixture,ets inception pyramid event nll mixture,2028,10.000000000000897,2.4006048804495754,seed,
ets_inception_pyramid_event_nll_mixture,ets inception pyramid event nll mixture,2028,20.000000000000906,2.230822517996212,seed,
ets_inception_pyramid_event_nll_mixture,ets inception pyramid event nll mixture,2028,30.000000000000917,2.043209011809901,seed,
ets_inception_pyramid_event_nll_mixture,ets inception pyramid event nll mixture,2028,40.000000000000924,1.8313267618386975,seed,
ets_inception_pyramid_event_nll_mixture,ets inception pyramid event nll mixture,2028,50.00000000000093,1.6224539065617465,seed,
ets_inception_pyramid_event_nll_mixture,ets inception pyramid event nll mixture,2028,60.00000000000094,1.4338024502185749,seed,
ets_inception_pyramid_event_nll_mixture,ets inception pyramid event nll mixture,2028,70.00000000000095,1.2693735405318962,seed,
ets_inception_pyramid_event_nll_mixture,ets inception pyramid event nll mixture,2028,80.00000000000097,1.1403395364843336,seed,
ets_inception_pyramid_event_nll_mixture,ets inception pyramid event nll mixture,2028,90.00000000000097,1.0397562875941235,seed,
ets_inception_pyramid_event_nll_mixture,ets inception pyramid event nll mixture,2028,100.00000000000098,0.9577362117116184,seed,
ets_inception_pyramid_event_nll_mixture,ets inception pyramid event nll mixture,2028,110.00000000000098,0.8968464256656279,seed,
ets_inception_pyramid_event_nll_mixture,ets inception pyramid event nll mixture,2028,120.000000000001,0.855391075294143,seed,
ets_inception_pyramid_event_nll_mixture,ets inception pyramid event nll mixture,2028,130.000000000001,0.8349248470024769,seed,
ets_inception_pyramid_event_nll_mixture,ets inception pyramid event nll mixture,2028,140.00000000000102,0.8204240753835993,seed,
ets_inception_pyramid_event_nll_mixture,ets inception pyramid event nll mixture,2028,150.00000000000102,0.8128370505597305,seed,
ets_inception_pyramid_event_nll_mixture,ets inception pyramid event nll mixture,2028,160.00000000000102,0.804450687027792,seed,
ets_inception_pyramid_event_nll_mixture,ets inception pyramid event nll mixture,2028,170.00000000000105,0.8005874772283654,seed,
ets_inception_pyramid_event_nll_mixture,ets inception pyramid event nll mixture,2028,180.00000000000105,0.8003748535322565,seed,
ets_inception_pyramid_event_nll_mixture,ets inception pyramid event nll mixture,2028,190.00000000000105,0.7950123437095594,seed,
ets_inception_pyramid_event_nll_mixture,ets inception pyramid event nll mixture,2028,200.00000000000108,0.7846979236770503,seed,
ets_inception_pyramid_event_nll_mixture,ets inception pyramid event nll mixture,2028,210.00000000000108,0.7706490198192912,seed,
ets_inception_pyramid_event_nll_mixture,ets inception pyramid event nll mixture,2028,220.00000000000108,0.7508959872664941,seed,
ets_inception_pyramid_event_nll_mixture,ets inception pyramid event nll mixture,2028,230.00000000000108,0.7245355535176161,seed,
ets_inception_pyramid_event_nll_mixture,ets inception pyramid event nll mixture,2028,240.0000000000011,0.6889614687508183,seed,
ets_inception_pyramid_event_nll_mixture,ets inception pyramid event nll mixture,2028,250.0000000000011,0.6600570996310305,seed,
ets_inception_pyramid_event_nll_mixture,ets inception pyramid event nll mixture,2028,260.00000000000114,0.6341534646379963,seed,
ets_inception_pyramid_event_nll_mixture,ets inception pyramid event nll mixture,2028,270.00000000000114,0.6125317851151666,seed,
ets_inception_pyramid_event_nll_mixture,ets inception pyramid event nll mixture,2028,280.00000000000114,0.5893579374426235,seed,
ets_inception_pyramid_event_nll_mixture,ets inception pyramid event nll mixture,2028,290.00000000000114,0.5595760292263243,seed,
ets_inception_pyramid_event_nll_mixture,ets inception pyramid event nll mixture,2028,300.00000000000114,0.5312914701243865,seed,
ets_inception_pyramid_event_nll_mixture,ets inception pyramid event nll mixture,2028,310.00000000000114,0.5107267532997325,seed,
ets_inception_pyramid_event_nll_mixture,ets inception pyramid event nll mixture,2028,320.0000000000012,0.4928677723418108,seed,
ets_inception_pyramid_event_nll_mixture,ets inception pyramid event nll mixture,2028,330.0000000000012,0.4802924323259426,seed,
ets_inception_pyramid_event_nll_mixture,ets inception pyramid event nll mixture,2028,340.0000000000012,0.47311813383744405,seed,
ets_inception_pyramid_event_nll_mixture,ets inception pyramid event nll mixture,2028,350.0000000000012,0.46087271012173847,seed,
ets_inception_pyramid_event_nll_mixture,ets inception pyramid event nll mixture,2028,360.0000000000012,0.4466109221566075,seed,
ets_inception_pyramid_event_nll_mixture,ets inception pyramid event nll mixture,2028,370.0000000000012,0.43581570827793165,seed,
ets_inception_pyramid_event_nll_mixture,ets inception pyramid event nll mixture,2028,380.00000000000125,0.42502657708794167,seed,
ets_inception_pyramid_event_nll_mixture,ets inception pyramid event nll mixture,2028,390.00000000000125,0.4151629854766121,seed,
ets_inception_pyramid_event_nll_mixture,ets inception pyramid event nll mixture,2028,400.00000000000125,0.4111389555343106,seed,
ets_inception_pyramid_event_nll_mixture,ets inception pyramid event nll mixture,2028,410.00000000000125,0.4073004416796233,seed,
ets_inception_pyramid_event_nll_mixture,ets inception pyramid event nll mixture,2028,420.00000000000125,0.40771147775312233,seed,
ets_inception_pyramid_event_nll_mixture,ets inception pyramid event nll mixture,2028,430.00000000000125,0.4063862226916747,seed,
ets_inception_pyramid_event_nll_mixture,ets inception pyramid event nll mixture,2028,440.00000000000125,0.39581413256280756,seed,
ets_inception_pyramid_event_nll_mixture,ets inception pyramid event nll mixture,2028,450.0000000000013,0.3830608618936666,seed,
ets_inception_pyramid_event_nll_mixture,ets inception pyramid event nll mixture,2028,460.0000000000013,0.3752413860199397,seed,
ets_inception_pyramid_event_nll_mixture,ets inception pyramid event nll mixture,2028,470.0000000000013,0.3672043201466655,seed,
ets_inception_pyramid_event_nll_mixture,ets inception pyramid event nll mixture,2028,480.0000000000013,0.35871510932332823,seed,
ets_inception_pyramid_event_nll_mixture,ets inception pyramid event nll mixture,2028,490.0000000000013,0.34972793393480806,seed,
ets_inception_pyramid_event_nll_mixture,ets inception pyramid event nll mixture,2028,500.0000000000013,0.33617649401931504,seed,
ets_inception_pyramid_event_nll_mixture,ets inception pyramid event nll mixture,2028,510.00000000000136,0.32753509780812423,seed,
ets_inception_pyramid_event_nll_mixture,ets inception pyramid event nll mixture,2028,520.0000000000014,0.32157077158687675,seed,
ets_inception_pyramid_event_nll_mixture,ets inception pyramid event nll mixture,2028,530.0000000000014,0.3217872719836066,seed,
ets_inception_pyramid_event_nll_mixture,ets inception pyramid event nll mixture,2028,540.0000000000014,0.32452092653025233,seed,
ets_inception_pyramid_event_nll_mixture,ets inception pyramid event nll mixture,2028,550.0000000000014,0.3226600590000307,seed,
ets_inception_pyramid_event_nll_mixture,ets inception pyramid event nll mixture,2028,560.0000000000014,0.3175316765113942,seed,
ets_inception_pyramid_event_nll_mixture,ets inception pyramid event nll mixture,2028,570.0000000000014,0.3096689575690947,seed,
ets_inception_pyramid_event_nll_mixture,ets inception pyramid event nll mixture,2028,580.0000000000014,0.3018733082722613,seed,
ets_inception_pyramid_event_nll_mixture,ets inception pyramid event nll mixture,2028,590.0000000000014,0.3004492227411142,seed,
ets_inception_pyramid_event_nll_mixture,ets inception pyramid event nll mixture,2028,600.0000000000014,0.29511820698795815,seed,
ets_inception_pyramid_event_nll_mixture,ets inception pyramid event nll mixture,2028,610.0000000000015,0.2850310308458109,seed,
ets_inception_pyramid_event_nll_mixture,ets inception pyramid event nll mixture,2028,620.0000000000015,0.27913204032118166,seed,
ets_inception_pyramid_event_nll_mixture,ets inception pyramid event nll mixture,2028,630.0000000000015,0.27575200150452994,seed,
ets_inception_pyramid_event_nll_mixture,ets inception pyramid event nll mixture,2028,640.0000000000015,0.27127157020699144,seed,
ets_inception_pyramid_event_nll_mixture,ets inception pyramid event nll mixture,2028,650.0000000000015,0.26585005463716993,seed,
ets_inception_pyramid_event_nll_mixture,ets inception pyramid event nll mixture,2028,660.0000000000015,0.26599503091943855,seed,
ets_inception_pyramid_event_nll_mixture,ets inception pyramid event nll mixture,2028,670.0000000000015,0.2673227916949965,seed,
ets_inception_pyramid_event_nll_mixture,ets inception pyramid event nll mixture,2028,680.0000000000015,0.265673091514204,seed,
ets_inception_pyramid_event_nll_mixture,ets inception pyramid event nll mixture,2028,690.0000000000015,0.2587957777930844,seed,
ets_inception_pyramid_event_nll_mixture,ets inception pyramid event nll mixture,2028,700.0000000000015,0.25480935915614034,seed,
ets_inception_pyramid_event_nll_mixture,ets inception pyramid event nll mixture,2028,710.0000000000015,0.2501640662590799,seed,
ets_inception_pyramid_event_nll_mixture,ets inception pyramid event nll mixture,2028,720.0000000000015,0.24246886106284152,seed,
ets_inception_pyramid_event_nll_mixture,ets inception pyramid event nll mixture,2028,730.0000000000016,0.2366774249654482,seed,
ets_inception_pyramid_event_nll_mixture,ets inception pyramid event nll mixture,2028,740.0000000000016,0.23474690763455514,seed,
ets_inception_pyramid_event_nll_mixture,ets inception pyramid event nll mixture,2028,750.0000000000016,0.2309035668695967,seed,
ets_inception_pyramid_event_nll_mixture,ets inception pyramid event nll mixture,2028,760.0000000000016,0.2261631239009618,seed,
ets_inception_pyramid_event_nll_mixture,ets inception pyramid event nll mixture,2028,770.0000000000016,0.2282873897259147,seed,
ets_inception_pyramid_event_nll_mixture,ets inception pyramid event nll mixture,2028,780.0000000000016,0.2248468204510766,seed,
ets_inception_pyramid_event_nll_mixture,ets inception pyramid event nll mixture,2028,790.0000000000016,0.22078821169425442,seed,
ets_inception_pyramid_event_nll_mixture,ets inception pyramid event nll mixture,2028,800.0000000000016,0.21349458281331776,seed,
ets_inception_pyramid_event_nll_mixture,ets inception pyramid event nll mixture,2028,810.0000000000016,0.21285112545316534,seed,
ets_inception_pyramid_event_nll_mixture,ets inception pyramid event nll mixture,2028,820.0000000000016,0.21140178688935896,seed,
ets_inception_pyramid_event_nll_mixture,ets inception pyramid event nll mixture,2028,830.0000000000016,0.21309615764413833,seed,
ets_inception_pyramid_event_nll_mixture,ets inception pyramid event nll mixture,2028,840.0000000000016,0.21995872746240075,seed,
ets_inception_pyramid_event_nll_mixture,ets inception pyramid event nll mixture,2028,850.0000000000016,0.2250342795903439,seed,
ets_inception_pyramid_event_nll_mixture,ets inception pyramid event nll mixture,2028,860.0000000000017,0.22488031131131578,seed,
ets_inception_pyramid_event_nll_mixture,ets inception pyramid event nll mixture,2028,870.0000000000017,0.22665738314172001,seed,
ets_inception_pyramid_event_nll_mixture,ets inception pyramid event nll mixture,2028,880.0000000000017,0.22004888500841405,seed,
ets_inception_pyramid_event_nll_mixture,ets inception pyramid event nll mixture,2028,890.0000000000017,0.21530662017006313,seed,
ets_inception_pyramid_event_nll_mixture,ets inception pyramid event nll mixture,2028,900.0000000000017,0.21482611652674796,seed,
ets_inception_pyramid_event_nll_mixture,ets inception pyramid event nll mixture,2028,910.0000000000017,0.21260409537469624,seed,
ets_inception_pyramid_event_nll_mixture,ets inception pyramid event nll mixture,2028,920.0000000000017,0.2152946838098113,seed,
ets_inception_pyramid_event_nll_mixture,ets inception pyramid event nll mixture,2028,930.0000000000017,0.21904372788422896,seed,
ets_inception_pyramid_event_nll_mixture,ets inception pyramid event nll mixture,2028,940.0000000000017,0.22136902518694593,seed,
ets_inception_pyramid_event_nll_mixture,ets inception pyramid event nll mixture,2028,950.0000000000017,0.2304325661795084,seed,
ets_inception_pyramid_event_nll_mixture,ets inception pyramid event nll mixture,2028,960.0000000000017,0.23520123095112294,seed,
ets_inception_pyramid_event_nll_mixture,ets inception pyramid event nll mixture,2028,970.0000000000017,0.23396359470589956,seed,
ets_inception_pyramid_event_nll_mixture,ets inception pyramid event nll mixture,2028,980.0000000000017,0.22666263832355757,seed,
ets_inception_pyramid_event_nll_mixture,ets inception pyramid event nll mixture,2028,990.0000000000018,0.22388027052119583,seed,
ets_inception_pyramid_event_nll_mixture,ets inception pyramid event nll mixture,2028,1000.0000000000018,0.21884346880210398,seed,
ets_inception_pyramid_event_nll_mixture,ets inception pyramid event nll mixture,2029,-1000.0,0.09392681166439003,seed,
ets_inception_pyramid_event_nll_mixture,ets inception pyramid event nll mixture,2029,-990.0,0.09442936418998012,seed,
ets_inception_pyramid_event_nll_mixture,ets inception pyramid event nll mixture,2029,-980.0,0.09718667915163677,seed,
ets_inception_pyramid_event_nll_mixture,ets inception pyramid event nll mixture,2029,-970.0,0.10064412842242576,seed,
ets_inception_pyramid_event_nll_mixture,ets inception pyramid event nll mixture,2029,-960.0,0.10131359687832979,seed,
ets_inception_pyramid_event_nll_mixture,ets inception pyramid event nll mixture,2029,-950.0,0.1013724842465715,seed,
ets_inception_pyramid_event_nll_mixture,ets inception pyramid event nll mixture,2029,-940.0,0.10499694677322248,seed,
ets_inception_pyramid_event_nll_mixture,ets inception pyramid event nll mixture,2029,-929.9999999999999,0.10946274969377988,seed,
ets_inception_pyramid_event_nll_mixture,ets inception pyramid event nll mixture,2029,-919.9999999999999,0.11501875663068782,seed,
ets_inception_pyramid_event_nll_mixture,ets inception pyramid event nll mixture,2029,-909.9999999999999,0.11726349480114294,seed,
ets_inception_pyramid_event_nll_mixture,ets inception pyramid event nll mixture,2029,-899.9999999999999,0.11527481035796223,seed,
ets_inception_pyramid_event_nll_mixture,ets inception pyramid event nll mixture,2029,-889.9999999999999,0.11669068781542465,seed,
ets_inception_pyramid_event_nll_mixture,ets inception pyramid event nll mixture,2029,-879.9999999999999,0.11814683974405259,seed,
ets_inception_pyramid_event_nll_mixture,ets inception pyramid event nll mixture,2029,-869.9999999999999,0.12111558235847676,seed,
ets_inception_pyramid_event_nll_mixture,ets inception pyramid event nll mixture,2029,-859.9999999999999,0.12660784829808786,seed,
ets_inception_pyramid_event_nll_mixture,ets inception pyramid event nll mixture,2029,-849.9999999999999,0.13038923310111408,seed,
ets_inception_pyramid_event_nll_mixture,ets inception pyramid event nll mixture,2029,-839.9999999999999,0.13104123568110373,seed,
ets_inception_pyramid_event_nll_mixture,ets inception pyramid event nll mixture,2029,-829.9999999999999,0.1302131322498072,seed,
ets_inception_pyramid_event_nll_mixture,ets inception pyramid event nll mixture,2029,-819.9999999999999,0.13039938751934543,seed,
ets_inception_pyramid_event_nll_mixture,ets inception pyramid event nll mixture,2029,-809.9999999999999,0.13398904880840598,seed,
ets_inception_pyramid_event_nll_mixture,ets inception pyramid event nll mixture,2029,-799.9999999999998,0.1414903882859738,seed,
ets_inception_pyramid_event_nll_mixture,ets inception pyramid event nll mixture,2029,-789.9999999999998,0.14699629187584198,seed,
ets_inception_pyramid_event_nll_mixture,ets inception pyramid event nll mixture,2029,-779.9999999999998,0.15206869999079317,seed,
ets_inception_pyramid_event_nll_mixture,ets inception pyramid event nll mixture,2029,-769.9999999999998,0.15582742821748194,seed,
ets_inception_pyramid_event_nll_mixture,ets inception pyramid event nll mixture,2029,-759.9999999999998,0.15863326397204613,seed,
ets_inception_pyramid_event_nll_mixture,ets inception pyramid event nll mixture,2029,-749.9999999999998,0.1578726080137732,seed,
ets_inception_pyramid_event_nll_mixture,ets inception pyramid event nll mixture,2029,-739.9999999999998,0.16023711901183127,seed,
ets_inception_pyramid_event_nll_mixture,ets inception pyramid event nll mixture,2029,-729.9999999999998,0.16418087603248574,seed,
ets_inception_pyramid_event_nll_mixture,ets inception pyramid event nll mixture,2029,-719.9999999999998,0.16708947188959827,seed,
ets_inception_pyramid_event_nll_mixture,ets inception pyramid event nll mixture,2029,-709.9999999999998,0.1681978805828345,seed,
ets_inception_pyramid_event_nll_mixture,ets inception pyramid event nll mixture,2029,-699.9999999999998,0.17125958346137174,seed,
ets_inception_pyramid_event_nll_mixture,ets inception pyramid event nll mixture,2029,-689.9999999999998,0.17475958589713741,seed,
ets_inception_pyramid_event_nll_mixture,ets inception pyramid event nll mixture,2029,-679.9999999999998,0.17819116763909784,seed,
ets_inception_pyramid_event_nll_mixture,ets inception pyramid event nll mixture,2029,-669.9999999999997,0.18366891787091277,seed,
ets_inception_pyramid_event_nll_mixture,ets inception pyramid event nll mixture,2029,-659.9999999999997,0.19050527549359145,seed,
ets_inception_pyramid_event_nll_mixture,ets inception pyramid event nll mixture,2029,-649.9999999999997,0.1972304063894595,seed,
ets_inception_pyramid_event_nll_mixture,ets inception pyramid event nll mixture,2029,-639.9999999999997,0.20251080462075235,seed,
ets_inception_pyramid_event_nll_mixture,ets inception pyramid event nll mixture,2029,-629.9999999999997,0.20498438245431708,seed,
ets_inception_pyramid_event_nll_mixture,ets inception pyramid event nll mixture,2029,-619.9999999999997,0.2116272130233027,seed,
ets_inception_pyramid_event_nll_mixture,ets inception pyramid event nll mixture,2029,-609.9999999999997,0.21650195675343084,seed,
ets_inception_pyramid_event_nll_mixture,ets inception pyramid event nll mixture,2029,-599.9999999999997,0.21889648479175192,seed,
ets_inception_pyramid_event_nll_mixture,ets inception pyramid event nll mixture,2029,-589.9999999999997,0.22492485947282,seed,
ets_inception_pyramid_event_nll_mixture,ets inception pyramid event nll mixture,2029,-579.9999999999997,0.23090166309819446,seed,
ets_inception_pyramid_event_nll_mixture,ets inception pyramid event nll mixture,2029,-569.9999999999997,0.23243682407833532,seed,
ets_inception_pyramid_event_nll_mixture,ets inception pyramid event nll mixture,2029,-559.9999999999997,0.2342724946208577,seed,
ets_inception_pyramid_event_nll_mixture,ets inception pyramid event nll mixture,2029,-549.9999999999995,0.23671298732943719,seed,
ets_inception_pyramid_event_nll_mixture,ets inception pyramid event nll mixture,2029,-539.9999999999995,0.24407818880610627,seed,
ets_inception_pyramid_event_nll_mixture,ets inception pyramid event nll mixture,2029,-529.9999999999995,0.2518524526140863,seed,
ets_inception_pyramid_event_nll_mixture,ets inception pyramid event nll mixture,2029,-519.9999999999995,0.2614073631172865,seed,
ets_inception_pyramid_event_nll_mixture,ets inception pyramid event nll mixture,2029,-509.99999999999955,0.2665441853328562,seed,
ets_inception_pyramid_event_nll_mixture,ets inception pyramid event nll mixture,2029,-499.99999999999955,0.27398721147510313,seed,
ets_inception_pyramid_event_nll_mixture,ets inception pyramid event nll mixture,2029,-489.99999999999955,0.2830177219164343,seed,
ets_inception_pyramid_event_nll_mixture,ets inception pyramid event nll mixture,2029,-479.99999999999955,0.29012726464188293,seed,
ets_inception_pyramid_event_nll_mixture,ets inception pyramid event nll mixture,2029,-469.99999999999955,0.29792280499150897,seed,
ets_inception_pyramid_event_nll_mixture,ets inception pyramid event nll mixture,2029,-459.99999999999955,0.30240213458501836,seed,
ets_inception_pyramid_event_nll_mixture,ets inception pyramid event nll mixture,2029,-449.9999999999995,0.30671424439829553,seed,
ets_inception_pyramid_event_nll_mixture,ets inception pyramid event nll mixture,2029,-439.9999999999995,0.31394601952109524,seed,
ets_inception_pyramid_event_nll_mixture,ets inception pyramid event nll mixture,2029,-429.9999999999995,0.3252800487128127,seed,
ets_inception_pyramid_event_nll_mixture,ets inception pyramid event nll mixture,2029,-419.9999999999995,0.33172985296689894,seed,
ets_inception_pyramid_event_nll_mixture,ets inception pyramid event nll mixture,2029,-409.9999999999995,0.34446199455811066,seed,
ets_inception_pyramid_event_nll_mixture,ets inception pyramid event nll mixture,2029,-399.9999999999995,0.35929226456748165,seed,
ets_inception_pyramid_event_nll_mixture,ets inception pyramid event nll mixture,2029,-389.99999999999943,0.3731904328411059,seed,
ets_inception_pyramid_event_nll_mixture,ets inception pyramid event nll mixture,2029,-379.99999999999943,0.3869536338413265,seed,
ets_inception_pyramid_event_nll_mixture,ets inception pyramid event nll mixture,2029,-369.99999999999943,0.39829169342713144,seed,
ets_inception_pyramid_event_nll_mixture,ets inception pyramid event nll mixture,2029,-359.99999999999943,0.4086378397373308,seed,
ets_inception_pyramid_event_nll_mixture,ets inception pyramid event nll mixture,2029,-349.99999999999943,0.4180851969201187,seed,
ets_inception_pyramid_event_nll_mixture,ets inception pyramid event nll mixture,2029,-339.99999999999943,0.4300448746975631,seed,
ets_inception_pyramid_event_nll_mixture,ets inception pyramid event nll mixture,2029,-329.99999999999943,0.4415570267726407,seed,
ets_inception_pyramid_event_nll_mixture,ets inception pyramid event nll mixture,2029,-319.9999999999994,0.4544371784034202,seed,
ets_inception_pyramid_event_nll_mixture,ets inception pyramid event nll mixture,2029,-309.9999999999994,0.4698048882112733,seed,
ets_inception_pyramid_event_nll_mixture,ets inception pyramid event nll mixture,2029,-299.9999999999994,0.4830642596897097,seed,
ets_inception_pyramid_event_nll_mixture,ets inception pyramid event nll mixture,2029,-289.9999999999994,0.4923851520080367,seed,
ets_inception_pyramid_event_nll_mixture,ets inception pyramid event nll mixture,2029,-279.9999999999994,0.5093624346186354,seed,
ets_inception_pyramid_event_nll_mixture,ets inception pyramid event nll mixture,2029,-269.9999999999994,0.5207807145273866,seed,
ets_inception_pyramid_event_nll_mixture,ets inception pyramid event nll mixture,2029,-259.9999999999993,0.5354065551302885,seed,
ets_inception_pyramid_event_nll_mixture,ets inception pyramid event nll mixture,2029,-249.99999999999935,0.5526572112971877,seed,
ets_inception_pyramid_event_nll_mixture,ets inception pyramid event nll mixture,2029,-239.99999999999932,0.5692203139006639,seed,
ets_inception_pyramid_event_nll_mixture,ets inception pyramid event nll mixture,2029,-229.99999999999932,0.5819511333413049,seed,
ets_inception_pyramid_event_nll_mixture,ets inception pyramid event nll mixture,2029,-219.99999999999932,0.6013144071552131,seed,
ets_inception_pyramid_event_nll_mixture,ets inception pyramid event nll mixture,2029,-209.9999999999993,0.6235337708967691,seed,
ets_inception_pyramid_event_nll_mixture,ets inception pyramid event nll mixture,2029,-199.9999999999993,0.6395828934803718,seed,
ets_inception_pyramid_event_nll_mixture,ets inception pyramid event nll mixture,2029,-189.9999999999993,0.6647106667804825,seed,
ets_inception_pyramid_event_nll_mixture,ets inception pyramid event nll mixture,2029,-179.99999999999926,0.6949519219272051,seed,
ets_inception_pyramid_event_nll_mixture,ets inception pyramid event nll mixture,2029,-169.99999999999926,0.7317936933038218,seed,
ets_inception_pyramid_event_nll_mixture,ets inception pyramid event nll mixture,2029,-159.99999999999926,0.7757951587857748,seed,
ets_inception_pyramid_event_nll_mixture,ets inception pyramid event nll mixture,2029,-149.99999999999923,0.8287565113382892,seed,
ets_inception_pyramid_event_nll_mixture,ets inception pyramid event nll mixture,2029,-139.99999999999923,0.8920005991583299,seed,
ets_inception_pyramid_event_nll_mixture,ets inception pyramid event nll mixture,2029,-129.99999999999923,0.9672463368445131,seed,
ets_inception_pyramid_event_nll_mixture,ets inception pyramid event nll mixture,2029,-119.99999999999922,1.056654839209417,seed,
ets_inception_pyramid_event_nll_mixture,ets inception pyramid event nll mixture,2029,-109.9999999999992,1.156743947704059,seed,
ets_inception_pyramid_event_nll_mixture,ets inception pyramid event nll mixture,2029,-99.9999999999992,1.268374001308931,seed,
ets_inception_pyramid_event_nll_mixture,ets inception pyramid event nll mixture,2029,-89.99999999999919,1.4072297839994354,seed,
ets_inception_pyramid_event_nll_mixture,ets inception pyramid event nll mixture,2029,-79.99999999999918,1.5710878572672948,seed,
ets_inception_pyramid_event_nll_mixture,ets inception pyramid event nll mixture,2029,-69.99999999999918,1.739542737421262,seed,
ets_inception_pyramid_event_nll_mixture,ets inception pyramid event nll mixture,2029,-59.99999999999916,1.9001987413389623,seed,
ets_inception_pyramid_event_nll_mixture,ets inception pyramid event nll mixture,2029,-49.999999999999154,2.0624675362615172,seed,
ets_inception_pyramid_event_nll_mixture,ets inception pyramid event nll mixture,2029,-39.99999999999915,2.214334795899239,seed,
ets_inception_pyramid_event_nll_mixture,ets inception pyramid event nll mixture,2029,-29.99999999999914,2.365139393210755,seed,
ets_inception_pyramid_event_nll_mixture,ets inception pyramid event nll mixture,2029,-19.99999999999913,2.4912651839321063,seed,
ets_inception_pyramid_event_nll_mixture,ets inception pyramid event nll mixture,2029,-9.99999999999912,2.542576941199384,seed,
ets_inception_pyramid_event_nll_mixture,ets inception pyramid event nll mixture,2029,8.881784197001252e-13,2.523371282004181,seed,
ets_inception_pyramid_event_nll_mixture,ets inception pyramid event nll mixture,2029,10.000000000000897,2.432852166948133,seed,
ets_inception_pyramid_event_nll_mixture,ets inception pyramid event nll mixture,2029,20.000000000000906,2.2879293602173196,seed,
ets_inception_pyramid_event_nll_mixture,ets inception pyramid event nll mixture,2029,30.000000000000917,2.125112902264003,seed,
ets_inception_pyramid_event_nll_mixture,ets inception pyramid event nll mixture,2029,40.000000000000924,1.9643635663716614,seed,
ets_inception_pyramid_event_nll_mixture,ets inception pyramid event nll mixture,2029,50.00000000000093,1.7995558707211317,seed,
ets_inception_pyramid_event_nll_mixture,ets inception pyramid event nll mixture,2029,60.00000000000094,1.6386733348154197,seed,
ets_inception_pyramid_event_nll_mixture,ets inception pyramid event nll mixture,2029,70.00000000000095,1.469207437159099,seed,
ets_inception_pyramid_event_nll_mixture,ets inception pyramid event nll mixture,2029,80.00000000000097,1.3171557017914954,seed,
ets_inception_pyramid_event_nll_mixture,ets inception pyramid event nll mixture,2029,90.00000000000097,1.1991481450739125,seed,
ets_inception_pyramid_event_nll_mixture,ets inception pyramid event nll mixture,2029,100.00000000000098,1.101696997626649,seed,
ets_inception_pyramid_event_nll_mixture,ets inception pyramid event nll mixture,2029,110.00000000000098,1.0250041960480352,seed,
ets_inception_pyramid_event_nll_mixture,ets inception pyramid event nll mixture,2029,120.000000000001,0.9629745122567871,seed,
ets_inception_pyramid_event_nll_mixture,ets inception pyramid event nll mixture,2029,130.000000000001,0.9073673215419611,seed,
ets_inception_pyramid_event_nll_mixture,ets inception pyramid event nll mixture,2029,140.00000000000102,0.8634994317267657,seed,
ets_inception_pyramid_event_nll_mixture,ets inception pyramid event nll mixture,2029,150.00000000000102,0.8278355618604356,seed,
ets_inception_pyramid_event_nll_mixture,ets inception pyramid event nll mixture,2029,160.00000000000102,0.8089648506068525,seed,
ets_inception_pyramid_event_nll_mixture,ets inception pyramid event nll mixture,2029,170.00000000000105,0.8023813969212598,seed,
ets_inception_pyramid_event_nll_mixture,ets inception pyramid event nll mixture,2029,180.00000000000105,0.79467995805423,seed,
ets_inception_pyramid_event_nll_mixture,ets inception pyramid event nll mixture,2029,190.00000000000105,0.7820599263566559,seed,
ets_inception_pyramid_event_nll_mixture,ets inception pyramid event nll mixture,2029,200.00000000000108,0.7609990522592256,seed,
ets_inception_pyramid_event_nll_mixture,ets inception pyramid event nll mixture,2029,210.00000000000108,0.7457024700922942,seed,
ets_inception_pyramid_event_nll_mixture,ets inception pyramid event nll mixture,2029,220.00000000000108,0.7325020981180823,seed,
ets_inception_pyramid_event_nll_mixture,ets inception pyramid event nll mixture,2029,230.00000000000108,0.7126957011573797,seed,
ets_inception_pyramid_event_nll_mixture,ets inception pyramid event nll mixture,2029,240.0000000000011,0.6894812029198296,seed,
ets_inception_pyramid_event_nll_mixture,ets inception pyramid event nll mixture,2029,250.0000000000011,0.6604393507929193,seed,
ets_inception_pyramid_event_nll_mixture,ets inception pyramid event nll mixture,2029,260.00000000000114,0.6288990183876871,seed,
ets_inception_pyramid_event_nll_mixture,ets inception pyramid event nll mixture,2029,270.00000000000114,0.6018422678680561,seed,
ets_inception_pyramid_event_nll_mixture,ets inception pyramid event nll mixture,2029,280.00000000000114,0.5797304245738877,seed,
ets_inception_pyramid_event_nll_mixture,ets inception pyramid event nll mixture,2029,290.00000000000114,0.5576573391344462,seed,
ets_inception_pyramid_event_nll_mixture,ets inception pyramid event nll mixture,2029,300.00000000000114,0.535278696015546,seed,
ets_inception_pyramid_event_nll_mixture,ets inception pyramid event nll mixture,2029,310.00000000000114,0.521097595745131,seed,
ets_inception_pyramid_event_nll_mixture,ets inception pyramid event nll mixture,2029,320.0000000000012,0.5040059651137219,seed,
ets_inception_pyramid_event_nll_mixture,ets inception pyramid event nll mixture,2029,330.0000000000012,0.4813199233259978,seed,
ets_inception_pyramid_event_nll_mixture,ets inception pyramid event nll mixture,2029,340.0000000000012,0.46310587204402964,seed,
ets_inception_pyramid_event_nll_mixture,ets inception pyramid event nll mixture,2029,350.0000000000012,0.447298374078362,seed,
ets_inception_pyramid_event_nll_mixture,ets inception pyramid event nll mixture,2029,360.0000000000012,0.43405762920460045,seed,
ets_inception_pyramid_event_nll_mixture,ets inception pyramid event nll mixture,2029,370.0000000000012,0.4246421231262084,seed,
ets_inception_pyramid_event_nll_mixture,ets inception pyramid event nll mixture,2029,380.00000000000125,0.41395621164742336,seed,
ets_inception_pyramid_event_nll_mixture,ets inception pyramid event nll mixture,2029,390.00000000000125,0.40433918400765173,seed,
ets_inception_pyramid_event_nll_mixture,ets inception pyramid event nll mixture,2029,400.00000000000125,0.3981625285551063,seed,
ets_inception_pyramid_event_nll_mixture,ets inception pyramid event nll mixture,2029,410.00000000000125,0.39060181318999326,seed,
ets_inception_pyramid_event_nll_mixture,ets inception pyramid event nll mixture,2029,420.00000000000125,0.38772507771152126,seed,
ets_inception_pyramid_event_nll_mixture,ets inception pyramid event nll mixture,2029,430.00000000000125,0.3842588549832219,seed,
ets_inception_pyramid_event_nll_mixture,ets inception pyramid event nll mixture,2029,440.00000000000125,0.3799951334224036,seed,
ets_inception_pyramid_event_nll_mixture,ets inception pyramid event nll mixture,2029,450.0000000000013,0.37965267716969386,seed,
ets_inception_pyramid_event_nll_mixture,ets inception pyramid event nll mixture,2029,460.0000000000013,0.37504843946365285,seed,
ets_inception_pyramid_event_nll_mixture,ets inception pyramid event nll mixture,2029,470.0000000000013,0.36565572907947563,seed,
ets_inception_pyramid_event_nll_mixture,ets inception pyramid event nll mixture,2029,480.0000000000013,0.35308809199912644,seed,
ets_inception_pyramid_event_nll_mixture,ets inception pyramid event nll mixture,2029,490.0000000000013,0.3441007757257747,seed,
ets_inception_pyramid_event_nll_mixture,ets inception pyramid event nll mixture,2029,500.0000000000013,0.3347162988105979,seed,
ets_inception_pyramid_event_nll_mixture,ets inception pyramid event nll mixture,2029,510.00000000000136,0.3269908377633571,seed,
ets_inception_pyramid_event_nll_mixture,ets inception pyramid event nll mixture,2029,520.0000000000014,0.3214440786810972,seed,
ets_inception_pyramid_event_nll_mixture,ets inception pyramid event nll mixture,2029,530.0000000000014,0.3189028158306945,seed,
ets_inception_pyramid_event_nll_mixture,ets inception pyramid event nll mixture,2029,540.0000000000014,0.310993762510174,seed,
ets_inception_pyramid_event_nll_mixture,ets inception pyramid event nll mixture,2029,550.0000000000014,0.3027640105572245,seed,
ets_inception_pyramid_event_nll_mixture,ets inception pyramid event nll mixture,2029,560.0000000000014,0.2971867113737789,seed,
ets_inception_pyramid_event_nll_mixture,ets inception pyramid event nll mixture,2029,570.0000000000014,0.2933587226573341,seed,
ets_inception_pyramid_event_nll_mixture,ets inception pyramid event nll mixture,2029,580.0000000000014,0.2935309455806205,seed,
ets_inception_pyramid_event_nll_mixture,ets inception pyramid event nll mixture,2029,590.0000000000014,0.2939710918624304,seed,
ets_inception_pyramid_event_nll_mixture,ets inception pyramid event nll mixture,2029,600.0000000000014,0.28862454197120346,seed,
ets_inception_pyramid_event_nll_mixture,ets inception pyramid event nll mixture,2029,610.0000000000015,0.2786565604505536,seed,
ets_inception_pyramid_event_nll_mixture,ets inception pyramid event nll mixture,2029,620.0000000000015,0.26989403931595707,seed,
ets_inception_pyramid_event_nll_mixture,ets inception pyramid event nll mixture,2029,630.0000000000015,0.262627470852941,seed,
ets_inception_pyramid_event_nll_mixture,ets inception pyramid event nll mixture,2029,640.0000000000015,0.25527867639655305,seed,
ets_inception_pyramid_event_nll_mixture,ets inception pyramid event nll mixture,2029,650.0000000000015,0.25564663686450084,seed,
ets_inception_pyramid_event_nll_mixture,ets inception pyramid event nll mixture,2029,660.0000000000015,0.253583733473105,seed,
ets_inception_pyramid_event_nll_mixture,ets inception pyramid event nll mixture,2029,670.0000000000015,0.250978997654493,seed,
ets_inception_pyramid_event_nll_mixture,ets inception pyramid event nll mixture,2029,680.0000000000015,0.24765348799251283,seed,
ets_inception_pyramid_event_nll_mixture,ets inception pyramid event nll mixture,2029,690.0000000000015,0.24342434014927525,seed,
ets_inception_pyramid_event_nll_mixture,ets inception pyramid event nll mixture,2029,700.0000000000015,0.23909233511081607,seed,
ets_inception_pyramid_event_nll_mixture,ets inception pyramid event nll mixture,2029,710.0000000000015,0.23934939778713218,seed,
ets_inception_pyramid_event_nll_mixture,ets inception pyramid event nll mixture,2029,720.0000000000015,0.2378291254884823,seed,
ets_inception_pyramid_event_nll_mixture,ets inception pyramid event nll mixture,2029,730.0000000000016,0.23372023143769616,seed,
ets_inception_pyramid_event_nll_mixture,ets inception pyramid event nll mixture,2029,740.0000000000016,0.23068997252508006,seed,
ets_inception_pyramid_event_nll_mixture,ets inception pyramid event nll mixture,2029,750.0000000000016,0.22644884399643767,seed,
ets_inception_pyramid_event_nll_mixture,ets inception pyramid event nll mixture,2029,760.0000000000016,0.22319321908184106,seed,
ets_inception_pyramid_event_nll_mixture,ets inception pyramid event nll mixture,2029,770.0000000000016,0.22490114627879293,seed,
ets_inception_pyramid_event_nll_mixture,ets inception pyramid event nll mixture,2029,780.0000000000016,0.22460941766910986,seed,
ets_inception_pyramid_event_nll_mixture,ets inception pyramid event nll mixture,2029,790.0000000000016,0.22269355376357677,seed,
ets_inception_pyramid_event_nll_mixture,ets inception pyramid event nll mixture,2029,800.0000000000016,0.21818629661559502,seed,
ets_inception_pyramid_event_nll_mixture,ets inception pyramid event nll mixture,2029,810.0000000000016,0.2184054614391717,seed,
ets_inception_pyramid_event_nll_mixture,ets inception pyramid event nll mixture,2029,820.0000000000016,0.21572190736751942,seed,
ets_inception_pyramid_event_nll_mixture,ets inception pyramid event nll mixture,2029,830.0000000000016,0.21227365094999365,seed,
ets_inception_pyramid_event_nll_mixture,ets inception pyramid event nll mixture,2029,840.0000000000016,0.213778774664105,seed,
ets_inception_pyramid_event_nll_mixture,ets inception pyramid event nll mixture,2029,850.0000000000016,0.21530633638393398,seed,
ets_inception_pyramid_event_nll_mixture,ets inception pyramid event nll mixture,2029,860.0000000000017,0.21836766331453356,seed,
ets_inception_pyramid_event_nll_mixture,ets inception pyramid event nll mixture,2029,870.0000000000017,0.2231253956834023,seed,
ets_inception_pyramid_event_nll_mixture,ets inception pyramid event nll mixture,2029,880.0000000000017,0.2229800060648448,seed,
ets_inception_pyramid_event_nll_mixture,ets inception pyramid event nll mixture,2029,890.0000000000017,0.22289625582807132,seed,
ets_inception_pyramid_event_nll_mixture,ets inception pyramid event nll mixture,2029,900.0000000000017,0.2234784327040902,seed,
ets_inception_pyramid_event_nll_mixture,ets inception pyramid event nll mixture,2029,910.0000000000017,0.21818393232445715,seed,
ets_inception_pyramid_event_nll_mixture,ets inception pyramid event nll mixture,2029,920.0000000000017,0.21413738440961833,seed,
ets_inception_pyramid_event_nll_mixture,ets inception pyramid event nll mixture,2029,930.0000000000017,0.2156857953292116,seed,
ets_inception_pyramid_event_nll_mixture,ets inception pyramid event nll mixture,2029,940.0000000000017,0.2181872066863241,seed,
ets_inception_pyramid_event_nll_mixture,ets inception pyramid event nll mixture,2029,950.0000000000017,0.2221996989541129,seed,
ets_inception_pyramid_event_nll_mixture,ets inception pyramid event nll mixture,2029,960.0000000000017,0.22630526231661027,seed,
ets_inception_pyramid_event_nll_mixture,ets inception pyramid event nll mixture,2029,970.0000000000017,0.22750554625694303,seed,
ets_inception_pyramid_event_nll_mixture,ets inception pyramid event nll mixture,2029,980.0000000000017,0.2301045234229681,seed,
ets_inception_pyramid_event_nll_mixture,ets inception pyramid event nll mixture,2029,990.0000000000018,0.2349151353395118,seed,
ets_inception_pyramid_event_nll_mixture,ets inception pyramid event nll mixture,2029,1000.0000000000018,0.23367054927565983,seed,
ets_inception_pyramid_event_nll_mixture,ets inception pyramid event nll mixture,mean,-1000.0,0.1040981119079754,group_mean,0.006816165839518997
ets_inception_pyramid_event_nll_mixture,ets inception pyramid event nll mixture,mean,-990.0,0.1050246647647795,group_mean,0.006089980606162601
ets_inception_pyramid_event_nll_mixture,ets inception pyramid event nll mixture,mean,-980.0,0.10823262180493723,group_mean,0.006821125836404363
ets_inception_pyramid_event_nll_mixture,ets inception pyramid event nll mixture,mean,-970.0,0.11233904400927033,group_mean,0.009168971478222026
ets_inception_pyramid_event_nll_mixture,ets inception pyramid event nll mixture,mean,-960.0,0.113593636585795,group_mean,0.010115279878488715
ets_inception_pyramid_event_nll_mixture,ets inception pyramid event nll mixture,mean,-950.0,0.11300905951355629,group_mean,0.00974894411579954
ets_inception_pyramid_event_nll_mixture,ets inception pyramid event nll mixture,mean,-940.0,0.11532560017250215,group_mean,0.009553686436366528
ets_inception_pyramid_event_nll_mixture,ets inception pyramid event nll mixture,mean,-929.9999999999999,0.11801491071362691,group_mean,0.008007421288735385
ets_inception_pyramid_event_nll_mixture,ets inception pyramid event nll mixture,mean,-919.9999999999999,0.12244517309314744,group_mean,0.006938410955409622
ets_inception_pyramid_event_nll_mixture,ets inception pyramid event nll mixture,mean,-909.9999999999999,0.12620185444524007,group_mean,0.008291241585265206
ets_inception_pyramid_event_nll_mixture,ets inception pyramid event nll mixture,mean,-899.9999999999999,0.12868261678216636,group_mean,0.010442223719388764
ets_inception_pyramid_event_nll_mixture,ets inception pyramid event nll mixture,mean,-889.9999999999999,0.1316415259355818,group_mean,0.0109383612829139
ets_inception_pyramid_event_nll_mixture,ets inception pyramid event nll mixture,mean,-879.9999999999999,0.13477896089526703,group_mean,0.012259516722633907
ets_inception_pyramid_event_nll_mixture,ets inception pyramid event nll mixture,mean,-869.9999999999999,0.1361774195601027,group_mean,0.011693922143961833
ets_inception_pyramid_event_nll_mixture,ets inception pyramid event nll mixture,mean,-859.9999999999999,0.13828590498188165,group_mean,0.0105716278068131
ets_inception_pyramid_event_nll_mixture,ets inception pyramid event nll mixture,mean,-849.9999999999999,0.13842886530602502,group_mean,0.010380320460290499
ets_inception_pyramid_event_nll_mixture,ets inception pyramid event nll mixture,mean,-839.9999999999999,0.13649915311363006,group_mean,0.01104590689555803
ets_inception_pyramid_event_nll_mixture,ets inception pyramid event nll mixture,mean,-829.9999999999999,0.1357785751756604,group_mean,0.011639836563290195
ets_inception_pyramid_event_nll_mixture,ets inception pyramid event nll mixture,mean,-819.9999999999999,0.13895860495841345,group_mean,0.011875669834113608
ets_inception_pyramid_event_nll_mixture,ets inception pyramid event nll mixture,mean,-809.9999999999999,0.14344388012886386,group_mean,0.010393546928225462
ets_inception_pyramid_event_nll_mixture,ets inception pyramid event nll mixture,mean,-799.9999999999998,0.14922504768325998,group_mean,0.007827995338831377
ets_inception_pyramid_event_nll_mixture,ets inception pyramid event nll mixture,mean,-789.9999999999998,0.1548258347824895,group_mean,0.006932855447723221
ets_inception_pyramid_event_nll_mixture,ets inception pyramid event nll mixture,mean,-779.9999999999998,0.15965670579733304,group_mean,0.006004938385251719
ets_inception_pyramid_event_nll_mixture,ets inception pyramid event nll mixture,mean,-769.9999999999998,0.16321160884005737,group_mean,0.005545530226916909
ets_inception_pyramid_event_nll_mixture,ets inception pyramid event nll mixture,mean,-759.9999999999998,0.1672347571978202,group_mean,0.0062829595381792445
ets_inception_pyramid_event_nll_mixture,ets inception pyramid event nll mixture,mean,-749.9999999999998,0.1712125211153466,group_mean,0.00885561798690577
ets_inception_pyramid_event_nll_mixture,ets inception pyramid event nll mixture,mean,-739.9999999999998,0.17683402948460106,group_mean,0.010628892486147911
ets_inception_pyramid_event_nll_mixture,ets inception pyramid event nll mixture,mean,-729.9999999999998,0.18396181602453837,group_mean,0.013216007777290236
ets_inception_pyramid_event_nll_mixture,ets inception pyramid event nll mixture,mean,-719.9999999999998,0.18868288774861286,group_mean,0.014677024182334523
ets_inception_pyramid_event_nll_mixture,ets inception pyramid event nll mixture,mean,-709.9999999999998,0.1906343222249102,group_mean,0.01487798603378704
ets_inception_pyramid_event_nll_mixture,ets inception pyramid event nll mixture,mean,-699.9999999999998,0.19195967220364404,group_mean,0.014225012348307265
ets_inception_pyramid_event_nll_mixture,ets inception pyramid event nll mixture,mean,-689.9999999999998,0.19484067385030338,group_mean,0.01310997877558168
ets_inception_pyramid_event_nll_mixture,ets inception pyramid event nll mixture,mean,-679.9999999999998,0.19998207826729783,group_mean,0.013915577162597297
ets_inception_pyramid_event_nll_mixture,ets inception pyramid event nll mixture,mean,-669.9999999999997,0.20445053744103064,group_mean,0.013600008343851508
ets_inception_pyramid_event_nll_mixture,ets inception pyramid event nll mixture,mean,-659.9999999999997,0.20857456648449063,group_mean,0.011886087756680598
ets_inception_pyramid_event_nll_mixture,ets inception pyramid event nll mixture,mean,-649.9999999999997,0.21342536064820808,group_mean,0.010444453488558063
ets_inception_pyramid_event_nll_mixture,ets inception pyramid event nll mixture,mean,-639.9999999999997,0.21766233661060214,group_mean,0.010484683869144069
ets_inception_pyramid_event_nll_mixture,ets inception pyramid event nll mixture,mean,-629.9999999999997,0.2219141165316131,group_mean,0.012098698662570118
ets_inception_pyramid_event_nll_mixture,ets inception pyramid event nll mixture,mean,-619.9999999999997,0.22801410923124865,group_mean,0.011412564036665641
ets_inception_pyramid_event_nll_mixture,ets inception pyramid event nll mixture,mean,-609.9999999999997,0.23243478267653495,group_mean,0.011262989851557966
ets_inception_pyramid_event_nll_mixture,ets inception pyramid event nll mixture,mean,-599.9999999999997,0.2339892098036776,group_mean,0.012033848892755272
ets_inception_pyramid_event_nll_mixture,ets inception pyramid event nll mixture,mean,-589.9999999999997,0.2377604829259626,group_mean,0.014053931485455648
ets_inception_pyramid_event_nll_mixture,ets inception pyramid event nll mixture,mean,-579.9999999999997,0.2437118176566911,group_mean,0.017687115320352713
ets_inception_pyramid_event_nll_mixture,ets inception pyramid event nll mixture,mean,-569.9999999999997,0.24779393406903782,group_mean,0.018618334464218615
ets_inception_pyramid_event_nll_mixture,ets inception pyramid event nll mixture,mean,-559.9999999999997,0.2519966378642624,group_mean,0.016855847468706407
ets_inception_pyramid_event_nll_mixture,ets inception pyramid event nll mixture,mean,-549.9999999999995,0.2575465742756517,group_mean,0.016867145321268293
ets_inception_pyramid_event_nll_mixture,ets inception pyramid event nll mixture,mean,-539.9999999999995,0.2639150250709454,group_mean,0.016906343429975386
ets_inception_pyramid_event_nll_mixture,ets inception pyramid event nll mixture,mean,-529.9999999999995,0.27095119345213686,group_mean,0.015721489416610834
ets_inception_pyramid_event_nll_mixture,ets inception pyramid event nll mixture,mean,-519.9999999999995,0.27809053411532797,group_mean,0.014170305322246605
ets_inception_pyramid_event_nll_mixture,ets inception pyramid event nll mixture,mean,-509.99999999999955,0.2840206690253074,group_mean,0.013963315281924057
ets_inception_pyramid_event_nll_mixture,ets inception pyramid event nll mixture,mean,-499.99999999999955,0.2895777041992818,group_mean,0.012688117028838212
ets_inception_pyramid_event_nll_mixture,ets inception pyramid event nll mixture,mean,-489.99999999999955,0.29466828174066584,group_mean,0.012049663422605269
ets_inception_pyramid_event_nll_mixture,ets inception pyramid event nll mixture,mean,-479.99999999999955,0.3016103778682504,group_mean,0.014294882118905419
ets_inception_pyramid_event_nll_mixture,ets inception pyramid event nll mixture,mean,-469.99999999999955,0.3119711184171096,group_mean,0.017176009021830644
ets_inception_pyramid_event_nll_mixture,ets inception pyramid event nll mixture,mean,-459.99999999999955,0.3192251138057563,group_mean,0.02006345239337293
ets_inception_pyramid_event_nll_mixture,ets inception pyramid event nll mixture,mean,-449.9999999999995,0.3252359886500288,group_mean,0.02132486514990393
ets_inception_pyramid_event_nll_mixture,ets inception pyramid event nll mixture,mean,-439.9999999999995,0.3338512830186866,group_mean,0.0210584884201492
ets_inception_pyramid_event_nll_mixture,ets inception pyramid event nll mixture,mean,-429.9999999999995,0.34385760303066426,group_mean,0.018932390264746732
ets_inception_pyramid_event_nll_mixture,ets inception pyramid event nll mixture,mean,-419.9999999999995,0.350550528190801,group_mean,0.020842595814778517
ets_inception_pyramid_event_nll_mixture,ets inception pyramid event nll mixture,mean,-409.9999999999995,0.35955851775937053,group_mean,0.02046087416906657
ets_inception_pyramid_event_nll_mixture,ets inception pyramid event nll mixture,mean,-399.9999999999995,0.3711769220419452,group_mean,0.01971867434741366
ets_inception_pyramid_event_nll_mixture,ets inception pyramid event nll mixture,mean,-389.99999999999943,0.3845402537950723,group_mean,0.02051389959429446
ets_inception_pyramid_event_nll_mixture,ets inception pyramid event nll mixture,mean,-379.99999999999943,0.3980593748505997,group_mean,0.020032030712332886
ets_inception_pyramid_event_nll_mixture,ets inception pyramid event nll mixture,mean,-369.99999999999943,0.4108428100009919,group_mean,0.021066669411377532
ets_inception_pyramid_event_nll_mixture,ets inception pyramid event nll mixture,mean,-359.99999999999943,0.42325258353622086,group_mean,0.02397137715963939
ets_inception_pyramid_event_nll_mixture,ets inception pyramid event nll mixture,mean,-349.99999999999943,0.43617201021823837,group_mean,0.02651097051126116
ets_inception_pyramid_event_nll_mixture,ets inception pyramid event nll mixture,mean,-339.99999999999943,0.44851315964990957,group_mean,0.028735172366394238
ets_inception_pyramid_event_nll_mixture,ets inception pyramid event nll mixture,mean,-329.99999999999943,0.4608997554436033,group_mean,0.030406528866496682
ets_inception_pyramid_event_nll_mixture,ets inception pyramid event nll mixture,mean,-319.9999999999994,0.4747632283224089,group_mean,0.03234067852731093
ets_inception_pyramid_event_nll_mixture,ets inception pyramid event nll mixture,mean,-309.9999999999994,0.4887541247155401,group_mean,0.036380386035582406
ets_inception_pyramid_event_nll_mixture,ets inception pyramid event nll mixture,mean,-299.9999999999994,0.5025295229500186,group_mean,0.0352325004596793
ets_inception_pyramid_event_nll_mixture,ets inception pyramid event nll mixture,mean,-289.9999999999994,0.515435846465302,group_mean,0.03575359451565464
ets_inception_pyramid_event_nll_mixture,ets inception pyramid event nll mixture,mean,-279.9999999999994,0.5276710424929949,group_mean,0.0343691787825265
ets_inception_pyramid_event_nll_mixture,ets inception pyramid event nll mixture,mean,-269.9999999999994,0.5382522535668436,group_mean,0.0371901324791166
ets_inception_pyramid_event_nll_mixture,ets inception pyramid event nll mixture,mean,-259.9999999999993,0.5465500467970007,group_mean,0.03655146643920388
ets_inception_pyramid_event_nll_mixture,ets inception pyramid event nll mixture,mean,-249.99999999999935,0.5568675616634522,group_mean,0.03581712569327843
ets_inception_pyramid_event_nll_mixture,ets inception pyramid event nll mixture,mean,-239.99999999999932,0.569323475804121,group_mean,0.035939279517947065
ets_inception_pyramid_event_nll_mixture,ets inception pyramid event nll mixture,mean,-229.99999999999932,0.5804434943675612,group_mean,0.03800732356194773
ets_inception_pyramid_event_nll_mixture,ets inception pyramid event nll mixture,mean,-219.99999999999932,0.5947416252150299,group_mean,0.03787133323276435
ets_inception_pyramid_event_nll_mixture,ets inception pyramid event nll mixture,mean,-209.9999999999993,0.610489822200797,group_mean,0.03463377387269068
ets_inception_pyramid_event_nll_mixture,ets inception pyramid event nll mixture,mean,-199.9999999999993,0.6269396305786489,group_mean,0.033907574395317226
ets_inception_pyramid_event_nll_mixture,ets inception pyramid event nll mixture,mean,-189.9999999999993,0.6484931665530131,group_mean,0.03774946782819271
ets_inception_pyramid_event_nll_mixture,ets inception pyramid event nll mixture,mean,-179.99999999999926,0.680626827638276,group_mean,0.04412411967434978
ets_inception_pyramid_event_nll_mixture,ets inception pyramid event nll mixture,mean,-169.99999999999926,0.715867849580808,group_mean,0.04551253769934317
ets_inception_pyramid_event_nll_mixture,ets inception pyramid event nll mixture,mean,-159.99999999999926,0.7569122812866185,group_mean,0.04563536872485441
ets_inception_pyramid_event_nll_mixture,ets inception pyramid event nll mixture,mean,-149.99999999999923,0.8084257116620798,group_mean,0.05229116541730607
ets_inception_pyramid_event_nll_mixture,ets inception pyramid event nll mixture,mean,-139.99999999999923,0.8752378275649164,group_mean,0.05813876631181335
ets_inception_pyramid_event_nll_mixture,ets inception pyramid event nll mixture,mean,-129.99999999999923,0.9560669124721608,group_mean,0.06690923338330589
ets_inception_pyramid_event_nll_mixture,ets inception pyramid event nll mixture,mean,-119.99999999999922,1.0524132647448727,group_mean,0.08202461463127131
ets_inception_pyramid_event_nll_mixture,ets inception pyramid event nll mixture,mean,-109.9999999999992,1.1628321773326924,group_mean,0.10235197467977433
ets_inception_pyramid_event_nll_mixture,ets inception pyramid event nll mixture,mean,-99.9999999999992,1.293258932195461,group_mean,0.11853506508749637
ets_inception_pyramid_event_nll_mixture,ets inception pyramid event nll mixture,mean,-89.99999999999919,1.4540447945679236,group_mean,0.13569883506264654
ets_inception_pyramid_event_nll_mixture,ets inception pyramid event nll mixture,mean,-79.99999999999918,1.631495710383804,group_mean,0.13963675936492462
ets_inception_pyramid_event_nll_mixture,ets inception pyramid event nll mixture,mean,-69.99999999999918,1.816928619329556,group_mean,0.1419949164060775
ets_inception_pyramid_event_nll_mixture,ets inception pyramid event nll mixture,mean,-59.99999999999916,2.003808112747027,group_mean,0.1375787838464715
ets_inception_pyramid_event_nll_mixture,ets inception pyramid event nll mixture,mean,-49.999999999999154,2.1803673635318974,group_mean,0.12559741102639027
ets_inception_pyramid_event_nll_mixture,ets inception pyramid event nll mixture,mean,-39.99999999999915,2.3322931826546194,group_mean,0.10813721994966499
ets_inception_pyramid_event_nll_mixture,ets inception pyramid event nll mixture,mean,-29.99999999999914,2.458793205424923,group_mean,0.08356840098888767
ets_inception_pyramid_event_nll_mixture,ets inception pyramid event nll mixture,mean,-19.99999999999913,2.53421154211411,group_mean,0.05648295006239537
ets_inception_pyramid_event_nll_mixture,ets inception pyramid event nll mixture,mean,-9.99999999999912,2.5407213429862536,group_mean,0.06569772496838981
ets_inception_pyramid_event_nll_mixture,ets inception pyramid event nll mixture,mean,8.881784197001252e-13,2.488749930158291,group_mean,0.09965848772179911
ets_inception_pyramid_event_nll_mixture,ets inception pyramid event nll mixture,mean,10.000000000000897,2.3783685879180227,group_mean,0.1285150425156468
ets_inception_pyramid_event_nll_mixture,ets inception pyramid event nll mixture,mean,20.000000000000906,2.2182649500406812,group_mean,0.14304507073127457
ets_inception_pyramid_event_nll_mixture,ets inception pyramid event nll mixture,mean,30.000000000000917,2.0438935396056497,group_mean,0.15045801829164968
ets_inception_pyramid_event_nll_mixture,ets inception pyramid event nll mixture,mean,40.000000000000924,1.8589862901756138,group_mean,0.1519335426190439
ets_inception_pyramid_event_nll_mixture,ets inception pyramid event nll mixture,mean,50.00000000000093,1.6686158279665295,group_mean,0.14680846944771891
ets_inception_pyramid_event_nll_mixture,ets inception pyramid event nll mixture,mean,60.00000000000094,1.4956245506911783,group_mean,0.13940371723172149
ets_inception_pyramid_event_nll_mixture,ets inception pyramid event nll mixture,mean,70.00000000000095,1.3423603006580174,group_mean,0.12516699494025826
ets_inception_pyramid_event_nll_mixture,ets inception pyramid event nll mixture,mean,80.00000000000097,1.206395380124086,group_mean,0.10645780859868971
ets_inception_pyramid_event_nll_mixture,ets inception pyramid event nll mixture,mean,90.00000000000097,1.0931120676996797,group_mean,0.09693619661132327
ets_inception_pyramid_event_nll_mixture,ets inception pyramid event nll mixture,mean,100.00000000000098,1.001017155588204,group_mean,0.08578332060126248
ets_inception_pyramid_event_nll_mixture,ets inception pyramid event nll mixture,mean,110.00000000000098,0.9339184110039248,group_mean,0.07806359550707075
ets_inception_pyramid_event_nll_mixture,ets inception pyramid event nll mixture,mean,120.000000000001,0.8850119750290661,group_mean,0.06673219487782103
ets_inception_pyramid_event_nll_mixture,ets inception pyramid event nll mixture,mean,130.000000000001,0.8467679670409682,group_mean,0.053186410224771274
ets_inception_pyramid_event_nll_mixture,ets inception pyramid event nll mixture,mean,140.00000000000102,0.8158587567685525,group_mean,0.04139454863179128
ets_inception_pyramid_event_nll_mixture,ets inception pyramid event nll mixture,mean,150.00000000000102,0.7915957928688394,group_mean,0.03467482305444779
ets_inception_pyramid_event_nll_mixture,ets inception pyramid event nll mixture,mean,160.00000000000102,0.7777147423550612,group_mean,0.030173663030444373
ets_inception_pyramid_event_nll_mixture,ets inception pyramid event nll mixture,mean,170.00000000000105,0.7698879326448681,group_mean,0.0305190198560357
ets_inception_pyramid_event_nll_mixture,ets inception pyramid event nll mixture,mean,180.00000000000105,0.7661163273255138,group_mean,0.03057063009769315
ets_inception_pyramid_event_nll_mixture,ets inception pyramid event nll mixture,mean,190.00000000000105,0.7604778520634137,group_mean,0.028302961046492867
ets_inception_pyramid_event_nll_mixture,ets inception pyramid event nll mixture,mean,200.00000000000108,0.749070364500502,group_mean,0.02542114933775912
ets_inception_pyramid_event_nll_mixture,ets inception pyramid event nll mixture,mean,210.00000000000108,0.733371816615958,group_mean,0.027052566343421954
ets_inception_pyramid_event_nll_mixture,ets inception pyramid event nll mixture,mean,220.00000000000108,0.7127379853836846,group_mean,0.029150642828708023
ets_inception_pyramid_event_nll_mixture,ets inception pyramid event nll mixture,mean,230.00000000000108,0.6874059268203412,group_mean,0.03160302435519525
ets_inception_pyramid_event_nll_mixture,ets inception pyramid event nll mixture,mean,240.0000000000011,0.6597401076644761,group_mean,0.03144839691269042
ets_inception_pyramid_event_nll_mixture,ets inception pyramid event nll mixture,mean,250.0000000000011,0.6302926842020669,group_mean,0.031072115784057688
ets_inception_pyramid_event_nll_mixture,ets inception pyramid event nll mixture,mean,260.00000000000114,0.6030185952762721,group_mean,0.028958811364218517
ets_inception_pyramid_event_nll_mixture,ets inception pyramid event nll mixture,mean,270.00000000000114,0.5798313205678479,group_mean,0.028300720922861313
ets_inception_pyramid_event_nll_mixture,ets inception pyramid event nll mixture,mean,280.00000000000114,0.5572531015967128,group_mean,0.02756718532873412
ets_inception_pyramid_event_nll_mixture,ets inception pyramid event nll mixture,mean,290.00000000000114,0.5358347050990917,group_mean,0.022143762237809006
ets_inception_pyramid_event_nll_mixture,ets inception pyramid event nll mixture,mean,300.00000000000114,0.512567034988413,group_mean,0.019721631121974774
ets_inception_pyramid_event_nll_mixture,ets inception pyramid event nll mixture,mean,310.00000000000114,0.49264058680738587,group_mean,0.022551602110310476
ets_inception_pyramid_event_nll_mixture,ets inception pyramid event nll mixture,mean,320.0000000000012,0.4764975592770668,group_mean,0.023092228816852783
ets_inception_pyramid_event_nll_mixture,ets inception pyramid event nll mixture,mean,330.0000000000012,0.4599931993715626,group_mean,0.022707015839542977
ets_inception_pyramid_event_nll_mixture,ets inception pyramid event nll mixture,mean,340.0000000000012,0.4487119037257113,group_mean,0.022419947474587188
ets_inception_pyramid_event_nll_mixture,ets inception pyramid event nll mixture,mean,350.0000000000012,0.43849346196277345,group_mean,0.020878183853919256
ets_inception_pyramid_event_nll_mixture,ets inception pyramid event nll mixture,mean,360.0000000000012,0.4299516833829985,group_mean,0.016430431430211837
ets_inception_pyramid_event_nll_mixture,ets inception pyramid event nll mixture,mean,370.0000000000012,0.42208360312378057,group_mean,0.014174007062813732
ets_inception_pyramid_event_nll_mixture,ets inception pyramid event nll mixture,mean,380.00000000000125,0.4132298230553416,group_mean,0.011901909553311942
ets_inception_pyramid_event_nll_mixture,ets inception pyramid event nll mixture,mean,390.00000000000125,0.40550731315709454,group_mean,0.009984112507885135
ets_inception_pyramid_event_nll_mixture,ets inception pyramid event nll mixture,mean,400.00000000000125,0.3991575450216084,group_mean,0.011191530487201522
ets_inception_pyramid_event_nll_mixture,ets inception pyramid event nll mixture,mean,410.00000000000125,0.3931109723047937,group_mean,0.013392042527301114
ets_inception_pyramid_event_nll_mixture,ets inception pyramid event nll mixture,mean,420.00000000000125,0.38974271473809113,group_mean,0.014868758221954251
ets_inception_pyramid_event_nll_mixture,ets inception pyramid event nll mixture,mean,430.00000000000125,0.3852062627778393,group_mean,0.016127531829705236
ets_inception_pyramid_event_nll_mixture,ets inception pyramid event nll mixture,mean,440.00000000000125,0.3766160274944442,group_mean,0.014892946319936947
ets_inception_pyramid_event_nll_mixture,ets inception pyramid event nll mixture,mean,450.0000000000013,0.3698660327754614,group_mean,0.013784254820149631
ets_inception_pyramid_event_nll_mixture,ets inception pyramid event nll mixture,mean,460.0000000000013,0.3624005414777155,group_mean,0.01498517615006868
ets_inception_pyramid_event_nll_mixture,ets inception pyramid event nll mixture,mean,470.0000000000013,0.3550598165470154,group_mean,0.015162175427033455
ets_inception_pyramid_event_nll_mixture,ets inception pyramid event nll mixture,mean,480.0000000000013,0.34635294820939855,group_mean,0.016335424072642154
ets_inception_pyramid_event_nll_mixture,ets inception pyramid event nll mixture,mean,490.0000000000013,0.3395717981918148,group_mean,0.014558992354172911
ets_inception_pyramid_event_nll_mixture,ets inception pyramid event nll mixture,mean,500.0000000000013,0.33199630218518345,group_mean,0.012682780277691296
ets_inception_pyramid_event_nll_mixture,ets inception pyramid event nll mixture,mean,510.00000000000136,0.32586597256613525,group_mean,0.010997033859216541
ets_inception_pyramid_event_nll_mixture,ets inception pyramid event nll mixture,mean,520.0000000000014,0.3189350663633522,group_mean,0.009018644475873746
ets_inception_pyramid_event_nll_mixture,ets inception pyramid event nll mixture,mean,530.0000000000014,0.3148704333284848,group_mean,0.007823050587493037
ets_inception_pyramid_event_nll_mixture,ets inception pyramid event nll mixture,mean,540.0000000000014,0.31143761288832533,group_mean,0.008892760223400333
ets_inception_pyramid_event_nll_mixture,ets inception pyramid event nll mixture,mean,550.0000000000014,0.30688499037085626,group_mean,0.01109345102426531
ets_inception_pyramid_event_nll_mixture,ets inception pyramid event nll mixture,mean,560.0000000000014,0.30315499878808605,group_mean,0.011350757419884913
ets_inception_pyramid_event_nll_mixture,ets inception pyramid event nll mixture,mean,570.0000000000014,0.2979828781104997,group_mean,0.011271445266699077
ets_inception_pyramid_event_nll_mixture,ets inception pyramid event nll mixture,mean,580.0000000000014,0.29300775122941364,group_mean,0.010039625259731294
ets_inception_pyramid_event_nll_mixture,ets inception pyramid event nll mixture,mean,590.0000000000014,0.28982020539715875,group_mean,0.010469604651092158
ets_inception_pyramid_event_nll_mixture,ets inception pyramid event nll mixture,mean,600.0000000000014,0.2857737519522313,group_mean,0.008000048339329447
ets_inception_pyramid_event_nll_mixture,ets inception pyramid event nll mixture,mean,610.0000000000015,0.27982257223299845,group_mean,0.006454644022221273
ets_inception_pyramid_event_nll_mixture,ets inception pyramid event nll mixture,mean,620.0000000000015,0.2744016215461328,group_mean,0.008340015196251754
ets_inception_pyramid_event_nll_mixture,ets inception pyramid event nll mixture,mean,630.0000000000015,0.26900932727815713,group_mean,0.010054474914367251
ets_inception_pyramid_event_nll_mixture,ets inception pyramid event nll mixture,mean,640.0000000000015,0.26448444325468046,group_mean,0.01090677971172083
ets_inception_pyramid_event_nll_mixture,ets inception pyramid event nll mixture,mean,650.0000000000015,0.26244706558137726,group_mean,0.007590352405715996
ets_inception_pyramid_event_nll_mixture,ets inception pyramid event nll mixture,mean,660.0000000000015,0.2599567554406522,group_mean,0.007251984561902271
ets_inception_pyramid_event_nll_mixture,ets inception pyramid event nll mixture,mean,670.0000000000015,0.2583716690503365,group_mean,0.007355020840808903
ets_inception_pyramid_event_nll_mixture,ets inception pyramid event nll mixture,mean,680.0000000000015,0.2566433463265664,group_mean,0.008339305374385044
ets_inception_pyramid_event_nll_mixture,ets inception pyramid event nll mixture,mean,690.0000000000015,0.25233771634542834,group_mean,0.009372973047472527
ets_inception_pyramid_event_nll_mixture,ets inception pyramid event nll mixture,mean,700.0000000000015,0.24822409415574254,group_mean,0.011174789393724115
ets_inception_pyramid_event_nll_mixture,ets inception pyramid event nll mixture,mean,710.0000000000015,0.24467399128670214,group_mean,0.01197868166696441
ets_inception_pyramid_event_nll_mixture,ets inception pyramid event nll mixture,mean,720.0000000000015,0.2389240366313313,group_mean,0.011201290232304994
ets_inception_pyramid_event_nll_mixture,ets inception pyramid event nll mixture,mean,730.0000000000016,0.23516070009003398,group_mean,0.010985470577282951
ets_inception_pyramid_event_nll_mixture,ets inception pyramid event nll mixture,mean,740.0000000000016,0.23623019670690085,group_mean,0.012706684038317513
ets_inception_pyramid_event_nll_mixture,ets inception pyramid event nll mixture,mean,750.0000000000016,0.23465079048382137,group_mean,0.013237362230732942
ets_inception_pyramid_event_nll_mixture,ets inception pyramid event nll mixture,mean,760.0000000000016,0.23310765922703663,group_mean,0.013459674693779908
ets_inception_pyramid_event_nll_mixture,ets inception pyramid event nll mixture,mean,770.0000000000016,0.23263472808563446,group_mean,0.011011337859968898
ets_inception_pyramid_event_nll_mixture,ets inception pyramid event nll mixture,mean,780.0000000000016,0.2264946779861959,group_mean,0.007215310145932399
ets_inception_pyramid_event_nll_mixture,ets inception pyramid event nll mixture,mean,790.0000000000016,0.22381083874942592,group_mean,0.005452265371628335
ets_inception_pyramid_event_nll_mixture,ets inception pyramid event nll mixture,mean,800.0000000000016,0.2188968668463211,group_mean,0.004251311342877418
ets_inception_pyramid_event_nll_mixture,ets inception pyramid event nll mixture,mean,810.0000000000016,0.22127248242848213,group_mean,0.005818800650023962
ets_inception_pyramid_event_nll_mixture,ets inception pyramid event nll mixture,mean,820.0000000000016,0.22346147983020154,group_mean,0.009411246181403451
ets_inception_pyramid_event_nll_mixture,ets inception pyramid event nll mixture,mean,830.0000000000016,0.22346972034639173,group_mean,0.010626453666295095
ets_inception_pyramid_event_nll_mixture,ets inception pyramid event nll mixture,mean,840.0000000000016,0.22882912895619797,group_mean,0.011420475674518787
ets_inception_pyramid_event_nll_mixture,ets inception pyramid event nll mixture,mean,850.0000000000016,0.23162205292573773,group_mean,0.012151066709474329
ets_inception_pyramid_event_nll_mixture,ets inception pyramid event nll mixture,mean,860.0000000000017,0.22993699118654734,group_mean,0.012933142901579209
ets_inception_pyramid_event_nll_mixture,ets inception pyramid event nll mixture,mean,870.0000000000017,0.23178810881186568,group_mean,0.013977462427201468
ets_inception_pyramid_event_nll_mixture,ets inception pyramid event nll mixture,mean,880.0000000000017,0.2275376740521434,group_mean,0.010935605808943115
ets_inception_pyramid_event_nll_mixture,ets inception pyramid event nll mixture,mean,890.0000000000017,0.22180926857874814,group_mean,0.006798690502151656
ets_inception_pyramid_event_nll_mixture,ets inception pyramid event nll mixture,mean,900.0000000000017,0.22009444232287398,group_mean,0.004001230737813206
ets_inception_pyramid_event_nll_mixture,ets inception pyramid event nll mixture,mean,910.0000000000017,0.21783210794998614,group_mean,0.004851463250800116
ets_inception_pyramid_event_nll_mixture,ets inception pyramid event nll mixture,mean,920.0000000000017,0.2197403410585709,group_mean,0.006882316850184903
ets_inception_pyramid_event_nll_mixture,ets inception pyramid event nll mixture,mean,930.0000000000017,0.22432374994366183,group_mean,0.007822615420750545
ets_inception_pyramid_event_nll_mixture,ets inception pyramid event nll mixture,mean,940.0000000000017,0.2272934659383942,group_mean,0.00799818124121569
ets_inception_pyramid_event_nll_mixture,ets inception pyramid event nll mixture,mean,950.0000000000017,0.23234093986444596,group_mean,0.007157904548088363
ets_inception_pyramid_event_nll_mixture,ets inception pyramid event nll mixture,mean,960.0000000000017,0.2368366280154567,group_mean,0.008015137281190328
ets_inception_pyramid_event_nll_mixture,ets inception pyramid event nll mixture,mean,970.0000000000017,0.23819928254642103,group_mean,0.012072242511789844
ets_inception_pyramid_event_nll_mixture,ets inception pyramid event nll mixture,mean,980.0000000000017,0.2388249962177565,group_mean,0.014770768054420593
ets_inception_pyramid_event_nll_mixture,ets inception pyramid event nll mixture,mean,990.0000000000018,0.23914181960912914,group_mean,0.014720404042886189
ets_inception_pyramid_event_nll_mixture,ets inception pyramid event nll mixture,mean,1000.0000000000018,0.23597193351381712,group_mean,0.014501633483514539
ets_inception_pyramid_time_only,ets inception pyramid time only,2025,-1000.0,0.15419080327824933,seed,
ets_inception_pyramid_time_only,ets inception pyramid time only,2025,-990.0,0.1580857916326814,seed,
ets_inception_pyramid_time_only,ets inception pyramid time only,2025,-980.0,0.16312910342232517,seed,
ets_inception_pyramid_time_only,ets inception pyramid time only,2025,-970.0,0.1664747784288943,seed,
ets_inception_pyramid_time_only,ets inception pyramid time only,2025,-960.0,0.170707238420956,seed,
ets_inception_pyramid_time_only,ets inception pyramid time only,2025,-950.0,0.17287892932708748,seed,
ets_inception_pyramid_time_only,ets inception pyramid time only,2025,-940.0,0.17528165951582853,seed,
ets_inception_pyramid_time_only,ets inception pyramid time only,2025,-929.9999999999999,0.17647599038037814,seed,
ets_inception_pyramid_time_only,ets inception pyramid time only,2025,-919.9999999999999,0.17789096132576454,seed,
ets_inception_pyramid_time_only,ets inception pyramid time only,2025,-909.9999999999999,0.18032042079176067,seed,
ets_inception_pyramid_time_only,ets inception pyramid time only,2025,-899.9999999999999,0.18502825353294178,seed,
ets_inception_pyramid_time_only,ets inception pyramid time only,2025,-889.9999999999999,0.18983081290887927,seed,
ets_inception_pyramid_time_only,ets inception pyramid time only,2025,-879.9999999999999,0.19497044842591718,seed,
ets_inception_pyramid_time_only,ets inception pyramid time only,2025,-869.9999999999999,0.2000880805211496,seed,
ets_inception_pyramid_time_only,ets inception pyramid time only,2025,-859.9999999999999,0.20259930855968772,seed,
ets_inception_pyramid_time_only,ets inception pyramid time only,2025,-849.9999999999999,0.2060073833967702,seed,
ets_inception_pyramid_time_only,ets inception pyramid time only,2025,-839.9999999999999,0.21061875630114446,seed,
ets_inception_pyramid_time_only,ets inception pyramid time only,2025,-829.9999999999999,0.21653807089561627,seed,
ets_inception_pyramid_time_only,ets inception pyramid time only,2025,-819.9999999999999,0.22088205405032052,seed,
ets_inception_pyramid_time_only,ets inception pyramid time only,2025,-809.9999999999999,0.22384567732531635,seed,
ets_inception_pyramid_time_only,ets inception pyramid time only,2025,-799.9999999999998,0.22630307621776843,seed,
ets_inception_pyramid_time_only,ets inception pyramid time only,2025,-789.9999999999998,0.22938166778783795,seed,
ets_inception_pyramid_time_only,ets inception pyramid time only,2025,-779.9999999999998,0.23485238256272783,seed,
ets_inception_pyramid_time_only,ets inception pyramid time only,2025,-769.9999999999998,0.24233988861733097,seed,
ets_inception_pyramid_time_only,ets inception pyramid time only,2025,-759.9999999999998,0.2492345134041895,seed,
ets_inception_pyramid_time_only,ets inception pyramid time only,2025,-749.9999999999998,0.2534342149498892,seed,
ets_inception_pyramid_time_only,ets inception pyramid time only,2025,-739.9999999999998,0.2582313773508525,seed,
ets_inception_pyramid_time_only,ets inception pyramid time only,2025,-729.9999999999998,0.26468688144918806,seed,
ets_inception_pyramid_time_only,ets inception pyramid time only,2025,-719.9999999999998,0.26882299045559066,seed,
ets_inception_pyramid_time_only,ets inception pyramid time only,2025,-709.9999999999998,0.2744060151063202,seed,
ets_inception_pyramid_time_only,ets inception pyramid time only,2025,-699.9999999999998,0.28204966152178884,seed,
ets_inception_pyramid_time_only,ets inception pyramid time only,2025,-689.9999999999998,0.2896441685469686,seed,
ets_inception_pyramid_time_only,ets inception pyramid time only,2025,-679.9999999999998,0.2947710291060466,seed,
ets_inception_pyramid_time_only,ets inception pyramid time only,2025,-669.9999999999997,0.29902271329294666,seed,
ets_inception_pyramid_time_only,ets inception pyramid time only,2025,-659.9999999999997,0.3043118279327759,seed,
ets_inception_pyramid_time_only,ets inception pyramid time only,2025,-649.9999999999997,0.30765079605301976,seed,
ets_inception_pyramid_time_only,ets inception pyramid time only,2025,-639.9999999999997,0.3120019662669758,seed,
ets_inception_pyramid_time_only,ets inception pyramid time only,2025,-629.9999999999997,0.3201339707360893,seed,
ets_inception_pyramid_time_only,ets inception pyramid time only,2025,-619.9999999999997,0.3255805339883048,seed,
ets_inception_pyramid_time_only,ets inception pyramid time only,2025,-609.9999999999997,0.32977009725365874,seed,
ets_inception_pyramid_time_only,ets inception pyramid time only,2025,-599.9999999999997,0.3349470090226188,seed,
ets_inception_pyramid_time_only,ets inception pyramid time only,2025,-589.9999999999997,0.34078565271517025,seed,
ets_inception_pyramid_time_only,ets inception pyramid time only,2025,-579.9999999999997,0.3506552663887684,seed,
ets_inception_pyramid_time_only,ets inception pyramid time only,2025,-569.9999999999997,0.3594871881471802,seed,
ets_inception_pyramid_time_only,ets inception pyramid time only,2025,-559.9999999999997,0.36782239222119906,seed,
ets_inception_pyramid_time_only,ets inception pyramid time only,2025,-549.9999999999995,0.3786031666453407,seed,
ets_inception_pyramid_time_only,ets inception pyramid time only,2025,-539.9999999999995,0.3873939243820658,seed,
ets_inception_pyramid_time_only,ets inception pyramid time only,2025,-529.9999999999995,0.39300398176599793,seed,
ets_inception_pyramid_time_only,ets inception pyramid time only,2025,-519.9999999999995,0.39857195896239117,seed,
ets_inception_pyramid_time_only,ets inception pyramid time only,2025,-509.99999999999955,0.40618529978487233,seed,
ets_inception_pyramid_time_only,ets inception pyramid time only,2025,-499.99999999999955,0.41371539182158834,seed,
ets_inception_pyramid_time_only,ets inception pyramid time only,2025,-489.99999999999955,0.42141228323012797,seed,
ets_inception_pyramid_time_only,ets inception pyramid time only,2025,-479.99999999999955,0.43343265619858856,seed,
ets_inception_pyramid_time_only,ets inception pyramid time only,2025,-469.99999999999955,0.4465960272970412,seed,
ets_inception_pyramid_time_only,ets inception pyramid time only,2025,-459.99999999999955,0.4577139749483952,seed,
ets_inception_pyramid_time_only,ets inception pyramid time only,2025,-449.9999999999995,0.4677275400598234,seed,
ets_inception_pyramid_time_only,ets inception pyramid time only,2025,-439.9999999999995,0.47593113074869975,seed,
ets_inception_pyramid_time_only,ets inception pyramid time only,2025,-429.9999999999995,0.48151701866763963,seed,
ets_inception_pyramid_time_only,ets inception pyramid time only,2025,-419.9999999999995,0.489615555185289,seed,
ets_inception_pyramid_time_only,ets inception pyramid time only,2025,-409.9999999999995,0.5013077727941618,seed,
ets_inception_pyramid_time_only,ets inception pyramid time only,2025,-399.9999999999995,0.5147094119659393,seed,
ets_inception_pyramid_time_only,ets inception pyramid time only,2025,-389.99999999999943,0.5270682032139856,seed,
ets_inception_pyramid_time_only,ets inception pyramid time only,2025,-379.99999999999943,0.536986071543042,seed,
ets_inception_pyramid_time_only,ets inception pyramid time only,2025,-369.99999999999943,0.5469748977478163,seed,
ets_inception_pyramid_time_only,ets inception pyramid time only,2025,-359.99999999999943,0.5580698426360592,seed,
ets_inception_pyramid_time_only,ets inception pyramid time only,2025,-349.99999999999943,0.5700691139660118,seed,
ets_inception_pyramid_time_only,ets inception pyramid time only,2025,-339.99999999999943,0.5826252371619325,seed,
ets_inception_pyramid_time_only,ets inception pyramid time only,2025,-329.99999999999943,0.6019727763542159,seed,
ets_inception_pyramid_time_only,ets inception pyramid time only,2025,-319.9999999999994,0.6230950701596847,seed,
ets_inception_pyramid_time_only,ets inception pyramid time only,2025,-309.9999999999994,0.6409397526374135,seed,
ets_inception_pyramid_time_only,ets inception pyramid time only,2025,-299.9999999999994,0.6534866656358367,seed,
ets_inception_pyramid_time_only,ets inception pyramid time only,2025,-289.9999999999994,0.6618166508194073,seed,
ets_inception_pyramid_time_only,ets inception pyramid time only,2025,-279.9999999999994,0.6723525248989767,seed,
ets_inception_pyramid_time_only,ets inception pyramid time only,2025,-269.9999999999994,0.6860815674778666,seed,
ets_inception_pyramid_time_only,ets inception pyramid time only,2025,-259.9999999999993,0.7003071934841787,seed,
ets_inception_pyramid_time_only,ets inception pyramid time only,2025,-249.99999999999935,0.715685050974172,seed,
ets_inception_pyramid_time_only,ets inception pyramid time only,2025,-239.99999999999932,0.7318438338991692,seed,
ets_inception_pyramid_time_only,ets inception pyramid time only,2025,-229.99999999999932,0.7488041310690698,seed,
ets_inception_pyramid_time_only,ets inception pyramid time only,2025,-219.99999999999932,0.7702638677301108,seed,
ets_inception_pyramid_time_only,ets inception pyramid time only,2025,-209.9999999999993,0.7890114158469659,seed,
ets_inception_pyramid_time_only,ets inception pyramid time only,2025,-199.9999999999993,0.80642019435216,seed,
ets_inception_pyramid_time_only,ets inception pyramid time only,2025,-189.9999999999993,0.82534313256715,seed,
ets_inception_pyramid_time_only,ets inception pyramid time only,2025,-179.99999999999926,0.845722216423231,seed,
ets_inception_pyramid_time_only,ets inception pyramid time only,2025,-169.99999999999926,0.8646005144321646,seed,
ets_inception_pyramid_time_only,ets inception pyramid time only,2025,-159.99999999999926,0.8889077327004955,seed,
ets_inception_pyramid_time_only,ets inception pyramid time only,2025,-149.99999999999923,0.9155670483926456,seed,
ets_inception_pyramid_time_only,ets inception pyramid time only,2025,-139.99999999999923,0.9416602930416149,seed,
ets_inception_pyramid_time_only,ets inception pyramid time only,2025,-129.99999999999923,0.9607054233163707,seed,
ets_inception_pyramid_time_only,ets inception pyramid time only,2025,-119.99999999999922,0.9801988125239003,seed,
ets_inception_pyramid_time_only,ets inception pyramid time only,2025,-109.9999999999992,1.0000067787657063,seed,
ets_inception_pyramid_time_only,ets inception pyramid time only,2025,-99.9999999999992,1.020563675042945,seed,
ets_inception_pyramid_time_only,ets inception pyramid time only,2025,-89.99999999999919,1.0443683979362683,seed,
ets_inception_pyramid_time_only,ets inception pyramid time only,2025,-79.99999999999918,1.0718613927537979,seed,
ets_inception_pyramid_time_only,ets inception pyramid time only,2025,-69.99999999999918,1.1028630195247153,seed,
ets_inception_pyramid_time_only,ets inception pyramid time only,2025,-59.99999999999916,1.1362470265776377,seed,
ets_inception_pyramid_time_only,ets inception pyramid time only,2025,-49.999999999999154,1.166368078853177,seed,
ets_inception_pyramid_time_only,ets inception pyramid time only,2025,-39.99999999999915,1.189622820792235,seed,
ets_inception_pyramid_time_only,ets inception pyramid time only,2025,-29.99999999999914,1.2102434263626434,seed,
ets_inception_pyramid_time_only,ets inception pyramid time only,2025,-19.99999999999913,1.22483574657891,seed,
ets_inception_pyramid_time_only,ets inception pyramid time only,2025,-9.99999999999912,1.2307566026092156,seed,
ets_inception_pyramid_time_only,ets inception pyramid time only,2025,8.881784197001252e-13,1.232162880111353,seed,
ets_inception_pyramid_time_only,ets inception pyramid time only,2025,10.000000000000897,1.2252885475710433,seed,
ets_inception_pyramid_time_only,ets inception pyramid time only,2025,20.000000000000906,1.2160397238729204,seed,
ets_inception_pyramid_time_only,ets inception pyramid time only,2025,30.000000000000917,1.203112669343127,seed,
ets_inception_pyramid_time_only,ets inception pyramid time only,2025,40.000000000000924,1.190470982514313,seed,
ets_inception_pyramid_time_only,ets inception pyramid time only,2025,50.00000000000093,1.1666781394373165,seed,
ets_inception_pyramid_time_only,ets inception pyramid time only,2025,60.00000000000094,1.1405422908838578,seed,
ets_inception_pyramid_time_only,ets inception pyramid time only,2025,70.00000000000095,1.1177182992754984,seed,
ets_inception_pyramid_time_only,ets inception pyramid time only,2025,80.00000000000097,1.094051017360461,seed,
ets_inception_pyramid_time_only,ets inception pyramid time only,2025,90.00000000000097,1.0572208310421662,seed,
ets_inception_pyramid_time_only,ets inception pyramid time only,2025,100.00000000000098,1.0142137664020592,seed,
ets_inception_pyramid_time_only,ets inception pyramid time only,2025,110.00000000000098,0.9754731766521086,seed,
ets_inception_pyramid_time_only,ets inception pyramid time only,2025,120.000000000001,0.9438111121935968,seed,
ets_inception_pyramid_time_only,ets inception pyramid time only,2025,130.000000000001,0.9193418866420325,seed,
ets_inception_pyramid_time_only,ets inception pyramid time only,2025,140.00000000000102,0.897600732359311,seed,
ets_inception_pyramid_time_only,ets inception pyramid time only,2025,150.00000000000102,0.8754651450947757,seed,
ets_inception_pyramid_time_only,ets inception pyramid time only,2025,160.00000000000102,0.852753094778814,seed,
ets_inception_pyramid_time_only,ets inception pyramid time only,2025,170.00000000000105,0.826875047394479,seed,
ets_inception_pyramid_time_only,ets inception pyramid time only,2025,180.00000000000105,0.8012240327660579,seed,
ets_inception_pyramid_time_only,ets inception pyramid time only,2025,190.00000000000105,0.7718212051355786,seed,
ets_inception_pyramid_time_only,ets inception pyramid time only,2025,200.00000000000108,0.7387184418045347,seed,
ets_inception_pyramid_time_only,ets inception pyramid time only,2025,210.00000000000108,0.7057951084121403,seed,
ets_inception_pyramid_time_only,ets inception pyramid time only,2025,220.00000000000108,0.6801324967940822,seed,
ets_inception_pyramid_time_only,ets inception pyramid time only,2025,230.00000000000108,0.6566392362702501,seed,
ets_inception_pyramid_time_only,ets inception pyramid time only,2025,240.0000000000011,0.6368784406205164,seed,
ets_inception_pyramid_time_only,ets inception pyramid time only,2025,250.0000000000011,0.6191046229899816,seed,
ets_inception_pyramid_time_only,ets inception pyramid time only,2025,260.00000000000114,0.6056189069158749,seed,
ets_inception_pyramid_time_only,ets inception pyramid time only,2025,270.00000000000114,0.591872111937327,seed,
ets_inception_pyramid_time_only,ets inception pyramid time only,2025,280.00000000000114,0.5746948486223042,seed,
ets_inception_pyramid_time_only,ets inception pyramid time only,2025,290.00000000000114,0.5603216581480684,seed,
ets_inception_pyramid_time_only,ets inception pyramid time only,2025,300.00000000000114,0.5436376684612196,seed,
ets_inception_pyramid_time_only,ets inception pyramid time only,2025,310.00000000000114,0.5292764519511084,seed,
ets_inception_pyramid_time_only,ets inception pyramid time only,2025,320.0000000000012,0.5156098292963918,seed,
ets_inception_pyramid_time_only,ets inception pyramid time only,2025,330.0000000000012,0.5062730559173266,seed,
ets_inception_pyramid_time_only,ets inception pyramid time only,2025,340.0000000000012,0.4961556645356923,seed,
ets_inception_pyramid_time_only,ets inception pyramid time only,2025,350.0000000000012,0.4899145637021667,seed,
ets_inception_pyramid_time_only,ets inception pyramid time only,2025,360.0000000000012,0.48388712160084707,seed,
ets_inception_pyramid_time_only,ets inception pyramid time only,2025,370.0000000000012,0.4758578542824609,seed,
ets_inception_pyramid_time_only,ets inception pyramid time only,2025,380.00000000000125,0.47184356945193145,seed,
ets_inception_pyramid_time_only,ets inception pyramid time only,2025,390.00000000000125,0.46668098171509864,seed,
ets_inception_pyramid_time_only,ets inception pyramid time only,2025,400.00000000000125,0.4591222160331301,seed,
ets_inception_pyramid_time_only,ets inception pyramid time only,2025,410.00000000000125,0.4535369481849175,seed,
ets_inception_pyramid_time_only,ets inception pyramid time only,2025,420.00000000000125,0.4419655328810463,seed,
ets_inception_pyramid_time_only,ets inception pyramid time only,2025,430.00000000000125,0.4277042670719939,seed,
ets_inception_pyramid_time_only,ets inception pyramid time only,2025,440.00000000000125,0.42154376128207893,seed,
ets_inception_pyramid_time_only,ets inception pyramid time only,2025,450.0000000000013,0.41536545571750366,seed,
ets_inception_pyramid_time_only,ets inception pyramid time only,2025,460.0000000000013,0.406928767877581,seed,
ets_inception_pyramid_time_only,ets inception pyramid time only,2025,470.0000000000013,0.4046547601313244,seed,
ets_inception_pyramid_time_only,ets inception pyramid time only,2025,480.0000000000013,0.40028164869076305,seed,
ets_inception_pyramid_time_only,ets inception pyramid time only,2025,490.0000000000013,0.3920325928707777,seed,
ets_inception_pyramid_time_only,ets inception pyramid time only,2025,500.0000000000013,0.38668713288839035,seed,
ets_inception_pyramid_time_only,ets inception pyramid time only,2025,510.00000000000136,0.37972909049685266,seed,
ets_inception_pyramid_time_only,ets inception pyramid time only,2025,520.0000000000014,0.37661986713285717,seed,
ets_inception_pyramid_time_only,ets inception pyramid time only,2025,530.0000000000014,0.3721450933585939,seed,
ets_inception_pyramid_time_only,ets inception pyramid time only,2025,540.0000000000014,0.37154543409715796,seed,
ets_inception_pyramid_time_only,ets inception pyramid time only,2025,550.0000000000014,0.3735534879635927,seed,
ets_inception_pyramid_time_only,ets inception pyramid time only,2025,560.0000000000014,0.3682885549088628,seed,
ets_inception_pyramid_time_only,ets inception pyramid time only,2025,570.0000000000014,0.36519898158275355,seed,
ets_inception_pyramid_time_only,ets inception pyramid time only,2025,580.0000000000014,0.36615510144445945,seed,
ets_inception_pyramid_time_only,ets inception pyramid time only,2025,590.0000000000014,0.3624033484572563,seed,
ets_inception_pyramid_time_only,ets inception pyramid time only,2025,600.0000000000014,0.36367665210608496,seed,
ets_inception_pyramid_time_only,ets inception pyramid time only,2025,610.0000000000015,0.36611278609386405,seed,
ets_inception_pyramid_time_only,ets inception pyramid time only,2025,620.0000000000015,0.3623417428074706,seed,
ets_inception_pyramid_time_only,ets inception pyramid time only,2025,630.0000000000015,0.35921472899872975,seed,
ets_inception_pyramid_time_only,ets inception pyramid time only,2025,640.0000000000015,0.36462444692117174,seed,
ets_inception_pyramid_time_only,ets inception pyramid time only,2025,650.0000000000015,0.3596059489967565,seed,
ets_inception_pyramid_time_only,ets inception pyramid time only,2025,660.0000000000015,0.35983644438051765,seed,
ets_inception_pyramid_time_only,ets inception pyramid time only,2025,670.0000000000015,0.3592443439316521,seed,
ets_inception_pyramid_time_only,ets inception pyramid time only,2025,680.0000000000015,0.3534806827585454,seed,
ets_inception_pyramid_time_only,ets inception pyramid time only,2025,690.0000000000015,0.35248209915624884,seed,
ets_inception_pyramid_time_only,ets inception pyramid time only,2025,700.0000000000015,0.34970639562642625,seed,
ets_inception_pyramid_time_only,ets inception pyramid time only,2025,710.0000000000015,0.3410802608693163,seed,
ets_inception_pyramid_time_only,ets inception pyramid time only,2025,720.0000000000015,0.3469767394160141,seed,
ets_inception_pyramid_time_only,ets inception pyramid time only,2025,730.0000000000016,0.3487108721285822,seed,
ets_inception_pyramid_time_only,ets inception pyramid time only,2025,740.0000000000016,0.34554821368149585,seed,
ets_inception_pyramid_time_only,ets inception pyramid time only,2025,750.0000000000016,0.3440080396909811,seed,
ets_inception_pyramid_time_only,ets inception pyramid time only,2025,760.0000000000016,0.34279987967626857,seed,
ets_inception_pyramid_time_only,ets inception pyramid time only,2025,770.0000000000016,0.3320201982711284,seed,
ets_inception_pyramid_time_only,ets inception pyramid time only,2025,780.0000000000016,0.3372467301361653,seed,
ets_inception_pyramid_time_only,ets inception pyramid time only,2025,790.0000000000016,0.33857626770697963,seed,
ets_inception_pyramid_time_only,ets inception pyramid time only,2025,800.0000000000016,0.3432505664111345,seed,
ets_inception_pyramid_time_only,ets inception pyramid time only,2025,810.0000000000016,0.3345966190099043,seed,
ets_inception_pyramid_time_only,ets inception pyramid time only,2025,820.0000000000016,0.33534818300778363,seed,
ets_inception_pyramid_time_only,ets inception pyramid time only,2025,830.0000000000016,0.34513484421632706,seed,
ets_inception_pyramid_time_only,ets inception pyramid time only,2025,840.0000000000016,0.3409458634199978,seed,
ets_inception_pyramid_time_only,ets inception pyramid time only,2025,850.0000000000016,0.3410121879327434,seed,
ets_inception_pyramid_time_only,ets inception pyramid time only,2025,860.0000000000017,0.341207647745507,seed,
ets_inception_pyramid_time_only,ets inception pyramid time only,2025,870.0000000000017,0.33128562881864043,seed,
ets_inception_pyramid_time_only,ets inception pyramid time only,2025,880.0000000000017,0.336389095717851,seed,
ets_inception_pyramid_time_only,ets inception pyramid time only,2025,890.0000000000017,0.3439406700868348,seed,
ets_inception_pyramid_time_only,ets inception pyramid time only,2025,900.0000000000017,0.33726418253605356,seed,
ets_inception_pyramid_time_only,ets inception pyramid time only,2025,910.0000000000017,0.3382610861499327,seed,
ets_inception_pyramid_time_only,ets inception pyramid time only,2025,920.0000000000017,0.3338717994985227,seed,
ets_inception_pyramid_time_only,ets inception pyramid time only,2025,930.0000000000017,0.3291337096454482,seed,
ets_inception_pyramid_time_only,ets inception pyramid time only,2025,940.0000000000017,0.3354161923386894,seed,
ets_inception_pyramid_time_only,ets inception pyramid time only,2025,950.0000000000017,0.3315490589063002,seed,
ets_inception_pyramid_time_only,ets inception pyramid time only,2025,960.0000000000017,0.31893565983996797,seed,
ets_inception_pyramid_time_only,ets inception pyramid time only,2025,970.0000000000017,0.32081633422772704,seed,
ets_inception_pyramid_time_only,ets inception pyramid time only,2025,980.0000000000017,0.3299951068378066,seed,
ets_inception_pyramid_time_only,ets inception pyramid time only,2025,990.0000000000018,0.3335997670184561,seed,
ets_inception_pyramid_time_only,ets inception pyramid time only,2025,1000.0000000000018,0.34936539291277335,seed,
ets_inception_pyramid_time_only,ets inception pyramid time only,2026,-1000.0,0.15270382316157036,seed,
ets_inception_pyramid_time_only,ets inception pyramid time only,2026,-990.0,0.15684519296141378,seed,
ets_inception_pyramid_time_only,ets inception pyramid time only,2026,-980.0,0.1618638922004166,seed,
ets_inception_pyramid_time_only,ets inception pyramid time only,2026,-970.0,0.16564494982396893,seed,
ets_inception_pyramid_time_only,ets inception pyramid time only,2026,-960.0,0.16755961972650132,seed,
ets_inception_pyramid_time_only,ets inception pyramid time only,2026,-950.0,0.17027556699426652,seed,
ets_inception_pyramid_time_only,ets inception pyramid time only,2026,-940.0,0.17531378696473107,seed,
ets_inception_pyramid_time_only,ets inception pyramid time only,2026,-929.9999999999999,0.17880600280180117,seed,
ets_inception_pyramid_time_only,ets inception pyramid time only,2026,-919.9999999999999,0.18374640129332925,seed,
ets_inception_pyramid_time_only,ets inception pyramid time only,2026,-909.9999999999999,0.18865916907952526,seed,
ets_inception_pyramid_time_only,ets inception pyramid time only,2026,-899.9999999999999,0.1948777688677913,seed,
ets_inception_pyramid_time_only,ets inception pyramid time only,2026,-889.9999999999999,0.19791965993393817,seed,
ets_inception_pyramid_time_only,ets inception pyramid time only,2026,-879.9999999999999,0.1996445256090255,seed,
ets_inception_pyramid_time_only,ets inception pyramid time only,2026,-869.9999999999999,0.2040668616261495,seed,
ets_inception_pyramid_time_only,ets inception pyramid time only,2026,-859.9999999999999,0.20828997512313946,seed,
ets_inception_pyramid_time_only,ets inception pyramid time only,2026,-849.9999999999999,0.21169215226336432,seed,
ets_inception_pyramid_time_only,ets inception pyramid time only,2026,-839.9999999999999,0.21670965546764306,seed,
ets_inception_pyramid_time_only,ets inception pyramid time only,2026,-829.9999999999999,0.2232200375423225,seed,
ets_inception_pyramid_time_only,ets inception pyramid time only,2026,-819.9999999999999,0.22880902888295176,seed,
ets_inception_pyramid_time_only,ets inception pyramid time only,2026,-809.9999999999999,0.23302834995354985,seed,
ets_inception_pyramid_time_only,ets inception pyramid time only,2026,-799.9999999999998,0.23836700473278824,seed,
ets_inception_pyramid_time_only,ets inception pyramid time only,2026,-789.9999999999998,0.24470883341238323,seed,
ets_inception_pyramid_time_only,ets inception pyramid time only,2026,-779.9999999999998,0.24835687988688576,seed,
ets_inception_pyramid_time_only,ets inception pyramid time only,2026,-769.9999999999998,0.2540608017554793,seed,
ets_inception_pyramid_time_only,ets inception pyramid time only,2026,-759.9999999999998,0.2596057850526091,seed,
ets_inception_pyramid_time_only,ets inception pyramid time only,2026,-749.9999999999998,0.26316949774378706,seed,
ets_inception_pyramid_time_only,ets inception pyramid time only,2026,-739.9999999999998,0.26971048187744356,seed,
ets_inception_pyramid_time_only,ets inception pyramid time only,2026,-729.9999999999998,0.27647797764249343,seed,
ets_inception_pyramid_time_only,ets inception pyramid time only,2026,-719.9999999999998,0.2839777566048697,seed,
ets_inception_pyramid_time_only,ets inception pyramid time only,2026,-709.9999999999998,0.2893161571611952,seed,
ets_inception_pyramid_time_only,ets inception pyramid time only,2026,-699.9999999999998,0.29481463495456767,seed,
ets_inception_pyramid_time_only,ets inception pyramid time only,2026,-689.9999999999998,0.3029347474904726,seed,
ets_inception_pyramid_time_only,ets inception pyramid time only,2026,-679.9999999999998,0.30862231638884774,seed,
ets_inception_pyramid_time_only,ets inception pyramid time only,2026,-669.9999999999997,0.3143365654156608,seed,
ets_inception_pyramid_time_only,ets inception pyramid time only,2026,-659.9999999999997,0.3203961400781232,seed,
ets_inception_pyramid_time_only,ets inception pyramid time only,2026,-649.9999999999997,0.32561812723735517,seed,
ets_inception_pyramid_time_only,ets inception pyramid time only,2026,-639.9999999999997,0.33187598553023046,seed,
ets_inception_pyramid_time_only,ets inception pyramid time only,2026,-629.9999999999997,0.3383506194643109,seed,
ets_inception_pyramid_time_only,ets inception pyramid time only,2026,-619.9999999999997,0.3438674883235098,seed,
ets_inception_pyramid_time_only,ets inception pyramid time only,2026,-609.9999999999997,0.347943371189943,seed,
ets_inception_pyramid_time_only,ets inception pyramid time only,2026,-599.9999999999997,0.3554057273541789,seed,
ets_inception_pyramid_time_only,ets inception pyramid time only,2026,-589.9999999999997,0.3653398062786444,seed,
ets_inception_pyramid_time_only,ets inception pyramid time only,2026,-579.9999999999997,0.3732931966499345,seed,
ets_inception_pyramid_time_only,ets inception pyramid time only,2026,-569.9999999999997,0.3817206269290416,seed,
ets_inception_pyramid_time_only,ets inception pyramid time only,2026,-559.9999999999997,0.39124318065990676,seed,
ets_inception_pyramid_time_only,ets inception pyramid time only,2026,-549.9999999999995,0.4005037157678407,seed,
ets_inception_pyramid_time_only,ets inception pyramid time only,2026,-539.9999999999995,0.4093226362339614,seed,
ets_inception_pyramid_time_only,ets inception pyramid time only,2026,-529.9999999999995,0.41779994590369374,seed,
ets_inception_pyramid_time_only,ets inception pyramid time only,2026,-519.9999999999995,0.4267511515968864,seed,
ets_inception_pyramid_time_only,ets inception pyramid time only,2026,-509.99999999999955,0.4340950932923309,seed,
ets_inception_pyramid_time_only,ets inception pyramid time only,2026,-499.99999999999955,0.4454444424289352,seed,
ets_inception_pyramid_time_only,ets inception pyramid time only,2026,-489.99999999999955,0.4551138840119466,seed,
ets_inception_pyramid_time_only,ets inception pyramid time only,2026,-479.99999999999955,0.4654993901284378,seed,
ets_inception_pyramid_time_only,ets inception pyramid time only,2026,-469.99999999999955,0.47782353241712733,seed,
ets_inception_pyramid_time_only,ets inception pyramid time only,2026,-459.99999999999955,0.4859720226858244,seed,
ets_inception_pyramid_time_only,ets inception pyramid time only,2026,-449.9999999999995,0.49673317487349444,seed,
ets_inception_pyramid_time_only,ets inception pyramid time only,2026,-439.9999999999995,0.5068644524856271,seed,
ets_inception_pyramid_time_only,ets inception pyramid time only,2026,-429.9999999999995,0.5142744573496212,seed,
ets_inception_pyramid_time_only,ets inception pyramid time only,2026,-419.9999999999995,0.5272909027960345,seed,
ets_inception_pyramid_time_only,ets inception pyramid time only,2026,-409.9999999999995,0.5421966888725219,seed,
ets_inception_pyramid_time_only,ets inception pyramid time only,2026,-399.9999999999995,0.555514048855651,seed,
ets_inception_pyramid_time_only,ets inception pyramid time only,2026,-389.99999999999943,0.5726105810638826,seed,
ets_inception_pyramid_time_only,ets inception pyramid time only,2026,-379.99999999999943,0.5858131111798285,seed,
ets_inception_pyramid_time_only,ets inception pyramid time only,2026,-369.99999999999943,0.5966082706763891,seed,
ets_inception_pyramid_time_only,ets inception pyramid time only,2026,-359.99999999999943,0.6085143363708367,seed,
ets_inception_pyramid_time_only,ets inception pyramid time only,2026,-349.99999999999943,0.6216002024138607,seed,
ets_inception_pyramid_time_only,ets inception pyramid time only,2026,-339.99999999999943,0.6341010030661232,seed,
ets_inception_pyramid_time_only,ets inception pyramid time only,2026,-329.99999999999943,0.6468078956434364,seed,
ets_inception_pyramid_time_only,ets inception pyramid time only,2026,-319.9999999999994,0.6615293851683148,seed,
ets_inception_pyramid_time_only,ets inception pyramid time only,2026,-309.9999999999994,0.6810419307312239,seed,
ets_inception_pyramid_time_only,ets inception pyramid time only,2026,-299.9999999999994,0.7002603752318428,seed,
ets_inception_pyramid_time_only,ets inception pyramid time only,2026,-289.9999999999994,0.7183456275047302,seed,
ets_inception_pyramid_time_only,ets inception pyramid time only,2026,-279.9999999999994,0.7354771422448433,seed,
ets_inception_pyramid_time_only,ets inception pyramid time only,2026,-269.9999999999994,0.7522736607222653,seed,
ets_inception_pyramid_time_only,ets inception pyramid time only,2026,-259.9999999999993,0.7676626514906182,seed,
ets_inception_pyramid_time_only,ets inception pyramid time only,2026,-249.99999999999935,0.7789729798667079,seed,
ets_inception_pyramid_time_only,ets inception pyramid time only,2026,-239.99999999999932,0.7943652176387084,seed,
ets_inception_pyramid_time_only,ets inception pyramid time only,2026,-229.99999999999932,0.8120426931868644,seed,
ets_inception_pyramid_time_only,ets inception pyramid time only,2026,-219.99999999999932,0.8293436019369766,seed,
ets_inception_pyramid_time_only,ets inception pyramid time only,2026,-209.9999999999993,0.8503465832268505,seed,
ets_inception_pyramid_time_only,ets inception pyramid time only,2026,-199.9999999999993,0.8696908727431822,seed,
ets_inception_pyramid_time_only,ets inception pyramid time only,2026,-189.9999999999993,0.8925085467981553,seed,
ets_inception_pyramid_time_only,ets inception pyramid time only,2026,-179.99999999999926,0.9156195619684524,seed,
ets_inception_pyramid_time_only,ets inception pyramid time only,2026,-169.99999999999926,0.9355180453748897,seed,
ets_inception_pyramid_time_only,ets inception pyramid time only,2026,-159.99999999999926,0.9573692682550707,seed,
ets_inception_pyramid_time_only,ets inception pyramid time only,2026,-149.99999999999923,0.9758246600071996,seed,
ets_inception_pyramid_time_only,ets inception pyramid time only,2026,-139.99999999999923,0.9940184428980002,seed,
ets_inception_pyramid_time_only,ets inception pyramid time only,2026,-129.99999999999923,1.0040655524093989,seed,
ets_inception_pyramid_time_only,ets inception pyramid time only,2026,-119.99999999999922,1.0138618216245214,seed,
ets_inception_pyramid_time_only,ets inception pyramid time only,2026,-109.9999999999992,1.0246397247884806,seed,
ets_inception_pyramid_time_only,ets inception pyramid time only,2026,-99.9999999999992,1.0368887461452774,seed,
ets_inception_pyramid_time_only,ets inception pyramid time only,2026,-89.99999999999919,1.0483992658334196,seed,
ets_inception_pyramid_time_only,ets inception pyramid time only,2026,-79.99999999999918,1.0571999912967878,seed,
ets_inception_pyramid_time_only,ets inception pyramid time only,2026,-69.99999999999918,1.0637630789473587,seed,
ets_inception_pyramid_time_only,ets inception pyramid time only,2026,-59.99999999999916,1.0758664203112354,seed,
ets_inception_pyramid_time_only,ets inception pyramid time only,2026,-49.999999999999154,1.0927499933613543,seed,
ets_inception_pyramid_time_only,ets inception pyramid time only,2026,-39.99999999999915,1.105608122268681,seed,
ets_inception_pyramid_time_only,ets inception pyramid time only,2026,-29.99999999999914,1.1210063018856558,seed,
ets_inception_pyramid_time_only,ets inception pyramid time only,2026,-19.99999999999913,1.1326181150473158,seed,
ets_inception_pyramid_time_only,ets inception pyramid time only,2026,-9.99999999999912,1.1386646161023672,seed,
ets_inception_pyramid_time_only,ets inception pyramid time only,2026,8.881784197001252e-13,1.1460786705842196,seed,
ets_inception_pyramid_time_only,ets inception pyramid time only,2026,10.000000000000897,1.147392086897458,seed,
ets_inception_pyramid_time_only,ets inception pyramid time only,2026,20.000000000000906,1.1405943241602365,seed,
ets_inception_pyramid_time_only,ets inception pyramid time only,2026,30.000000000000917,1.1231136387228715,seed,
ets_inception_pyramid_time_only,ets inception pyramid time only,2026,40.000000000000924,1.0983066301620985,seed,
ets_inception_pyramid_time_only,ets inception pyramid time only,2026,50.00000000000093,1.067902982423729,seed,
ets_inception_pyramid_time_only,ets inception pyramid time only,2026,60.00000000000094,1.0350159254355498,seed,
ets_inception_pyramid_time_only,ets inception pyramid time only,2026,70.00000000000095,1.0064638787747031,seed,
ets_inception_pyramid_time_only,ets inception pyramid time only,2026,80.00000000000097,0.9809404806634158,seed,
ets_inception_pyramid_time_only,ets inception pyramid time only,2026,90.00000000000097,0.9519645673898927,seed,
ets_inception_pyramid_time_only,ets inception pyramid time only,2026,100.00000000000098,0.9158506305441387,seed,
ets_inception_pyramid_time_only,ets inception pyramid time only,2026,110.00000000000098,0.8827078132060937,seed,
ets_inception_pyramid_time_only,ets inception pyramid time only,2026,120.000000000001,0.8546980226901151,seed,
ets_inception_pyramid_time_only,ets inception pyramid time only,2026,130.000000000001,0.8309350700002072,seed,
ets_inception_pyramid_time_only,ets inception pyramid time only,2026,140.00000000000102,0.8144272476179553,seed,
ets_inception_pyramid_time_only,ets inception pyramid time only,2026,150.00000000000102,0.79616397656019,seed,
ets_inception_pyramid_time_only,ets inception pyramid time only,2026,160.00000000000102,0.782140002677957,seed,
ets_inception_pyramid_time_only,ets inception pyramid time only,2026,170.00000000000105,0.7671407613277156,seed,
ets_inception_pyramid_time_only,ets inception pyramid time only,2026,180.00000000000105,0.7549037270998339,seed,
ets_inception_pyramid_time_only,ets inception pyramid time only,2026,190.00000000000105,0.7411358728926994,seed,
ets_inception_pyramid_time_only,ets inception pyramid time only,2026,200.00000000000108,0.7254422061279151,seed,
ets_inception_pyramid_time_only,ets inception pyramid time only,2026,210.00000000000108,0.7100261325450079,seed,
ets_inception_pyramid_time_only,ets inception pyramid time only,2026,220.00000000000108,0.6952437491328503,seed,
ets_inception_pyramid_time_only,ets inception pyramid time only,2026,230.00000000000108,0.6764323034343792,seed,
ets_inception_pyramid_time_only,ets inception pyramid time only,2026,240.0000000000011,0.6552432644354621,seed,
ets_inception_pyramid_time_only,ets inception pyramid time only,2026,250.0000000000011,0.6348341624981719,seed,
ets_inception_pyramid_time_only,ets inception pyramid time only,2026,260.00000000000114,0.6154845141198928,seed,
ets_inception_pyramid_time_only,ets inception pyramid time only,2026,270.00000000000114,0.5998545682711105,seed,
ets_inception_pyramid_time_only,ets inception pyramid time only,2026,280.00000000000114,0.5828049738698755,seed,
ets_inception_pyramid_time_only,ets inception pyramid time only,2026,290.00000000000114,0.5681077391279108,seed,
ets_inception_pyramid_time_only,ets inception pyramid time only,2026,300.00000000000114,0.5564957474158341,seed,
ets_inception_pyramid_time_only,ets inception pyramid time only,2026,310.00000000000114,0.5454860609599358,seed,
ets_inception_pyramid_time_only,ets inception pyramid time only,2026,320.0000000000012,0.5337020873633163,seed,
ets_inception_pyramid_time_only,ets inception pyramid time only,2026,330.0000000000012,0.5221611329068845,seed,
ets_inception_pyramid_time_only,ets inception pyramid time only,2026,340.0000000000012,0.5155891028219098,seed,
ets_inception_pyramid_time_only,ets inception pyramid time only,2026,350.0000000000012,0.509758274830014,seed,
ets_inception_pyramid_time_only,ets inception pyramid time only,2026,360.0000000000012,0.5032268307734704,seed,
ets_inception_pyramid_time_only,ets inception pyramid time only,2026,370.0000000000012,0.4974146580807877,seed,
ets_inception_pyramid_time_only,ets inception pyramid time only,2026,380.00000000000125,0.4934338431058507,seed,
ets_inception_pyramid_time_only,ets inception pyramid time only,2026,390.00000000000125,0.48877255916043866,seed,
ets_inception_pyramid_time_only,ets inception pyramid time only,2026,400.00000000000125,0.4844311783576022,seed,
ets_inception_pyramid_time_only,ets inception pyramid time only,2026,410.00000000000125,0.4817990055941842,seed,
ets_inception_pyramid_time_only,ets inception pyramid time only,2026,420.00000000000125,0.47748055145428514,seed,
ets_inception_pyramid_time_only,ets inception pyramid time only,2026,430.00000000000125,0.46993921816290707,seed,
ets_inception_pyramid_time_only,ets inception pyramid time only,2026,440.00000000000125,0.46214213383509867,seed,
ets_inception_pyramid_time_only,ets inception pyramid time only,2026,450.0000000000013,0.4551752024662336,seed,
ets_inception_pyramid_time_only,ets inception pyramid time only,2026,460.0000000000013,0.4501632917917397,seed,
ets_inception_pyramid_time_only,ets inception pyramid time only,2026,470.0000000000013,0.44708135329028204,seed,
ets_inception_pyramid_time_only,ets inception pyramid time only,2026,480.0000000000013,0.4403923428573248,seed,
ets_inception_pyramid_time_only,ets inception pyramid time only,2026,490.0000000000013,0.4334932313926551,seed,
ets_inception_pyramid_time_only,ets inception pyramid time only,2026,500.0000000000013,0.4273525285514972,seed,
ets_inception_pyramid_time_only,ets inception pyramid time only,2026,510.00000000000136,0.42055041786705455,seed,
ets_inception_pyramid_time_only,ets inception pyramid time only,2026,520.0000000000014,0.41269340071703114,seed,
ets_inception_pyramid_time_only,ets inception pyramid time only,2026,530.0000000000014,0.4054727580120212,seed,
ets_inception_pyramid_time_only,ets inception pyramid time only,2026,540.0000000000014,0.3999199004744501,seed,
ets_inception_pyramid_time_only,ets inception pyramid time only,2026,550.0000000000014,0.3951188963011414,seed,
ets_inception_pyramid_time_only,ets inception pyramid time only,2026,560.0000000000014,0.39112306285067944,seed,
ets_inception_pyramid_time_only,ets inception pyramid time only,2026,570.0000000000014,0.3876607346320363,seed,
ets_inception_pyramid_time_only,ets inception pyramid time only,2026,580.0000000000014,0.3865032305483569,seed,
ets_inception_pyramid_time_only,ets inception pyramid time only,2026,590.0000000000014,0.3838045500627394,seed,
ets_inception_pyramid_time_only,ets inception pyramid time only,2026,600.0000000000014,0.3810911551967311,seed,
ets_inception_pyramid_time_only,ets inception pyramid time only,2026,610.0000000000015,0.37935345117721,seed,
ets_inception_pyramid_time_only,ets inception pyramid time only,2026,620.0000000000015,0.37559578857596304,seed,
ets_inception_pyramid_time_only,ets inception pyramid time only,2026,630.0000000000015,0.37149716054490756,seed,
ets_inception_pyramid_time_only,ets inception pyramid time only,2026,640.0000000000015,0.3705050823846242,seed,
ets_inception_pyramid_time_only,ets inception pyramid time only,2026,650.0000000000015,0.3662169266403568,seed,
ets_inception_pyramid_time_only,ets inception pyramid time only,2026,660.0000000000015,0.3644591307323103,seed,
ets_inception_pyramid_time_only,ets inception pyramid time only,2026,670.0000000000015,0.3629795491516193,seed,
ets_inception_pyramid_time_only,ets inception pyramid time only,2026,680.0000000000015,0.35749633091108374,seed,
ets_inception_pyramid_time_only,ets inception pyramid time only,2026,690.0000000000015,0.354843751684495,seed,
ets_inception_pyramid_time_only,ets inception pyramid time only,2026,700.0000000000015,0.35057800507072795,seed,
ets_inception_pyramid_time_only,ets inception pyramid time only,2026,710.0000000000015,0.3446934401468004,seed,
ets_inception_pyramid_time_only,ets inception pyramid time only,2026,720.0000000000015,0.3436203095079708,seed,
ets_inception_pyramid_time_only,ets inception pyramid time only,2026,730.0000000000016,0.34162605446668803,seed,
ets_inception_pyramid_time_only,ets inception pyramid time only,2026,740.0000000000016,0.33736746482706503,seed,
ets_inception_pyramid_time_only,ets inception pyramid time only,2026,750.0000000000016,0.33345947708869356,seed,
ets_inception_pyramid_time_only,ets inception pyramid time only,2026,760.0000000000016,0.331700437510026,seed,
ets_inception_pyramid_time_only,ets inception pyramid time only,2026,770.0000000000016,0.3287532568356589,seed,
ets_inception_pyramid_time_only,ets inception pyramid time only,2026,780.0000000000016,0.32998397125171564,seed,
ets_inception_pyramid_time_only,ets inception pyramid time only,2026,790.0000000000016,0.3288796045614058,seed,
ets_inception_pyramid_time_only,ets inception pyramid time only,2026,800.0000000000016,0.32771118987828174,seed,
ets_inception_pyramid_time_only,ets inception pyramid time only,2026,810.0000000000016,0.3254785153876253,seed,
ets_inception_pyramid_time_only,ets inception pyramid time only,2026,820.0000000000016,0.3268572158107656,seed,
ets_inception_pyramid_time_only,ets inception pyramid time only,2026,830.0000000000016,0.33034565029746443,seed,
ets_inception_pyramid_time_only,ets inception pyramid time only,2026,840.0000000000016,0.32848000435292973,seed,
ets_inception_pyramid_time_only,ets inception pyramid time only,2026,850.0000000000016,0.32646202291848203,seed,
ets_inception_pyramid_time_only,ets inception pyramid time only,2026,860.0000000000017,0.3200500560570463,seed,
ets_inception_pyramid_time_only,ets inception pyramid time only,2026,870.0000000000017,0.3128378416893008,seed,
ets_inception_pyramid_time_only,ets inception pyramid time only,2026,880.0000000000017,0.31776177719114584,seed,
ets_inception_pyramid_time_only,ets inception pyramid time only,2026,890.0000000000017,0.3218010760426049,seed,
ets_inception_pyramid_time_only,ets inception pyramid time only,2026,900.0000000000017,0.319507831885557,seed,
ets_inception_pyramid_time_only,ets inception pyramid time only,2026,910.0000000000017,0.3177808498105476,seed,
ets_inception_pyramid_time_only,ets inception pyramid time only,2026,920.0000000000017,0.31492494268398485,seed,
ets_inception_pyramid_time_only,ets inception pyramid time only,2026,930.0000000000017,0.3073520438018926,seed,
ets_inception_pyramid_time_only,ets inception pyramid time only,2026,940.0000000000017,0.30628859744256604,seed,
ets_inception_pyramid_time_only,ets inception pyramid time only,2026,950.0000000000017,0.3038602201277654,seed,
ets_inception_pyramid_time_only,ets inception pyramid time only,2026,960.0000000000017,0.29763579073065854,seed,
ets_inception_pyramid_time_only,ets inception pyramid time only,2026,970.0000000000017,0.29738066404831476,seed,
ets_inception_pyramid_time_only,ets inception pyramid time only,2026,980.0000000000017,0.30143640575383596,seed,
ets_inception_pyramid_time_only,ets inception pyramid time only,2026,990.0000000000018,0.30268176780543155,seed,
ets_inception_pyramid_time_only,ets inception pyramid time only,2026,1000.0000000000018,0.30928843034592474,seed,
ets_inception_pyramid_time_only,ets inception pyramid time only,2027,-1000.0,0.1503067676788725,seed,
ets_inception_pyramid_time_only,ets inception pyramid time only,2027,-990.0,0.15349248443430882,seed,
ets_inception_pyramid_time_only,ets inception pyramid time only,2027,-980.0,0.15734099323230907,seed,
ets_inception_pyramid_time_only,ets inception pyramid time only,2027,-970.0,0.15920758160766824,seed,
ets_inception_pyramid_time_only,ets inception pyramid time only,2027,-960.0,0.1613968933817989,seed,
ets_inception_pyramid_time_only,ets inception pyramid time only,2027,-950.0,0.1645249347183703,seed,
ets_inception_pyramid_time_only,ets inception pyramid time only,2027,-940.0,0.1682563391079941,seed,
ets_inception_pyramid_time_only,ets inception pyramid time only,2027,-929.9999999999999,0.17249758434083695,seed,
ets_inception_pyramid_time_only,ets inception pyramid time only,2027,-919.9999999999999,0.17729808312032153,seed,
ets_inception_pyramid_time_only,ets inception pyramid time only,2027,-909.9999999999999,0.18117257196730208,seed,
ets_inception_pyramid_time_only,ets inception pyramid time only,2027,-899.9999999999999,0.18481015395741443,seed,
ets_inception_pyramid_time_only,ets inception pyramid time only,2027,-889.9999999999999,0.18781686983253862,seed,
ets_inception_pyramid_time_only,ets inception pyramid time only,2027,-879.9999999999999,0.1902310862526522,seed,
ets_inception_pyramid_time_only,ets inception pyramid time only,2027,-869.9999999999999,0.193306226728207,seed,
ets_inception_pyramid_time_only,ets inception pyramid time only,2027,-859.9999999999999,0.1971052458696597,seed,
ets_inception_pyramid_time_only,ets inception pyramid time only,2027,-849.9999999999999,0.20103903799016035,seed,
ets_inception_pyramid_time_only,ets inception pyramid time only,2027,-839.9999999999999,0.20529349838461738,seed,
ets_inception_pyramid_time_only,ets inception pyramid time only,2027,-829.9999999999999,0.20870012731127602,seed,
ets_inception_pyramid_time_only,ets inception pyramid time only,2027,-819.9999999999999,0.21165752036147067,seed,
ets_inception_pyramid_time_only,ets inception pyramid time only,2027,-809.9999999999999,0.21396400415322653,seed,
ets_inception_pyramid_time_only,ets inception pyramid time only,2027,-799.9999999999998,0.21893540218039698,seed,
ets_inception_pyramid_time_only,ets inception pyramid time only,2027,-789.9999999999998,0.22281480281269528,seed,
ets_inception_pyramid_time_only,ets inception pyramid time only,2027,-779.9999999999998,0.22732484081104387,seed,
ets_inception_pyramid_time_only,ets inception pyramid time only,2027,-769.9999999999998,0.2330753416589034,seed,
ets_inception_pyramid_time_only,ets inception pyramid time only,2027,-759.9999999999998,0.2387044736810463,seed,
ets_inception_pyramid_time_only,ets inception pyramid time only,2027,-749.9999999999998,0.24349644019866115,seed,
ets_inception_pyramid_time_only,ets inception pyramid time only,2027,-739.9999999999998,0.24820569294484462,seed,
ets_inception_pyramid_time_only,ets inception pyramid time only,2027,-729.9999999999998,0.2539461843831487,seed,
ets_inception_pyramid_time_only,ets inception pyramid time only,2027,-719.9999999999998,0.25993717760602103,seed,
ets_inception_pyramid_time_only,ets inception pyramid time only,2027,-709.9999999999998,0.265893854242808,seed,
ets_inception_pyramid_time_only,ets inception pyramid time only,2027,-699.9999999999998,0.2713708852864074,seed,
ets_inception_pyramid_time_only,ets inception pyramid time only,2027,-689.9999999999998,0.2785113878556448,seed,
ets_inception_pyramid_time_only,ets inception pyramid time only,2027,-679.9999999999998,0.2844170557276133,seed,
ets_inception_pyramid_time_only,ets inception pyramid time only,2027,-669.9999999999997,0.29057901304291106,seed,
ets_inception_pyramid_time_only,ets inception pyramid time only,2027,-659.9999999999997,0.2957072701899266,seed,
ets_inception_pyramid_time_only,ets inception pyramid time only,2027,-649.9999999999997,0.3006546570047118,seed,
ets_inception_pyramid_time_only,ets inception pyramid time only,2027,-639.9999999999997,0.30441245712804055,seed,
ets_inception_pyramid_time_only,ets inception pyramid time only,2027,-629.9999999999997,0.3087627693744737,seed,
ets_inception_pyramid_time_only,ets inception pyramid time only,2027,-619.9999999999997,0.31387047726410294,seed,
ets_inception_pyramid_time_only,ets inception pyramid time only,2027,-609.9999999999997,0.31903053126626324,seed,
ets_inception_pyramid_time_only,ets inception pyramid time only,2027,-599.9999999999997,0.32510013646536895,seed,
ets_inception_pyramid_time_only,ets inception pyramid time only,2027,-589.9999999999997,0.331432821625728,seed,
ets_inception_pyramid_time_only,ets inception pyramid time only,2027,-579.9999999999997,0.3389184583811698,seed,
ets_inception_pyramid_time_only,ets inception pyramid time only,2027,-569.9999999999997,0.34713666624895223,seed,
ets_inception_pyramid_time_only,ets inception pyramid time only,2027,-559.9999999999997,0.3546684712357174,seed,
ets_inception_pyramid_time_only,ets inception pyramid time only,2027,-549.9999999999995,0.3617858367979099,seed,
ets_inception_pyramid_time_only,ets inception pyramid time only,2027,-539.9999999999995,0.36895340154057404,seed,
ets_inception_pyramid_time_only,ets inception pyramid time only,2027,-529.9999999999995,0.3774231222986525,seed,
ets_inception_pyramid_time_only,ets inception pyramid time only,2027,-519.9999999999995,0.38567286309072074,seed,
ets_inception_pyramid_time_only,ets inception pyramid time only,2027,-509.99999999999955,0.3928462354756921,seed,
ets_inception_pyramid_time_only,ets inception pyramid time only,2027,-499.99999999999955,0.40045100428043245,seed,
ets_inception_pyramid_time_only,ets inception pyramid time only,2027,-489.99999999999955,0.4050783940728405,seed,
ets_inception_pyramid_time_only,ets inception pyramid time only,2027,-479.99999999999955,0.4119047461857193,seed,
ets_inception_pyramid_time_only,ets inception pyramid time only,2027,-469.99999999999955,0.4216876584788212,seed,
ets_inception_pyramid_time_only,ets inception pyramid time only,2027,-459.99999999999955,0.432023543812882,seed,
ets_inception_pyramid_time_only,ets inception pyramid time only,2027,-449.9999999999995,0.4417526938133179,seed,
ets_inception_pyramid_time_only,ets inception pyramid time only,2027,-439.9999999999995,0.45048329818943694,seed,
ets_inception_pyramid_time_only,ets inception pyramid time only,2027,-429.9999999999995,0.45830637249567563,seed,
ets_inception_pyramid_time_only,ets inception pyramid time only,2027,-419.9999999999995,0.4659149803035251,seed,
ets_inception_pyramid_time_only,ets inception pyramid time only,2027,-409.9999999999995,0.4745157530946628,seed,
ets_inception_pyramid_time_only,ets inception pyramid time only,2027,-399.9999999999995,0.4857818874144201,seed,
ets_inception_pyramid_time_only,ets inception pyramid time only,2027,-389.99999999999943,0.497591211247918,seed,
ets_inception_pyramid_time_only,ets inception pyramid time only,2027,-379.99999999999943,0.5092345057046801,seed,
ets_inception_pyramid_time_only,ets inception pyramid time only,2027,-369.99999999999943,0.5191059517236865,seed,
ets_inception_pyramid_time_only,ets inception pyramid time only,2027,-359.99999999999943,0.5292786627773396,seed,
ets_inception_pyramid_time_only,ets inception pyramid time only,2027,-349.99999999999943,0.5407575990992631,seed,
ets_inception_pyramid_time_only,ets inception pyramid time only,2027,-339.99999999999943,0.5517511138690289,seed,
ets_inception_pyramid_time_only,ets inception pyramid time only,2027,-329.99999999999943,0.5656575832930237,seed,
ets_inception_pyramid_time_only,ets inception pyramid time only,2027,-319.9999999999994,0.5799558340705767,seed,
ets_inception_pyramid_time_only,ets inception pyramid time only,2027,-309.9999999999994,0.5967393176479294,seed,
ets_inception_pyramid_time_only,ets inception pyramid time only,2027,-299.9999999999994,0.6148467097268423,seed,
ets_inception_pyramid_time_only,ets inception pyramid time only,2027,-289.9999999999994,0.6319537414526495,seed,
ets_inception_pyramid_time_only,ets inception pyramid time only,2027,-279.9999999999994,0.6500823509706627,seed,
ets_inception_pyramid_time_only,ets inception pyramid time only,2027,-269.9999999999994,0.6669550129295175,seed,
ets_inception_pyramid_time_only,ets inception pyramid time only,2027,-259.9999999999993,0.6842563102805168,seed,
ets_inception_pyramid_time_only,ets inception pyramid time only,2027,-249.99999999999935,0.7012549145542138,seed,
ets_inception_pyramid_time_only,ets inception pyramid time only,2027,-239.99999999999932,0.7184906834730393,seed,
ets_inception_pyramid_time_only,ets inception pyramid time only,2027,-229.99999999999932,0.7335662141050461,seed,
ets_inception_pyramid_time_only,ets inception pyramid time only,2027,-219.99999999999932,0.7491243337615051,seed,
ets_inception_pyramid_time_only,ets inception pyramid time only,2027,-209.9999999999993,0.7673365724365512,seed,
ets_inception_pyramid_time_only,ets inception pyramid time only,2027,-199.9999999999993,0.7865417811600609,seed,
ets_inception_pyramid_time_only,ets inception pyramid time only,2027,-189.9999999999993,0.8085144514283056,seed,
ets_inception_pyramid_time_only,ets inception pyramid time only,2027,-179.99999999999926,0.8321894391604484,seed,
ets_inception_pyramid_time_only,ets inception pyramid time only,2027,-169.99999999999926,0.8578865936739668,seed,
ets_inception_pyramid_time_only,ets inception pyramid time only,2027,-159.99999999999926,0.8854048974739827,seed,
ets_inception_pyramid_time_only,ets inception pyramid time only,2027,-149.99999999999923,0.9124229306715195,seed,
ets_inception_pyramid_time_only,ets inception pyramid time only,2027,-139.99999999999923,0.9355417156855617,seed,
ets_inception_pyramid_time_only,ets inception pyramid time only,2027,-129.99999999999923,0.9556497469310999,seed,
ets_inception_pyramid_time_only,ets inception pyramid time only,2027,-119.99999999999922,0.9777412242434302,seed,
ets_inception_pyramid_time_only,ets inception pyramid time only,2027,-109.9999999999992,0.9972725783542533,seed,
ets_inception_pyramid_time_only,ets inception pyramid time only,2027,-99.9999999999992,1.017266829124617,seed,
ets_inception_pyramid_time_only,ets inception pyramid time only,2027,-89.99999999999919,1.0374204283790678,seed,
ets_inception_pyramid_time_only,ets inception pyramid time only,2027,-79.99999999999918,1.0571717808116154,seed,
ets_inception_pyramid_time_only,ets inception pyramid time only,2027,-69.99999999999918,1.0771717677288855,seed,
ets_inception_pyramid_time_only,ets inception pyramid time only,2027,-59.99999999999916,1.098827587456404,seed,
ets_inception_pyramid_time_only,ets inception pyramid time only,2027,-49.999999999999154,1.120084845790471,seed,
ets_inception_pyramid_time_only,ets inception pyramid time only,2027,-39.99999999999915,1.1402738385722957,seed,
ets_inception_pyramid_time_only,ets inception pyramid time only,2027,-29.99999999999914,1.1634854865313546,seed,
ets_inception_pyramid_time_only,ets inception pyramid time only,2027,-19.99999999999913,1.1864680632298963,seed,
ets_inception_pyramid_time_only,ets inception pyramid time only,2027,-9.99999999999912,1.202139398228625,seed,
ets_inception_pyramid_time_only,ets inception pyramid time only,2027,8.881784197001252e-13,1.2131198572365076,seed,
ets_inception_pyramid_time_only,ets inception pyramid time only,2027,10.000000000000897,1.222666294395621,seed,
ets_inception_pyramid_time_only,ets inception pyramid time only,2027,20.000000000000906,1.2252312110838717,seed,
ets_inception_pyramid_time_only,ets inception pyramid time only,2027,30.000000000000917,1.2227575059138942,seed,
ets_inception_pyramid_time_only,ets inception pyramid time only,2027,40.000000000000924,1.2132872973716105,seed,
ets_inception_pyramid_time_only,ets inception pyramid time only,2027,50.00000000000093,1.1975554234454007,seed,
ets_inception_pyramid_time_only,ets inception pyramid time only,2027,60.00000000000094,1.1699069981696744,seed,
ets_inception_pyramid_time_only,ets inception pyramid time only,2027,70.00000000000095,1.1359822008968519,seed,
ets_inception_pyramid_time_only,ets inception pyramid time only,2027,80.00000000000097,1.1036902243529485,seed,
ets_inception_pyramid_time_only,ets inception pyramid time only,2027,90.00000000000097,1.0661663896367921,seed,
ets_inception_pyramid_time_only,ets inception pyramid time only,2027,100.00000000000098,1.0262518244260284,seed,
ets_inception_pyramid_time_only,ets inception pyramid time only,2027,110.00000000000098,0.9900851218188245,seed,
ets_inception_pyramid_time_only,ets inception pyramid time only,2027,120.000000000001,0.9604230353481356,seed,
ets_inception_pyramid_time_only,ets inception pyramid time only,2027,130.000000000001,0.9363871968558485,seed,
ets_inception_pyramid_time_only,ets inception pyramid time only,2027,140.00000000000102,0.9177347811509279,seed,
ets_inception_pyramid_time_only,ets inception pyramid time only,2027,150.00000000000102,0.8997971537861659,seed,
ets_inception_pyramid_time_only,ets inception pyramid time only,2027,160.00000000000102,0.8850161719570978,seed,
ets_inception_pyramid_time_only,ets inception pyramid time only,2027,170.00000000000105,0.8702095284815908,seed,
ets_inception_pyramid_time_only,ets inception pyramid time only,2027,180.00000000000105,0.8530728728624862,seed,
ets_inception_pyramid_time_only,ets inception pyramid time only,2027,190.00000000000105,0.8325805234739782,seed,
ets_inception_pyramid_time_only,ets inception pyramid time only,2027,200.00000000000108,0.8105788335540729,seed,
ets_inception_pyramid_time_only,ets inception pyramid time only,2027,210.00000000000108,0.7887544987504094,seed,
ets_inception_pyramid_time_only,ets inception pyramid time only,2027,220.00000000000108,0.7653494116842492,seed,
ets_inception_pyramid_time_only,ets inception pyramid time only,2027,230.00000000000108,0.7403173647303573,seed,
ets_inception_pyramid_time_only,ets inception pyramid time only,2027,240.0000000000011,0.7171703939805465,seed,
ets_inception_pyramid_time_only,ets inception pyramid time only,2027,250.0000000000011,0.696415673520117,seed,
ets_inception_pyramid_time_only,ets inception pyramid time only,2027,260.00000000000114,0.6753271070543075,seed,
ets_inception_pyramid_time_only,ets inception pyramid time only,2027,270.00000000000114,0.6580199243646853,seed,
ets_inception_pyramid_time_only,ets inception pyramid time only,2027,280.00000000000114,0.6433360190094964,seed,
ets_inception_pyramid_time_only,ets inception pyramid time only,2027,290.00000000000114,0.6291279457797859,seed,
ets_inception_pyramid_time_only,ets inception pyramid time only,2027,300.00000000000114,0.6135550159702553,seed,
ets_inception_pyramid_time_only,ets inception pyramid time only,2027,310.00000000000114,0.5990870624225577,seed,
ets_inception_pyramid_time_only,ets inception pyramid time only,2027,320.0000000000012,0.5866228627937836,seed,
ets_inception_pyramid_time_only,ets inception pyramid time only,2027,330.0000000000012,0.572493820784568,seed,
ets_inception_pyramid_time_only,ets inception pyramid time only,2027,340.0000000000012,0.5584854973548254,seed,
ets_inception_pyramid_time_only,ets inception pyramid time only,2027,350.0000000000012,0.5476367862967514,seed,
ets_inception_pyramid_time_only,ets inception pyramid time only,2027,360.0000000000012,0.5385141676182731,seed,
ets_inception_pyramid_time_only,ets inception pyramid time only,2027,370.0000000000012,0.5295016375949597,seed,
ets_inception_pyramid_time_only,ets inception pyramid time only,2027,380.00000000000125,0.5248949916002519,seed,
ets_inception_pyramid_time_only,ets inception pyramid time only,2027,390.00000000000125,0.5185404694691533,seed,
ets_inception_pyramid_time_only,ets inception pyramid time only,2027,400.00000000000125,0.5123729197558494,seed,
ets_inception_pyramid_time_only,ets inception pyramid time only,2027,410.00000000000125,0.507319692857057,seed,
ets_inception_pyramid_time_only,ets inception pyramid time only,2027,420.00000000000125,0.501694732442252,seed,
ets_inception_pyramid_time_only,ets inception pyramid time only,2027,430.00000000000125,0.49450389319478816,seed,
ets_inception_pyramid_time_only,ets inception pyramid time only,2027,440.00000000000125,0.4872191282513419,seed,
ets_inception_pyramid_time_only,ets inception pyramid time only,2027,450.0000000000013,0.4775138870103848,seed,
ets_inception_pyramid_time_only,ets inception pyramid time only,2027,460.0000000000013,0.4676793594555841,seed,
ets_inception_pyramid_time_only,ets inception pyramid time only,2027,470.0000000000013,0.4590797809041167,seed,
ets_inception_pyramid_time_only,ets inception pyramid time only,2027,480.0000000000013,0.4503596643057008,seed,
ets_inception_pyramid_time_only,ets inception pyramid time only,2027,490.0000000000013,0.44177135877371543,seed,
ets_inception_pyramid_time_only,ets inception pyramid time only,2027,500.0000000000013,0.4350619310248255,seed,
ets_inception_pyramid_time_only,ets inception pyramid time only,2027,510.00000000000136,0.42778656882298266,seed,
ets_inception_pyramid_time_only,ets inception pyramid time only,2027,520.0000000000014,0.4201633453465234,seed,
ets_inception_pyramid_time_only,ets inception pyramid time only,2027,530.0000000000014,0.4118905205655047,seed,
ets_inception_pyramid_time_only,ets inception pyramid time only,2027,540.0000000000014,0.4045969108159314,seed,
ets_inception_pyramid_time_only,ets inception pyramid time only,2027,550.0000000000014,0.3989318351245392,seed,
ets_inception_pyramid_time_only,ets inception pyramid time only,2027,560.0000000000014,0.3939953561384682,seed,
ets_inception_pyramid_time_only,ets inception pyramid time only,2027,570.0000000000014,0.3903512955842833,seed,
ets_inception_pyramid_time_only,ets inception pyramid time only,2027,580.0000000000014,0.38787945803706475,seed,
ets_inception_pyramid_time_only,ets inception pyramid time only,2027,590.0000000000014,0.3830676360524293,seed,
ets_inception_pyramid_time_only,ets inception pyramid time only,2027,600.0000000000014,0.38170241532689797,seed,
ets_inception_pyramid_time_only,ets inception pyramid time only,2027,610.0000000000015,0.3802388672410328,seed,
ets_inception_pyramid_time_only,ets inception pyramid time only,2027,620.0000000000015,0.3789989589303344,seed,
ets_inception_pyramid_time_only,ets inception pyramid time only,2027,630.0000000000015,0.37607606298637947,seed,
ets_inception_pyramid_time_only,ets inception pyramid time only,2027,640.0000000000015,0.3740713264333457,seed,
ets_inception_pyramid_time_only,ets inception pyramid time only,2027,650.0000000000015,0.36889344359858284,seed,
ets_inception_pyramid_time_only,ets inception pyramid time only,2027,660.0000000000015,0.3650979111403327,seed,
ets_inception_pyramid_time_only,ets inception pyramid time only,2027,670.0000000000015,0.360580402672812,seed,
ets_inception_pyramid_time_only,ets inception pyramid time only,2027,680.0000000000015,0.3551661281351295,seed,
ets_inception_pyramid_time_only,ets inception pyramid time only,2027,690.0000000000015,0.3504136260180835,seed,
ets_inception_pyramid_time_only,ets inception pyramid time only,2027,700.0000000000015,0.34632518558002773,seed,
ets_inception_pyramid_time_only,ets inception pyramid time only,2027,710.0000000000015,0.34269414214910626,seed,
ets_inception_pyramid_time_only,ets inception pyramid time only,2027,720.0000000000015,0.339170515731472,seed,
ets_inception_pyramid_time_only,ets inception pyramid time only,2027,730.0000000000016,0.3367193881587863,seed,
ets_inception_pyramid_time_only,ets inception pyramid time only,2027,740.0000000000016,0.3330392266767895,seed,
ets_inception_pyramid_time_only,ets inception pyramid time only,2027,750.0000000000016,0.3305432789496044,seed,
ets_inception_pyramid_time_only,ets inception pyramid time only,2027,760.0000000000016,0.32968607911009734,seed,
ets_inception_pyramid_time_only,ets inception pyramid time only,2027,770.0000000000016,0.32605408977571365,seed,
ets_inception_pyramid_time_only,ets inception pyramid time only,2027,780.0000000000016,0.3248277669159305,seed,
ets_inception_pyramid_time_only,ets inception pyramid time only,2027,790.0000000000016,0.32153335170513386,seed,
ets_inception_pyramid_time_only,ets inception pyramid time only,2027,800.0000000000016,0.31968869967346336,seed,
ets_inception_pyramid_time_only,ets inception pyramid time only,2027,810.0000000000016,0.3170589577796975,seed,
ets_inception_pyramid_time_only,ets inception pyramid time only,2027,820.0000000000016,0.3159685131211377,seed,
ets_inception_pyramid_time_only,ets inception pyramid time only,2027,830.0000000000016,0.3187154132006328,seed,
ets_inception_pyramid_time_only,ets inception pyramid time only,2027,840.0000000000016,0.32081372104194705,seed,
ets_inception_pyramid_time_only,ets inception pyramid time only,2027,850.0000000000016,0.3246983925144119,seed,
ets_inception_pyramid_time_only,ets inception pyramid time only,2027,860.0000000000017,0.3237283237618221,seed,
ets_inception_pyramid_time_only,ets inception pyramid time only,2027,870.0000000000017,0.3189854486866316,seed,
ets_inception_pyramid_time_only,ets inception pyramid time only,2027,880.0000000000017,0.3177266004220554,seed,
ets_inception_pyramid_time_only,ets inception pyramid time only,2027,890.0000000000017,0.31869762289644993,seed,
ets_inception_pyramid_time_only,ets inception pyramid time only,2027,900.0000000000017,0.3171983884789797,seed,
ets_inception_pyramid_time_only,ets inception pyramid time only,2027,910.0000000000017,0.31662217748415666,seed,
ets_inception_pyramid_time_only,ets inception pyramid time only,2027,920.0000000000017,0.31186562266413675,seed,
ets_inception_pyramid_time_only,ets inception pyramid time only,2027,930.0000000000017,0.30884077485783795,seed,
ets_inception_pyramid_time_only,ets inception pyramid time only,2027,940.0000000000017,0.3094312297906112,seed,
ets_inception_pyramid_time_only,ets inception pyramid time only,2027,950.0000000000017,0.30882542895289594,seed,
ets_inception_pyramid_time_only,ets inception pyramid time only,2027,960.0000000000017,0.302940248826473,seed,
ets_inception_pyramid_time_only,ets inception pyramid time only,2027,970.0000000000017,0.3015930183033668,seed,
ets_inception_pyramid_time_only,ets inception pyramid time only,2027,980.0000000000017,0.3026454202473755,seed,
ets_inception_pyramid_time_only,ets inception pyramid time only,2027,990.0000000000018,0.30204192261461604,seed,
ets_inception_pyramid_time_only,ets inception pyramid time only,2027,1000.0000000000018,0.3077959860234544,seed,
ets_inception_pyramid_time_only,ets inception pyramid time only,2028,-1000.0,0.16903721059709928,seed,
ets_inception_pyramid_time_only,ets inception pyramid time only,2028,-990.0,0.17282997551253224,seed,
ets_inception_pyramid_time_only,ets inception pyramid time only,2028,-980.0,0.17729613893872495,seed,
ets_inception_pyramid_time_only,ets inception pyramid time only,2028,-970.0,0.18185838962435355,seed,
ets_inception_pyramid_time_only,ets inception pyramid time only,2028,-960.0,0.18436414329339815,seed,
ets_inception_pyramid_time_only,ets inception pyramid time only,2028,-950.0,0.1871738993962815,seed,
ets_inception_pyramid_time_only,ets inception pyramid time only,2028,-940.0,0.19124354956107137,seed,
ets_inception_pyramid_time_only,ets inception pyramid time only,2028,-929.9999999999999,0.1937937903259658,seed,
ets_inception_pyramid_time_only,ets inception pyramid time only,2028,-919.9999999999999,0.19659719148451202,seed,
ets_inception_pyramid_time_only,ets inception pyramid time only,2028,-909.9999999999999,0.20010012278234035,seed,
ets_inception_pyramid_time_only,ets inception pyramid time only,2028,-899.9999999999999,0.2029542796246594,seed,
ets_inception_pyramid_time_only,ets inception pyramid time only,2028,-889.9999999999999,0.20720091554282713,seed,
ets_inception_pyramid_time_only,ets inception pyramid time only,2028,-879.9999999999999,0.21059368136416937,seed,
ets_inception_pyramid_time_only,ets inception pyramid time only,2028,-869.9999999999999,0.21495665716742499,seed,
ets_inception_pyramid_time_only,ets inception pyramid time only,2028,-859.9999999999999,0.2196093678508846,seed,
ets_inception_pyramid_time_only,ets inception pyramid time only,2028,-849.9999999999999,0.22342053585976837,seed,
ets_inception_pyramid_time_only,ets inception pyramid time only,2028,-839.9999999999999,0.22654670419839174,seed,
ets_inception_pyramid_time_only,ets inception pyramid time only,2028,-829.9999999999999,0.23153040703440672,seed,
ets_inception_pyramid_time_only,ets inception pyramid time only,2028,-819.9999999999999,0.2362999129358331,seed,
ets_inception_pyramid_time_only,ets inception pyramid time only,2028,-809.9999999999999,0.2405679683135408,seed,
ets_inception_pyramid_time_only,ets inception pyramid time only,2028,-799.9999999999998,0.24561571039572783,seed,
ets_inception_pyramid_time_only,ets inception pyramid time only,2028,-789.9999999999998,0.2509751443962577,seed,
ets_inception_pyramid_time_only,ets inception pyramid time only,2028,-779.9999999999998,0.2549734395580858,seed,
ets_inception_pyramid_time_only,ets inception pyramid time only,2028,-769.9999999999998,0.26084466714125565,seed,
ets_inception_pyramid_time_only,ets inception pyramid time only,2028,-759.9999999999998,0.26563435764503757,seed,
ets_inception_pyramid_time_only,ets inception pyramid time only,2028,-749.9999999999998,0.269889416194805,seed,
ets_inception_pyramid_time_only,ets inception pyramid time only,2028,-739.9999999999998,0.27552582584481483,seed,
ets_inception_pyramid_time_only,ets inception pyramid time only,2028,-729.9999999999998,0.28297863452615823,seed,
ets_inception_pyramid_time_only,ets inception pyramid time only,2028,-719.9999999999998,0.2901107954773619,seed,
ets_inception_pyramid_time_only,ets inception pyramid time only,2028,-709.9999999999998,0.29514118967839614,seed,
ets_inception_pyramid_time_only,ets inception pyramid time only,2028,-699.9999999999998,0.2998318600172271,seed,
ets_inception_pyramid_time_only,ets inception pyramid time only,2028,-689.9999999999998,0.30474629541971987,seed,
ets_inception_pyramid_time_only,ets inception pyramid time only,2028,-679.9999999999998,0.30967967853714795,seed,
ets_inception_pyramid_time_only,ets inception pyramid time only,2028,-669.9999999999997,0.3156242971981044,seed,
ets_inception_pyramid_time_only,ets inception pyramid time only,2028,-659.9999999999997,0.3220162120424556,seed,
ets_inception_pyramid_time_only,ets inception pyramid time only,2028,-649.9999999999997,0.32628356930678676,seed,
ets_inception_pyramid_time_only,ets inception pyramid time only,2028,-639.9999999999997,0.3308916315276253,seed,
ets_inception_pyramid_time_only,ets inception pyramid time only,2028,-629.9999999999997,0.3369839603146857,seed,
ets_inception_pyramid_time_only,ets inception pyramid time only,2028,-619.9999999999997,0.34354993015755936,seed,
ets_inception_pyramid_time_only,ets inception pyramid time only,2028,-609.9999999999997,0.34957793580323027,seed,
ets_inception_pyramid_time_only,ets inception pyramid time only,2028,-599.9999999999997,0.3557147179613409,seed,
ets_inception_pyramid_time_only,ets inception pyramid time only,2028,-589.9999999999997,0.3625246066077843,seed,
ets_inception_pyramid_time_only,ets inception pyramid time only,2028,-579.9999999999997,0.37015899525499985,seed,
ets_inception_pyramid_time_only,ets inception pyramid time only,2028,-569.9999999999997,0.3790096284870962,seed,
ets_inception_pyramid_time_only,ets inception pyramid time only,2028,-559.9999999999997,0.3874085601194447,seed,
ets_inception_pyramid_time_only,ets inception pyramid time only,2028,-549.9999999999995,0.3950274105331165,seed,
ets_inception_pyramid_time_only,ets inception pyramid time only,2028,-539.9999999999995,0.4027429115748083,seed,
ets_inception_pyramid_time_only,ets inception pyramid time only,2028,-529.9999999999995,0.4093249050217479,seed,
ets_inception_pyramid_time_only,ets inception pyramid time only,2028,-519.9999999999995,0.41771328657586165,seed,
ets_inception_pyramid_time_only,ets inception pyramid time only,2028,-509.99999999999955,0.4258196042821168,seed,
ets_inception_pyramid_time_only,ets inception pyramid time only,2028,-499.99999999999955,0.43487099003091023,seed,
ets_inception_pyramid_time_only,ets inception pyramid time only,2028,-489.99999999999955,0.4420330289346683,seed,
ets_inception_pyramid_time_only,ets inception pyramid time only,2028,-479.99999999999955,0.4505902721669604,seed,
ets_inception_pyramid_time_only,ets inception pyramid time only,2028,-469.99999999999955,0.4593380168270173,seed,
ets_inception_pyramid_time_only,ets inception pyramid time only,2028,-459.99999999999955,0.4673833367363866,seed,
ets_inception_pyramid_time_only,ets inception pyramid time only,2028,-449.9999999999995,0.4758339632610007,seed,
ets_inception_pyramid_time_only,ets inception pyramid time only,2028,-439.9999999999995,0.4840176550831908,seed,
ets_inception_pyramid_time_only,ets inception pyramid time only,2028,-429.9999999999995,0.49284498516550385,seed,
ets_inception_pyramid_time_only,ets inception pyramid time only,2028,-419.9999999999995,0.5032144875349698,seed,
ets_inception_pyramid_time_only,ets inception pyramid time only,2028,-409.9999999999995,0.5152749643656567,seed,
ets_inception_pyramid_time_only,ets inception pyramid time only,2028,-399.9999999999995,0.525114884358722,seed,
ets_inception_pyramid_time_only,ets inception pyramid time only,2028,-389.99999999999943,0.5369610707355656,seed,
ets_inception_pyramid_time_only,ets inception pyramid time only,2028,-379.99999999999943,0.5482586243964366,seed,
ets_inception_pyramid_time_only,ets inception pyramid time only,2028,-369.99999999999943,0.5578769374304174,seed,
ets_inception_pyramid_time_only,ets inception pyramid time only,2028,-359.99999999999943,0.5687787397763818,seed,
ets_inception_pyramid_time_only,ets inception pyramid time only,2028,-349.99999999999943,0.5794445630182952,seed,
ets_inception_pyramid_time_only,ets inception pyramid time only,2028,-339.99999999999943,0.5915599653032335,seed,
ets_inception_pyramid_time_only,ets inception pyramid time only,2028,-329.99999999999943,0.6029576970764362,seed,
ets_inception_pyramid_time_only,ets inception pyramid time only,2028,-319.9999999999994,0.6150916248491299,seed,
ets_inception_pyramid_time_only,ets inception pyramid time only,2028,-309.9999999999994,0.6285197998421922,seed,
ets_inception_pyramid_time_only,ets inception pyramid time only,2028,-299.9999999999994,0.6420291784475549,seed,
ets_inception_pyramid_time_only,ets inception pyramid time only,2028,-289.9999999999994,0.6550896309688008,seed,
ets_inception_pyramid_time_only,ets inception pyramid time only,2028,-279.9999999999994,0.6666263883915327,seed,
ets_inception_pyramid_time_only,ets inception pyramid time only,2028,-269.9999999999994,0.67969655395546,seed,
ets_inception_pyramid_time_only,ets inception pyramid time only,2028,-259.9999999999993,0.6953912371728792,seed,
ets_inception_pyramid_time_only,ets inception pyramid time only,2028,-249.99999999999935,0.711214836841601,seed,
ets_inception_pyramid_time_only,ets inception pyramid time only,2028,-239.99999999999932,0.7261906173332997,seed,
ets_inception_pyramid_time_only,ets inception pyramid time only,2028,-229.99999999999932,0.7422742901435779,seed,
ets_inception_pyramid_time_only,ets inception pyramid time only,2028,-219.99999999999932,0.7584805946901537,seed,
ets_inception_pyramid_time_only,ets inception pyramid time only,2028,-209.9999999999993,0.7775514589855819,seed,
ets_inception_pyramid_time_only,ets inception pyramid time only,2028,-199.9999999999993,0.7974837980109418,seed,
ets_inception_pyramid_time_only,ets inception pyramid time only,2028,-189.9999999999993,0.8194682413316606,seed,
ets_inception_pyramid_time_only,ets inception pyramid time only,2028,-179.99999999999926,0.8396138939327165,seed,
ets_inception_pyramid_time_only,ets inception pyramid time only,2028,-169.99999999999926,0.8605747881593849,seed,
ets_inception_pyramid_time_only,ets inception pyramid time only,2028,-159.99999999999926,0.8841139065680815,seed,
ets_inception_pyramid_time_only,ets inception pyramid time only,2028,-149.99999999999923,0.9080980432277572,seed,
ets_inception_pyramid_time_only,ets inception pyramid time only,2028,-139.99999999999923,0.9323351741004622,seed,
ets_inception_pyramid_time_only,ets inception pyramid time only,2028,-129.99999999999923,0.9542922928412352,seed,
ets_inception_pyramid_time_only,ets inception pyramid time only,2028,-119.99999999999922,0.9774891789781306,seed,
ets_inception_pyramid_time_only,ets inception pyramid time only,2028,-109.9999999999992,1.0031959471881373,seed,
ets_inception_pyramid_time_only,ets inception pyramid time only,2028,-99.9999999999992,1.0278627976305472,seed,
ets_inception_pyramid_time_only,ets inception pyramid time only,2028,-89.99999999999919,1.055690033970792,seed,
ets_inception_pyramid_time_only,ets inception pyramid time only,2028,-79.99999999999918,1.084384946855864,seed,
ets_inception_pyramid_time_only,ets inception pyramid time only,2028,-69.99999999999918,1.113232823735922,seed,
ets_inception_pyramid_time_only,ets inception pyramid time only,2028,-59.99999999999916,1.1389538567738138,seed,
ets_inception_pyramid_time_only,ets inception pyramid time only,2028,-49.999999999999154,1.155620368725677,seed,
ets_inception_pyramid_time_only,ets inception pyramid time only,2028,-39.99999999999915,1.1699710832071528,seed,
ets_inception_pyramid_time_only,ets inception pyramid time only,2028,-29.99999999999914,1.1818737462870124,seed,
ets_inception_pyramid_time_only,ets inception pyramid time only,2028,-19.99999999999913,1.1912457429720833,seed,
ets_inception_pyramid_time_only,ets inception pyramid time only,2028,-9.99999999999912,1.1914473425914334,seed,
ets_inception_pyramid_time_only,ets inception pyramid time only,2028,8.881784197001252e-13,1.185381150237623,seed,
ets_inception_pyramid_time_only,ets inception pyramid time only,2028,10.000000000000897,1.1724035697712014,seed,
ets_inception_pyramid_time_only,ets inception pyramid time only,2028,20.000000000000906,1.1532905921809473,seed,
ets_inception_pyramid_time_only,ets inception pyramid time only,2028,30.000000000000917,1.1368159794930888,seed,
ets_inception_pyramid_time_only,ets inception pyramid time only,2028,40.000000000000924,1.1175291199532231,seed,
ets_inception_pyramid_time_only,ets inception pyramid time only,2028,50.00000000000093,1.093695186085511,seed,
ets_inception_pyramid_time_only,ets inception pyramid time only,2028,60.00000000000094,1.0668692297453817,seed,
ets_inception_pyramid_time_only,ets inception pyramid time only,2028,70.00000000000095,1.040268435442899,seed,
ets_inception_pyramid_time_only,ets inception pyramid time only,2028,80.00000000000097,1.0180970191760983,seed,
ets_inception_pyramid_time_only,ets inception pyramid time only,2028,90.00000000000097,0.9929059818452884,seed,
ets_inception_pyramid_time_only,ets inception pyramid time only,2028,100.00000000000098,0.9615331633003315,seed,
ets_inception_pyramid_time_only,ets inception pyramid time only,2028,110.00000000000098,0.9315619643307942,seed,
ets_inception_pyramid_time_only,ets inception pyramid time only,2028,120.000000000001,0.9030534746516319,seed,
ets_inception_pyramid_time_only,ets inception pyramid time only,2028,130.000000000001,0.8727776605284153,seed,
ets_inception_pyramid_time_only,ets inception pyramid time only,2028,140.00000000000102,0.8439433261828146,seed,
ets_inception_pyramid_time_only,ets inception pyramid time only,2028,150.00000000000102,0.8145293830653706,seed,
ets_inception_pyramid_time_only,ets inception pyramid time only,2028,160.00000000000102,0.7913959294600497,seed,
ets_inception_pyramid_time_only,ets inception pyramid time only,2028,170.00000000000105,0.762650978350895,seed,
ets_inception_pyramid_time_only,ets inception pyramid time only,2028,180.00000000000105,0.7332302584869008,seed,
ets_inception_pyramid_time_only,ets inception pyramid time only,2028,190.00000000000105,0.710448988726296,seed,
ets_inception_pyramid_time_only,ets inception pyramid time only,2028,200.00000000000108,0.6855783449548982,seed,
ets_inception_pyramid_time_only,ets inception pyramid time only,2028,210.00000000000108,0.6609200671712749,seed,
ets_inception_pyramid_time_only,ets inception pyramid time only,2028,220.00000000000108,0.6393846759195304,seed,
ets_inception_pyramid_time_only,ets inception pyramid time only,2028,230.00000000000108,0.6191012678524915,seed,
ets_inception_pyramid_time_only,ets inception pyramid time only,2028,240.0000000000011,0.59729304134667,seed,
ets_inception_pyramid_time_only,ets inception pyramid time only,2028,250.0000000000011,0.5795680046315534,seed,
ets_inception_pyramid_time_only,ets inception pyramid time only,2028,260.00000000000114,0.5651167315256365,seed,
ets_inception_pyramid_time_only,ets inception pyramid time only,2028,270.00000000000114,0.5528833245015184,seed,
ets_inception_pyramid_time_only,ets inception pyramid time only,2028,280.00000000000114,0.5403962885649557,seed,
ets_inception_pyramid_time_only,ets inception pyramid time only,2028,290.00000000000114,0.5332456786489145,seed,
ets_inception_pyramid_time_only,ets inception pyramid time only,2028,300.00000000000114,0.5229077941285845,seed,
ets_inception_pyramid_time_only,ets inception pyramid time only,2028,310.00000000000114,0.5122166139199774,seed,
ets_inception_pyramid_time_only,ets inception pyramid time only,2028,320.0000000000012,0.5034474097861097,seed,
ets_inception_pyramid_time_only,ets inception pyramid time only,2028,330.0000000000012,0.49625570453961565,seed,
ets_inception_pyramid_time_only,ets inception pyramid time only,2028,340.0000000000012,0.48828218481964675,seed,
ets_inception_pyramid_time_only,ets inception pyramid time only,2028,350.0000000000012,0.4821383626218131,seed,
ets_inception_pyramid_time_only,ets inception pyramid time only,2028,360.0000000000012,0.47707175316138384,seed,
ets_inception_pyramid_time_only,ets inception pyramid time only,2028,370.0000000000012,0.46969174961816834,seed,
ets_inception_pyramid_time_only,ets inception pyramid time only,2028,380.00000000000125,0.4643958721601465,seed,
ets_inception_pyramid_time_only,ets inception pyramid time only,2028,390.00000000000125,0.4582480542883133,seed,
ets_inception_pyramid_time_only,ets inception pyramid time only,2028,400.00000000000125,0.4508572887582809,seed,
ets_inception_pyramid_time_only,ets inception pyramid time only,2028,410.00000000000125,0.4469790049612717,seed,
ets_inception_pyramid_time_only,ets inception pyramid time only,2028,420.00000000000125,0.44072716302676535,seed,
ets_inception_pyramid_time_only,ets inception pyramid time only,2028,430.00000000000125,0.4319652608060684,seed,
ets_inception_pyramid_time_only,ets inception pyramid time only,2028,440.00000000000125,0.4281012414582237,seed,
ets_inception_pyramid_time_only,ets inception pyramid time only,2028,450.0000000000013,0.42392691673295857,seed,
ets_inception_pyramid_time_only,ets inception pyramid time only,2028,460.0000000000013,0.4121438258195761,seed,
ets_inception_pyramid_time_only,ets inception pyramid time only,2028,470.0000000000013,0.4088120790017278,seed,
ets_inception_pyramid_time_only,ets inception pyramid time only,2028,480.0000000000013,0.40447082433371995,seed,
ets_inception_pyramid_time_only,ets inception pyramid time only,2028,490.0000000000013,0.39665066673670984,seed,
ets_inception_pyramid_time_only,ets inception pyramid time only,2028,500.0000000000013,0.39451893937103183,seed,
ets_inception_pyramid_time_only,ets inception pyramid time only,2028,510.00000000000136,0.3910259817725233,seed,
ets_inception_pyramid_time_only,ets inception pyramid time only,2028,520.0000000000014,0.39061637255707343,seed,
ets_inception_pyramid_time_only,ets inception pyramid time only,2028,530.0000000000014,0.3849704628645592,seed,
ets_inception_pyramid_time_only,ets inception pyramid time only,2028,540.0000000000014,0.3837304951657853,seed,
ets_inception_pyramid_time_only,ets inception pyramid time only,2028,550.0000000000014,0.3858327290137157,seed,
ets_inception_pyramid_time_only,ets inception pyramid time only,2028,560.0000000000014,0.3791799562475812,seed,
ets_inception_pyramid_time_only,ets inception pyramid time only,2028,570.0000000000014,0.37791499412892016,seed,
ets_inception_pyramid_time_only,ets inception pyramid time only,2028,580.0000000000014,0.38118273471381364,seed,
ets_inception_pyramid_time_only,ets inception pyramid time only,2028,590.0000000000014,0.37604955306590343,seed,
ets_inception_pyramid_time_only,ets inception pyramid time only,2028,600.0000000000014,0.376841979087146,seed,
ets_inception_pyramid_time_only,ets inception pyramid time only,2028,610.0000000000015,0.37831949492294836,seed,
ets_inception_pyramid_time_only,ets inception pyramid time only,2028,620.0000000000015,0.3714485826961374,seed,
ets_inception_pyramid_time_only,ets inception pyramid time only,2028,630.0000000000015,0.36889121042846523,seed,
ets_inception_pyramid_time_only,ets inception pyramid time only,2028,640.0000000000015,0.3758665299902708,seed,
ets_inception_pyramid_time_only,ets inception pyramid time only,2028,650.0000000000015,0.36987026285754493,seed,
ets_inception_pyramid_time_only,ets inception pyramid time only,2028,660.0000000000015,0.37153403668140916,seed,
ets_inception_pyramid_time_only,ets inception pyramid time only,2028,670.0000000000015,0.37283136152925,seed,
ets_inception_pyramid_time_only,ets inception pyramid time only,2028,680.0000000000015,0.36460864957059935,seed,
ets_inception_pyramid_time_only,ets inception pyramid time only,2028,690.0000000000015,0.3624319899595976,seed,
ets_inception_pyramid_time_only,ets inception pyramid time only,2028,700.0000000000015,0.3602947161231673,seed,
ets_inception_pyramid_time_only,ets inception pyramid time only,2028,710.0000000000015,0.35277318268045904,seed,
ets_inception_pyramid_time_only,ets inception pyramid time only,2028,720.0000000000015,0.3584202393396118,seed,
ets_inception_pyramid_time_only,ets inception pyramid time only,2028,730.0000000000016,0.35682762624013686,seed,
ets_inception_pyramid_time_only,ets inception pyramid time only,2028,740.0000000000016,0.3485377467541173,seed,
ets_inception_pyramid_time_only,ets inception pyramid time only,2028,750.0000000000016,0.35037989912390577,seed,
ets_inception_pyramid_time_only,ets inception pyramid time only,2028,760.0000000000016,0.352532150002402,seed,
ets_inception_pyramid_time_only,ets inception pyramid time only,2028,770.0000000000016,0.3468278211581181,seed,
ets_inception_pyramid_time_only,ets inception pyramid time only,2028,780.0000000000016,0.35231534283133903,seed,
ets_inception_pyramid_time_only,ets inception pyramid time only,2028,790.0000000000016,0.3515281930519244,seed,
ets_inception_pyramid_time_only,ets inception pyramid time only,2028,800.0000000000016,0.35331530098460107,seed,
ets_inception_pyramid_time_only,ets inception pyramid time only,2028,810.0000000000016,0.34297309307019647,seed,
ets_inception_pyramid_time_only,ets inception pyramid time only,2028,820.0000000000016,0.34731009827662196,seed,
ets_inception_pyramid_time_only,ets inception pyramid time only,2028,830.0000000000016,0.3558279722549997,seed,
ets_inception_pyramid_time_only,ets inception pyramid time only,2028,840.0000000000016,0.3518866559314163,seed,
ets_inception_pyramid_time_only,ets inception pyramid time only,2028,850.0000000000016,0.3525006472667171,seed,
ets_inception_pyramid_time_only,ets inception pyramid time only,2028,860.0000000000017,0.3554558698556169,seed,
ets_inception_pyramid_time_only,ets inception pyramid time only,2028,870.0000000000017,0.34637818822939437,seed,
ets_inception_pyramid_time_only,ets inception pyramid time only,2028,880.0000000000017,0.35438401425022326,seed,
ets_inception_pyramid_time_only,ets inception pyramid time only,2028,890.0000000000017,0.361705525548471,seed,
ets_inception_pyramid_time_only,ets inception pyramid time only,2028,900.0000000000017,0.3542677313684962,seed,
ets_inception_pyramid_time_only,ets inception pyramid time only,2028,910.0000000000017,0.35496198614238106,seed,
ets_inception_pyramid_time_only,ets inception pyramid time only,2028,920.0000000000017,0.3515593125469164,seed,
ets_inception_pyramid_time_only,ets inception pyramid time only,2028,930.0000000000017,0.344250226360148,seed,
ets_inception_pyramid_time_only,ets inception pyramid time only,2028,940.0000000000017,0.35165538277817515,seed,
ets_inception_pyramid_time_only,ets inception pyramid time only,2028,950.0000000000017,0.3508017680680339,seed,
ets_inception_pyramid_time_only,ets inception pyramid time only,2028,960.0000000000017,0.34482061656025986,seed,
ets_inception_pyramid_time_only,ets inception pyramid time only,2028,970.0000000000017,0.3490391565489886,seed,
ets_inception_pyramid_time_only,ets inception pyramid time only,2028,980.0000000000017,0.353752992044575,seed,
ets_inception_pyramid_time_only,ets inception pyramid time only,2028,990.0000000000018,0.34943226711497466,seed,
ets_inception_pyramid_time_only,ets inception pyramid time only,2028,1000.0000000000018,0.36229501772048284,seed,
ets_inception_pyramid_time_only,ets inception pyramid time only,2029,-1000.0,0.18674385413909067,seed,
ets_inception_pyramid_time_only,ets inception pyramid time only,2029,-990.0,0.1911040360955013,seed,
ets_inception_pyramid_time_only,ets inception pyramid time only,2029,-980.0,0.19540986904954397,seed,
ets_inception_pyramid_time_only,ets inception pyramid time only,2029,-970.0,0.1982770004578822,seed,
ets_inception_pyramid_time_only,ets inception pyramid time only,2029,-960.0,0.20159292181618674,seed,
ets_inception_pyramid_time_only,ets inception pyramid time only,2029,-950.0,0.2053172730239143,seed,
ets_inception_pyramid_time_only,ets inception pyramid time only,2029,-940.0,0.20997106998152473,seed,
ets_inception_pyramid_time_only,ets inception pyramid time only,2029,-929.9999999999999,0.21252802633452123,seed,
ets_inception_pyramid_time_only,ets inception pyramid time only,2029,-919.9999999999999,0.214178769277103,seed,
ets_inception_pyramid_time_only,ets inception pyramid time only,2029,-909.9999999999999,0.2157016418945458,seed,
ets_inception_pyramid_time_only,ets inception pyramid time only,2029,-899.9999999999999,0.21824567592834518,seed,
ets_inception_pyramid_time_only,ets inception pyramid time only,2029,-889.9999999999999,0.22213830687566807,seed,
ets_inception_pyramid_time_only,ets inception pyramid time only,2029,-879.9999999999999,0.22871904677876836,seed,
ets_inception_pyramid_time_only,ets inception pyramid time only,2029,-869.9999999999999,0.23539289347394451,seed,
ets_inception_pyramid_time_only,ets inception pyramid time only,2029,-859.9999999999999,0.2420442083697194,seed,
ets_inception_pyramid_time_only,ets inception pyramid time only,2029,-849.9999999999999,0.24684562836506346,seed,
ets_inception_pyramid_time_only,ets inception pyramid time only,2029,-839.9999999999999,0.2480359958206975,seed,
ets_inception_pyramid_time_only,ets inception pyramid time only,2029,-829.9999999999999,0.2522449364323411,seed,
ets_inception_pyramid_time_only,ets inception pyramid time only,2029,-819.9999999999999,0.2556863290276172,seed,
ets_inception_pyramid_time_only,ets inception pyramid time only,2029,-809.9999999999999,0.25878866580073123,seed,
ets_inception_pyramid_time_only,ets inception pyramid time only,2029,-799.9999999999998,0.26310467077664057,seed,
ets_inception_pyramid_time_only,ets inception pyramid time only,2029,-789.9999999999998,0.26665417505200034,seed,
ets_inception_pyramid_time_only,ets inception pyramid time only,2029,-779.9999999999998,0.27085872472505257,seed,
ets_inception_pyramid_time_only,ets inception pyramid time only,2029,-769.9999999999998,0.27707162619866965,seed,
ets_inception_pyramid_time_only,ets inception pyramid time only,2029,-759.9999999999998,0.2821497755447986,seed,
ets_inception_pyramid_time_only,ets inception pyramid time only,2029,-749.9999999999998,0.28619360579561365,seed,
ets_inception_pyramid_time_only,ets inception pyramid time only,2029,-739.9999999999998,0.29103123445935747,seed,
ets_inception_pyramid_time_only,ets inception pyramid time only,2029,-729.9999999999998,0.2975043924941596,seed,
ets_inception_pyramid_time_only,ets inception pyramid time only,2029,-719.9999999999998,0.30195277441024637,seed,
ets_inception_pyramid_time_only,ets inception pyramid time only,2029,-709.9999999999998,0.305004559211035,seed,
ets_inception_pyramid_time_only,ets inception pyramid time only,2029,-699.9999999999998,0.30850664095821634,seed,
ets_inception_pyramid_time_only,ets inception pyramid time only,2029,-689.9999999999998,0.31290446122344695,seed,
ets_inception_pyramid_time_only,ets inception pyramid time only,2029,-679.9999999999998,0.31687381267351167,seed,
ets_inception_pyramid_time_only,ets inception pyramid time only,2029,-669.9999999999997,0.3215415461616547,seed,
ets_inception_pyramid_time_only,ets inception pyramid time only,2029,-659.9999999999997,0.3274653588391468,seed,
ets_inception_pyramid_time_only,ets inception pyramid time only,2029,-649.9999999999997,0.33327599010342357,seed,
ets_inception_pyramid_time_only,ets inception pyramid time only,2029,-639.9999999999997,0.33734828794105537,seed,
ets_inception_pyramid_time_only,ets inception pyramid time only,2029,-629.9999999999997,0.34213537342099715,seed,
ets_inception_pyramid_time_only,ets inception pyramid time only,2029,-619.9999999999997,0.34697325385804084,seed,
ets_inception_pyramid_time_only,ets inception pyramid time only,2029,-609.9999999999997,0.350477982546182,seed,
ets_inception_pyramid_time_only,ets inception pyramid time only,2029,-599.9999999999997,0.35483569657859954,seed,
ets_inception_pyramid_time_only,ets inception pyramid time only,2029,-589.9999999999997,0.3603357285457291,seed,
ets_inception_pyramid_time_only,ets inception pyramid time only,2029,-579.9999999999997,0.36552120582623104,seed,
ets_inception_pyramid_time_only,ets inception pyramid time only,2029,-569.9999999999997,0.37354791905064577,seed,
ets_inception_pyramid_time_only,ets inception pyramid time only,2029,-559.9999999999997,0.38043768151237173,seed,
ets_inception_pyramid_time_only,ets inception pyramid time only,2029,-549.9999999999995,0.38872596997267145,seed,
ets_inception_pyramid_time_only,ets inception pyramid time only,2029,-539.9999999999995,0.39679280849200327,seed,
ets_inception_pyramid_time_only,ets inception pyramid time only,2029,-529.9999999999995,0.40326476550076706,seed,
ets_inception_pyramid_time_only,ets inception pyramid time only,2029,-519.9999999999995,0.4093120711244929,seed,
ets_inception_pyramid_time_only,ets inception pyramid time only,2029,-509.99999999999955,0.4161417785282329,seed,
ets_inception_pyramid_time_only,ets inception pyramid time only,2029,-499.99999999999955,0.42214429917399005,seed,
ets_inception_pyramid_time_only,ets inception pyramid time only,2029,-489.99999999999955,0.4292104844179791,seed,
ets_inception_pyramid_time_only,ets inception pyramid time only,2029,-479.99999999999955,0.43954408885253327,seed,
ets_inception_pyramid_time_only,ets inception pyramid time only,2029,-469.99999999999955,0.4486811683438916,seed,
ets_inception_pyramid_time_only,ets inception pyramid time only,2029,-459.99999999999955,0.4552997044787834,seed,
ets_inception_pyramid_time_only,ets inception pyramid time only,2029,-449.9999999999995,0.4637896614474261,seed,
ets_inception_pyramid_time_only,ets inception pyramid time only,2029,-439.9999999999995,0.4715748682686642,seed,
ets_inception_pyramid_time_only,ets inception pyramid time only,2029,-429.9999999999995,0.47526252027385985,seed,
ets_inception_pyramid_time_only,ets inception pyramid time only,2029,-419.9999999999995,0.4820523317584958,seed,
ets_inception_pyramid_time_only,ets inception pyramid time only,2029,-409.9999999999995,0.4890482880521368,seed,
ets_inception_pyramid_time_only,ets inception pyramid time only,2029,-399.9999999999995,0.4989639291334157,seed,
ets_inception_pyramid_time_only,ets inception pyramid time only,2029,-389.99999999999943,0.5110716625452025,seed,
ets_inception_pyramid_time_only,ets inception pyramid time only,2029,-379.99999999999943,0.5207855707274215,seed,
ets_inception_pyramid_time_only,ets inception pyramid time only,2029,-369.99999999999943,0.5300727772264662,seed,
ets_inception_pyramid_time_only,ets inception pyramid time only,2029,-359.99999999999943,0.5417009559603951,seed,
ets_inception_pyramid_time_only,ets inception pyramid time only,2029,-349.99999999999943,0.5524839880161465,seed,
ets_inception_pyramid_time_only,ets inception pyramid time only,2029,-339.99999999999943,0.5639664763373506,seed,
ets_inception_pyramid_time_only,ets inception pyramid time only,2029,-329.99999999999943,0.5750213396734267,seed,
ets_inception_pyramid_time_only,ets inception pyramid time only,2029,-319.9999999999994,0.5841994846600259,seed,
ets_inception_pyramid_time_only,ets inception pyramid time only,2029,-309.9999999999994,0.5954167313235591,seed,
ets_inception_pyramid_time_only,ets inception pyramid time only,2029,-299.9999999999994,0.6081461157016378,seed,
ets_inception_pyramid_time_only,ets inception pyramid time only,2029,-289.9999999999994,0.6210244495283324,seed,
ets_inception_pyramid_time_only,ets inception pyramid time only,2029,-279.9999999999994,0.6340479211480898,seed,
ets_inception_pyramid_time_only,ets inception pyramid time only,2029,-269.9999999999994,0.650278899907051,seed,
ets_inception_pyramid_time_only,ets inception pyramid time only,2029,-259.9999999999993,0.6672474464683552,seed,
ets_inception_pyramid_time_only,ets inception pyramid time only,2029,-249.99999999999935,0.6834918505683515,seed,
ets_inception_pyramid_time_only,ets inception pyramid time only,2029,-239.99999999999932,0.7017311021877515,seed,
ets_inception_pyramid_time_only,ets inception pyramid time only,2029,-229.99999999999932,0.7169564347679531,seed,
ets_inception_pyramid_time_only,ets inception pyramid time only,2029,-219.99999999999932,0.732635902011449,seed,
ets_inception_pyramid_time_only,ets inception pyramid time only,2029,-209.9999999999993,0.7472536992249789,seed,
ets_inception_pyramid_time_only,ets inception pyramid time only,2029,-199.9999999999993,0.7705314163566186,seed,
ets_inception_pyramid_time_only,ets inception pyramid time only,2029,-189.9999999999993,0.7984796337021884,seed,
ets_inception_pyramid_time_only,ets inception pyramid time only,2029,-179.99999999999926,0.8254389855540666,seed,
ets_inception_pyramid_time_only,ets inception pyramid time only,2029,-169.99999999999926,0.8508347482270442,seed,
ets_inception_pyramid_time_only,ets inception pyramid time only,2029,-159.99999999999926,0.879071981957257,seed,
ets_inception_pyramid_time_only,ets inception pyramid time only,2029,-149.99999999999923,0.9062004881561196,seed,
ets_inception_pyramid_time_only,ets inception pyramid time only,2029,-139.99999999999923,0.9318859187286552,seed,
ets_inception_pyramid_time_only,ets inception pyramid time only,2029,-129.99999999999923,0.9592347963559739,seed,
ets_inception_pyramid_time_only,ets inception pyramid time only,2029,-119.99999999999922,0.9860522803994849,seed,
ets_inception_pyramid_time_only,ets inception pyramid time only,2029,-109.9999999999992,1.0187016407422327,seed,
ets_inception_pyramid_time_only,ets inception pyramid time only,2029,-99.9999999999992,1.0518071674073748,seed,
ets_inception_pyramid_time_only,ets inception pyramid time only,2029,-89.99999999999919,1.0852801120899906,seed,
ets_inception_pyramid_time_only,ets inception pyramid time only,2029,-79.99999999999918,1.1151232279736571,seed,
ets_inception_pyramid_time_only,ets inception pyramid time only,2029,-69.99999999999918,1.1392606191507761,seed,
ets_inception_pyramid_time_only,ets inception pyramid time only,2029,-59.99999999999916,1.1602917878310706,seed,
ets_inception_pyramid_time_only,ets inception pyramid time only,2029,-49.999999999999154,1.1748740308621721,seed,
ets_inception_pyramid_time_only,ets inception pyramid time only,2029,-39.99999999999915,1.1844669087135156,seed,
ets_inception_pyramid_time_only,ets inception pyramid time only,2029,-29.99999999999914,1.195330760977459,seed,
ets_inception_pyramid_time_only,ets inception pyramid time only,2029,-19.99999999999913,1.1974854422384071,seed,
ets_inception_pyramid_time_only,ets inception pyramid time only,2029,-9.99999999999912,1.190951608010879,seed,
ets_inception_pyramid_time_only,ets inception pyramid time only,2029,8.881784197001252e-13,1.1796445369311728,seed,
ets_inception_pyramid_time_only,ets inception pyramid time only,2029,10.000000000000897,1.1706724778273192,seed,
ets_inception_pyramid_time_only,ets inception pyramid time only,2029,20.000000000000906,1.1549749237980758,seed,
ets_inception_pyramid_time_only,ets inception pyramid time only,2029,30.000000000000917,1.1395706585989627,seed,
ets_inception_pyramid_time_only,ets inception pyramid time only,2029,40.000000000000924,1.124603026640562,seed,
ets_inception_pyramid_time_only,ets inception pyramid time only,2029,50.00000000000093,1.1082710486904352,seed,
ets_inception_pyramid_time_only,ets inception pyramid time only,2029,60.00000000000094,1.0845623931096078,seed,
ets_inception_pyramid_time_only,ets inception pyramid time only,2029,70.00000000000095,1.0588845506313733,seed,
ets_inception_pyramid_time_only,ets inception pyramid time only,2029,80.00000000000097,1.0298909927583424,seed,
ets_inception_pyramid_time_only,ets inception pyramid time only,2029,90.00000000000097,0.9966364364917989,seed,
ets_inception_pyramid_time_only,ets inception pyramid time only,2029,100.00000000000098,0.9645393103247316,seed,
ets_inception_pyramid_time_only,ets inception pyramid time only,2029,110.00000000000098,0.9328307649148315,seed,
ets_inception_pyramid_time_only,ets inception pyramid time only,2029,120.000000000001,0.9003133764691562,seed,
ets_inception_pyramid_time_only,ets inception pyramid time only,2029,130.000000000001,0.8703988691955964,seed,
ets_inception_pyramid_time_only,ets inception pyramid time only,2029,140.00000000000102,0.8425759557237619,seed,
ets_inception_pyramid_time_only,ets inception pyramid time only,2029,150.00000000000102,0.8147324251879932,seed,
ets_inception_pyramid_time_only,ets inception pyramid time only,2029,160.00000000000102,0.7934144808388217,seed,
ets_inception_pyramid_time_only,ets inception pyramid time only,2029,170.00000000000105,0.7704685129918123,seed,
ets_inception_pyramid_time_only,ets inception pyramid time only,2029,180.00000000000105,0.7469570220022259,seed,
ets_inception_pyramid_time_only,ets inception pyramid time only,2029,190.00000000000105,0.7251902371740478,seed,
ets_inception_pyramid_time_only,ets inception pyramid time only,2029,200.00000000000108,0.7044555876494819,seed,
ets_inception_pyramid_time_only,ets inception pyramid time only,2029,210.00000000000108,0.6829882059965907,seed,
ets_inception_pyramid_time_only,ets inception pyramid time only,2029,220.00000000000108,0.6591391863468155,seed,
ets_inception_pyramid_time_only,ets inception pyramid time only,2029,230.00000000000108,0.6334762167112283,seed,
ets_inception_pyramid_time_only,ets inception pyramid time only,2029,240.0000000000011,0.6104256267117262,seed,
ets_inception_pyramid_time_only,ets inception pyramid time only,2029,250.0000000000011,0.5896953036083138,seed,
ets_inception_pyramid_time_only,ets inception pyramid time only,2029,260.00000000000114,0.5705915233283958,seed,
ets_inception_pyramid_time_only,ets inception pyramid time only,2029,270.00000000000114,0.5532326998518061,seed,
ets_inception_pyramid_time_only,ets inception pyramid time only,2029,280.00000000000114,0.5382672991051568,seed,
ets_inception_pyramid_time_only,ets inception pyramid time only,2029,290.00000000000114,0.5261486216319394,seed,
ets_inception_pyramid_time_only,ets inception pyramid time only,2029,300.00000000000114,0.5121910789274983,seed,
ets_inception_pyramid_time_only,ets inception pyramid time only,2029,310.00000000000114,0.4996420246386317,seed,
ets_inception_pyramid_time_only,ets inception pyramid time only,2029,320.0000000000012,0.4903528851743189,seed,
ets_inception_pyramid_time_only,ets inception pyramid time only,2029,330.0000000000012,0.4803014281612,seed,
ets_inception_pyramid_time_only,ets inception pyramid time only,2029,340.0000000000012,0.4681942969988915,seed,
ets_inception_pyramid_time_only,ets inception pyramid time only,2029,350.0000000000012,0.46185824428355055,seed,
ets_inception_pyramid_time_only,ets inception pyramid time only,2029,360.0000000000012,0.4562684768197819,seed,
ets_inception_pyramid_time_only,ets inception pyramid time only,2029,370.0000000000012,0.44757543729524196,seed,
ets_inception_pyramid_time_only,ets inception pyramid time only,2029,380.00000000000125,0.446550716952631,seed,
ets_inception_pyramid_time_only,ets inception pyramid time only,2029,390.00000000000125,0.4427867951794692,seed,
ets_inception_pyramid_time_only,ets inception pyramid time only,2029,400.00000000000125,0.4374819783432796,seed,
ets_inception_pyramid_time_only,ets inception pyramid time only,2029,410.00000000000125,0.43589039627162773,seed,
ets_inception_pyramid_time_only,ets inception pyramid time only,2029,420.00000000000125,0.4295871116998317,seed,
ets_inception_pyramid_time_only,ets inception pyramid time only,2029,430.00000000000125,0.4203768460611542,seed,
ets_inception_pyramid_time_only,ets inception pyramid time only,2029,440.00000000000125,0.4153100193242753,seed,
ets_inception_pyramid_time_only,ets inception pyramid time only,2029,450.0000000000013,0.41014805510228286,seed,
ets_inception_pyramid_time_only,ets inception pyramid time only,2029,460.0000000000013,0.40123311452194704,seed,
ets_inception_pyramid_time_only,ets inception pyramid time only,2029,470.0000000000013,0.3991773709199134,seed,
ets_inception_pyramid_time_only,ets inception pyramid time only,2029,480.0000000000013,0.3980024442486258,seed,
ets_inception_pyramid_time_only,ets inception pyramid time only,2029,490.0000000000013,0.39315494182686417,seed,
ets_inception_pyramid_time_only,ets inception pyramid time only,2029,500.0000000000013,0.3912023329614979,seed,
ets_inception_pyramid_time_only,ets inception pyramid time only,2029,510.00000000000136,0.3883527939945747,seed,
ets_inception_pyramid_time_only,ets inception pyramid time only,2029,520.0000000000014,0.3868449697558786,seed,
ets_inception_pyramid_time_only,ets inception pyramid time only,2029,530.0000000000014,0.38298910034335015,seed,
ets_inception_pyramid_time_only,ets inception pyramid time only,2029,540.0000000000014,0.38270955807289897,seed,
ets_inception_pyramid_time_only,ets inception pyramid time only,2029,550.0000000000014,0.38487370402012605,seed,
ets_inception_pyramid_time_only,ets inception pyramid time only,2029,560.0000000000014,0.37898422966002915,seed,
ets_inception_pyramid_time_only,ets inception pyramid time only,2029,570.0000000000014,0.37615391600133724,seed,
ets_inception_pyramid_time_only,ets inception pyramid time only,2029,580.0000000000014,0.3794332249642318,seed,
ets_inception_pyramid_time_only,ets inception pyramid time only,2029,590.0000000000014,0.37405641378516596,seed,
ets_inception_pyramid_time_only,ets inception pyramid time only,2029,600.0000000000014,0.37634870396558523,seed,
ets_inception_pyramid_time_only,ets inception pyramid time only,2029,610.0000000000015,0.38016763987104263,seed,
ets_inception_pyramid_time_only,ets inception pyramid time only,2029,620.0000000000015,0.37515100924107275,seed,
ets_inception_pyramid_time_only,ets inception pyramid time only,2029,630.0000000000015,0.3723025168420618,seed,
ets_inception_pyramid_time_only,ets inception pyramid time only,2029,640.0000000000015,0.37522519145512084,seed,
ets_inception_pyramid_time_only,ets inception pyramid time only,2029,650.0000000000015,0.3712550918577192,seed,
ets_inception_pyramid_time_only,ets inception pyramid time only,2029,660.0000000000015,0.37813002063586343,seed,
ets_inception_pyramid_time_only,ets inception pyramid time only,2029,670.0000000000015,0.3792509660646772,seed,
ets_inception_pyramid_time_only,ets inception pyramid time only,2029,680.0000000000015,0.37561010545861573,seed,
ets_inception_pyramid_time_only,ets inception pyramid time only,2029,690.0000000000015,0.37384895408496943,seed,
ets_inception_pyramid_time_only,ets inception pyramid time only,2029,700.0000000000015,0.37070884090368267,seed,
ets_inception_pyramid_time_only,ets inception pyramid time only,2029,710.0000000000015,0.3621822936719162,seed,
ets_inception_pyramid_time_only,ets inception pyramid time only,2029,720.0000000000015,0.36632617617222496,seed,
ets_inception_pyramid_time_only,ets inception pyramid time only,2029,730.0000000000016,0.362921333018807,seed,
ets_inception_pyramid_time_only,ets inception pyramid time only,2029,740.0000000000016,0.3553812107791358,seed,
ets_inception_pyramid_time_only,ets inception pyramid time only,2029,750.0000000000016,0.35538050708920416,seed,
ets_inception_pyramid_time_only,ets inception pyramid time only,2029,760.0000000000016,0.3572629834362315,seed,
ets_inception_pyramid_time_only,ets inception pyramid time only,2029,770.0000000000016,0.35124626177822205,seed,
ets_inception_pyramid_time_only,ets inception pyramid time only,2029,780.0000000000016,0.3577169889644359,seed,
ets_inception_pyramid_time_only,ets inception pyramid time only,2029,790.0000000000016,0.3561734505073487,seed,
ets_inception_pyramid_time_only,ets inception pyramid time only,2029,800.0000000000016,0.3602846445677754,seed,
ets_inception_pyramid_time_only,ets inception pyramid time only,2029,810.0000000000016,0.35361286153630955,seed,
ets_inception_pyramid_time_only,ets inception pyramid time only,2029,820.0000000000016,0.3547476880039979,seed,
ets_inception_pyramid_time_only,ets inception pyramid time only,2029,830.0000000000016,0.3613508887084731,seed,
ets_inception_pyramid_time_only,ets inception pyramid time only,2029,840.0000000000016,0.3578214951467324,seed,
ets_inception_pyramid_time_only,ets inception pyramid time only,2029,850.0000000000016,0.35878824775976675,seed,
ets_inception_pyramid_time_only,ets inception pyramid time only,2029,860.0000000000017,0.35978172345547904,seed,
ets_inception_pyramid_time_only,ets inception pyramid time only,2029,870.0000000000017,0.3498011966101339,seed,
ets_inception_pyramid_time_only,ets inception pyramid time only,2029,880.0000000000017,0.3546655816180227,seed,
ets_inception_pyramid_time_only,ets inception pyramid time only,2029,890.0000000000017,0.36400455395485193,seed,
ets_inception_pyramid_time_only,ets inception pyramid time only,2029,900.0000000000017,0.3607276998231346,seed,
ets_inception_pyramid_time_only,ets inception pyramid time only,2029,910.0000000000017,0.3654940237024665,seed,
ets_inception_pyramid_time_only,ets inception pyramid time only,2029,920.0000000000017,0.3617585657904382,seed,
ets_inception_pyramid_time_only,ets inception pyramid time only,2029,930.0000000000017,0.3598220747710816,seed,
ets_inception_pyramid_time_only,ets inception pyramid time only,2029,940.0000000000017,0.3660271483583928,seed,
ets_inception_pyramid_time_only,ets inception pyramid time only,2029,950.0000000000017,0.3617670475012428,seed,
ets_inception_pyramid_time_only,ets inception pyramid time only,2029,960.0000000000017,0.3533013237499164,seed,
ets_inception_pyramid_time_only,ets inception pyramid time only,2029,970.0000000000017,0.3568032495858685,seed,
ets_inception_pyramid_time_only,ets inception pyramid time only,2029,980.0000000000017,0.35814341936494687,seed,
ets_inception_pyramid_time_only,ets inception pyramid time only,2029,990.0000000000018,0.3566585854771474,seed,
ets_inception_pyramid_time_only,ets inception pyramid time only,2029,1000.0000000000018,0.3675932081230504,seed,
ets_inception_pyramid_time_only,ets inception pyramid time only,mean,-1000.0,0.16259649177097643,group_mean,0.015363396254137024
ets_inception_pyramid_time_only,ets inception pyramid time only,mean,-990.0,0.1664714961272875,group_mean,0.01564155349075722
ets_inception_pyramid_time_only,ets inception pyramid time only,mean,-980.0,0.17100799936866395,group_mean,0.015552095495012932
ets_inception_pyramid_time_only,ets inception pyramid time only,mean,-970.0,0.17429253998855346,group_mean,0.01577934255227125
ets_inception_pyramid_time_only,ets inception pyramid time only,mean,-960.0,0.1771241633277682,group_mean,0.016055699076814343
ets_inception_pyramid_time_only,ets inception pyramid time only,mean,-950.0,0.18003412069198402,group_mean,0.016410173788610486
ets_inception_pyramid_time_only,ets inception pyramid time only,mean,-940.0,0.18401328102622996,group_mean,0.01678010146181452
ets_inception_pyramid_time_only,ets inception pyramid time only,mean,-929.9999999999999,0.18682027883670066,group_mean,0.016476427446170092
ets_inception_pyramid_time_only,ets inception pyramid time only,mean,-919.9999999999999,0.18994228130020607,group_mean,0.01561404951328797
ets_inception_pyramid_time_only,ets inception pyramid time only,mean,-909.9999999999999,0.19319078530309483,group_mean,0.014875288979713418
ets_inception_pyramid_time_only,ets inception pyramid time only,mean,-899.9999999999999,0.19718322638223043,group_mean,0.01399181240008911
ets_inception_pyramid_time_only,ets inception pyramid time only,mean,-889.9999999999999,0.20098131301877026,group_mean,0.014082895488269874
ets_inception_pyramid_time_only,ets inception pyramid time only,mean,-879.9999999999999,0.2048317576861065,group_mean,0.0153389597750508
ets_inception_pyramid_time_only,ets inception pyramid time only,mean,-869.9999999999999,0.2095621439033751,group_mean,0.016435778382968537
ets_inception_pyramid_time_only,ets inception pyramid time only,mean,-859.9999999999999,0.21392962115461817,group_mean,0.017789960169978025
ets_inception_pyramid_time_only,ets inception pyramid time only,mean,-849.9999999999999,0.21780094757502533,group_mean,0.018251988958760183
ets_inception_pyramid_time_only,ets inception pyramid time only,mean,-839.9999999999999,0.22144092203449883,group_mean,0.016834565677602626
ets_inception_pyramid_time_only,ets inception pyramid time only,mean,-829.9999999999999,0.2264467158431925,group_mean,0.016695255342234077
ets_inception_pyramid_time_only,ets inception pyramid time only,mean,-819.9999999999999,0.23066696905163867,group_mean,0.01672015305826811
ets_inception_pyramid_time_only,ets inception pyramid time only,mean,-809.9999999999999,0.23403893310927293,group_mean,0.01705215590020302
ets_inception_pyramid_time_only,ets inception pyramid time only,mean,-799.9999999999998,0.23846517286066443,group_mean,0.017230592119454647
ets_inception_pyramid_time_only,ets inception pyramid time only,mean,-789.9999999999998,0.2429069246922349,group_mean,0.017456380494175475
ets_inception_pyramid_time_only,ets inception pyramid time only,mean,-779.9999999999998,0.24727325350875917,group_mean,0.01709501950885517
ets_inception_pyramid_time_only,ets inception pyramid time only,mean,-769.9999999999998,0.2534784650743278,group_mean,0.016967561929558308
ets_inception_pyramid_time_only,ets inception pyramid time only,mean,-759.9999999999998,0.25906578106553624,group_mean,0.016488975604477138
ets_inception_pyramid_time_only,ets inception pyramid time only,mean,-749.9999999999998,0.2632366349765512,group_mean,0.016256146858814668
ets_inception_pyramid_time_only,ets inception pyramid time only,mean,-739.9999999999998,0.2685409224954626,group_mean,0.01639953625980141
ets_inception_pyramid_time_only,ets inception pyramid time only,mean,-729.9999999999998,0.2751188140990296,group_mean,0.01674696756629192
ets_inception_pyramid_time_only,ets inception pyramid time only,mean,-719.9999999999998,0.2809602989108179,group_mean,0.016754152857406467
ets_inception_pyramid_time_only,ets inception pyramid time only,mean,-709.9999999999998,0.2859523550799509,group_mean,0.01576703642565868
ets_inception_pyramid_time_only,ets inception pyramid time only,mean,-699.9999999999998,0.2913147365476415,group_mean,0.014696522349540898
ets_inception_pyramid_time_only,ets inception pyramid time only,mean,-689.9999999999998,0.2977482121072506,group_mean,0.013613560664976624
ets_inception_pyramid_time_only,ets inception pyramid time only,mean,-679.9999999999998,0.30287277848663346,group_mean,0.013054425286779964
ets_inception_pyramid_time_only,ets inception pyramid time only,mean,-669.9999999999997,0.30822082702225556,group_mean,0.012898585986369832
ets_inception_pyramid_time_only,ets inception pyramid time only,mean,-659.9999999999997,0.3139793618164856,group_mean,0.013369448981829514
ets_inception_pyramid_time_only,ets inception pyramid time only,mean,-649.9999999999997,0.3186966279410594,group_mean,0.013834284858855456
ets_inception_pyramid_time_only,ets inception pyramid time only,mean,-639.9999999999997,0.3233060656787855,group_mean,0.014255871151486339
ets_inception_pyramid_time_only,ets inception pyramid time only,mean,-629.9999999999997,0.3292733386621113,group_mean,0.014243368191548828
ets_inception_pyramid_time_only,ets inception pyramid time only,mean,-619.9999999999997,0.3347683367183035,group_mean,0.014404922721310026
ets_inception_pyramid_time_only,ets inception pyramid time only,mean,-609.9999999999997,0.3393599836118554,group_mean,0.01420337585434716
ets_inception_pyramid_time_only,ets inception pyramid time only,mean,-599.9999999999997,0.3452006574764214,group_mean,0.01428890434148898
ets_inception_pyramid_time_only,ets inception pyramid time only,mean,-589.9999999999997,0.35208372315461123,group_mean,0.015057701598013382
ets_inception_pyramid_time_only,ets inception pyramid time only,mean,-579.9999999999997,0.3597094245002207,group_mean,0.014506302494317235
ets_inception_pyramid_time_only,ets inception pyramid time only,mean,-569.9999999999997,0.36818040577258315,group_mean,0.014558767617638092
ets_inception_pyramid_time_only,ets inception pyramid time only,mean,-559.9999999999997,0.37631605714972793,group_mean,0.015030059427948357
ets_inception_pyramid_time_only,ets inception pyramid time only,mean,-549.9999999999995,0.38492921994337587,group_mean,0.015285522708639835
ets_inception_pyramid_time_only,ets inception pyramid time only,mean,-539.9999999999995,0.3930411364446826,group_mean,0.01569551445561146
ets_inception_pyramid_time_only,ets inception pyramid time only,mean,-529.9999999999995,0.4001633440981719,group_mean,0.015596288765392997
ets_inception_pyramid_time_only,ets inception pyramid time only,mean,-519.9999999999995,0.4076042662700706,group_mean,0.016080120703818392
ets_inception_pyramid_time_only,ets inception pyramid time only,mean,-509.99999999999955,0.415017602272649,group_mean,0.016213241163883604
ets_inception_pyramid_time_only,ets inception pyramid time only,mean,-499.99999999999955,0.4233252255471712,group_mean,0.017603536028795688
ets_inception_pyramid_time_only,ets inception pyramid time only,mean,-489.99999999999955,0.4305696149335125,group_mean,0.019165967923692854
ets_inception_pyramid_time_only,ets inception pyramid time only,mean,-479.99999999999955,0.44019423070644786,group_mean,0.019967882211974212
ets_inception_pyramid_time_only,ets inception pyramid time only,mean,-469.99999999999955,0.4508252806727797,group_mean,0.020450287913595377
ets_inception_pyramid_time_only,ets inception pyramid time only,mean,-459.99999999999955,0.4596785165324543,group_mean,0.019612136898929412
ets_inception_pyramid_time_only,ets inception pyramid time only,mean,-449.9999999999995,0.46916740669101253,group_mean,0.019917796025025893
ets_inception_pyramid_time_only,ets inception pyramid time only,mean,-439.9999999999995,0.47777428095512375,group_mean,0.020444103433720277
ets_inception_pyramid_time_only,ets inception pyramid time only,mean,-429.9999999999995,0.48444107079046006,group_mean,0.020835516886878305
ets_inception_pyramid_time_only,ets inception pyramid time only,mean,-419.9999999999995,0.4936176515156629,group_mean,0.023147345969805246
ets_inception_pyramid_time_only,ets inception pyramid time only,mean,-409.9999999999995,0.504468693435828,group_mean,0.02590914938618085
ets_inception_pyramid_time_only,ets inception pyramid time only,mean,-399.9999999999995,0.5160168323456297,group_mean,0.0266902014486594
ets_inception_pyramid_time_only,ets inception pyramid time only,mean,-389.99999999999943,0.5290605457613109,group_mean,0.028622160263633824
ets_inception_pyramid_time_only,ets inception pyramid time only,mean,-379.99999999999943,0.5402155767102818,group_mean,0.029544912263182507
ets_inception_pyramid_time_only,ets inception pyramid time only,mean,-369.99999999999943,0.550127766960955,group_mean,0.02997908890687853
ets_inception_pyramid_time_only,ets inception pyramid time only,mean,-359.99999999999943,0.5612685075042025,group_mean,0.030434530676866137
ets_inception_pyramid_time_only,ets inception pyramid time only,mean,-349.99999999999943,0.5728710933027156,group_mean,0.031114700058781183
ets_inception_pyramid_time_only,ets inception pyramid time only,mean,-339.99999999999943,0.5848007591475337,group_mean,0.03165154106614395
ets_inception_pyramid_time_only,ets inception pyramid time only,mean,-329.99999999999943,0.5984834584081078,group_mean,0.0316048037412542
ets_inception_pyramid_time_only,ets inception pyramid time only,mean,-319.9999999999994,0.6127742797815464,group_mean,0.0331002960658487
ets_inception_pyramid_time_only,ets inception pyramid time only,mean,-309.9999999999994,0.6285315064364636,group_mean,0.03542118352479038
ets_inception_pyramid_time_only,ets inception pyramid time only,mean,-299.9999999999994,0.6437538089487429,group_mean,0.03672268742401705
ets_inception_pyramid_time_only,ets inception pyramid time only,mean,-289.9999999999994,0.657646020054784,group_mean,0.03778096160205855
ets_inception_pyramid_time_only,ets inception pyramid time only,mean,-279.9999999999994,0.6717172655308211,group_mean,0.03866099939651596
ets_inception_pyramid_time_only,ets inception pyramid time only,mean,-269.9999999999994,0.687057138998432,group_mean,0.03893924434575965
ets_inception_pyramid_time_only,ets inception pyramid time only,mean,-259.9999999999993,0.7029729677793096,group_mean,0.03832743896713156
ets_inception_pyramid_time_only,ets inception pyramid time only,mean,-249.99999999999935,0.7181239265610092,group_mean,0.03619473434328979
ets_inception_pyramid_time_only,ets inception pyramid time only,mean,-239.99999999999932,0.7345242909063936,group_mean,0.03532011208517081
ets_inception_pyramid_time_only,ets inception pyramid time only,mean,-229.99999999999932,0.7507287526545022,group_mean,0.03629636205287479
ets_inception_pyramid_time_only,ets inception pyramid time only,mean,-219.99999999999932,0.7679696600260391,group_mean,0.03696514328754727
ets_inception_pyramid_time_only,ets inception pyramid time only,mean,-209.9999999999993,0.7862999459441857,group_mean,0.0389553550810508
ets_inception_pyramid_time_only,ets inception pyramid time only,mean,-199.9999999999993,0.8061336125245926,group_mean,0.03796637648945816
ets_inception_pyramid_time_only,ets inception pyramid time only,mean,-189.9999999999993,0.8288628011654919,group_mean,0.037042607092310845
ets_inception_pyramid_time_only,ets inception pyramid time only,mean,-179.99999999999926,0.8517168194077831,group_mean,0.036530191992857494
ets_inception_pyramid_time_only,ets inception pyramid time only,mean,-169.99999999999926,0.87388293797349,group_mean,0.03481830978161616
ets_inception_pyramid_time_only,ets inception pyramid time only,mean,-159.99999999999926,0.8989735573909776,group_mean,0.03283432020496167
ets_inception_pyramid_time_only,ets inception pyramid time only,mean,-149.99999999999923,0.9236226340910484,group_mean,0.029410548353570265
ets_inception_pyramid_time_only,ets inception pyramid time only,mean,-139.99999999999923,0.9470883088908589,group_mean,0.02652353813796335
ets_inception_pyramid_time_only,ets inception pyramid time only,mean,-129.99999999999923,0.9667895623708157,group_mean,0.020999213703465757
ets_inception_pyramid_time_only,ets inception pyramid time only,mean,-119.99999999999922,0.9870686635538934,group_mean,0.015369359584219618
ets_inception_pyramid_time_only,ets inception pyramid time only,mean,-109.9999999999992,1.0087633339677622,group_mean,0.012150516924864335
ets_inception_pyramid_time_only,ets inception pyramid time only,mean,-99.9999999999992,1.0308778430701522,group_mean,0.013918511367178494
ets_inception_pyramid_time_only,ets inception pyramid time only,mean,-89.99999999999919,1.0542316476419076,group_mean,0.018574522205747346
ets_inception_pyramid_time_only,ets inception pyramid time only,mean,-79.99999999999918,1.0771482679383444,group_mean,0.02408013672899454
ets_inception_pyramid_time_only,ets inception pyramid time only,mean,-69.99999999999918,1.0992582618175315,group_mean,0.02981690996427123
ets_inception_pyramid_time_only,ets inception pyramid time only,mean,-59.99999999999916,1.1220373357900324,group_mean,0.03399239969939879
ets_inception_pyramid_time_only,ets inception pyramid time only,mean,-49.999999999999154,1.1419394635185705,group_mean,0.03451752609527245
ets_inception_pyramid_time_only,ets inception pyramid time only,mean,-39.99999999999915,1.157988554710776,group_mean,0.03501046943794537
ets_inception_pyramid_time_only,ets inception pyramid time only,mean,-29.99999999999914,1.174387944408825,group_mean,0.03445547027675347
ets_inception_pyramid_time_only,ets inception pyramid time only,mean,-19.99999999999913,1.1865306220133225,group_mean,0.033600912713667254
ets_inception_pyramid_time_only,ets inception pyramid time only,mean,-9.99999999999912,1.190791913508504,group_mean,0.03333036156747549
ets_inception_pyramid_time_only,ets inception pyramid time only,mean,8.881784197001252e-13,1.1912774190201751,group_mean,0.033021696758729895
ets_inception_pyramid_time_only,ets inception pyramid time only,mean,10.000000000000897,1.1876845952925286,group_mean,0.03458390020480799
ets_inception_pyramid_time_only,ets inception pyramid time only,mean,20.000000000000906,1.1780261550192104,group_mean,0.03942619061694353
ets_inception_pyramid_time_only,ets inception pyramid time only,mean,30.000000000000917,1.165074090414389,group_mean,0.04467643473904105
ets_inception_pyramid_time_only,ets inception pyramid time only,mean,40.000000000000924,1.1488394113283615,group_mean,0.05002003697515385
ets_inception_pyramid_time_only,ets inception pyramid time only,mean,50.00000000000093,1.1268205560164783,group_mean,0.05362998988321666
ets_inception_pyramid_time_only,ets inception pyramid time only,mean,60.00000000000094,1.0993793674688142,group_mean,0.05497189602578072
ets_inception_pyramid_time_only,ets inception pyramid time only,mean,70.00000000000095,1.071863473004265,group_mean,0.05398537327088146
ets_inception_pyramid_time_only,ets inception pyramid time only,mean,80.00000000000097,1.0453339468622531,group_mean,0.05221508793163984
ets_inception_pyramid_time_only,ets inception pyramid time only,mean,90.00000000000097,1.0129788412811878,group_mean,0.04790356055870447
ets_inception_pyramid_time_only,ets inception pyramid time only,mean,100.00000000000098,0.9764777389994579,group_mean,0.04456169892935774
ets_inception_pyramid_time_only,ets inception pyramid time only,mean,110.00000000000098,0.9425317681845305,group_mean,0.042248696678081794
ets_inception_pyramid_time_only,ets inception pyramid time only,mean,120.000000000001,0.9124598042705271,group_mean,0.041399922102787964
ets_inception_pyramid_time_only,ets inception pyramid time only,mean,130.000000000001,0.88596813664442,group_mean,0.04213347242642437
ets_inception_pyramid_time_only,ets inception pyramid time only,mean,140.00000000000102,0.8632564086069541,group_mean,0.042814684677432255
ets_inception_pyramid_time_only,ets inception pyramid time only,mean,150.00000000000102,0.8401376167388991,group_mean,0.04483910414083979
ets_inception_pyramid_time_only,ets inception pyramid time only,mean,160.00000000000102,0.8209439359425479,group_mean,0.045425144017316135
ets_inception_pyramid_time_only,ets inception pyramid time only,mean,170.00000000000105,0.7994689657092986,group_mean,0.04742632123661798
ets_inception_pyramid_time_only,ets inception pyramid time only,mean,180.00000000000105,0.7778775826435009,group_mean,0.04918498517764096
ets_inception_pyramid_time_only,ets inception pyramid time only,mean,190.00000000000105,0.7562353654805201,group_mean,0.04837274157791244
ets_inception_pyramid_time_only,ets inception pyramid time only,mean,200.00000000000108,0.7329546828181805,group_mean,0.04788497367628366
ets_inception_pyramid_time_only,ets inception pyramid time only,mean,210.00000000000108,0.7096968025750846,group_mean,0.04836830069365214
ets_inception_pyramid_time_only,ets inception pyramid time only,mean,220.00000000000108,0.6878499039755054,group_mean,0.04820161992138943
ets_inception_pyramid_time_only,ets inception pyramid time only,mean,230.00000000000108,0.6651932777997412,group_mean,0.04736444105532357
ets_inception_pyramid_time_only,ets inception pyramid time only,mean,240.0000000000011,0.6434021534189843,group_mean,0.0470053868830523
ets_inception_pyramid_time_only,ets inception pyramid time only,mean,250.0000000000011,0.6239235534496276,group_mean,0.046196208586450294
ets_inception_pyramid_time_only,ets inception pyramid time only,mean,260.00000000000114,0.6064277565888215,group_mean,0.04421717990612545
ets_inception_pyramid_time_only,ets inception pyramid time only,mean,270.00000000000114,0.5911725257852896,group_mean,0.04315650387298095
ets_inception_pyramid_time_only,ets inception pyramid time only,mean,280.00000000000114,0.5758998858343578,group_mean,0.04264235399246402
ets_inception_pyramid_time_only,ets inception pyramid time only,mean,290.00000000000114,0.5633903286673239,group_mean,0.04076993276753059
ets_inception_pyramid_time_only,ets inception pyramid time only,mean,300.00000000000114,0.5497574609806783,group_mean,0.03963938085365815
ets_inception_pyramid_time_only,ets inception pyramid time only,mean,310.00000000000114,0.5371416427784422,group_mean,0.03871757992388759
ets_inception_pyramid_time_only,ets inception pyramid time only,mean,320.0000000000012,0.5259470148827841,group_mean,0.03748910299658392
ets_inception_pyramid_time_only,ets inception pyramid time only,mean,330.0000000000012,0.515497028461919,group_mean,0.03530964853775438
ets_inception_pyramid_time_only,ets inception pyramid time only,mean,340.0000000000012,0.5053413493061931,group_mean,0.034222113891230095
ets_inception_pyramid_time_only,ets inception pyramid time only,mean,350.0000000000012,0.4982612463468591,group_mean,0.032499687149608436
ets_inception_pyramid_time_only,ets inception pyramid time only,mean,360.0000000000012,0.4917936699947513,group_mean,0.031043557127261437
ets_inception_pyramid_time_only,ets inception pyramid time only,mean,370.0000000000012,0.4840082673743237,group_mean,0.031016612756746102
ets_inception_pyramid_time_only,ets inception pyramid time only,mean,380.00000000000125,0.48022379865416226,group_mean,0.030102527649278225
ets_inception_pyramid_time_only,ets inception pyramid time only,mean,390.00000000000125,0.4750057719624946,group_mean,0.029465997420779745
ets_inception_pyramid_time_only,ets inception pyramid time only,mean,400.00000000000125,0.46885311624962844,group_mean,0.029746167130913333
ets_inception_pyramid_time_only,ets inception pyramid time only,mean,410.00000000000125,0.46510500957381157,group_mean,0.029054408898393183
ets_inception_pyramid_time_only,ets inception pyramid time only,mean,420.00000000000125,0.4582910183008361,group_mean,0.030211940207294393
ets_inception_pyramid_time_only,ets inception pyramid time only,mean,430.00000000000125,0.4488978970593823,group_mean,0.03190602823079515
ets_inception_pyramid_time_only,ets inception pyramid time only,mean,440.00000000000125,0.44286325683020367,group_mean,0.03070316479381888
ets_inception_pyramid_time_only,ets inception pyramid time only,mean,450.0000000000013,0.43642590340587273,group_mean,0.028853297246979402
ets_inception_pyramid_time_only,ets inception pyramid time only,mean,460.0000000000013,0.4276296718932856,group_mean,0.029482446456790778
ets_inception_pyramid_time_only,ets inception pyramid time only,mean,470.0000000000013,0.4237610688494729,group_mean,0.027313589208451255
ets_inception_pyramid_time_only,ets inception pyramid time only,mean,480.0000000000013,0.41870138488722686,group_mean,0.024713285860916
ets_inception_pyramid_time_only,ets inception pyramid time only,mean,490.0000000000013,0.41142055832014446,group_mean,0.024166348670570124
ets_inception_pyramid_time_only,ets inception pyramid time only,mean,500.0000000000013,0.4069645729594485,group_mean,0.02247024056659623
ets_inception_pyramid_time_only,ets inception pyramid time only,mean,510.00000000000136,0.4014889705907976,group_mean,0.021274562847026352
ets_inception_pyramid_time_only,ets inception pyramid time only,mean,520.0000000000014,0.3973875911018728,group_mean,0.01831186373411965
ets_inception_pyramid_time_only,ets inception pyramid time only,mean,530.0000000000014,0.39149358702880577,group_mean,0.016588352608306094
ets_inception_pyramid_time_only,ets inception pyramid time only,mean,540.0000000000014,0.3885004597252447,group_mean,0.013539381103231782
ets_inception_pyramid_time_only,ets inception pyramid time only,mean,550.0000000000014,0.387662130484623,group_mean,0.009909407459445227
ets_inception_pyramid_time_only,ets inception pyramid time only,mean,560.0000000000014,0.3823142319611242,group_mean,0.010388411572943292
ets_inception_pyramid_time_only,ets inception pyramid time only,mean,570.0000000000014,0.37945598438586614,group_mean,0.010032025820197677
ets_inception_pyramid_time_only,ets inception pyramid time only,mean,580.0000000000014,0.38023074994158534,group_mean,0.008624281857100872
ets_inception_pyramid_time_only,ets inception pyramid time only,mean,590.0000000000014,0.37587630028469887,group_mean,0.008652093518467126
ets_inception_pyramid_time_only,ets inception pyramid time only,mean,600.0000000000014,0.3759321811364891,group_mean,0.007264809552900708
ets_inception_pyramid_time_only,ets inception pyramid time only,mean,610.0000000000015,0.37683844786121956,group_mean,0.006045761610895048
ets_inception_pyramid_time_only,ets inception pyramid time only,mean,620.0000000000015,0.37270721645019567,group_mean,0.0063821861131544925
ets_inception_pyramid_time_only,ets inception pyramid time only,mean,630.0000000000015,0.36959633596010877,group_mean,0.006348196131952274
ets_inception_pyramid_time_only,ets inception pyramid time only,mean,640.0000000000015,0.37205851543690666,group_mean,0.004643779411613902
ets_inception_pyramid_time_only,ets inception pyramid time only,mean,650.0000000000015,0.36716833479019206,group_mean,0.00461174737402344
ets_inception_pyramid_time_only,ets inception pyramid time only,mean,660.0000000000015,0.36781150871408663,group_mean,0.007115697502650294
ets_inception_pyramid_time_only,ets inception pyramid time only,mean,670.0000000000015,0.36697732467000216,group_mean,0.008683516451699192
ets_inception_pyramid_time_only,ets inception pyramid time only,mean,680.0000000000015,0.36127237936679474,group_mean,0.009068578588124687
ets_inception_pyramid_time_only,ets inception pyramid time only,mean,690.0000000000015,0.3588040841806789,group_mean,0.009559829066011723
ets_inception_pyramid_time_only,ets inception pyramid time only,mean,700.0000000000015,0.3555226286608064,group_mean,0.009953199101495535
ets_inception_pyramid_time_only,ets inception pyramid time only,mean,710.0000000000015,0.3486846639035196,group_mean,0.00878272677798574
ets_inception_pyramid_time_only,ets inception pyramid time only,mean,720.0000000000015,0.35090279603345875,group_mean,0.011185789426855336
ets_inception_pyramid_time_only,ets inception pyramid time only,mean,730.0000000000016,0.3493610548026001,group_mean,0.010720255798863225
ets_inception_pyramid_time_only,ets inception pyramid time only,mean,740.0000000000016,0.34397477254372066,group_mean,0.008897274337507269
ets_inception_pyramid_time_only,ets inception pyramid time only,mean,750.0000000000016,0.3427542403884778,group_mean,0.01066120887492018
ets_inception_pyramid_time_only,ets inception pyramid time only,mean,760.0000000000016,0.3427963059470051,group_mean,0.012237930522618635
ets_inception_pyramid_time_only,ets inception pyramid time only,mean,770.0000000000016,0.3369803255637683,group_mean,0.011315478963216654
ets_inception_pyramid_time_only,ets inception pyramid time only,mean,780.0000000000016,0.34041816001991726,group_mean,0.014166713288506284
ets_inception_pyramid_time_only,ets inception pyramid time only,mean,790.0000000000016,0.3393381735065585,group_mean,0.014654325064790337
ets_inception_pyramid_time_only,ets inception pyramid time only,mean,800.0000000000016,0.3408500803030512,group_mean,0.017024106585214166
ets_inception_pyramid_time_only,ets inception pyramid time only,mean,810.0000000000016,0.33474400935674664,group_mean,0.01433861528379062
ets_inception_pyramid_time_only,ets inception pyramid time only,mean,820.0000000000016,0.3360463396440614,group_mean,0.01552948185234559
ets_inception_pyramid_time_only,ets inception pyramid time only,mean,830.0000000000016,0.3422749537355794,group_mean,0.017699680861360912
ets_inception_pyramid_time_only,ets inception pyramid time only,mean,840.0000000000016,0.33998954797860464,group_mean,0.015496902834495334
ets_inception_pyramid_time_only,ets inception pyramid time only,mean,850.0000000000016,0.34069229967842424,group_mean,0.015209442636561614
ets_inception_pyramid_time_only,ets inception pyramid time only,mean,860.0000000000017,0.34004472417509424,group_mean,0.0179890009353489
ets_inception_pyramid_time_only,ets inception pyramid time only,mean,870.0000000000017,0.3318576608068203,group_mean,0.01628335636839284
ets_inception_pyramid_time_only,ets inception pyramid time only,mean,880.0000000000017,0.3361854138398596,group_mean,0.018390930675673434
ets_inception_pyramid_time_only,ets inception pyramid time only,mean,890.0000000000017,0.3420298897058425,group_mean,0.02137327287185726
ets_inception_pyramid_time_only,ets inception pyramid time only,mean,900.0000000000017,0.3377931668184442,group_mean,0.019724238097374135
ets_inception_pyramid_time_only,ets inception pyramid time only,mean,910.0000000000017,0.3386240246578969,group_mean,0.021837907267284202
ets_inception_pyramid_time_only,ets inception pyramid time only,mean,920.0000000000017,0.3347960486367998,group_mean,0.021963059166051107
ets_inception_pyramid_time_only,ets inception pyramid time only,mean,930.0000000000017,0.32987976588728174,group_mean,0.02265913723702104
ets_inception_pyramid_time_only,ets inception pyramid time only,mean,940.0000000000017,0.33376371014168693,group_mean,0.026032304501190186
ets_inception_pyramid_time_only,ets inception pyramid time only,mean,950.0000000000017,0.3313607047112477,group_mean,0.02533106496694996
ets_inception_pyramid_time_only,ets inception pyramid time only,mean,960.0000000000017,0.32352672794145515,group_mean,0.024774875914849708
ets_inception_pyramid_time_only,ets inception pyramid time only,mean,970.0000000000017,0.32512648454285314,group_mean,0.02700678299040162
ets_inception_pyramid_time_only,ets inception pyramid time only,mean,980.0000000000017,0.329194668849708,group_mean,0.02700539699281415
ets_inception_pyramid_time_only,ets inception pyramid time only,mean,990.0000000000018,0.32888286200612515,group_mean,0.025607378928220792
ets_inception_pyramid_time_only,ets inception pyramid time only,mean,1000.0000000000018,0.33926760702513714,group_mean,0.02882611907437316
ets_inception_pyramid_ce,ets inception pyramid ce,2025,-1000.0,0.1076930400374055,seed,
ets_inception_pyramid_ce,ets inception pyramid ce,2025,-990.0,0.11001160601577896,seed,
ets_inception_pyramid_ce,ets inception pyramid ce,2025,-980.0,0.11217416381895662,seed,
ets_inception_pyramid_ce,ets inception pyramid ce,2025,-970.0,0.11433249694328398,seed,
ets_inception_pyramid_ce,ets inception pyramid ce,2025,-960.0,0.1159589622851986,seed,
ets_inception_pyramid_ce,ets inception pyramid ce,2025,-950.0,0.11819699639250651,seed,
ets_inception_pyramid_ce,ets inception pyramid ce,2025,-940.0,0.12087037072985711,seed,
ets_inception_pyramid_ce,ets inception pyramid ce,2025,-929.9999999999999,0.12236654295136612,seed,
ets_inception_pyramid_ce,ets inception pyramid ce,2025,-919.9999999999999,0.12441326257556243,seed,
ets_inception_pyramid_ce,ets inception pyramid ce,2025,-909.9999999999999,0.12697599448331043,seed,
ets_inception_pyramid_ce,ets inception pyramid ce,2025,-899.9999999999999,0.12918530988079532,seed,
ets_inception_pyramid_ce,ets inception pyramid ce,2025,-889.9999999999999,0.13169094945247722,seed,
ets_inception_pyramid_ce,ets inception pyramid ce,2025,-879.9999999999999,0.13439424896481056,seed,
ets_inception_pyramid_ce,ets inception pyramid ce,2025,-869.9999999999999,0.13676008091333056,seed,
ets_inception_pyramid_ce,ets inception pyramid ce,2025,-859.9999999999999,0.139664893597103,seed,
ets_inception_pyramid_ce,ets inception pyramid ce,2025,-849.9999999999999,0.1425143543914036,seed,
ets_inception_pyramid_ce,ets inception pyramid ce,2025,-839.9999999999999,0.1448581120860045,seed,
ets_inception_pyramid_ce,ets inception pyramid ce,2025,-829.9999999999999,0.14801024150940612,seed,
ets_inception_pyramid_ce,ets inception pyramid ce,2025,-819.9999999999999,0.15122750179537373,seed,
ets_inception_pyramid_ce,ets inception pyramid ce,2025,-809.9999999999999,0.15419583696942163,seed,
ets_inception_pyramid_ce,ets inception pyramid ce,2025,-799.9999999999998,0.15758697624378742,seed,
ets_inception_pyramid_ce,ets inception pyramid ce,2025,-789.9999999999998,0.16089493714467745,seed,
ets_inception_pyramid_ce,ets inception pyramid ce,2025,-779.9999999999998,0.1639126342529671,seed,
ets_inception_pyramid_ce,ets inception pyramid ce,2025,-769.9999999999998,0.16766381775353464,seed,
ets_inception_pyramid_ce,ets inception pyramid ce,2025,-759.9999999999998,0.17150305032639004,seed,
ets_inception_pyramid_ce,ets inception pyramid ce,2025,-749.9999999999998,0.17493056719801833,seed,
ets_inception_pyramid_ce,ets inception pyramid ce,2025,-739.9999999999998,0.17903249710199995,seed,
ets_inception_pyramid_ce,ets inception pyramid ce,2025,-729.9999999999998,0.18319225895566735,seed,
ets_inception_pyramid_ce,ets inception pyramid ce,2025,-719.9999999999998,0.18775454438994332,seed,
ets_inception_pyramid_ce,ets inception pyramid ce,2025,-709.9999999999998,0.19179908544916213,seed,
ets_inception_pyramid_ce,ets inception pyramid ce,2025,-699.9999999999998,0.19630347833742529,seed,
ets_inception_pyramid_ce,ets inception pyramid ce,2025,-689.9999999999998,0.20117046571538158,seed,
ets_inception_pyramid_ce,ets inception pyramid ce,2025,-679.9999999999998,0.20564072726736585,seed,
ets_inception_pyramid_ce,ets inception pyramid ce,2025,-669.9999999999997,0.2107910012701288,seed,
ets_inception_pyramid_ce,ets inception pyramid ce,2025,-659.9999999999997,0.21608338284312922,seed,
ets_inception_pyramid_ce,ets inception pyramid ce,2025,-649.9999999999997,0.22131130925144626,seed,
ets_inception_pyramid_ce,ets inception pyramid ce,2025,-639.9999999999997,0.22691482315073205,seed,
ets_inception_pyramid_ce,ets inception pyramid ce,2025,-629.9999999999997,0.2330517580954826,seed,
ets_inception_pyramid_ce,ets inception pyramid ce,2025,-619.9999999999997,0.2391375818361653,seed,
ets_inception_pyramid_ce,ets inception pyramid ce,2025,-609.9999999999997,0.24583561056556436,seed,
ets_inception_pyramid_ce,ets inception pyramid ce,2025,-599.9999999999997,0.2525538409612559,seed,
ets_inception_pyramid_ce,ets inception pyramid ce,2025,-589.9999999999997,0.2595621704918338,seed,
ets_inception_pyramid_ce,ets inception pyramid ce,2025,-579.9999999999997,0.26690283410818566,seed,
ets_inception_pyramid_ce,ets inception pyramid ce,2025,-569.9999999999997,0.27452195248152145,seed,
ets_inception_pyramid_ce,ets inception pyramid ce,2025,-559.9999999999997,0.2823585989667114,seed,
ets_inception_pyramid_ce,ets inception pyramid ce,2025,-549.9999999999995,0.29102069475280967,seed,
ets_inception_pyramid_ce,ets inception pyramid ce,2025,-539.9999999999995,0.2998935217960649,seed,
ets_inception_pyramid_ce,ets inception pyramid ce,2025,-529.9999999999995,0.30894144487513897,seed,
ets_inception_pyramid_ce,ets inception pyramid ce,2025,-519.9999999999995,0.3186666174390291,seed,
ets_inception_pyramid_ce,ets inception pyramid ce,2025,-509.99999999999955,0.3286241653081297,seed,
ets_inception_pyramid_ce,ets inception pyramid ce,2025,-499.99999999999955,0.338652317412112,seed,
ets_inception_pyramid_ce,ets inception pyramid ce,2025,-489.99999999999955,0.3496438361023689,seed,
ets_inception_pyramid_ce,ets inception pyramid ce,2025,-479.99999999999955,0.36102493616022596,seed,
ets_inception_pyramid_ce,ets inception pyramid ce,2025,-469.99999999999955,0.3731551649642335,seed,
ets_inception_pyramid_ce,ets inception pyramid ce,2025,-459.99999999999955,0.38519831857384446,seed,
ets_inception_pyramid_ce,ets inception pyramid ce,2025,-449.9999999999995,0.3980438526872902,seed,
ets_inception_pyramid_ce,ets inception pyramid ce,2025,-439.9999999999995,0.4117566854731251,seed,
ets_inception_pyramid_ce,ets inception pyramid ce,2025,-429.9999999999995,0.4256174888581947,seed,
ets_inception_pyramid_ce,ets inception pyramid ce,2025,-419.9999999999995,0.4403265382082495,seed,
ets_inception_pyramid_ce,ets inception pyramid ce,2025,-409.9999999999995,0.45572717386844247,seed,
ets_inception_pyramid_ce,ets inception pyramid ce,2025,-399.9999999999995,0.47141319027718237,seed,
ets_inception_pyramid_ce,ets inception pyramid ce,2025,-389.99999999999943,0.48800682696665976,seed,
ets_inception_pyramid_ce,ets inception pyramid ce,2025,-379.99999999999943,0.5054399645458523,seed,
ets_inception_pyramid_ce,ets inception pyramid ce,2025,-369.99999999999943,0.5229287251075646,seed,
ets_inception_pyramid_ce,ets inception pyramid ce,2025,-359.99999999999943,0.5413073204655257,seed,
ets_inception_pyramid_ce,ets inception pyramid ce,2025,-349.99999999999943,0.5603707121008273,seed,
ets_inception_pyramid_ce,ets inception pyramid ce,2025,-339.99999999999943,0.5797698707198848,seed,
ets_inception_pyramid_ce,ets inception pyramid ce,2025,-329.99999999999943,0.5998898190692088,seed,
ets_inception_pyramid_ce,ets inception pyramid ce,2025,-319.9999999999994,0.6206975704822117,seed,
ets_inception_pyramid_ce,ets inception pyramid ce,2025,-309.9999999999994,0.6419041550445986,seed,
ets_inception_pyramid_ce,ets inception pyramid ce,2025,-299.9999999999994,0.6636578631030673,seed,
ets_inception_pyramid_ce,ets inception pyramid ce,2025,-289.9999999999994,0.6858411182410126,seed,
ets_inception_pyramid_ce,ets inception pyramid ce,2025,-279.9999999999994,0.7081946358925438,seed,
ets_inception_pyramid_ce,ets inception pyramid ce,2025,-269.9999999999994,0.731259421512945,seed,
ets_inception_pyramid_ce,ets inception pyramid ce,2025,-259.9999999999993,0.7544959350746878,seed,
ets_inception_pyramid_ce,ets inception pyramid ce,2025,-249.99999999999935,0.7782833155133825,seed,
ets_inception_pyramid_ce,ets inception pyramid ce,2025,-239.99999999999932,0.8021632134043968,seed,
ets_inception_pyramid_ce,ets inception pyramid ce,2025,-229.99999999999932,0.8261363472973238,seed,
ets_inception_pyramid_ce,ets inception pyramid ce,2025,-219.99999999999932,0.8501674353948098,seed,
ets_inception_pyramid_ce,ets inception pyramid ce,2025,-209.9999999999993,0.8738853397896754,seed,
ets_inception_pyramid_ce,ets inception pyramid ce,2025,-199.9999999999993,0.8973678139451372,seed,
ets_inception_pyramid_ce,ets inception pyramid ce,2025,-189.9999999999993,0.9209468161171901,seed,
ets_inception_pyramid_ce,ets inception pyramid ce,2025,-179.99999999999926,0.9439949536610871,seed,
ets_inception_pyramid_ce,ets inception pyramid ce,2025,-169.99999999999926,0.9665492174633964,seed,
ets_inception_pyramid_ce,ets inception pyramid ce,2025,-159.99999999999926,0.9886473042581322,seed,
ets_inception_pyramid_ce,ets inception pyramid ce,2025,-149.99999999999923,1.00943727468641,seed,
ets_inception_pyramid_ce,ets inception pyramid ce,2025,-139.99999999999923,1.030152510273821,seed,
ets_inception_pyramid_ce,ets inception pyramid ce,2025,-129.99999999999923,1.04979747811299,seed,
ets_inception_pyramid_ce,ets inception pyramid ce,2025,-119.99999999999922,1.0677992507317817,seed,
ets_inception_pyramid_ce,ets inception pyramid ce,2025,-109.9999999999992,1.0850295467938826,seed,
ets_inception_pyramid_ce,ets inception pyramid ce,2025,-99.9999999999992,1.1009219035617805,seed,
ets_inception_pyramid_ce,ets inception pyramid ce,2025,-89.99999999999919,1.1156014316709204,seed,
ets_inception_pyramid_ce,ets inception pyramid ce,2025,-79.99999999999918,1.1288651579017592,seed,
ets_inception_pyramid_ce,ets inception pyramid ce,2025,-69.99999999999918,1.1402606142734328,seed,
ets_inception_pyramid_ce,ets inception pyramid ce,2025,-59.99999999999916,1.1501328943084015,seed,
ets_inception_pyramid_ce,ets inception pyramid ce,2025,-49.999999999999154,1.1589323682613464,seed,
ets_inception_pyramid_ce,ets inception pyramid ce,2025,-39.99999999999915,1.1658309335117856,seed,
ets_inception_pyramid_ce,ets inception pyramid ce,2025,-29.99999999999914,1.170849943000761,seed,
ets_inception_pyramid_ce,ets inception pyramid ce,2025,-19.99999999999913,1.1743292406264567,seed,
ets_inception_pyramid_ce,ets inception pyramid ce,2025,-9.99999999999912,1.176235670700847,seed,
ets_inception_pyramid_ce,ets inception pyramid ce,2025,8.881784197001252e-13,1.1759421673345212,seed,
ets_inception_pyramid_ce,ets inception pyramid ce,2025,10.000000000000897,1.1746627891803874,seed,
ets_inception_pyramid_ce,ets inception pyramid ce,2025,20.000000000000906,1.1718169467136121,seed,
ets_inception_pyramid_ce,ets inception pyramid ce,2025,30.000000000000917,1.1672099347302753,seed,
ets_inception_pyramid_ce,ets inception pyramid ce,2025,40.000000000000924,1.160923277396269,seed,
ets_inception_pyramid_ce,ets inception pyramid ce,2025,50.00000000000093,1.1529712627338238,seed,
ets_inception_pyramid_ce,ets inception pyramid ce,2025,60.00000000000094,1.1436822860252305,seed,
ets_inception_pyramid_ce,ets inception pyramid ce,2025,70.00000000000095,1.1332551917587035,seed,
ets_inception_pyramid_ce,ets inception pyramid ce,2025,80.00000000000097,1.1213395048705792,seed,
ets_inception_pyramid_ce,ets inception pyramid ce,2025,90.00000000000097,1.1087294255272813,seed,
ets_inception_pyramid_ce,ets inception pyramid ce,2025,100.00000000000098,1.095367969426814,seed,
ets_inception_pyramid_ce,ets inception pyramid ce,2025,110.00000000000098,1.0804971833644188,seed,
ets_inception_pyramid_ce,ets inception pyramid ce,2025,120.000000000001,1.0656064511088181,seed,
ets_inception_pyramid_ce,ets inception pyramid ce,2025,130.000000000001,1.0498510783976818,seed,
ets_inception_pyramid_ce,ets inception pyramid ce,2025,140.00000000000102,1.0326668491347115,seed,
ets_inception_pyramid_ce,ets inception pyramid ce,2025,150.00000000000102,1.015816199620277,seed,
ets_inception_pyramid_ce,ets inception pyramid ce,2025,160.00000000000102,0.9971015200058626,seed,
ets_inception_pyramid_ce,ets inception pyramid ce,2025,170.00000000000105,0.9782381774444411,seed,
ets_inception_pyramid_ce,ets inception pyramid ce,2025,180.00000000000105,0.9603116015337034,seed,
ets_inception_pyramid_ce,ets inception pyramid ce,2025,190.00000000000105,0.9407385719932191,seed,
ets_inception_pyramid_ce,ets inception pyramid ce,2025,200.00000000000108,0.9205771746692355,seed,
ets_inception_pyramid_ce,ets inception pyramid ce,2025,210.00000000000108,0.9012898662254573,seed,
ets_inception_pyramid_ce,ets inception pyramid ce,2025,220.00000000000108,0.8800391820641262,seed,
ets_inception_pyramid_ce,ets inception pyramid ce,2025,230.00000000000108,0.8592568295620537,seed,
ets_inception_pyramid_ce,ets inception pyramid ce,2025,240.0000000000011,0.8390811547904962,seed,
ets_inception_pyramid_ce,ets inception pyramid ce,2025,250.0000000000011,0.8188902478981295,seed,
ets_inception_pyramid_ce,ets inception pyramid ce,2025,260.00000000000114,0.7985661613327198,seed,
ets_inception_pyramid_ce,ets inception pyramid ce,2025,270.00000000000114,0.7780200786196163,seed,
ets_inception_pyramid_ce,ets inception pyramid ce,2025,280.00000000000114,0.7586542243908243,seed,
ets_inception_pyramid_ce,ets inception pyramid ce,2025,290.00000000000114,0.7391610977091384,seed,
ets_inception_pyramid_ce,ets inception pyramid ce,2025,300.00000000000114,0.719993171930046,seed,
ets_inception_pyramid_ce,ets inception pyramid ce,2025,310.00000000000114,0.7022715300948018,seed,
ets_inception_pyramid_ce,ets inception pyramid ce,2025,320.0000000000012,0.6834260026785339,seed,
ets_inception_pyramid_ce,ets inception pyramid ce,2025,330.0000000000012,0.6648127427732322,seed,
ets_inception_pyramid_ce,ets inception pyramid ce,2025,340.0000000000012,0.648020613462512,seed,
ets_inception_pyramid_ce,ets inception pyramid ce,2025,350.0000000000012,0.631175359653887,seed,
ets_inception_pyramid_ce,ets inception pyramid ce,2025,360.0000000000012,0.6144739675743423,seed,
ets_inception_pyramid_ce,ets inception pyramid ce,2025,370.0000000000012,0.5989942666500386,seed,
ets_inception_pyramid_ce,ets inception pyramid ce,2025,380.00000000000125,0.5833106844225103,seed,
ets_inception_pyramid_ce,ets inception pyramid ce,2025,390.00000000000125,0.5679157484283603,seed,
ets_inception_pyramid_ce,ets inception pyramid ce,2025,400.00000000000125,0.5543248033324282,seed,
ets_inception_pyramid_ce,ets inception pyramid ce,2025,410.00000000000125,0.5398595968043062,seed,
ets_inception_pyramid_ce,ets inception pyramid ce,2025,420.00000000000125,0.527307959052848,seed,
ets_inception_pyramid_ce,ets inception pyramid ce,2025,430.00000000000125,0.5154532656402031,seed,
ets_inception_pyramid_ce,ets inception pyramid ce,2025,440.00000000000125,0.5024198903361884,seed,
ets_inception_pyramid_ce,ets inception pyramid ce,2025,450.0000000000013,0.49012718347187334,seed,
ets_inception_pyramid_ce,ets inception pyramid ce,2025,460.0000000000013,0.47936817745488747,seed,
ets_inception_pyramid_ce,ets inception pyramid ce,2025,470.0000000000013,0.4677477497943713,seed,
ets_inception_pyramid_ce,ets inception pyramid ce,2025,480.0000000000013,0.4567967548848108,seed,
ets_inception_pyramid_ce,ets inception pyramid ce,2025,490.0000000000013,0.4477831980233324,seed,
ets_inception_pyramid_ce,ets inception pyramid ce,2025,500.0000000000013,0.43730974388546373,seed,
ets_inception_pyramid_ce,ets inception pyramid ce,2025,510.00000000000136,0.42779759260154143,seed,
ets_inception_pyramid_ce,ets inception pyramid ce,2025,520.0000000000014,0.4181579163711601,seed,
ets_inception_pyramid_ce,ets inception pyramid ce,2025,530.0000000000014,0.4107177038303289,seed,
ets_inception_pyramid_ce,ets inception pyramid ce,2025,540.0000000000014,0.4022765062657727,seed,
ets_inception_pyramid_ce,ets inception pyramid ce,2025,550.0000000000014,0.39323055932040724,seed,
ets_inception_pyramid_ce,ets inception pyramid ce,2025,560.0000000000014,0.38669908527837316,seed,
ets_inception_pyramid_ce,ets inception pyramid ce,2025,570.0000000000014,0.3791804485922736,seed,
ets_inception_pyramid_ce,ets inception pyramid ce,2025,580.0000000000014,0.3713150965948087,seed,
ets_inception_pyramid_ce,ets inception pyramid ce,2025,590.0000000000014,0.3653246778277425,seed,
ets_inception_pyramid_ce,ets inception pyramid ce,2025,600.0000000000014,0.35852597892431076,seed,
ets_inception_pyramid_ce,ets inception pyramid ce,2025,610.0000000000015,0.3514793113920781,seed,
ets_inception_pyramid_ce,ets inception pyramid ce,2025,620.0000000000015,0.34708329470844046,seed,
ets_inception_pyramid_ce,ets inception pyramid ce,2025,630.0000000000015,0.3414022049858887,seed,
ets_inception_pyramid_ce,ets inception pyramid ce,2025,640.0000000000015,0.3348531549526461,seed,
ets_inception_pyramid_ce,ets inception pyramid ce,2025,650.0000000000015,0.3303440204571793,seed,
ets_inception_pyramid_ce,ets inception pyramid ce,2025,660.0000000000015,0.32407108379392946,seed,
ets_inception_pyramid_ce,ets inception pyramid ce,2025,670.0000000000015,0.3188089314289029,seed,
ets_inception_pyramid_ce,ets inception pyramid ce,2025,680.0000000000015,0.3153169979113742,seed,
ets_inception_pyramid_ce,ets inception pyramid ce,2025,690.0000000000015,0.31066670791640966,seed,
ets_inception_pyramid_ce,ets inception pyramid ce,2025,700.0000000000015,0.3060544733554445,seed,
ets_inception_pyramid_ce,ets inception pyramid ce,2025,710.0000000000015,0.3034635862077998,seed,
ets_inception_pyramid_ce,ets inception pyramid ce,2025,720.0000000000015,0.29804917085007715,seed,
ets_inception_pyramid_ce,ets inception pyramid ce,2025,730.0000000000016,0.29439846922125745,seed,
ets_inception_pyramid_ce,ets inception pyramid ce,2025,740.0000000000016,0.29312161376007523,seed,
ets_inception_pyramid_ce,ets inception pyramid ce,2025,750.0000000000016,0.28965105780712685,seed,
ets_inception_pyramid_ce,ets inception pyramid ce,2025,760.0000000000016,0.28614558452620664,seed,
ets_inception_pyramid_ce,ets inception pyramid ce,2025,770.0000000000016,0.2847861486303315,seed,
ets_inception_pyramid_ce,ets inception pyramid ce,2025,780.0000000000016,0.2806660575761903,seed,
ets_inception_pyramid_ce,ets inception pyramid ce,2025,790.0000000000016,0.27856040693565737,seed,
ets_inception_pyramid_ce,ets inception pyramid ce,2025,800.0000000000016,0.2755528969679281,seed,
ets_inception_pyramid_ce,ets inception pyramid ce,2025,810.0000000000016,0.27560176134362574,seed,
ets_inception_pyramid_ce,ets inception pyramid ce,2025,820.0000000000016,0.27303476001818755,seed,
ets_inception_pyramid_ce,ets inception pyramid ce,2025,830.0000000000016,0.2693457767476259,seed,
ets_inception_pyramid_ce,ets inception pyramid ce,2025,840.0000000000016,0.26890197804108373,seed,
ets_inception_pyramid_ce,ets inception pyramid ce,2025,850.0000000000016,0.2677362902359691,seed,
ets_inception_pyramid_ce,ets inception pyramid ce,2025,860.0000000000017,0.2653386933057892,seed,
ets_inception_pyramid_ce,ets inception pyramid ce,2025,870.0000000000017,0.26589491250307706,seed,
ets_inception_pyramid_ce,ets inception pyramid ce,2025,880.0000000000017,0.2632859823907673,seed,
ets_inception_pyramid_ce,ets inception pyramid ce,2025,890.0000000000017,0.2606457481687106,seed,
ets_inception_pyramid_ce,ets inception pyramid ce,2025,900.0000000000017,0.260752940208653,seed,
ets_inception_pyramid_ce,ets inception pyramid ce,2025,910.0000000000017,0.25888465226610335,seed,
ets_inception_pyramid_ce,ets inception pyramid ce,2025,920.0000000000017,0.25836919301804323,seed,
ets_inception_pyramid_ce,ets inception pyramid ce,2025,930.0000000000017,0.25954774295641975,seed,
ets_inception_pyramid_ce,ets inception pyramid ce,2025,940.0000000000017,0.25697257597053597,seed,
ets_inception_pyramid_ce,ets inception pyramid ce,2025,950.0000000000017,0.256756102995387,seed,
ets_inception_pyramid_ce,ets inception pyramid ce,2025,960.0000000000017,0.25732279455159385,seed,
ets_inception_pyramid_ce,ets inception pyramid ce,2025,970.0000000000017,0.25562041102542943,seed,
ets_inception_pyramid_ce,ets inception pyramid ce,2025,980.0000000000017,0.25542486120038016,seed,
ets_inception_pyramid_ce,ets inception pyramid ce,2025,990.0000000000018,0.25776685472973787,seed,
ets_inception_pyramid_ce,ets inception pyramid ce,2025,1000.0000000000018,0.25593274617331524,seed,
ets_inception_pyramid_ce,ets inception pyramid ce,2026,-1000.0,0.09886481388839818,seed,
ets_inception_pyramid_ce,ets inception pyramid ce,2026,-990.0,0.10125855425931381,seed,
ets_inception_pyramid_ce,ets inception pyramid ce,2026,-980.0,0.1035205618244053,seed,
ets_inception_pyramid_ce,ets inception pyramid ce,2026,-970.0,0.10581857269532054,seed,
ets_inception_pyramid_ce,ets inception pyramid ce,2026,-960.0,0.10760648015957616,seed,
ets_inception_pyramid_ce,ets inception pyramid ce,2026,-950.0,0.11001313800185616,seed,
ets_inception_pyramid_ce,ets inception pyramid ce,2026,-940.0,0.11283952364524624,seed,
ets_inception_pyramid_ce,ets inception pyramid ce,2026,-929.9999999999999,0.11452166361571728,seed,
ets_inception_pyramid_ce,ets inception pyramid ce,2026,-919.9999999999999,0.11683307144197677,seed,
ets_inception_pyramid_ce,ets inception pyramid ce,2026,-909.9999999999999,0.11973010251459938,seed,
ets_inception_pyramid_ce,ets inception pyramid ce,2026,-899.9999999999999,0.12221512832279319,seed,
ets_inception_pyramid_ce,ets inception pyramid ce,2026,-889.9999999999999,0.1250126626848394,seed,
ets_inception_pyramid_ce,ets inception pyramid ce,2026,-879.9999999999999,0.1281320975512913,seed,
ets_inception_pyramid_ce,ets inception pyramid ce,2026,-869.9999999999999,0.13082051992881172,seed,
ets_inception_pyramid_ce,ets inception pyramid ce,2026,-859.9999999999999,0.13404312538240948,seed,
ets_inception_pyramid_ce,ets inception pyramid ce,2026,-849.9999999999999,0.13718547650878685,seed,
ets_inception_pyramid_ce,ets inception pyramid ce,2026,-839.9999999999999,0.13991743294459666,seed,
ets_inception_pyramid_ce,ets inception pyramid ce,2026,-829.9999999999999,0.14349950665253927,seed,
ets_inception_pyramid_ce,ets inception pyramid ce,2026,-819.9999999999999,0.14708786676245889,seed,
ets_inception_pyramid_ce,ets inception pyramid ce,2026,-809.9999999999999,0.15042837895762715,seed,
ets_inception_pyramid_ce,ets inception pyramid ce,2026,-799.9999999999998,0.1542414601403949,seed,
ets_inception_pyramid_ce,ets inception pyramid ce,2026,-789.9999999999998,0.15794561501527754,seed,
ets_inception_pyramid_ce,ets inception pyramid ce,2026,-779.9999999999998,0.16137610117118906,seed,
ets_inception_pyramid_ce,ets inception pyramid ce,2026,-769.9999999999998,0.1655856435165388,seed,
ets_inception_pyramid_ce,ets inception pyramid ce,2026,-759.9999999999998,0.16993227309381578,seed,
ets_inception_pyramid_ce,ets inception pyramid ce,2026,-749.9999999999998,0.17382999405692862,seed,
ets_inception_pyramid_ce,ets inception pyramid ce,2026,-739.9999999999998,0.1784208426357587,seed,
ets_inception_pyramid_ce,ets inception pyramid ce,2026,-729.9999999999998,0.18309354610662612,seed,
ets_inception_pyramid_ce,ets inception pyramid ce,2026,-719.9999999999998,0.18819180829056695,seed,
ets_inception_pyramid_ce,ets inception pyramid ce,2026,-709.9999999999998,0.19280090193983745,seed,
ets_inception_pyramid_ce,ets inception pyramid ce,2026,-699.9999999999998,0.19792682582003385,seed,
ets_inception_pyramid_ce,ets inception pyramid ce,2026,-689.9999999999998,0.20327032399736175,seed,
ets_inception_pyramid_ce,ets inception pyramid ce,2026,-679.9999999999998,0.20827565616697577,seed,
ets_inception_pyramid_ce,ets inception pyramid ce,2026,-669.9999999999997,0.21386873947334115,seed,
ets_inception_pyramid_ce,ets inception pyramid ce,2026,-659.9999999999997,0.21973023492785193,seed,
ets_inception_pyramid_ce,ets inception pyramid ce,2026,-649.9999999999997,0.22546936981511506,seed,
ets_inception_pyramid_ce,ets inception pyramid ce,2026,-639.9999999999997,0.23152569133225653,seed,
ets_inception_pyramid_ce,ets inception pyramid ce,2026,-629.9999999999997,0.23817876017048153,seed,
ets_inception_pyramid_ce,ets inception pyramid ce,2026,-619.9999999999997,0.24458547535895067,seed,
ets_inception_pyramid_ce,ets inception pyramid ce,2026,-609.9999999999997,0.2517174798529634,seed,
ets_inception_pyramid_ce,ets inception pyramid ce,2026,-599.9999999999997,0.2588422281410815,seed,
ets_inception_pyramid_ce,ets inception pyramid ce,2026,-589.9999999999997,0.26606986195525717,seed,
ets_inception_pyramid_ce,ets inception pyramid ce,2026,-579.9999999999997,0.2737818394739025,seed,
ets_inception_pyramid_ce,ets inception pyramid ce,2026,-569.9999999999997,0.28158368676235634,seed,
ets_inception_pyramid_ce,ets inception pyramid ce,2026,-559.9999999999997,0.2896609591741508,seed,
ets_inception_pyramid_ce,ets inception pyramid ce,2026,-549.9999999999995,0.2984689594652223,seed,
ets_inception_pyramid_ce,ets inception pyramid ce,2026,-539.9999999999995,0.3075110880944819,seed,
ets_inception_pyramid_ce,ets inception pyramid ce,2026,-529.9999999999995,0.31665515339212646,seed,
ets_inception_pyramid_ce,ets inception pyramid ce,2026,-519.9999999999995,0.326403536552189,seed,
ets_inception_pyramid_ce,ets inception pyramid ce,2026,-509.99999999999955,0.3361957183768478,seed,
ets_inception_pyramid_ce,ets inception pyramid ce,2026,-499.99999999999955,0.3460697448521909,seed,
ets_inception_pyramid_ce,ets inception pyramid ce,2026,-489.99999999999955,0.35698353702630814,seed,
ets_inception_pyramid_ce,ets inception pyramid ce,2026,-479.99999999999955,0.3681889214060297,seed,
ets_inception_pyramid_ce,ets inception pyramid ce,2026,-469.99999999999955,0.37993025957713944,seed,
ets_inception_pyramid_ce,ets inception pyramid ce,2026,-459.99999999999955,0.39157946630017976,seed,
ets_inception_pyramid_ce,ets inception pyramid ce,2026,-449.9999999999995,0.4039776289594776,seed,
ets_inception_pyramid_ce,ets inception pyramid ce,2026,-439.9999999999995,0.4171067128984704,seed,
ets_inception_pyramid_ce,ets inception pyramid ce,2026,-429.9999999999995,0.4303300731264742,seed,
ets_inception_pyramid_ce,ets inception pyramid ce,2026,-419.9999999999995,0.44436252550970295,seed,
ets_inception_pyramid_ce,ets inception pyramid ce,2026,-409.9999999999995,0.4590639132100942,seed,
ets_inception_pyramid_ce,ets inception pyramid ce,2026,-399.9999999999995,0.47414075648493376,seed,
ets_inception_pyramid_ce,ets inception pyramid ce,2026,-389.99999999999943,0.4899276601049877,seed,
ets_inception_pyramid_ce,ets inception pyramid ce,2026,-379.99999999999943,0.506421284851038,seed,
ets_inception_pyramid_ce,ets inception pyramid ce,2026,-369.99999999999943,0.5230253877794293,seed,
ets_inception_pyramid_ce,ets inception pyramid ce,2026,-359.99999999999943,0.540682073888589,seed,
ets_inception_pyramid_ce,ets inception pyramid ce,2026,-349.99999999999943,0.559065482114784,seed,
ets_inception_pyramid_ce,ets inception pyramid ce,2026,-339.99999999999943,0.5780364677658537,seed,
ets_inception_pyramid_ce,ets inception pyramid ce,2026,-329.99999999999943,0.5977287807076906,seed,
ets_inception_pyramid_ce,ets inception pyramid ce,2026,-319.9999999999994,0.6182758973173228,seed,
ets_inception_pyramid_ce,ets inception pyramid ce,2026,-309.9999999999994,0.6392538196535301,seed,
ets_inception_pyramid_ce,ets inception pyramid ce,2026,-299.9999999999994,0.6607205462881645,seed,
ets_inception_pyramid_ce,ets inception pyramid ce,2026,-289.9999999999994,0.6828061014190013,seed,
ets_inception_pyramid_ce,ets inception pyramid ce,2026,-279.9999999999994,0.7055097663431414,seed,
ets_inception_pyramid_ce,ets inception pyramid ce,2026,-269.9999999999994,0.7290675871876839,seed,
ets_inception_pyramid_ce,ets inception pyramid ce,2026,-259.9999999999993,0.7529308097584893,seed,
ets_inception_pyramid_ce,ets inception pyramid ce,2026,-249.99999999999935,0.7776028221989406,seed,
ets_inception_pyramid_ce,ets inception pyramid ce,2026,-239.99999999999932,0.8026719151067856,seed,
ets_inception_pyramid_ce,ets inception pyramid ce,2026,-229.99999999999932,0.8281859468499128,seed,
ets_inception_pyramid_ce,ets inception pyramid ce,2026,-219.99999999999932,0.8539129408145272,seed,
ets_inception_pyramid_ce,ets inception pyramid ce,2026,-209.9999999999993,0.8796858009676503,seed,
ets_inception_pyramid_ce,ets inception pyramid ce,2026,-199.9999999999993,0.9057924311819578,seed,
ets_inception_pyramid_ce,ets inception pyramid ce,2026,-189.9999999999993,0.9316661224588703,seed,
ets_inception_pyramid_ce,ets inception pyramid ce,2026,-179.99999999999926,0.9576927988246013,seed,
ets_inception_pyramid_ce,ets inception pyramid ce,2026,-169.99999999999926,0.9836875485265176,seed,
ets_inception_pyramid_ce,ets inception pyramid ce,2026,-159.99999999999926,1.0096110917869159,seed,
ets_inception_pyramid_ce,ets inception pyramid ce,2026,-149.99999999999923,1.03420026437435,seed,
ets_inception_pyramid_ce,ets inception pyramid ce,2026,-139.99999999999923,1.0591705178595405,seed,
ets_inception_pyramid_ce,ets inception pyramid ce,2026,-129.99999999999923,1.082950361815249,seed,
ets_inception_pyramid_ce,ets inception pyramid ce,2026,-119.99999999999922,1.1053980541838724,seed,
ets_inception_pyramid_ce,ets inception pyramid ce,2026,-109.9999999999992,1.1273031033222902,seed,
ets_inception_pyramid_ce,ets inception pyramid ce,2026,-99.9999999999992,1.1481120999782284,seed,
ets_inception_pyramid_ce,ets inception pyramid ce,2026,-89.99999999999919,1.167398656477756,seed,
ets_inception_pyramid_ce,ets inception pyramid ce,2026,-79.99999999999918,1.1852266528764746,seed,
ets_inception_pyramid_ce,ets inception pyramid ce,2026,-69.99999999999918,1.2008799572846838,seed,
ets_inception_pyramid_ce,ets inception pyramid ce,2026,-59.99999999999916,1.2145338956854825,seed,
ets_inception_pyramid_ce,ets inception pyramid ce,2026,-49.999999999999154,1.2268072214489452,seed,
ets_inception_pyramid_ce,ets inception pyramid ce,2026,-39.99999999999915,1.2372083121109159,seed,
ets_inception_pyramid_ce,ets inception pyramid ce,2026,-29.99999999999914,1.2453228773344451,seed,
ets_inception_pyramid_ce,ets inception pyramid ce,2026,-19.99999999999913,1.251149191288373,seed,
ets_inception_pyramid_ce,ets inception pyramid ce,2026,-9.99999999999912,1.2546923642493963,seed,
ets_inception_pyramid_ce,ets inception pyramid ce,2026,8.881784197001252e-13,1.255518357853863,seed,
ets_inception_pyramid_ce,ets inception pyramid ce,2026,10.000000000000897,1.2546077629017416,seed,
ets_inception_pyramid_ce,ets inception pyramid ce,2026,20.000000000000906,1.251279081503019,seed,
ets_inception_pyramid_ce,ets inception pyramid ce,2026,30.000000000000917,1.2453608355315444,seed,
ets_inception_pyramid_ce,ets inception pyramid ce,2026,40.000000000000924,1.2370539783670635,seed,
ets_inception_pyramid_ce,ets inception pyramid ce,2026,50.00000000000093,1.2266784591836597,seed,
ets_inception_pyramid_ce,ets inception pyramid ce,2026,60.00000000000094,1.2144417741349618,seed,
ets_inception_pyramid_ce,ets inception pyramid ce,2026,70.00000000000095,1.200366593620159,seed,
ets_inception_pyramid_ce,ets inception pyramid ce,2026,80.00000000000097,1.1845630666622127,seed,
ets_inception_pyramid_ce,ets inception pyramid ce,2026,90.00000000000097,1.1680468385833955,seed,
ets_inception_pyramid_ce,ets inception pyramid ce,2026,100.00000000000098,1.1501311738850657,seed,
ets_inception_pyramid_ce,ets inception pyramid ce,2026,110.00000000000098,1.130084858252443,seed,
ets_inception_pyramid_ce,ets inception pyramid ce,2026,120.000000000001,1.1102874188668639,seed,
ets_inception_pyramid_ce,ets inception pyramid ce,2026,130.000000000001,1.0892665327469069,seed,
ets_inception_pyramid_ce,ets inception pyramid ce,2026,140.00000000000102,1.0668763721895558,seed,
ets_inception_pyramid_ce,ets inception pyramid ce,2026,150.00000000000102,1.0449135737099609,seed,
ets_inception_pyramid_ce,ets inception pyramid ce,2026,160.00000000000102,1.0209378215528986,seed,
ets_inception_pyramid_ce,ets inception pyramid ce,2026,170.00000000000105,0.9967695107588174,seed,
ets_inception_pyramid_ce,ets inception pyramid ce,2026,180.00000000000105,0.9737209119781173,seed,
ets_inception_pyramid_ce,ets inception pyramid ce,2026,190.00000000000105,0.9490420737430829,seed,
ets_inception_pyramid_ce,ets inception pyramid ce,2026,200.00000000000108,0.9238823275448731,seed,
ets_inception_pyramid_ce,ets inception pyramid ce,2026,210.00000000000108,0.8998176260099946,seed,
ets_inception_pyramid_ce,ets inception pyramid ce,2026,220.00000000000108,0.8740038074711582,seed,
ets_inception_pyramid_ce,ets inception pyramid ce,2026,230.00000000000108,0.8488500283618055,seed,
ets_inception_pyramid_ce,ets inception pyramid ce,2026,240.0000000000011,0.8244175514727416,seed,
ets_inception_pyramid_ce,ets inception pyramid ce,2026,250.0000000000011,0.7999078908838199,seed,
ets_inception_pyramid_ce,ets inception pyramid ce,2026,260.00000000000114,0.7759390919846149,seed,
ets_inception_pyramid_ce,ets inception pyramid ce,2026,270.00000000000114,0.7522477802492091,seed,
ets_inception_pyramid_ce,ets inception pyramid ce,2026,280.00000000000114,0.7302334814101069,seed,
ets_inception_pyramid_ce,ets inception pyramid ce,2026,290.00000000000114,0.7081616680988269,seed,
ets_inception_pyramid_ce,ets inception pyramid ce,2026,300.00000000000114,0.6865120473620947,seed,
ets_inception_pyramid_ce,ets inception pyramid ce,2026,310.00000000000114,0.6667443654586355,seed,
ets_inception_pyramid_ce,ets inception pyramid ce,2026,320.0000000000012,0.6463946781290318,seed,
ets_inception_pyramid_ce,ets inception pyramid ce,2026,330.0000000000012,0.6263495090005168,seed,
ets_inception_pyramid_ce,ets inception pyramid ce,2026,340.0000000000012,0.6082914847579137,seed,
ets_inception_pyramid_ce,ets inception pyramid ce,2026,350.0000000000012,0.5904760979477663,seed,
ets_inception_pyramid_ce,ets inception pyramid ce,2026,360.0000000000012,0.5729084174730195,seed,
ets_inception_pyramid_ce,ets inception pyramid ce,2026,370.0000000000012,0.5568107787567887,seed,
ets_inception_pyramid_ce,ets inception pyramid ce,2026,380.00000000000125,0.5406187721689263,seed,
ets_inception_pyramid_ce,ets inception pyramid ce,2026,390.00000000000125,0.5248817355470233,seed,
ets_inception_pyramid_ce,ets inception pyramid ce,2026,400.00000000000125,0.5111085922155271,seed,
ets_inception_pyramid_ce,ets inception pyramid ce,2026,410.00000000000125,0.49640893914315515,seed,
ets_inception_pyramid_ce,ets inception pyramid ce,2026,420.00000000000125,0.48350312719067223,seed,
ets_inception_pyramid_ce,ets inception pyramid ce,2026,430.00000000000125,0.47172886781929474,seed,
ets_inception_pyramid_ce,ets inception pyramid ce,2026,440.00000000000125,0.4587521522293648,seed,
ets_inception_pyramid_ce,ets inception pyramid ce,2026,450.0000000000013,0.4467389184338327,seed,
ets_inception_pyramid_ce,ets inception pyramid ce,2026,460.0000000000013,0.4364768429815122,seed,
ets_inception_pyramid_ce,ets inception pyramid ce,2026,470.0000000000013,0.42511665994707715,seed,
ets_inception_pyramid_ce,ets inception pyramid ce,2026,480.0000000000013,0.41462782697799466,seed,
ets_inception_pyramid_ce,ets inception pyramid ce,2026,490.0000000000013,0.40610377813887255,seed,
ets_inception_pyramid_ce,ets inception pyramid ce,2026,500.0000000000013,0.39630108514339635,seed,
ets_inception_pyramid_ce,ets inception pyramid ce,2026,510.00000000000136,0.3872227373913804,seed,
ets_inception_pyramid_ce,ets inception pyramid ce,2026,520.0000000000014,0.3781385166225067,seed,
ets_inception_pyramid_ce,ets inception pyramid ce,2026,530.0000000000014,0.3711870968926408,seed,
ets_inception_pyramid_ce,ets inception pyramid ce,2026,540.0000000000014,0.3636289550638628,seed,
ets_inception_pyramid_ce,ets inception pyramid ce,2026,550.0000000000014,0.35529289086103294,seed,
ets_inception_pyramid_ce,ets inception pyramid ce,2026,560.0000000000014,0.3493071262903627,seed,
ets_inception_pyramid_ce,ets inception pyramid ce,2026,570.0000000000014,0.34255590081277304,seed,
ets_inception_pyramid_ce,ets inception pyramid ce,2026,580.0000000000014,0.3353825200614817,seed,
ets_inception_pyramid_ce,ets inception pyramid ce,2026,590.0000000000014,0.3302396428153455,seed,
ets_inception_pyramid_ce,ets inception pyramid ce,2026,600.0000000000014,0.32425589198456056,seed,
ets_inception_pyramid_ce,ets inception pyramid ce,2026,610.0000000000015,0.3179213038127968,seed,
ets_inception_pyramid_ce,ets inception pyramid ce,2026,620.0000000000015,0.31408863247181956,seed,
ets_inception_pyramid_ce,ets inception pyramid ce,2026,630.0000000000015,0.3090867145947582,seed,
ets_inception_pyramid_ce,ets inception pyramid ce,2026,640.0000000000015,0.3032156774060847,seed,
ets_inception_pyramid_ce,ets inception pyramid ce,2026,650.0000000000015,0.29927944478358226,seed,
ets_inception_pyramid_ce,ets inception pyramid ce,2026,660.0000000000015,0.29368268609768455,seed,
ets_inception_pyramid_ce,ets inception pyramid ce,2026,670.0000000000015,0.2890481347468402,seed,
ets_inception_pyramid_ce,ets inception pyramid ce,2026,680.0000000000015,0.28645565593508915,seed,
ets_inception_pyramid_ce,ets inception pyramid ce,2026,690.0000000000015,0.2825712834956435,seed,
ets_inception_pyramid_ce,ets inception pyramid ce,2026,700.0000000000015,0.27848312450726415,seed,
ets_inception_pyramid_ce,ets inception pyramid ce,2026,710.0000000000015,0.2767043698255976,seed,
ets_inception_pyramid_ce,ets inception pyramid ce,2026,720.0000000000015,0.27221600289303827,seed,
ets_inception_pyramid_ce,ets inception pyramid ce,2026,730.0000000000016,0.26917759099466876,seed,
ets_inception_pyramid_ce,ets inception pyramid ce,2026,740.0000000000016,0.2686218652539711,seed,
ets_inception_pyramid_ce,ets inception pyramid ce,2026,750.0000000000016,0.265923896387963,seed,
ets_inception_pyramid_ce,ets inception pyramid ce,2026,760.0000000000016,0.2630580801225398,seed,
ets_inception_pyramid_ce,ets inception pyramid ce,2026,770.0000000000016,0.2624278807937693,seed,
ets_inception_pyramid_ce,ets inception pyramid ce,2026,780.0000000000016,0.2589834595065333,seed,
ets_inception_pyramid_ce,ets inception pyramid ce,2026,790.0000000000016,0.2575261203077401,seed,
ets_inception_pyramid_ce,ets inception pyramid ce,2026,800.0000000000016,0.2551588274856325,seed,
ets_inception_pyramid_ce,ets inception pyramid ce,2026,810.0000000000016,0.25578170988354393,seed,
ets_inception_pyramid_ce,ets inception pyramid ce,2026,820.0000000000016,0.2540100368477062,seed,
ets_inception_pyramid_ce,ets inception pyramid ce,2026,830.0000000000016,0.2511038315630077,seed,
ets_inception_pyramid_ce,ets inception pyramid ce,2026,840.0000000000016,0.25133621999083344,seed,
ets_inception_pyramid_ce,ets inception pyramid ce,2026,850.0000000000016,0.2506606262985601,seed,
ets_inception_pyramid_ce,ets inception pyramid ce,2026,860.0000000000017,0.24906937711078989,seed,
ets_inception_pyramid_ce,ets inception pyramid ce,2026,870.0000000000017,0.25028955164865785,seed,
ets_inception_pyramid_ce,ets inception pyramid ce,2026,880.0000000000017,0.2484408678385278,seed,
ets_inception_pyramid_ce,ets inception pyramid ce,2026,890.0000000000017,0.24664648720365148,seed,
ets_inception_pyramid_ce,ets inception pyramid ce,2026,900.0000000000017,0.24755114496085706,seed,
ets_inception_pyramid_ce,ets inception pyramid ce,2026,910.0000000000017,0.24659592835887995,seed,
ets_inception_pyramid_ce,ets inception pyramid ce,2026,920.0000000000017,0.246809860656946,seed,
ets_inception_pyramid_ce,ets inception pyramid ce,2026,930.0000000000017,0.24888472085191973,seed,
ets_inception_pyramid_ce,ets inception pyramid ce,2026,940.0000000000017,0.24701722413428254,seed,
ets_inception_pyramid_ce,ets inception pyramid ce,2026,950.0000000000017,0.24736541503538273,seed,
ets_inception_pyramid_ce,ets inception pyramid ce,2026,960.0000000000017,0.24877446149596513,seed,
ets_inception_pyramid_ce,ets inception pyramid ce,2026,970.0000000000017,0.247926304910351,seed,
ets_inception_pyramid_ce,ets inception pyramid ce,2026,980.0000000000017,0.24834233181658463,seed,
ets_inception_pyramid_ce,ets inception pyramid ce,2026,990.0000000000018,0.2516049141905393,seed,
ets_inception_pyramid_ce,ets inception pyramid ce,2026,1000.0000000000018,0.2502302007439838,seed,
ets_inception_pyramid_ce,ets inception pyramid ce,2027,-1000.0,0.12366166071437625,seed,
ets_inception_pyramid_ce,ets inception pyramid ce,2027,-990.0,0.1259125940028581,seed,
ets_inception_pyramid_ce,ets inception pyramid ce,2027,-980.0,0.12803611804528944,seed,
ets_inception_pyramid_ce,ets inception pyramid ce,2027,-970.0,0.13015684633305097,seed,
ets_inception_pyramid_ce,ets inception pyramid ce,2027,-960.0,0.13162131641067473,seed,
ets_inception_pyramid_ce,ets inception pyramid ce,2027,-950.0,0.13364586220276475,seed,
ets_inception_pyramid_ce,ets inception pyramid ce,2027,-940.0,0.13617097271116968,seed,
ets_inception_pyramid_ce,ets inception pyramid ce,2027,-929.9999999999999,0.13759513573060755,seed,
ets_inception_pyramid_ce,ets inception pyramid ce,2027,-919.9999999999999,0.13955502650907056,seed,
ets_inception_pyramid_ce,ets inception pyramid ce,2027,-909.9999999999999,0.14211186577359053,seed,
ets_inception_pyramid_ce,ets inception pyramid ce,2027,-899.9999999999999,0.14422444404704587,seed,
ets_inception_pyramid_ce,ets inception pyramid ce,2027,-889.9999999999999,0.14678533322005502,seed,
ets_inception_pyramid_ce,ets inception pyramid ce,2027,-879.9999999999999,0.1495187395080495,seed,
ets_inception_pyramid_ce,ets inception pyramid ce,2027,-869.9999999999999,0.15178694686218086,seed,
ets_inception_pyramid_ce,ets inception pyramid ce,2027,-859.9999999999999,0.1546824596553657,seed,
ets_inception_pyramid_ce,ets inception pyramid ce,2027,-849.9999999999999,0.1574122744970898,seed,
ets_inception_pyramid_ce,ets inception pyramid ce,2027,-839.9999999999999,0.1597363156575086,seed,
ets_inception_pyramid_ce,ets inception pyramid ce,2027,-829.9999999999999,0.16281137690848588,seed,
ets_inception_pyramid_ce,ets inception pyramid ce,2027,-819.9999999999999,0.16595018468978798,seed,
ets_inception_pyramid_ce,ets inception pyramid ce,2027,-809.9999999999999,0.16889993039976472,seed,
ets_inception_pyramid_ce,ets inception pyramid ce,2027,-799.9999999999998,0.17217535871373194,seed,
ets_inception_pyramid_ce,ets inception pyramid ce,2027,-789.9999999999998,0.17546876920362672,seed,
ets_inception_pyramid_ce,ets inception pyramid ce,2027,-779.9999999999998,0.1784169761071666,seed,
ets_inception_pyramid_ce,ets inception pyramid ce,2027,-769.9999999999998,0.18213779798852048,seed,
ets_inception_pyramid_ce,ets inception pyramid ce,2027,-759.9999999999998,0.1859393751582338,seed,
ets_inception_pyramid_ce,ets inception pyramid ce,2027,-749.9999999999998,0.1893404279188303,seed,
ets_inception_pyramid_ce,ets inception pyramid ce,2027,-739.9999999999998,0.19341699307021074,seed,
ets_inception_pyramid_ce,ets inception pyramid ce,2027,-729.9999999999998,0.19757439689690054,seed,
ets_inception_pyramid_ce,ets inception pyramid ce,2027,-719.9999999999998,0.20208256869894978,seed,
ets_inception_pyramid_ce,ets inception pyramid ce,2027,-709.9999999999998,0.20603213679735002,seed,
ets_inception_pyramid_ce,ets inception pyramid ce,2027,-699.9999999999998,0.21045453337200687,seed,
ets_inception_pyramid_ce,ets inception pyramid ce,2027,-689.9999999999998,0.2152813776773286,seed,
ets_inception_pyramid_ce,ets inception pyramid ce,2027,-679.9999999999998,0.2197222342614412,seed,
ets_inception_pyramid_ce,ets inception pyramid ce,2027,-669.9999999999997,0.22473720412308482,seed,
ets_inception_pyramid_ce,ets inception pyramid ce,2027,-659.9999999999997,0.22997825219384382,seed,
ets_inception_pyramid_ce,ets inception pyramid ce,2027,-649.9999999999997,0.23516238496662653,seed,
ets_inception_pyramid_ce,ets inception pyramid ce,2027,-639.9999999999997,0.2406770755097526,seed,
ets_inception_pyramid_ce,ets inception pyramid ce,2027,-629.9999999999997,0.24673999355636203,seed,
ets_inception_pyramid_ce,ets inception pyramid ce,2027,-619.9999999999997,0.25267784594586323,seed,
ets_inception_pyramid_ce,ets inception pyramid ce,2027,-609.9999999999997,0.25923425884649903,seed,
ets_inception_pyramid_ce,ets inception pyramid ce,2027,-599.9999999999997,0.2658673149413627,seed,
ets_inception_pyramid_ce,ets inception pyramid ce,2027,-589.9999999999997,0.2725708691726519,seed,
ets_inception_pyramid_ce,ets inception pyramid ce,2027,-579.9999999999997,0.2797980574886242,seed,
ets_inception_pyramid_ce,ets inception pyramid ce,2027,-569.9999999999997,0.28721621973039674,seed,
ets_inception_pyramid_ce,ets inception pyramid ce,2027,-559.9999999999997,0.2948306530686564,seed,
ets_inception_pyramid_ce,ets inception pyramid ce,2027,-549.9999999999995,0.30317070051594397,seed,
ets_inception_pyramid_ce,ets inception pyramid ce,2027,-539.9999999999995,0.3117440737675489,seed,
ets_inception_pyramid_ce,ets inception pyramid ce,2027,-529.9999999999995,0.3204822640501308,seed,
ets_inception_pyramid_ce,ets inception pyramid ce,2027,-519.9999999999995,0.3298584783510209,seed,
ets_inception_pyramid_ce,ets inception pyramid ce,2027,-509.99999999999955,0.3393226710395137,seed,
ets_inception_pyramid_ce,ets inception pyramid ce,2027,-499.99999999999955,0.3488531147264449,seed,
ets_inception_pyramid_ce,ets inception pyramid ce,2027,-489.99999999999955,0.3593190860336955,seed,
ets_inception_pyramid_ce,ets inception pyramid ce,2027,-479.99999999999955,0.3701674278586036,seed,
ets_inception_pyramid_ce,ets inception pyramid ce,2027,-469.99999999999955,0.38158778210692507,seed,
ets_inception_pyramid_ce,ets inception pyramid ce,2027,-459.99999999999955,0.3929307306832281,seed,
ets_inception_pyramid_ce,ets inception pyramid ce,2027,-449.9999999999995,0.4050538424784669,seed,
ets_inception_pyramid_ce,ets inception pyramid ce,2027,-439.9999999999995,0.4178353036074841,seed,
ets_inception_pyramid_ce,ets inception pyramid ce,2027,-429.9999999999995,0.43071635587431245,seed,
ets_inception_pyramid_ce,ets inception pyramid ce,2027,-419.9999999999995,0.4443422348144568,seed,
ets_inception_pyramid_ce,ets inception pyramid ce,2027,-409.9999999999995,0.45846752262318063,seed,
ets_inception_pyramid_ce,ets inception pyramid ce,2027,-399.9999999999995,0.47294354430917196,seed,
ets_inception_pyramid_ce,ets inception pyramid ce,2027,-389.99999999999943,0.48818220698512466,seed,
ets_inception_pyramid_ce,ets inception pyramid ce,2027,-379.99999999999943,0.5038991959360416,seed,
ets_inception_pyramid_ce,ets inception pyramid ce,2027,-369.99999999999943,0.519773538627596,seed,
ets_inception_pyramid_ce,ets inception pyramid ce,2027,-359.99999999999943,0.5363998308356025,seed,
ets_inception_pyramid_ce,ets inception pyramid ce,2027,-349.99999999999943,0.5536680768283766,seed,
ets_inception_pyramid_ce,ets inception pyramid ce,2027,-339.99999999999943,0.5712520121272511,seed,
ets_inception_pyramid_ce,ets inception pyramid ce,2027,-329.99999999999943,0.5894987117618269,seed,
ets_inception_pyramid_ce,ets inception pyramid ce,2027,-319.9999999999994,0.608193042033486,seed,
ets_inception_pyramid_ce,ets inception pyramid ce,2027,-309.9999999999994,0.6272713630968692,seed,
ets_inception_pyramid_ce,ets inception pyramid ce,2027,-299.9999999999994,0.6468142604581643,seed,
ets_inception_pyramid_ce,ets inception pyramid ce,2027,-289.9999999999994,0.6665997775562938,seed,
ets_inception_pyramid_ce,ets inception pyramid ce,2027,-279.9999999999994,0.6865830364286656,seed,
ets_inception_pyramid_ce,ets inception pyramid ce,2027,-269.9999999999994,0.7072777594940722,seed,
ets_inception_pyramid_ce,ets inception pyramid ce,2027,-259.9999999999993,0.7281133478839464,seed,
ets_inception_pyramid_ce,ets inception pyramid ce,2027,-249.99999999999935,0.7494045388848397,seed,
ets_inception_pyramid_ce,ets inception pyramid ce,2027,-239.99999999999932,0.7707371807872583,seed,
ets_inception_pyramid_ce,ets inception pyramid ce,2027,-229.99999999999932,0.7923425489652886,seed,
ets_inception_pyramid_ce,ets inception pyramid ce,2027,-219.99999999999932,0.8139689882436334,seed,
ets_inception_pyramid_ce,ets inception pyramid ce,2027,-209.9999999999993,0.8353397663111625,seed,
ets_inception_pyramid_ce,ets inception pyramid ce,2027,-199.9999999999993,0.8566589759405822,seed,
ets_inception_pyramid_ce,ets inception pyramid ce,2027,-189.9999999999993,0.8780171999505483,seed,
ets_inception_pyramid_ce,ets inception pyramid ce,2027,-179.99999999999926,0.8990469702357894,seed,
ets_inception_pyramid_ce,ets inception pyramid ce,2027,-169.99999999999926,0.9197953306234024,seed,
ets_inception_pyramid_ce,ets inception pyramid ce,2027,-159.99999999999926,0.9401716047295952,seed,
ets_inception_pyramid_ce,ets inception pyramid ce,2027,-149.99999999999923,0.9595122925172237,seed,
ets_inception_pyramid_ce,ets inception pyramid ce,2027,-139.99999999999923,0.9788727529438112,seed,
ets_inception_pyramid_ce,ets inception pyramid ce,2027,-129.99999999999923,0.9973208520556571,seed,
ets_inception_pyramid_ce,ets inception pyramid ce,2027,-119.99999999999922,1.0145276422431626,seed,
ets_inception_pyramid_ce,ets inception pyramid ce,2027,-109.9999999999992,1.0311418762322029,seed,
ets_inception_pyramid_ce,ets inception pyramid ce,2027,-99.9999999999992,1.0466486453357204,seed,
ets_inception_pyramid_ce,ets inception pyramid ce,2027,-89.99999999999919,1.061191586081534,seed,
ets_inception_pyramid_ce,ets inception pyramid ce,2027,-79.99999999999918,1.0744835707800586,seed,
ets_inception_pyramid_ce,ets inception pyramid ce,2027,-69.99999999999918,1.0860528512805767,seed,
ets_inception_pyramid_ce,ets inception pyramid ce,2027,-59.99999999999916,1.0963507250378157,seed,
ets_inception_pyramid_ce,ets inception pyramid ce,2027,-49.999999999999154,1.1056400968732967,seed,
ets_inception_pyramid_ce,ets inception pyramid ce,2027,-39.99999999999915,1.113208617122646,seed,
ets_inception_pyramid_ce,ets inception pyramid ce,2027,-29.99999999999914,1.1191605988145514,seed,
ets_inception_pyramid_ce,ets inception pyramid ce,2027,-19.99999999999913,1.124041533876043,seed,
ets_inception_pyramid_ce,ets inception pyramid ce,2027,-9.99999999999912,1.1275811253686965,seed,
ets_inception_pyramid_ce,ets inception pyramid ce,2027,8.881784197001252e-13,1.1290214305271171,seed,
ets_inception_pyramid_ce,ets inception pyramid ce,2027,10.000000000000897,1.129352621388105,seed,
ets_inception_pyramid_ce,ets inception pyramid ce,2027,20.000000000000906,1.128301707993086,seed,
ets_inception_pyramid_ce,ets inception pyramid ce,2027,30.000000000000917,1.1255669396343593,seed,
ets_inception_pyramid_ce,ets inception pyramid ce,2027,40.000000000000924,1.1215732307906414,seed,
ets_inception_pyramid_ce,ets inception pyramid ce,2027,50.00000000000093,1.1161846601833136,seed,
ets_inception_pyramid_ce,ets inception pyramid ce,2027,60.00000000000094,1.108963960042862,seed,
ets_inception_pyramid_ce,ets inception pyramid ce,2027,70.00000000000095,1.1005526057822985,seed,
ets_inception_pyramid_ce,ets inception pyramid ce,2027,80.00000000000097,1.090926052392868,seed,
ets_inception_pyramid_ce,ets inception pyramid ce,2027,90.00000000000097,1.0807851715807175,seed,
ets_inception_pyramid_ce,ets inception pyramid ce,2027,100.00000000000098,1.0692858849870095,seed,
ets_inception_pyramid_ce,ets inception pyramid ce,2027,110.00000000000098,1.0564700816592054,seed,
ets_inception_pyramid_ce,ets inception pyramid ce,2027,120.000000000001,1.0436340615296655,seed,
ets_inception_pyramid_ce,ets inception pyramid ce,2027,130.000000000001,1.0299110817367012,seed,
ets_inception_pyramid_ce,ets inception pyramid ce,2027,140.00000000000102,1.0148095821989136,seed,
ets_inception_pyramid_ce,ets inception pyramid ce,2027,150.00000000000102,0.9997656603336174,seed,
ets_inception_pyramid_ce,ets inception pyramid ce,2027,160.00000000000102,0.9832076750164677,seed,
ets_inception_pyramid_ce,ets inception pyramid ce,2027,170.00000000000105,0.9663000666220319,seed,
ets_inception_pyramid_ce,ets inception pyramid ce,2027,180.00000000000105,0.9500749973623014,seed,
ets_inception_pyramid_ce,ets inception pyramid ce,2027,190.00000000000105,0.9320555982492564,seed,
ets_inception_pyramid_ce,ets inception pyramid ce,2027,200.00000000000108,0.9136087473115291,seed,
ets_inception_pyramid_ce,ets inception pyramid ce,2027,210.00000000000108,0.8962592586032626,seed,
ets_inception_pyramid_ce,ets inception pyramid ce,2027,220.00000000000108,0.8772358801926045,seed,
ets_inception_pyramid_ce,ets inception pyramid ce,2027,230.00000000000108,0.8585178056492017,seed,
ets_inception_pyramid_ce,ets inception pyramid ce,2027,240.0000000000011,0.8400115066648608,seed,
ets_inception_pyramid_ce,ets inception pyramid ce,2027,250.0000000000011,0.8215854556276809,seed,
ets_inception_pyramid_ce,ets inception pyramid ce,2027,260.00000000000114,0.8029233851527273,seed,
ets_inception_pyramid_ce,ets inception pyramid ce,2027,270.00000000000114,0.7841496816641932,seed,
ets_inception_pyramid_ce,ets inception pyramid ce,2027,280.00000000000114,0.7665332144318778,seed,
ets_inception_pyramid_ce,ets inception pyramid ce,2027,290.00000000000114,0.7484108747930415,seed,
ets_inception_pyramid_ce,ets inception pyramid ce,2027,300.00000000000114,0.7302890476043566,seed,
ets_inception_pyramid_ce,ets inception pyramid ce,2027,310.00000000000114,0.7135081928485324,seed,
ets_inception_pyramid_ce,ets inception pyramid ce,2027,320.0000000000012,0.6957634639900675,seed,
ets_inception_pyramid_ce,ets inception pyramid ce,2027,330.0000000000012,0.678166463540207,seed,
ets_inception_pyramid_ce,ets inception pyramid ce,2027,340.0000000000012,0.6619361848242602,seed,
ets_inception_pyramid_ce,ets inception pyramid ce,2027,350.0000000000012,0.6457764719935084,seed,
ets_inception_pyramid_ce,ets inception pyramid ce,2027,360.0000000000012,0.6295028352424822,seed,
ets_inception_pyramid_ce,ets inception pyramid ce,2027,370.0000000000012,0.6143190174388427,seed,
ets_inception_pyramid_ce,ets inception pyramid ce,2027,380.00000000000125,0.5989230518888149,seed,
ets_inception_pyramid_ce,ets inception pyramid ce,2027,390.00000000000125,0.5836727399264413,seed,
ets_inception_pyramid_ce,ets inception pyramid ce,2027,400.00000000000125,0.5700282765335503,seed,
ets_inception_pyramid_ce,ets inception pyramid ce,2027,410.00000000000125,0.5557142988932186,seed,
ets_inception_pyramid_ce,ets inception pyramid ce,2027,420.00000000000125,0.5428420593134118,seed,
ets_inception_pyramid_ce,ets inception pyramid ce,2027,430.00000000000125,0.5304918388139277,seed,
ets_inception_pyramid_ce,ets inception pyramid ce,2027,440.00000000000125,0.5176430988515013,seed,
ets_inception_pyramid_ce,ets inception pyramid ce,2027,450.0000000000013,0.5052120439306803,seed,
ets_inception_pyramid_ce,ets inception pyramid ce,2027,460.0000000000013,0.49418024293788576,seed,
ets_inception_pyramid_ce,ets inception pyramid ce,2027,470.0000000000013,0.48243781393570606,seed,
ets_inception_pyramid_ce,ets inception pyramid ce,2027,480.0000000000013,0.47116724042872743,seed,
ets_inception_pyramid_ce,ets inception pyramid ce,2027,490.0000000000013,0.4618284519003471,seed,
ets_inception_pyramid_ce,ets inception pyramid ce,2027,500.0000000000013,0.45119999826340645,seed,
ets_inception_pyramid_ce,ets inception pyramid ce,2027,510.00000000000136,0.4414864055292071,seed,
ets_inception_pyramid_ce,ets inception pyramid ce,2027,520.0000000000014,0.4317565833746491,seed,
ets_inception_pyramid_ce,ets inception pyramid ce,2027,530.0000000000014,0.42382808266139577,seed,
ets_inception_pyramid_ce,ets inception pyramid ce,2027,540.0000000000014,0.4153457828460038,seed,
ets_inception_pyramid_ce,ets inception pyramid ce,2027,550.0000000000014,0.4064416957383501,seed,
ets_inception_pyramid_ce,ets inception pyramid ce,2027,560.0000000000014,0.3996486353990835,seed,
ets_inception_pyramid_ce,ets inception pyramid ce,2027,570.0000000000014,0.3921117147898885,seed,
ets_inception_pyramid_ce,ets inception pyramid ce,2027,580.0000000000014,0.3842571458068097,seed,
ets_inception_pyramid_ce,ets inception pyramid ce,2027,590.0000000000014,0.3781142404816877,seed,
ets_inception_pyramid_ce,ets inception pyramid ce,2027,600.0000000000014,0.3710758441230027,seed,
ets_inception_pyramid_ce,ets inception pyramid ce,2027,610.0000000000015,0.36393987970636993,seed,
ets_inception_pyramid_ce,ets inception pyramid ce,2027,620.0000000000015,0.3592134161012753,seed,
ets_inception_pyramid_ce,ets inception pyramid ce,2027,630.0000000000015,0.3533508487526224,seed,
ets_inception_pyramid_ce,ets inception pyramid ce,2027,640.0000000000015,0.34707120098595123,seed,
ets_inception_pyramid_ce,ets inception pyramid ce,2027,650.0000000000015,0.3425049512654273,seed,
ets_inception_pyramid_ce,ets inception pyramid ce,2027,660.0000000000015,0.3366106351023164,seed,
ets_inception_pyramid_ce,ets inception pyramid ce,2027,670.0000000000015,0.3313679503299034,seed,
ets_inception_pyramid_ce,ets inception pyramid ce,2027,680.0000000000015,0.327752559747503,seed,
ets_inception_pyramid_ce,ets inception pyramid ce,2027,690.0000000000015,0.3232135835206072,seed,
ets_inception_pyramid_ce,ets inception pyramid ce,2027,700.0000000000015,0.3186225567827993,seed,
ets_inception_pyramid_ce,ets inception pyramid ce,2027,710.0000000000015,0.3159421188687205,seed,
ets_inception_pyramid_ce,ets inception pyramid ce,2027,720.0000000000015,0.310945386337467,seed,
ets_inception_pyramid_ce,ets inception pyramid ce,2027,730.0000000000016,0.30757866185431326,seed,
ets_inception_pyramid_ce,ets inception pyramid ce,2027,740.0000000000016,0.30591231277359776,seed,
ets_inception_pyramid_ce,ets inception pyramid ce,2027,750.0000000000016,0.3024490171732569,seed,
ets_inception_pyramid_ce,ets inception pyramid ce,2027,760.0000000000016,0.29894170183203145,seed,
ets_inception_pyramid_ce,ets inception pyramid ce,2027,770.0000000000016,0.29761436996534885,seed,
ets_inception_pyramid_ce,ets inception pyramid ce,2027,780.0000000000016,0.29392270778847546,seed,
ets_inception_pyramid_ce,ets inception pyramid ce,2027,790.0000000000016,0.29175541692891244,seed,
ets_inception_pyramid_ce,ets inception pyramid ce,2027,800.0000000000016,0.2890591589645359,seed,
ets_inception_pyramid_ce,ets inception pyramid ce,2027,810.0000000000016,0.2890330678847145,seed,
ets_inception_pyramid_ce,ets inception pyramid ce,2027,820.0000000000016,0.28660387110798874,seed,
ets_inception_pyramid_ce,ets inception pyramid ce,2027,830.0000000000016,0.28340637567912386,seed,
ets_inception_pyramid_ce,ets inception pyramid ce,2027,840.0000000000016,0.28303412361922,seed,
ets_inception_pyramid_ce,ets inception pyramid ce,2027,850.0000000000016,0.28196227117200956,seed,
ets_inception_pyramid_ce,ets inception pyramid ce,2027,860.0000000000017,0.2799406438525746,seed,
ets_inception_pyramid_ce,ets inception pyramid ce,2027,870.0000000000017,0.28051796495881626,seed,
ets_inception_pyramid_ce,ets inception pyramid ce,2027,880.0000000000017,0.2781243780585661,seed,
ets_inception_pyramid_ce,ets inception pyramid ce,2027,890.0000000000017,0.2759750986759358,seed,
ets_inception_pyramid_ce,ets inception pyramid ce,2027,900.0000000000017,0.27584992725271146,seed,
ets_inception_pyramid_ce,ets inception pyramid ce,2027,910.0000000000017,0.27414784747901727,seed,
ets_inception_pyramid_ce,ets inception pyramid ce,2027,920.0000000000017,0.27366977205080223,seed,
ets_inception_pyramid_ce,ets inception pyramid ce,2027,930.0000000000017,0.2749798631881417,seed,
ets_inception_pyramid_ce,ets inception pyramid ce,2027,940.0000000000017,0.27271871188076524,seed,
ets_inception_pyramid_ce,ets inception pyramid ce,2027,950.0000000000017,0.272516787749187,seed,
ets_inception_pyramid_ce,ets inception pyramid ce,2027,960.0000000000017,0.2731610084945096,seed,
ets_inception_pyramid_ce,ets inception pyramid ce,2027,970.0000000000017,0.271801506025097,seed,
ets_inception_pyramid_ce,ets inception pyramid ce,2027,980.0000000000017,0.27164340085528993,seed,
ets_inception_pyramid_ce,ets inception pyramid ce,2027,990.0000000000018,0.2741919524502835,seed,
ets_inception_pyramid_ce,ets inception pyramid ce,2027,1000.0000000000018,0.2726274723637606,seed,
ets_inception_pyramid_ce,ets inception pyramid ce,2028,-1000.0,0.10278468168145982,seed,
ets_inception_pyramid_ce,ets inception pyramid ce,2028,-990.0,0.10528558886894193,seed,
ets_inception_pyramid_ce,ets inception pyramid ce,2028,-980.0,0.10754954306855453,seed,
ets_inception_pyramid_ce,ets inception pyramid ce,2028,-970.0,0.10988140321788165,seed,
ets_inception_pyramid_ce,ets inception pyramid ce,2028,-960.0,0.11162532137177186,seed,
ets_inception_pyramid_ce,ets inception pyramid ce,2028,-950.0,0.1139400813107844,seed,
ets_inception_pyramid_ce,ets inception pyramid ce,2028,-940.0,0.1167887988730983,seed,
ets_inception_pyramid_ce,ets inception pyramid ce,2028,-929.9999999999999,0.11836803300097073,seed,
ets_inception_pyramid_ce,ets inception pyramid ce,2028,-919.9999999999999,0.12054724863422174,seed,
ets_inception_pyramid_ce,ets inception pyramid ce,2028,-909.9999999999999,0.12329283474065376,seed,
ets_inception_pyramid_ce,ets inception pyramid ce,2028,-899.9999999999999,0.12560326053229864,seed,
ets_inception_pyramid_ce,ets inception pyramid ce,2028,-889.9999999999999,0.12833006396699242,seed,
ets_inception_pyramid_ce,ets inception pyramid ce,2028,-879.9999999999999,0.13129698283724567,seed,
ets_inception_pyramid_ce,ets inception pyramid ce,2028,-869.9999999999999,0.13379129614406757,seed,
ets_inception_pyramid_ce,ets inception pyramid ce,2028,-859.9999999999999,0.13692773416273082,seed,
ets_inception_pyramid_ce,ets inception pyramid ce,2028,-849.9999999999999,0.1399059945063158,seed,
ets_inception_pyramid_ce,ets inception pyramid ce,2028,-839.9999999999999,0.14245274396417276,seed,
ets_inception_pyramid_ce,ets inception pyramid ce,2028,-829.9999999999999,0.145806971845396,seed,
ets_inception_pyramid_ce,ets inception pyramid ce,2028,-819.9999999999999,0.14919461985107577,seed,
ets_inception_pyramid_ce,ets inception pyramid ce,2028,-809.9999999999999,0.15237409818584233,seed,
ets_inception_pyramid_ce,ets inception pyramid ce,2028,-799.9999999999998,0.15592629144524695,seed,
ets_inception_pyramid_ce,ets inception pyramid ce,2028,-789.9999999999998,0.1593820565648263,seed,
ets_inception_pyramid_ce,ets inception pyramid ce,2028,-779.9999999999998,0.1625594017054951,seed,
ets_inception_pyramid_ce,ets inception pyramid ce,2028,-769.9999999999998,0.16656198282484028,seed,
ets_inception_pyramid_ce,ets inception pyramid ce,2028,-759.9999999999998,0.17066250097091198,seed,
ets_inception_pyramid_ce,ets inception pyramid ce,2028,-749.9999999999998,0.17426969723333208,seed,
ets_inception_pyramid_ce,ets inception pyramid ce,2028,-739.9999999999998,0.17858668963755875,seed,
ets_inception_pyramid_ce,ets inception pyramid ce,2028,-729.9999999999998,0.18296921622465662,seed,
ets_inception_pyramid_ce,ets inception pyramid ce,2028,-719.9999999999998,0.18779207759786087,seed,
ets_inception_pyramid_ce,ets inception pyramid ce,2028,-709.9999999999998,0.19198789971263341,seed,
ets_inception_pyramid_ce,ets inception pyramid ce,2028,-699.9999999999998,0.1967205882873486,seed,
ets_inception_pyramid_ce,ets inception pyramid ce,2028,-689.9999999999998,0.20179410072604642,seed,
ets_inception_pyramid_ce,ets inception pyramid ce,2028,-679.9999999999998,0.20640382144264774,seed,
ets_inception_pyramid_ce,ets inception pyramid ce,2028,-669.9999999999997,0.21158303205428372,seed,
ets_inception_pyramid_ce,ets inception pyramid ce,2028,-659.9999999999997,0.2170980205188812,seed,
ets_inception_pyramid_ce,ets inception pyramid ce,2028,-649.9999999999997,0.222419729402397,seed,
ets_inception_pyramid_ce,ets inception pyramid ce,2028,-639.9999999999997,0.22816256413224412,seed,
ets_inception_pyramid_ce,ets inception pyramid ce,2028,-629.9999999999997,0.23438615915404687,seed,
ets_inception_pyramid_ce,ets inception pyramid ce,2028,-619.9999999999997,0.24047304182327164,seed,
ets_inception_pyramid_ce,ets inception pyramid ce,2028,-609.9999999999997,0.2472678184499993,seed,
ets_inception_pyramid_ce,ets inception pyramid ce,2028,-599.9999999999997,0.254148456585063,seed,
ets_inception_pyramid_ce,ets inception pyramid ce,2028,-589.9999999999997,0.26101645681060065,seed,
ets_inception_pyramid_ce,ets inception pyramid ce,2028,-579.9999999999997,0.26828948720177087,seed,
ets_inception_pyramid_ce,ets inception pyramid ce,2028,-569.9999999999997,0.2758209566713174,seed,
ets_inception_pyramid_ce,ets inception pyramid ce,2028,-559.9999999999997,0.2836323272736975,seed,
ets_inception_pyramid_ce,ets inception pyramid ce,2028,-549.9999999999995,0.2920413801910655,seed,
ets_inception_pyramid_ce,ets inception pyramid ce,2028,-539.9999999999995,0.3007273055956409,seed,
ets_inception_pyramid_ce,ets inception pyramid ce,2028,-529.9999999999995,0.3095447797555077,seed,
ets_inception_pyramid_ce,ets inception pyramid ce,2028,-519.9999999999995,0.3190794825711859,seed,
ets_inception_pyramid_ce,ets inception pyramid ce,2028,-509.99999999999955,0.32878179434640054,seed,
ets_inception_pyramid_ce,ets inception pyramid ce,2028,-499.99999999999955,0.3384673160761199,seed,
ets_inception_pyramid_ce,ets inception pyramid ce,2028,-489.99999999999955,0.34916229447595715,seed,
ets_inception_pyramid_ce,ets inception pyramid ce,2028,-479.99999999999955,0.3601849397947091,seed,
ets_inception_pyramid_ce,ets inception pyramid ce,2028,-469.99999999999955,0.37196040890601717,seed,
ets_inception_pyramid_ce,ets inception pyramid ce,2028,-459.99999999999955,0.383609949134253,seed,
ets_inception_pyramid_ce,ets inception pyramid ce,2028,-449.9999999999995,0.3960445592671848,seed,
ets_inception_pyramid_ce,ets inception pyramid ce,2028,-439.9999999999995,0.4092852723136113,seed,
ets_inception_pyramid_ce,ets inception pyramid ce,2028,-429.9999999999995,0.4227910880943609,seed,
ets_inception_pyramid_ce,ets inception pyramid ce,2028,-419.9999999999995,0.4370927140953594,seed,
ets_inception_pyramid_ce,ets inception pyramid ce,2028,-409.9999999999995,0.4520881024383815,seed,
ets_inception_pyramid_ce,ets inception pyramid ce,2028,-399.9999999999995,0.4674743358223958,seed,
ets_inception_pyramid_ce,ets inception pyramid ce,2028,-389.99999999999943,0.4837008141770666,seed,
ets_inception_pyramid_ce,ets inception pyramid ce,2028,-379.99999999999943,0.5005482958696588,seed,
ets_inception_pyramid_ce,ets inception pyramid ce,2028,-369.99999999999943,0.5174782688842585,seed,
ets_inception_pyramid_ce,ets inception pyramid ce,2028,-359.99999999999943,0.5354014322007341,seed,
ets_inception_pyramid_ce,ets inception pyramid ce,2028,-349.99999999999943,0.5542392480237107,seed,
ets_inception_pyramid_ce,ets inception pyramid ce,2028,-339.99999999999943,0.5733686542668947,seed,
ets_inception_pyramid_ce,ets inception pyramid ce,2028,-329.99999999999943,0.5933535142453688,seed,
ets_inception_pyramid_ce,ets inception pyramid ce,2028,-319.9999999999994,0.6139620589019862,seed,
ets_inception_pyramid_ce,ets inception pyramid ce,2028,-309.9999999999994,0.6349669077095991,seed,
ets_inception_pyramid_ce,ets inception pyramid ce,2028,-299.9999999999994,0.6566738900337075,seed,
ets_inception_pyramid_ce,ets inception pyramid ce,2028,-289.9999999999994,0.6789257963521217,seed,
ets_inception_pyramid_ce,ets inception pyramid ce,2028,-279.9999999999994,0.7014517650968756,seed,
ets_inception_pyramid_ce,ets inception pyramid ce,2028,-269.9999999999994,0.7248945039914027,seed,
ets_inception_pyramid_ce,ets inception pyramid ce,2028,-259.9999999999993,0.748636533509843,seed,
ets_inception_pyramid_ce,ets inception pyramid ce,2028,-249.99999999999935,0.7730376187028877,seed,
ets_inception_pyramid_ce,ets inception pyramid ce,2028,-239.99999999999932,0.7977972278019057,seed,
ets_inception_pyramid_ce,ets inception pyramid ce,2028,-229.99999999999932,0.8227970901065372,seed,
ets_inception_pyramid_ce,ets inception pyramid ce,2028,-219.99999999999932,0.8479883447333917,seed,
ets_inception_pyramid_ce,ets inception pyramid ce,2028,-209.9999999999993,0.8733246013840257,seed,
ets_inception_pyramid_ce,ets inception pyramid ce,2028,-199.9999999999993,0.8988467641100331,seed,
ets_inception_pyramid_ce,ets inception pyramid ce,2028,-189.9999999999993,0.9245145766229346,seed,
ets_inception_pyramid_ce,ets inception pyramid ce,2028,-179.99999999999926,0.9499186097281607,seed,
ets_inception_pyramid_ce,ets inception pyramid ce,2028,-169.99999999999926,0.9752483387309732,seed,
ets_inception_pyramid_ce,ets inception pyramid ce,2028,-159.99999999999926,1.0004071684617581,seed,
ets_inception_pyramid_ce,ets inception pyramid ce,2028,-149.99999999999923,1.0242544560578963,seed,
ets_inception_pyramid_ce,ets inception pyramid ce,2028,-139.99999999999923,1.0481936693851523,seed,
ets_inception_pyramid_ce,ets inception pyramid ce,2028,-129.99999999999923,1.0712406034610955,seed,
ets_inception_pyramid_ce,ets inception pyramid ce,2028,-119.99999999999922,1.092813875394463,seed,
ets_inception_pyramid_ce,ets inception pyramid ce,2028,-109.9999999999992,1.1136274122690915,seed,
ets_inception_pyramid_ce,ets inception pyramid ce,2028,-99.9999999999992,1.133290611517875,seed,
ets_inception_pyramid_ce,ets inception pyramid ce,2028,-89.99999999999919,1.1514086508573966,seed,
ets_inception_pyramid_ce,ets inception pyramid ce,2028,-79.99999999999918,1.1681946580999822,seed,
ets_inception_pyramid_ce,ets inception pyramid ce,2028,-69.99999999999918,1.1825587918902456,seed,
ets_inception_pyramid_ce,ets inception pyramid ce,2028,-59.99999999999916,1.1950072040473794,seed,
ets_inception_pyramid_ce,ets inception pyramid ce,2028,-49.999999999999154,1.206421155179532,seed,
ets_inception_pyramid_ce,ets inception pyramid ce,2028,-39.99999999999915,1.2156896713125616,seed,
ets_inception_pyramid_ce,ets inception pyramid ce,2028,-29.99999999999914,1.2228084716228884,seed,
ets_inception_pyramid_ce,ets inception pyramid ce,2028,-19.99999999999913,1.227963523128885,seed,
ets_inception_pyramid_ce,ets inception pyramid ce,2028,-9.99999999999912,1.2310950778340746,seed,
ets_inception_pyramid_ce,ets inception pyramid ce,2028,8.881784197001252e-13,1.231777786595784,seed,
ets_inception_pyramid_ce,ets inception pyramid ce,2028,10.000000000000897,1.2310369826823366,seed,
ets_inception_pyramid_ce,ets inception pyramid ce,2028,20.000000000000906,1.2281458812982098,seed,
ets_inception_pyramid_ce,ets inception pyramid ce,2028,30.000000000000917,1.2230884847532464,seed,
ets_inception_pyramid_ce,ets inception pyramid ce,2028,40.000000000000924,1.2160111275936552,seed,
ets_inception_pyramid_ce,ets inception pyramid ce,2028,50.00000000000093,1.2071109362775447,seed,
ets_inception_pyramid_ce,ets inception pyramid ce,2028,60.00000000000094,1.1959486580292964,seed,
ets_inception_pyramid_ce,ets inception pyramid ce,2028,70.00000000000095,1.1830422071596158,seed,
ets_inception_pyramid_ce,ets inception pyramid ce,2028,80.00000000000097,1.1685113950591586,seed,
ets_inception_pyramid_ce,ets inception pyramid ce,2028,90.00000000000097,1.1529827723365913,seed,
ets_inception_pyramid_ce,ets inception pyramid ce,2028,100.00000000000098,1.1365461040965672,seed,
ets_inception_pyramid_ce,ets inception pyramid ce,2028,110.00000000000098,1.1180823243971942,seed,
ets_inception_pyramid_ce,ets inception pyramid ce,2028,120.000000000001,1.0997219621067633,seed,
ets_inception_pyramid_ce,ets inception pyramid ce,2028,130.000000000001,1.0806187533080107,seed,
ets_inception_pyramid_ce,ets inception pyramid ce,2028,140.00000000000102,1.0600733511160743,seed,
ets_inception_pyramid_ce,ets inception pyramid ce,2028,150.00000000000102,1.0398976130057525,seed,
ets_inception_pyramid_ce,ets inception pyramid ce,2028,160.00000000000102,1.017777905227802,seed,
ets_inception_pyramid_ce,ets inception pyramid ce,2028,170.00000000000105,0.9954923014532578,seed,
ets_inception_pyramid_ce,ets inception pyramid ce,2028,180.00000000000105,0.9742413758396214,seed,
ets_inception_pyramid_ce,ets inception pyramid ce,2028,190.00000000000105,0.9512794243688286,seed,
ets_inception_pyramid_ce,ets inception pyramid ce,2028,200.00000000000108,0.9279603774820119,seed,
ets_inception_pyramid_ce,ets inception pyramid ce,2028,210.00000000000108,0.9059504252699226,seed,
ets_inception_pyramid_ce,ets inception pyramid ce,2028,220.00000000000108,0.8821401978729652,seed,
ets_inception_pyramid_ce,ets inception pyramid ce,2028,230.00000000000108,0.8586962956806067,seed,
ets_inception_pyramid_ce,ets inception pyramid ce,2028,240.0000000000011,0.8359519351198467,seed,
ets_inception_pyramid_ce,ets inception pyramid ce,2028,250.0000000000011,0.813177962980599,seed,
ets_inception_pyramid_ce,ets inception pyramid ce,2028,260.00000000000114,0.790563535630206,seed,
ets_inception_pyramid_ce,ets inception pyramid ce,2028,270.00000000000114,0.7681458196743401,seed,
ets_inception_pyramid_ce,ets inception pyramid ce,2028,280.00000000000114,0.7471968679754488,seed,
ets_inception_pyramid_ce,ets inception pyramid ce,2028,290.00000000000114,0.7257958725212691,seed,
ets_inception_pyramid_ce,ets inception pyramid ce,2028,300.00000000000114,0.7048849142481141,seed,
ets_inception_pyramid_ce,ets inception pyramid ce,2028,310.00000000000114,0.6857188063455407,seed,
ets_inception_pyramid_ce,ets inception pyramid ce,2028,320.0000000000012,0.6654842620923856,seed,
ets_inception_pyramid_ce,ets inception pyramid ce,2028,330.0000000000012,0.6456154575696763,seed,
ets_inception_pyramid_ce,ets inception pyramid ce,2028,340.0000000000012,0.627563740901229,seed,
ets_inception_pyramid_ce,ets inception pyramid ce,2028,350.0000000000012,0.6098323067320912,seed,
ets_inception_pyramid_ce,ets inception pyramid ce,2028,360.0000000000012,0.5920187059978141,seed,
ets_inception_pyramid_ce,ets inception pyramid ce,2028,370.0000000000012,0.5755625578581918,seed,
ets_inception_pyramid_ce,ets inception pyramid ce,2028,380.00000000000125,0.5589580896791349,seed,
ets_inception_pyramid_ce,ets inception pyramid ce,2028,390.00000000000125,0.542891313301126,seed,
ets_inception_pyramid_ce,ets inception pyramid ce,2028,400.00000000000125,0.5289431148426416,seed,
ets_inception_pyramid_ce,ets inception pyramid ce,2028,410.00000000000125,0.5138703390406543,seed,
ets_inception_pyramid_ce,ets inception pyramid ce,2028,420.00000000000125,0.5007062372681894,seed,
ets_inception_pyramid_ce,ets inception pyramid ce,2028,430.00000000000125,0.4882940015899213,seed,
ets_inception_pyramid_ce,ets inception pyramid ce,2028,440.00000000000125,0.47499919383806105,seed,
ets_inception_pyramid_ce,ets inception pyramid ce,2028,450.0000000000013,0.462408529317559,seed,
ets_inception_pyramid_ce,ets inception pyramid ce,2028,460.0000000000013,0.4514068600646506,seed,
ets_inception_pyramid_ce,ets inception pyramid ce,2028,470.0000000000013,0.4395806689487489,seed,
ets_inception_pyramid_ce,ets inception pyramid ce,2028,480.0000000000013,0.428554930995385,seed,
ets_inception_pyramid_ce,ets inception pyramid ce,2028,490.0000000000013,0.41941232237926657,seed,
ets_inception_pyramid_ce,ets inception pyramid ce,2028,500.0000000000013,0.4090160784876703,seed,
ets_inception_pyramid_ce,ets inception pyramid ce,2028,510.00000000000136,0.39961587557984574,seed,
ets_inception_pyramid_ce,ets inception pyramid ce,2028,520.0000000000014,0.3900996777751254,seed,
ets_inception_pyramid_ce,ets inception pyramid ce,2028,530.0000000000014,0.3829293590343219,seed,
ets_inception_pyramid_ce,ets inception pyramid ce,2028,540.0000000000014,0.3747119327946719,seed,
ets_inception_pyramid_ce,ets inception pyramid ce,2028,550.0000000000014,0.3659979125261137,seed,
ets_inception_pyramid_ce,ets inception pyramid ce,2028,560.0000000000014,0.35989244916701535,seed,
ets_inception_pyramid_ce,ets inception pyramid ce,2028,570.0000000000014,0.3529267588693981,seed,
ets_inception_pyramid_ce,ets inception pyramid ce,2028,580.0000000000014,0.34555515767383543,seed,
ets_inception_pyramid_ce,ets inception pyramid ce,2028,590.0000000000014,0.34026916452099015,seed,
ets_inception_pyramid_ce,ets inception pyramid ce,2028,600.0000000000014,0.33408984871999986,seed,
ets_inception_pyramid_ce,ets inception pyramid ce,2028,610.0000000000015,0.32776433813622713,seed,
ets_inception_pyramid_ce,ets inception pyramid ce,2028,620.0000000000015,0.3240422495354263,seed,
ets_inception_pyramid_ce,ets inception pyramid ce,2028,630.0000000000015,0.3190302267147457,seed,
ets_inception_pyramid_ce,ets inception pyramid ce,2028,640.0000000000015,0.31319340223780573,seed,
ets_inception_pyramid_ce,ets inception pyramid ce,2028,650.0000000000015,0.3094337512120099,seed,
ets_inception_pyramid_ce,ets inception pyramid ce,2028,660.0000000000015,0.3039507902896928,seed,
ets_inception_pyramid_ce,ets inception pyramid ce,2028,670.0000000000015,0.29934233375336233,seed,
ets_inception_pyramid_ce,ets inception pyramid ce,2028,680.0000000000015,0.29661023393552094,seed,
ets_inception_pyramid_ce,ets inception pyramid ce,2028,690.0000000000015,0.29267472541605555,seed,
ets_inception_pyramid_ce,ets inception pyramid ce,2028,700.0000000000015,0.28864981545079954,seed,
ets_inception_pyramid_ce,ets inception pyramid ce,2028,710.0000000000015,0.2867494175414699,seed,
ets_inception_pyramid_ce,ets inception pyramid ce,2028,720.0000000000015,0.28191133460632267,seed,
ets_inception_pyramid_ce,ets inception pyramid ce,2028,730.0000000000016,0.27868321691980535,seed,
ets_inception_pyramid_ce,ets inception pyramid ce,2028,740.0000000000016,0.27779550846434203,seed,
ets_inception_pyramid_ce,ets inception pyramid ce,2028,750.0000000000016,0.2747820187700057,seed,
ets_inception_pyramid_ce,ets inception pyramid ce,2028,760.0000000000016,0.27183406913210034,seed,
ets_inception_pyramid_ce,ets inception pyramid ce,2028,770.0000000000016,0.27094777309627716,seed,
ets_inception_pyramid_ce,ets inception pyramid ce,2028,780.0000000000016,0.2672593034071994,seed,
ets_inception_pyramid_ce,ets inception pyramid ce,2028,790.0000000000016,0.2655964834644363,seed,
ets_inception_pyramid_ce,ets inception pyramid ce,2028,800.0000000000016,0.2629673701961771,seed,
ets_inception_pyramid_ce,ets inception pyramid ce,2028,810.0000000000016,0.2637053719952803,seed,
ets_inception_pyramid_ce,ets inception pyramid ce,2028,820.0000000000016,0.26159394364480504,seed,
ets_inception_pyramid_ce,ets inception pyramid ce,2028,830.0000000000016,0.2583987067897709,seed,
ets_inception_pyramid_ce,ets inception pyramid ce,2028,840.0000000000016,0.2584645172428981,seed,
ets_inception_pyramid_ce,ets inception pyramid ce,2028,850.0000000000016,0.2576683722662549,seed,
ets_inception_pyramid_ce,ets inception pyramid ce,2028,860.0000000000017,0.2557441521880235,seed,
ets_inception_pyramid_ce,ets inception pyramid ce,2028,870.0000000000017,0.2568476261488578,seed,
ets_inception_pyramid_ce,ets inception pyramid ce,2028,880.0000000000017,0.2547761057192765,seed,
ets_inception_pyramid_ce,ets inception pyramid ce,2028,890.0000000000017,0.2526493049709918,seed,
ets_inception_pyramid_ce,ets inception pyramid ce,2028,900.0000000000017,0.25345403690097096,seed,
ets_inception_pyramid_ce,ets inception pyramid ce,2028,910.0000000000017,0.25235725912129336,seed,
ets_inception_pyramid_ce,ets inception pyramid ce,2028,920.0000000000017,0.25221171415109744,seed,
ets_inception_pyramid_ce,ets inception pyramid ce,2028,930.0000000000017,0.25386336567797846,seed,
ets_inception_pyramid_ce,ets inception pyramid ce,2028,940.0000000000017,0.2517683021881887,seed,
ets_inception_pyramid_ce,ets inception pyramid ce,2028,950.0000000000017,0.2520635878853164,seed,
ets_inception_pyramid_ce,ets inception pyramid ce,2028,960.0000000000017,0.25321915046037186,seed,
ets_inception_pyramid_ce,ets inception pyramid ce,2028,970.0000000000017,0.25184889050815884,seed,
ets_inception_pyramid_ce,ets inception pyramid ce,2028,980.0000000000017,0.2518310875792015,seed,
ets_inception_pyramid_ce,ets inception pyramid ce,2028,990.0000000000018,0.2549829260954693,seed,
ets_inception_pyramid_ce,ets inception pyramid ce,2028,1000.0000000000018,0.2532885895755054,seed,
ets_inception_pyramid_ce,ets inception pyramid ce,2029,-1000.0,0.11455524862457893,seed,
ets_inception_pyramid_ce,ets inception pyramid ce,2029,-990.0,0.11687053925464011,seed,
ets_inception_pyramid_ce,ets inception pyramid ce,2029,-980.0,0.11899557458029486,seed,
ets_inception_pyramid_ce,ets inception pyramid ce,2029,-970.0,0.12113949010533027,seed,
ets_inception_pyramid_ce,ets inception pyramid ce,2029,-960.0,0.122636815945265,seed,
ets_inception_pyramid_ce,ets inception pyramid ce,2029,-950.0,0.12472351645793774,seed,
ets_inception_pyramid_ce,ets inception pyramid ce,2029,-940.0,0.12741035349899396,seed,
ets_inception_pyramid_ce,ets inception pyramid ce,2029,-929.9999999999999,0.12884915095332117,seed,
ets_inception_pyramid_ce,ets inception pyramid ce,2029,-919.9999999999999,0.13081346757304974,seed,
ets_inception_pyramid_ce,ets inception pyramid ce,2029,-909.9999999999999,0.1333836586917489,seed,
ets_inception_pyramid_ce,ets inception pyramid ce,2029,-899.9999999999999,0.13547810841803698,seed,
ets_inception_pyramid_ce,ets inception pyramid ce,2029,-889.9999999999999,0.1380833093055184,seed,
ets_inception_pyramid_ce,ets inception pyramid ce,2029,-879.9999999999999,0.14084875346507134,seed,
ets_inception_pyramid_ce,ets inception pyramid ce,2029,-869.9999999999999,0.14311441168313396,seed,
ets_inception_pyramid_ce,ets inception pyramid ce,2029,-859.9999999999999,0.1460140667666606,seed,
ets_inception_pyramid_ce,ets inception pyramid ce,2029,-849.9999999999999,0.14885027284389965,seed,
ets_inception_pyramid_ce,ets inception pyramid ce,2029,-839.9999999999999,0.15115743192729467,seed,
ets_inception_pyramid_ce,ets inception pyramid ce,2029,-829.9999999999999,0.15430100603950495,seed,
ets_inception_pyramid_ce,ets inception pyramid ce,2029,-819.9999999999999,0.15742142428667769,seed,
ets_inception_pyramid_ce,ets inception pyramid ce,2029,-809.9999999999999,0.16032903847445207,seed,
ets_inception_pyramid_ce,ets inception pyramid ce,2029,-799.9999999999998,0.16368529227225023,seed,
ets_inception_pyramid_ce,ets inception pyramid ce,2029,-789.9999999999998,0.16702351118925612,seed,
ets_inception_pyramid_ce,ets inception pyramid ce,2029,-779.9999999999998,0.1700197331857112,seed,
ets_inception_pyramid_ce,ets inception pyramid ce,2029,-769.9999999999998,0.17383432057432438,seed,
ets_inception_pyramid_ce,ets inception pyramid ce,2029,-759.9999999999998,0.17770655551859282,seed,
ets_inception_pyramid_ce,ets inception pyramid ce,2029,-749.9999999999998,0.18112926141947297,seed,
ets_inception_pyramid_ce,ets inception pyramid ce,2029,-739.9999999999998,0.18532647201601998,seed,
ets_inception_pyramid_ce,ets inception pyramid ce,2029,-729.9999999999998,0.1895862136481399,seed,
ets_inception_pyramid_ce,ets inception pyramid ce,2029,-719.9999999999998,0.19427850634678503,seed,
ets_inception_pyramid_ce,ets inception pyramid ce,2029,-709.9999999999998,0.1983648734339902,seed,
ets_inception_pyramid_ce,ets inception pyramid ce,2029,-699.9999999999998,0.20302797638221665,seed,
ets_inception_pyramid_ce,ets inception pyramid ce,2029,-689.9999999999998,0.2081401689909513,seed,
ets_inception_pyramid_ce,ets inception pyramid ce,2029,-679.9999999999998,0.21272543120784135,seed,
ets_inception_pyramid_ce,ets inception pyramid ce,2029,-669.9999999999997,0.21795394522794576,seed,
ets_inception_pyramid_ce,ets inception pyramid ce,2029,-659.9999999999997,0.22350766760632845,seed,
ets_inception_pyramid_ce,ets inception pyramid ce,2029,-649.9999999999997,0.22886995520819234,seed,
ets_inception_pyramid_ce,ets inception pyramid ce,2029,-639.9999999999997,0.23468048708509012,seed,
ets_inception_pyramid_ce,ets inception pyramid ce,2029,-629.9999999999997,0.2410160851345001,seed,
ets_inception_pyramid_ce,ets inception pyramid ce,2029,-619.9999999999997,0.24724909216472132,seed,
ets_inception_pyramid_ce,ets inception pyramid ce,2029,-609.9999999999997,0.2541478149836129,seed,
ets_inception_pyramid_ce,ets inception pyramid ce,2029,-599.9999999999997,0.2610408894155844,seed,
ets_inception_pyramid_ce,ets inception pyramid ce,2029,-589.9999999999997,0.2681312616554798,seed,
ets_inception_pyramid_ce,ets inception pyramid ce,2029,-579.9999999999997,0.2755879251979906,seed,
ets_inception_pyramid_ce,ets inception pyramid ce,2029,-569.9999999999997,0.283313795204057,seed,
ets_inception_pyramid_ce,ets inception pyramid ce,2029,-559.9999999999997,0.29119671683409554,seed,
ets_inception_pyramid_ce,ets inception pyramid ce,2029,-549.9999999999995,0.29993284655568425,seed,
ets_inception_pyramid_ce,ets inception pyramid ce,2029,-539.9999999999995,0.3089382778240163,seed,
ets_inception_pyramid_ce,ets inception pyramid ce,2029,-529.9999999999995,0.3179904630711129,seed,
ets_inception_pyramid_ce,ets inception pyramid ce,2029,-519.9999999999995,0.3278514548472228,seed,
ets_inception_pyramid_ce,ets inception pyramid ce,2029,-509.99999999999955,0.33780618268455415,seed,
ets_inception_pyramid_ce,ets inception pyramid ce,2029,-499.99999999999955,0.347866904012606,seed,
ets_inception_pyramid_ce,ets inception pyramid ce,2029,-489.99999999999955,0.3588573139726685,seed,
ets_inception_pyramid_ce,ets inception pyramid ce,2029,-479.99999999999955,0.3702835989582214,seed,
ets_inception_pyramid_ce,ets inception pyramid ce,2029,-469.99999999999955,0.38242385473306,seed,
ets_inception_pyramid_ce,ets inception pyramid ce,2029,-459.99999999999955,0.39440809894146744,seed,
ets_inception_pyramid_ce,ets inception pyramid ce,2029,-449.9999999999995,0.4071822030098543,seed,
ets_inception_pyramid_ce,ets inception pyramid ce,2029,-439.9999999999995,0.42075711463716814,seed,
ets_inception_pyramid_ce,ets inception pyramid ce,2029,-429.9999999999995,0.434404976001744,seed,
ets_inception_pyramid_ce,ets inception pyramid ce,2029,-419.9999999999995,0.44872390811119367,seed,
ets_inception_pyramid_ce,ets inception pyramid ce,2029,-409.9999999999995,0.46370228491162435,seed,
ets_inception_pyramid_ce,ets inception pyramid ce,2029,-399.9999999999995,0.4792047093347968,seed,
ets_inception_pyramid_ce,ets inception pyramid ce,2029,-389.99999999999943,0.495412472003065,seed,
ets_inception_pyramid_ce,ets inception pyramid ce,2029,-379.99999999999943,0.5122850696849465,seed,
ets_inception_pyramid_ce,ets inception pyramid ce,2029,-369.99999999999943,0.5292266218335817,seed,
ets_inception_pyramid_ce,ets inception pyramid ce,2029,-359.99999999999943,0.5470786519605264,seed,
ets_inception_pyramid_ce,ets inception pyramid ce,2029,-349.99999999999943,0.5656246744948669,seed,
ets_inception_pyramid_ce,ets inception pyramid ce,2029,-339.99999999999943,0.5845714533482675,seed,
ets_inception_pyramid_ce,ets inception pyramid ce,2029,-329.99999999999943,0.604274645920191,seed,
ets_inception_pyramid_ce,ets inception pyramid ce,2029,-319.9999999999994,0.6247456846278767,seed,
ets_inception_pyramid_ce,ets inception pyramid ce,2029,-309.9999999999994,0.645565464960147,seed,
ets_inception_pyramid_ce,ets inception pyramid ce,2029,-299.9999999999994,0.6668220188026558,seed,
ets_inception_pyramid_ce,ets inception pyramid ce,2029,-289.9999999999994,0.6886344780074956,seed,
ets_inception_pyramid_ce,ets inception pyramid ce,2029,-279.9999999999994,0.7107624127999679,seed,
ets_inception_pyramid_ce,ets inception pyramid ce,2029,-269.9999999999994,0.7337121826573118,seed,
ets_inception_pyramid_ce,ets inception pyramid ce,2029,-259.9999999999993,0.7568822046206911,seed,
ets_inception_pyramid_ce,ets inception pyramid ce,2029,-249.99999999999935,0.7804336703211071,seed,
ets_inception_pyramid_ce,ets inception pyramid ce,2029,-239.99999999999932,0.8044779269477416,seed,
ets_inception_pyramid_ce,ets inception pyramid ce,2029,-229.99999999999932,0.8288098473567403,seed,
ets_inception_pyramid_ce,ets inception pyramid ce,2029,-219.99999999999932,0.8530915590913445,seed,
ets_inception_pyramid_ce,ets inception pyramid ce,2029,-209.9999999999993,0.8770403148296458,seed,
ets_inception_pyramid_ce,ets inception pyramid ce,2029,-199.9999999999993,0.9008986421989049,seed,
ets_inception_pyramid_ce,ets inception pyramid ce,2029,-189.9999999999993,0.9250929469470988,seed,
ets_inception_pyramid_ce,ets inception pyramid ce,2029,-179.99999999999926,0.9488924705998456,seed,
ets_inception_pyramid_ce,ets inception pyramid ce,2029,-169.99999999999926,0.9726444878313898,seed,
ets_inception_pyramid_ce,ets inception pyramid ce,2029,-159.99999999999926,0.9959850742971434,seed,
ets_inception_pyramid_ce,ets inception pyramid ce,2029,-149.99999999999923,1.0182706522817577,seed,
ets_inception_pyramid_ce,ets inception pyramid ce,2029,-139.99999999999923,1.0404972418430514,seed,
ets_inception_pyramid_ce,ets inception pyramid ce,2029,-129.99999999999923,1.0615410223478086,seed,
ets_inception_pyramid_ce,ets inception pyramid ce,2029,-119.99999999999922,1.0808728055923458,seed,
ets_inception_pyramid_ce,ets inception pyramid ce,2029,-109.9999999999992,1.0995298872588073,seed,
ets_inception_pyramid_ce,ets inception pyramid ce,2029,-99.9999999999992,1.1171989964048805,seed,
ets_inception_pyramid_ce,ets inception pyramid ce,2029,-89.99999999999919,1.1336395281437792,seed,
ets_inception_pyramid_ce,ets inception pyramid ce,2029,-79.99999999999918,1.1485560228435978,seed,
ets_inception_pyramid_ce,ets inception pyramid ce,2029,-69.99999999999918,1.1612888275040005,seed,
ets_inception_pyramid_ce,ets inception pyramid ce,2029,-59.99999999999916,1.1721221782204743,seed,
ets_inception_pyramid_ce,ets inception pyramid ce,2029,-49.999999999999154,1.1820106140663191,seed,
ets_inception_pyramid_ce,ets inception pyramid ce,2029,-39.99999999999915,1.1902082288874667,seed,
ets_inception_pyramid_ce,ets inception pyramid ce,2029,-29.99999999999914,1.1966561416436414,seed,
ets_inception_pyramid_ce,ets inception pyramid ce,2029,-19.99999999999913,1.2012709438573295,seed,
ets_inception_pyramid_ce,ets inception pyramid ce,2029,-9.99999999999912,1.2039624917230285,seed,
ets_inception_pyramid_ce,ets inception pyramid ce,2029,8.881784197001252e-13,1.2041882968384132,seed,
ets_inception_pyramid_ce,ets inception pyramid ce,2029,10.000000000000897,1.2033661329475174,seed,
ets_inception_pyramid_ce,ets inception pyramid ce,2029,20.000000000000906,1.200506768800537,seed,
ets_inception_pyramid_ce,ets inception pyramid ce,2029,30.000000000000917,1.195756346986108,seed,
ets_inception_pyramid_ce,ets inception pyramid ce,2029,40.000000000000924,1.1893900697293356,seed,
ets_inception_pyramid_ce,ets inception pyramid ce,2029,50.00000000000093,1.1813490958332111,seed,
ets_inception_pyramid_ce,ets inception pyramid ce,2029,60.00000000000094,1.1715664590033938,seed,
ets_inception_pyramid_ce,ets inception pyramid ce,2029,70.00000000000095,1.1601547696925139,seed,
ets_inception_pyramid_ce,ets inception pyramid ce,2029,80.00000000000097,1.1473628270646175,seed,
ets_inception_pyramid_ce,ets inception pyramid ce,2029,90.00000000000097,1.1338054188775104,seed,
ets_inception_pyramid_ce,ets inception pyramid ce,2029,100.00000000000098,1.1189930855345833,seed,
ets_inception_pyramid_ce,ets inception pyramid ce,2029,110.00000000000098,1.102499951115884,seed,
ets_inception_pyramid_ce,ets inception pyramid ce,2029,120.000000000001,1.0862517181129308,seed,
ets_inception_pyramid_ce,ets inception pyramid ce,2029,130.000000000001,1.0688904683584548,seed,
ets_inception_pyramid_ce,ets inception pyramid ce,2029,140.00000000000102,1.0499871215653873,seed,
ets_inception_pyramid_ce,ets inception pyramid ce,2029,150.00000000000102,1.0318609061844761,seed,
ets_inception_pyramid_ce,ets inception pyramid ce,2029,160.00000000000102,1.0113554702753906,seed,
ets_inception_pyramid_ce,ets inception pyramid ce,2029,170.00000000000105,0.9907383179487244,seed,
ets_inception_pyramid_ce,ets inception pyramid ce,2029,180.00000000000105,0.9713179415275398,seed,
ets_inception_pyramid_ce,ets inception pyramid ce,2029,190.00000000000105,0.9498648317010058,seed,
ets_inception_pyramid_ce,ets inception pyramid ce,2029,200.00000000000108,0.9276873577394921,seed,
ets_inception_pyramid_ce,ets inception pyramid ce,2029,210.00000000000108,0.9067097531786106,seed,
ets_inception_pyramid_ce,ets inception pyramid ce,2029,220.00000000000108,0.883621092627116,seed,
ets_inception_pyramid_ce,ets inception pyramid ce,2029,230.00000000000108,0.8611204184341943,seed,
ets_inception_pyramid_ce,ets inception pyramid ce,2029,240.0000000000011,0.8391328563848958,seed,
ets_inception_pyramid_ce,ets inception pyramid ce,2029,250.0000000000011,0.8169881163594366,seed,
ets_inception_pyramid_ce,ets inception pyramid ce,2029,260.00000000000114,0.7949954411674184,seed,
ets_inception_pyramid_ce,ets inception pyramid ce,2029,270.00000000000114,0.77286241866942,seed,
ets_inception_pyramid_ce,ets inception pyramid ce,2029,280.00000000000114,0.7519972209901371,seed,
ets_inception_pyramid_ce,ets inception pyramid ce,2029,290.00000000000114,0.730879123821266,seed,
ets_inception_pyramid_ce,ets inception pyramid ce,2029,300.00000000000114,0.7100299816270064,seed,
ets_inception_pyramid_ce,ets inception pyramid ce,2029,310.00000000000114,0.6907311031051321,seed,
ets_inception_pyramid_ce,ets inception pyramid ce,2029,320.0000000000012,0.6703575432144933,seed,
ets_inception_pyramid_ce,ets inception pyramid ce,2029,330.0000000000012,0.6501504011284107,seed,
ets_inception_pyramid_ce,ets inception pyramid ce,2029,340.0000000000012,0.631823143133075,seed,
ets_inception_pyramid_ce,ets inception pyramid ce,2029,350.0000000000012,0.6135548835159229,seed,
ets_inception_pyramid_ce,ets inception pyramid ce,2029,360.0000000000012,0.5953881602554708,seed,
ets_inception_pyramid_ce,ets inception pyramid ce,2029,370.0000000000012,0.5786931068624501,seed,
ets_inception_pyramid_ce,ets inception pyramid ce,2029,380.00000000000125,0.561616532283704,seed,
ets_inception_pyramid_ce,ets inception pyramid ce,2029,390.00000000000125,0.5449204064450407,seed,
ets_inception_pyramid_ce,ets inception pyramid ce,2029,400.00000000000125,0.530407285760774,seed,
ets_inception_pyramid_ce,ets inception pyramid ce,2029,410.00000000000125,0.5147789833547055,seed,
ets_inception_pyramid_ce,ets inception pyramid ce,2029,420.00000000000125,0.5010245608360208,seed,
ets_inception_pyramid_ce,ets inception pyramid ce,2029,430.00000000000125,0.4881652801565007,seed,
ets_inception_pyramid_ce,ets inception pyramid ce,2029,440.00000000000125,0.4742455416904938,seed,
ets_inception_pyramid_ce,ets inception pyramid ce,2029,450.0000000000013,0.46138321070040794,seed,
ets_inception_pyramid_ce,ets inception pyramid ce,2029,460.0000000000013,0.4500602010450375,seed,
ets_inception_pyramid_ce,ets inception pyramid ce,2029,470.0000000000013,0.4379165493101252,seed,
ets_inception_pyramid_ce,ets inception pyramid ce,2029,480.0000000000013,0.4264889397147256,seed,
ets_inception_pyramid_ce,ets inception pyramid ce,2029,490.0000000000013,0.4171644641349163,seed,
ets_inception_pyramid_ce,ets inception pyramid ce,2029,500.0000000000013,0.4063071350736395,seed,
ets_inception_pyramid_ce,ets inception pyramid ce,2029,510.00000000000136,0.39639515359449196,seed,
ets_inception_pyramid_ce,ets inception pyramid ce,2029,520.0000000000014,0.38657256663300693,seed,
ets_inception_pyramid_ce,ets inception pyramid ce,2029,530.0000000000014,0.3790688951550956,seed,
ets_inception_pyramid_ce,ets inception pyramid ce,2029,540.0000000000014,0.37068330901263497,seed,
ets_inception_pyramid_ce,ets inception pyramid ce,2029,550.0000000000014,0.3615661787533995,seed,
ets_inception_pyramid_ce,ets inception pyramid ce,2029,560.0000000000014,0.3549675305621645,seed,
ets_inception_pyramid_ce,ets inception pyramid ce,2029,570.0000000000014,0.3474936030775733,seed,
ets_inception_pyramid_ce,ets inception pyramid ce,2029,580.0000000000014,0.3398368333059247,seed,
ets_inception_pyramid_ce,ets inception pyramid ce,2029,590.0000000000014,0.3339376897398384,seed,
ets_inception_pyramid_ce,ets inception pyramid ce,2029,600.0000000000014,0.3275131589572371,seed,
ets_inception_pyramid_ce,ets inception pyramid ce,2029,610.0000000000015,0.3206529890604205,seed,
ets_inception_pyramid_ce,ets inception pyramid ce,2029,620.0000000000015,0.3163114148416377,seed,
ets_inception_pyramid_ce,ets inception pyramid ce,2029,630.0000000000015,0.31086522497817515,seed,
ets_inception_pyramid_ce,ets inception pyramid ce,2029,640.0000000000015,0.3046492220479887,seed,
ets_inception_pyramid_ce,ets inception pyramid ce,2029,650.0000000000015,0.30053739883226926,seed,
ets_inception_pyramid_ce,ets inception pyramid ce,2029,660.0000000000015,0.2947612811478351,seed,
ets_inception_pyramid_ce,ets inception pyramid ce,2029,670.0000000000015,0.2897926177498969,seed,
ets_inception_pyramid_ce,ets inception pyramid ce,2029,680.0000000000015,0.28686013272539557,seed,
ets_inception_pyramid_ce,ets inception pyramid ce,2029,690.0000000000015,0.2826914702288828,seed,
ets_inception_pyramid_ce,ets inception pyramid ce,2029,700.0000000000015,0.27832203018109714,seed,
ets_inception_pyramid_ce,ets inception pyramid ce,2029,710.0000000000015,0.27602620093575103,seed,
ets_inception_pyramid_ce,ets inception pyramid ce,2029,720.0000000000015,0.27123145542575505,seed,
ets_inception_pyramid_ce,ets inception pyramid ce,2029,730.0000000000016,0.26795188341369186,seed,
ets_inception_pyramid_ce,ets inception pyramid ce,2029,740.0000000000016,0.26689492018560973,seed,
ets_inception_pyramid_ce,ets inception pyramid ce,2029,750.0000000000016,0.2635958088289197,seed,
ets_inception_pyramid_ce,ets inception pyramid ce,2029,760.0000000000016,0.26026982890089184,seed,
ets_inception_pyramid_ce,ets inception pyramid ce,2029,770.0000000000016,0.2593211849036553,seed,
ets_inception_pyramid_ce,ets inception pyramid ce,2029,780.0000000000016,0.25556666695513663,seed,
ets_inception_pyramid_ce,ets inception pyramid ce,2029,790.0000000000016,0.25385579956990134,seed,
ets_inception_pyramid_ce,ets inception pyramid ce,2029,800.0000000000016,0.2510992077141086,seed,
ets_inception_pyramid_ce,ets inception pyramid ce,2029,810.0000000000016,0.2512383052230281,seed,
ets_inception_pyramid_ce,ets inception pyramid ce,2029,820.0000000000016,0.24909957842498287,seed,
ets_inception_pyramid_ce,ets inception pyramid ce,2029,830.0000000000016,0.24593161902948107,seed,
ets_inception_pyramid_ce,ets inception pyramid ce,2029,840.0000000000016,0.24585986518206174,seed,
ets_inception_pyramid_ce,ets inception pyramid ce,2029,850.0000000000016,0.24487574725019998,seed,
ets_inception_pyramid_ce,ets inception pyramid ce,2029,860.0000000000017,0.24276095960919294,seed,
ets_inception_pyramid_ce,ets inception pyramid ce,2029,870.0000000000017,0.24358014067775433,seed,
ets_inception_pyramid_ce,ets inception pyramid ce,2029,880.0000000000017,0.24122099052548382,seed,
ets_inception_pyramid_ce,ets inception pyramid ce,2029,890.0000000000017,0.23893070740208433,seed,
ets_inception_pyramid_ce,ets inception pyramid ce,2029,900.0000000000017,0.23916961971469788,seed,
ets_inception_pyramid_ce,ets inception pyramid ce,2029,910.0000000000017,0.23780467930450258,seed,
ets_inception_pyramid_ce,ets inception pyramid ce,2029,920.0000000000017,0.23729981831833075,seed,
ets_inception_pyramid_ce,ets inception pyramid ce,2029,930.0000000000017,0.2387434332012081,seed,
ets_inception_pyramid_ce,ets inception pyramid ce,2029,940.0000000000017,0.23638483191023987,seed,
ets_inception_pyramid_ce,ets inception pyramid ce,2029,950.0000000000017,0.23618552782487381,seed,
ets_inception_pyramid_ce,ets inception pyramid ce,2029,960.0000000000017,0.23680679162275123,seed,
ets_inception_pyramid_ce,ets inception pyramid ce,2029,970.0000000000017,0.2353925808002215,seed,
ets_inception_pyramid_ce,ets inception pyramid ce,2029,980.0000000000017,0.23533463014897282,seed,
ets_inception_pyramid_ce,ets inception pyramid ce,2029,990.0000000000018,0.2378953109316943,seed,
ets_inception_pyramid_ce,ets inception pyramid ce,2029,1000.0000000000018,0.2363516527274856,seed,
ets_inception_pyramid_ce,ets inception pyramid ce,mean,-1000.0,0.10951188898924373,group_mean,0.009843465524895659
ets_inception_pyramid_ce,ets inception pyramid ce,mean,-990.0,0.11186777648030657,group_mean,0.00976742920753743
ets_inception_pyramid_ce,ets inception pyramid ce,mean,-980.0,0.11405519226750016,group_mean,0.009704558736712098
ets_inception_pyramid_ce,ets inception pyramid ce,mean,-970.0,0.11626576185897348,group_mean,0.009622327743310868
ets_inception_pyramid_ce,ets inception pyramid ce,mean,-960.0,0.11788977923449726,group_mean,0.00948429223801063
ets_inception_pyramid_ce,ets inception pyramid ce,mean,-950.0,0.12010391887316992,group_mean,0.009329764418552544
ets_inception_pyramid_ce,ets inception pyramid ce,mean,-940.0,0.12281600389167306,group_mean,0.009207416675263098
ets_inception_pyramid_ce,ets inception pyramid ce,mean,-929.9999999999999,0.12434010525039658,group_mean,0.009110292495530883
ets_inception_pyramid_ce,ets inception pyramid ce,mean,-919.9999999999999,0.12643241534677624,group_mean,0.008975746638536236
ets_inception_pyramid_ce,ets inception pyramid ce,mean,-909.9999999999999,0.12909889124078058,group_mean,0.008855618600947648
ets_inception_pyramid_ce,ets inception pyramid ce,mean,-899.9999999999999,0.131341250240194,group_mean,0.00871706636749075
ets_inception_pyramid_ce,ets inception pyramid ce,mean,-889.9999999999999,0.1339804637259765,group_mean,0.008636960882860548
ets_inception_pyramid_ce,ets inception pyramid ce,mean,-879.9999999999999,0.13683816446529368,group_mean,0.008505216420816477
ets_inception_pyramid_ce,ets inception pyramid ce,mean,-869.9999999999999,0.13925465110630494,group_mean,0.008354069146730717
ets_inception_pyramid_ce,ets inception pyramid ce,mean,-859.9999999999999,0.14226645591285392,group_mean,0.008232481057775787
ets_inception_pyramid_ce,ets inception pyramid ce,mean,-849.9999999999999,0.14517367454949914,group_mean,0.008092163622508506
ets_inception_pyramid_ce,ets inception pyramid ce,mean,-839.9999999999999,0.14762440731591545,group_mean,0.00795261799130821
ets_inception_pyramid_ce,ets inception pyramid ce,mean,-829.9999999999999,0.15088582059106645,group_mean,0.007786264803516671
ets_inception_pyramid_ce,ets inception pyramid ce,mean,-819.9999999999999,0.1541763194770748,group_mean,0.00763075399360022
ets_inception_pyramid_ce,ets inception pyramid ce,mean,-809.9999999999999,0.1572454565974216,group_mean,0.007497301131046847
ets_inception_pyramid_ce,ets inception pyramid ce,mean,-799.9999999999998,0.16072307576308228,group_mean,0.007327774431843984
ets_inception_pyramid_ce,ets inception pyramid ce,mean,-789.9999999999998,0.16414297782353282,group_mean,0.00721447274782959
ets_inception_pyramid_ce,ets inception pyramid ce,mean,-779.9999999999998,0.1672569692845058,group_mean,0.007071331988819622
ets_inception_pyramid_ce,ets inception pyramid ce,mean,-769.9999999999998,0.1711567125315517,group_mean,0.006930052085338975
ets_inception_pyramid_ce,ets inception pyramid ce,mean,-759.9999999999998,0.1751487510135889,group_mean,0.006775122658490273
ets_inception_pyramid_ce,ets inception pyramid ce,mean,-749.9999999999998,0.17869998956531646,group_mean,0.00664592321423386
ets_inception_pyramid_ce,ets inception pyramid ce,mean,-739.9999999999998,0.18295669889230962,group_mean,0.0065211945129681195
ets_inception_pyramid_ce,ets inception pyramid ce,mean,-729.9999999999998,0.1872831263663981,group_mean,0.006405311463847383
ets_inception_pyramid_ce,ets inception pyramid ce,mean,-719.9999999999998,0.1920199010648212,group_mean,0.006266590597259747
ets_inception_pyramid_ce,ets inception pyramid ce,mean,-709.9999999999998,0.19619697946659465,group_mean,0.0061241581198174
ets_inception_pyramid_ce,ets inception pyramid ce,mean,-699.9999999999998,0.20088668043980626,group_mean,0.005984391421636577
ets_inception_pyramid_ce,ets inception pyramid ce,mean,-689.9999999999998,0.20593128742141392,group_mean,0.00589842794723922
ets_inception_pyramid_ce,ets inception pyramid ce,mean,-679.9999999999998,0.21055357406925435,group_mean,0.005816500530400533
ets_inception_pyramid_ce,ets inception pyramid ce,mean,-669.9999999999997,0.21578678442975682,group_mean,0.005725270266089423
ets_inception_pyramid_ce,ets inception pyramid ce,mean,-659.9999999999997,0.2212795116180069,group_mean,0.005646185593696017
ets_inception_pyramid_ce,ets inception pyramid ce,mean,-649.9999999999997,0.22664654972875545,group_mean,0.005594183034538435
ets_inception_pyramid_ce,ets inception pyramid ce,mean,-639.9999999999997,0.23239212824201508,group_mean,0.005534386460216718
ets_inception_pyramid_ce,ets inception pyramid ce,mean,-629.9999999999997,0.23867455122217462,group_mean,0.005495135552267291
ets_inception_pyramid_ce,ets inception pyramid ce,mean,-619.9999999999997,0.24482460742579443,group_mean,0.005451766890145134
ets_inception_pyramid_ce,ets inception pyramid ce,mean,-609.9999999999997,0.2516405965397278,group_mean,0.005403119769650074
ets_inception_pyramid_ce,ets inception pyramid ce,mean,-599.9999999999997,0.25849054600886945,group_mean,0.0053652320332950405
ets_inception_pyramid_ce,ets inception pyramid ce,mean,-589.9999999999997,0.26547012401716463,group_mean,0.00530568061920225
ets_inception_pyramid_ce,ets inception pyramid ce,mean,-579.9999999999997,0.27287202869409477,group_mean,0.005310477729707922
ets_inception_pyramid_ce,ets inception pyramid ce,mean,-569.9999999999997,0.2804913221699298,group_mean,0.005287474586167152
ets_inception_pyramid_ce,ets inception pyramid ce,mean,-559.9999999999997,0.2883358510634624,group_mean,0.005243414827625769
ets_inception_pyramid_ce,ets inception pyramid ce,mean,-549.9999999999995,0.2969269162961451,group_mean,0.005223750357667273
ets_inception_pyramid_ce,ets inception pyramid ce,mean,-539.9999999999995,0.3057628534155506,group_mean,0.005213454638523017
ets_inception_pyramid_ce,ets inception pyramid ce,mean,-529.9999999999995,0.31472282102880333,group_mean,0.005191796376328829
ets_inception_pyramid_ce,ets inception pyramid ce,mean,-519.9999999999995,0.32437191395212955,group_mean,0.005169558065184923
ets_inception_pyramid_ce,ets inception pyramid ce,mean,-509.99999999999955,0.33414610635108916,group_mean,0.005090716215866272
ets_inception_pyramid_ce,ets inception pyramid ce,mean,-499.99999999999955,0.34398187941589475,group_mean,0.0050496577019743605
ets_inception_pyramid_ce,ets inception pyramid ce,mean,-489.99999999999955,0.3547932135221996,group_mean,0.005000532187469267
ets_inception_pyramid_ce,ets inception pyramid ce,mean,-479.99999999999955,0.365969964835558,group_mean,0.004976688827895149
ets_inception_pyramid_ce,ets inception pyramid ce,mean,-469.99999999999955,0.37781149405747505,group_mean,0.0048974480047163016
ets_inception_pyramid_ce,ets inception pyramid ce,mean,-459.99999999999955,0.3895453127265946,group_mean,0.004831418642876055
ets_inception_pyramid_ce,ets inception pyramid ce,mean,-449.9999999999995,0.40206041728045483,group_mean,0.004774733575369517
ets_inception_pyramid_ce,ets inception pyramid ce,mean,-439.9999999999995,0.41534821778597186,group_mean,0.004695542520470067
ets_inception_pyramid_ce,ets inception pyramid ce,mean,-429.9999999999995,0.4287719963910172,group_mean,0.004573313296625388
ets_inception_pyramid_ce,ets inception pyramid ce,mean,-419.9999999999995,0.4429695841477924,group_mean,0.004428882286139126
ets_inception_pyramid_ce,ets inception pyramid ce,mean,-409.9999999999995,0.4578097994103446,group_mean,0.004295402542747676
ets_inception_pyramid_ce,ets inception pyramid ce,mean,-399.9999999999995,0.47303530724569615,group_mean,0.004267541072571938
ets_inception_pyramid_ce,ets inception pyramid ce,mean,-389.99999999999943,0.4890459960473807,group_mean,0.004233979238078407
ets_inception_pyramid_ce,ets inception pyramid ce,mean,-379.99999999999943,0.5057187621775074,group_mean,0.0042933729064737565
ets_inception_pyramid_ce,ets inception pyramid ce,mean,-369.99999999999943,0.5224865084464861,group_mean,0.004425995473692451
ets_inception_pyramid_ce,ets inception pyramid ce,mean,-359.99999999999943,0.5401738618701956,group_mean,0.004643235112357704
ets_inception_pyramid_ce,ets inception pyramid ce,mean,-349.99999999999943,0.5585936387125131,group_mean,0.004899948171706703
ets_inception_pyramid_ce,ets inception pyramid ce,mean,-339.99999999999943,0.5773996916456303,group_mean,0.0052796928035681815
ets_inception_pyramid_ce,ets inception pyramid ce,mean,-329.99999999999943,0.5969490943408572,group_mean,0.005730529545710309
ets_inception_pyramid_ce,ets inception pyramid ce,mean,-319.9999999999994,0.6171748506725766,group_mean,0.006362670483771807
ets_inception_pyramid_ce,ets inception pyramid ce,mean,-309.9999999999994,0.6377923420929488,group_mean,0.007038082835697545
ets_inception_pyramid_ce,ets inception pyramid ce,mean,-299.9999999999994,0.6589377157371519,group_mean,0.00774150478711156
ets_inception_pyramid_ce,ets inception pyramid ce,mean,-289.9999999999994,0.6805614543151849,group_mean,0.008597831095963349
ets_inception_pyramid_ce,ets inception pyramid ce,mean,-279.9999999999994,0.7025003233122389,group_mean,0.009542059026838622
ets_inception_pyramid_ce,ets inception pyramid ce,mean,-269.9999999999994,0.7252422909686832,group_mean,0.010552525328691973
ets_inception_pyramid_ce,ets inception pyramid ce,mean,-259.9999999999993,0.7482117661695316,group_mean,0.011630385838764112
ets_inception_pyramid_ce,ets inception pyramid ce,mean,-249.99999999999935,0.7717523931242314,group_mean,0.012780096197539373
ets_inception_pyramid_ce,ets inception pyramid ce,mean,-239.99999999999932,0.7955694928096176,group_mean,0.014096881535771417
ets_inception_pyramid_ce,ets inception pyramid ce,mean,-229.99999999999932,0.8196543561151606,group_mean,0.015446996931102413
ets_inception_pyramid_ce,ets inception pyramid ce,mean,-219.99999999999932,0.8438258536555413,group_mean,0.01685657904002055
ets_inception_pyramid_ce,ets inception pyramid ce,mean,-209.9999999999993,0.8678551646564319,group_mean,0.018356605207929245
ets_inception_pyramid_ce,ets inception pyramid ce,mean,-199.9999999999993,0.891912925475323,group_mean,0.01996283213828472
ets_inception_pyramid_ce,ets inception pyramid ce,mean,-189.9999999999993,0.9160475324193283,group_mean,0.02160879383946719
ets_inception_pyramid_ce,ets inception pyramid ce,mean,-179.99999999999926,0.9399091606098967,group_mean,0.023364283774626383
ets_inception_pyramid_ce,ets inception pyramid ce,mean,-169.99999999999926,0.9635849846351359,group_mean,0.025241543022675794
ets_inception_pyramid_ce,ets inception pyramid ce,mean,-159.99999999999926,0.986964448706709,group_mean,0.027236699017737752
ets_inception_pyramid_ce,ets inception pyramid ce,mean,-149.99999999999923,1.0091349879835276,group_mean,0.029166890647455066
ets_inception_pyramid_ce,ets inception pyramid ce,mean,-139.99999999999923,1.0313773384610754,group_mean,0.031211592994222184
ets_inception_pyramid_ce,ets inception pyramid ce,mean,-129.99999999999923,1.05257006355856,group_mean,0.0332121675209607
ets_inception_pyramid_ce,ets inception pyramid ce,mean,-119.99999999999922,1.0722823256291252,group_mean,0.03516992242323228
ets_inception_pyramid_ce,ets inception pyramid ce,mean,-109.9999999999992,1.0913263651752547,group_mean,0.03715098516466802
ets_inception_pyramid_ce,ets inception pyramid ce,mean,-99.9999999999992,1.109234451359697,group_mean,0.03917807405935789
ets_inception_pyramid_ce,ets inception pyramid ce,mean,-89.99999999999919,1.1258479706462772,group_mean,0.04100596255459603
ets_inception_pyramid_ce,ets inception pyramid ce,mean,-79.99999999999918,1.1410652125003746,group_mean,0.04279108616468434
ets_inception_pyramid_ce,ets inception pyramid ce,mean,-69.99999999999918,1.154208208446588,group_mean,0.04436166977550517
ets_inception_pyramid_ce,ets inception pyramid ce,mean,-59.99999999999916,1.1656293794599109,group_mean,0.04565232121995955
ets_inception_pyramid_ce,ets inception pyramid ce,mean,-49.999999999999154,1.175962291165888,group_mean,0.04686352746715211
ets_inception_pyramid_ce,ets inception pyramid ce,mean,-39.99999999999915,1.184429152589075,group_mean,0.04799613489263413
ets_inception_pyramid_ce,ets inception pyramid ce,mean,-29.99999999999914,1.1909596064832577,group_mean,0.04889187562557208
ets_inception_pyramid_ce,ets inception pyramid ce,mean,-19.99999999999913,1.1957508865554174,group_mean,0.04934119812822942
ets_inception_pyramid_ce,ets inception pyramid ce,mean,-9.99999999999912,1.1987133459752086,group_mean,0.04943384283655366
ets_inception_pyramid_ce,ets inception pyramid ce,mean,8.881784197001252e-13,1.1992896078299395,group_mean,0.049304845000070874
ets_inception_pyramid_ce,ets inception pyramid ce,mean,10.000000000000897,1.1986052578200177,group_mean,0.04893856542207704
ets_inception_pyramid_ce,ets inception pyramid ce,mean,20.000000000000906,1.1960100772616928,group_mean,0.04815943261819841
ets_inception_pyramid_ce,ets inception pyramid ce,mean,30.000000000000917,1.1913965083271065,group_mean,0.04704800907100965
ets_inception_pyramid_ce,ets inception pyramid ce,mean,40.000000000000924,1.184990336775393,group_mean,0.045533566100959544
ets_inception_pyramid_ce,ets inception pyramid ce,mean,50.00000000000093,1.1768588828423105,group_mean,0.04378732301221539
ets_inception_pyramid_ce,ets inception pyramid ce,mean,60.00000000000094,1.166920627447149,group_mean,0.04189709268405297
ets_inception_pyramid_ce,ets inception pyramid ce,mean,70.00000000000095,1.1554742736026582,group_mean,0.03970924198143294
ets_inception_pyramid_ce,ets inception pyramid ce,mean,80.00000000000097,1.1425405692098871,group_mean,0.03734023210163273
ets_inception_pyramid_ce,ets inception pyramid ce,mean,90.00000000000097,1.1288699253810992,group_mean,0.03485112012122897
ets_inception_pyramid_ce,ets inception pyramid ce,mean,100.00000000000098,1.1140648435860079,group_mean,0.03234657269566443
ets_inception_pyramid_ce,ets inception pyramid ce,mean,110.00000000000098,1.097526879757829,group_mean,0.029508265520328925
ets_inception_pyramid_ce,ets inception pyramid ce,mean,120.000000000001,1.0811003223450084,group_mean,0.026781382033594668
ets_inception_pyramid_ce,ets inception pyramid ce,mean,130.000000000001,1.0637075829095513,group_mean,0.023980805404659383
ets_inception_pyramid_ce,ets inception pyramid ce,mean,140.00000000000102,1.0448826552409283,group_mean,0.021178715989526434
ets_inception_pyramid_ce,ets inception pyramid ce,mean,150.00000000000102,1.026450790570817,group_mean,0.018548257642259213
ets_inception_pyramid_ce,ets inception pyramid ce,mean,160.00000000000102,1.0060760784156844,group_mean,0.01572563759364203
ets_inception_pyramid_ce,ets inception pyramid ce,mean,170.00000000000105,0.9855076748454545,group_mean,0.012996722183288944
ets_inception_pyramid_ce,ets inception pyramid ce,mean,180.00000000000105,0.9659333656482566,group_mean,0.010508980029384097
ets_inception_pyramid_ce,ets inception pyramid ce,mean,190.00000000000105,0.9445961000110785,group_mean,0.008129233471918585
ets_inception_pyramid_ce,ets inception pyramid ce,mean,200.00000000000108,0.9227431969494283,group_mean,0.005939089573467054
ets_inception_pyramid_ce,ets inception pyramid ce,mean,210.00000000000108,0.9020053858574496,group_mean,0.004359204278695433
ets_inception_pyramid_ce,ets inception pyramid ce,mean,220.00000000000108,0.879408032045594,group_mean,0.003858006183286369
ets_inception_pyramid_ce,ets inception pyramid ce,mean,230.00000000000108,0.8572882755375725,group_mean,0.0048285299146159245
ets_inception_pyramid_ce,ets inception pyramid ce,mean,240.0000000000011,0.8357190008865683,group_mean,0.006503097556244799
ets_inception_pyramid_ce,ets inception pyramid ce,mean,250.0000000000011,0.8141099347499331,group_mean,0.008508603835524183
ets_inception_pyramid_ce,ets inception pyramid ce,mean,260.00000000000114,0.7925975230535373,group_mean,0.010363861645115704
ets_inception_pyramid_ce,ets inception pyramid ce,mean,270.00000000000114,0.7710851557753557,group_mean,0.012097727765766278
ets_inception_pyramid_ce,ets inception pyramid ce,mean,280.00000000000114,0.750923001839679,group_mean,0.01366148614968404
ets_inception_pyramid_ce,ets inception pyramid ce,mean,290.00000000000114,0.7304817273887083,group_mean,0.015141713924392824
ets_inception_pyramid_ce,ets inception pyramid ce,mean,300.00000000000114,0.7103418325543235,group_mean,0.016498284840453258
ets_inception_pyramid_ce,ets inception pyramid ce,mean,310.00000000000114,0.6917947995705285,group_mean,0.017655075213365654
ets_inception_pyramid_ce,ets inception pyramid ce,mean,320.0000000000012,0.6722851900209024,group_mean,0.018679093287455414
ets_inception_pyramid_ce,ets inception pyramid ce,mean,330.0000000000012,0.6530189148024086,group_mean,0.01965827015053791
ets_inception_pyramid_ce,ets inception pyramid ce,mean,340.0000000000012,0.6355270334157981,group_mean,0.02044774292002515
ets_inception_pyramid_ce,ets inception pyramid ce,mean,350.0000000000012,0.6181630239686352,group_mean,0.021148434176081997
ets_inception_pyramid_ce,ets inception pyramid ce,mean,360.0000000000012,0.6008584173086258,group_mean,0.021766675141739966
ets_inception_pyramid_ce,ets inception pyramid ce,mean,370.0000000000012,0.5848759455132624,group_mean,0.022242087045735544
ets_inception_pyramid_ce,ets inception pyramid ce,mean,380.00000000000125,0.568685426088618,group_mean,0.022696583393001984
ets_inception_pyramid_ce,ets inception pyramid ce,mean,390.00000000000125,0.5528563887295983,group_mean,0.023028762338786098
ets_inception_pyramid_ce,ets inception pyramid ce,mean,400.00000000000125,0.5389624145369842,group_mean,0.02318675690857805
ets_inception_pyramid_ce,ets inception pyramid ce,mean,410.00000000000125,0.5241264314472078,group_mean,0.023484822007306942
ets_inception_pyramid_ce,ets inception pyramid ce,mean,420.00000000000125,0.5110767887322285,group_mean,0.023671637771955214
ets_inception_pyramid_ce,ets inception pyramid ce,mean,430.00000000000125,0.4988266508039695,group_mean,0.0236538570789834
ets_inception_pyramid_ce,ets inception pyramid ce,mean,440.00000000000125,0.48561197538912193,group_mean,0.0238315752866826
ets_inception_pyramid_ce,ets inception pyramid ce,mean,450.0000000000013,0.4731739771708707,group_mean,0.023809547966437677
ets_inception_pyramid_ce,ets inception pyramid ce,mean,460.0000000000013,0.46229846489679477,group_mean,0.023680061096510687
ets_inception_pyramid_ce,ets inception pyramid ce,mean,470.0000000000013,0.45055988838720573,group_mean,0.023661043261974147
ets_inception_pyramid_ce,ets inception pyramid ce,mean,480.0000000000013,0.4395271386003287,group_mean,0.02350369853606723
ets_inception_pyramid_ce,ets inception pyramid ce,mean,490.0000000000013,0.43045844291534696,group_mean,0.023324455783347107
ets_inception_pyramid_ce,ets inception pyramid ce,mean,500.0000000000013,0.42002680817071525,group_mean,0.02314542707905792
ets_inception_pyramid_ce,ets inception pyramid ce,mean,510.00000000000136,0.4105035529392933,group_mean,0.023014157519771934
ets_inception_pyramid_ce,ets inception pyramid ce,mean,520.0000000000014,0.40094505215528964,group_mean,0.02285804945275186
ets_inception_pyramid_ce,ets inception pyramid ce,mean,530.0000000000014,0.3935462275147566,group_mean,0.02255045521013971
ets_inception_pyramid_ce,ets inception pyramid ce,mean,540.0000000000014,0.38532929719658926,group_mean,0.022284162264830255
ets_inception_pyramid_ce,ets inception pyramid ce,mean,550.0000000000014,0.3765058474398607,group_mean,0.02213295576886122
ets_inception_pyramid_ce,ets inception pyramid ce,mean,560.0000000000014,0.3701029653393998,group_mean,0.021875675786478026
ets_inception_pyramid_ce,ets inception pyramid ce,mean,570.0000000000014,0.3628536852283813,group_mean,0.02161638000777026
ets_inception_pyramid_ce,ets inception pyramid ce,mean,580.0000000000014,0.35526935068857207,group_mean,0.021364529005973205
ets_inception_pyramid_ce,ets inception pyramid ce,mean,590.0000000000014,0.3495770830771209,group_mean,0.021020945868623263
ets_inception_pyramid_ce,ets inception pyramid ce,mean,600.0000000000014,0.3430921445418222,group_mean,0.020614565350166276
ets_inception_pyramid_ce,ets inception pyramid ce,mean,610.0000000000015,0.33635156442157854,group_mean,0.020309013383285713
ets_inception_pyramid_ce,ets inception pyramid ce,mean,620.0000000000015,0.33214780153171986,group_mean,0.019989004178273158
ets_inception_pyramid_ce,ets inception pyramid ce,mean,630.0000000000015,0.326747044005238,group_mean,0.019660905688673225
ets_inception_pyramid_ce,ets inception pyramid ce,mean,640.0000000000015,0.32059653152609535,group_mean,0.019463918717243418
ets_inception_pyramid_ce,ets inception pyramid ce,mean,650.0000000000015,0.31641991331009356,group_mean,0.01916485294283555
ets_inception_pyramid_ce,ets inception pyramid ce,mean,660.0000000000015,0.3106152952862916,group_mean,0.018969018039945114
ets_inception_pyramid_ce,ets inception pyramid ce,mean,670.0000000000015,0.30567199360178116,group_mean,0.01871786033524052
ets_inception_pyramid_ce,ets inception pyramid ce,mean,680.0000000000015,0.30259911605097656,group_mean,0.018293672802627316
ets_inception_pyramid_ce,ets inception pyramid ce,mean,690.0000000000015,0.29836355411551974,group_mean,0.018001835680945866
ets_inception_pyramid_ce,ets inception pyramid ce,mean,700.0000000000015,0.2940264000554809,group_mean,0.017795882831392846
ets_inception_pyramid_ce,ets inception pyramid ce,mean,710.0000000000015,0.29177713867586774,group_mean,0.017471961137416312
ets_inception_pyramid_ce,ets inception pyramid ce,mean,720.0000000000015,0.286870670022532,group_mean,0.017237242790298556
ets_inception_pyramid_ce,ets inception pyramid ce,mean,730.0000000000016,0.2835579644807473,group_mean,0.017092531387970216
ets_inception_pyramid_ce,ets inception pyramid ce,mean,740.0000000000016,0.28246924408751917,group_mean,0.016727251113809235
ets_inception_pyramid_ce,ets inception pyramid ce,mean,750.0000000000016,0.27928035979345445,group_mean,0.01649979839042
ets_inception_pyramid_ce,ets inception pyramid ce,mean,760.0000000000016,0.276049852902754,group_mean,0.016290554737996267
ets_inception_pyramid_ce,ets inception pyramid ce,mean,770.0000000000016,0.2750194714778765,group_mean,0.016027168381319384
ets_inception_pyramid_ce,ets inception pyramid ce,mean,780.0000000000016,0.271279639046707,group_mean,0.015930081895144402
ets_inception_pyramid_ce,ets inception pyramid ce,mean,790.0000000000016,0.26945884544132953,group_mean,0.01565837101486108
ets_inception_pyramid_ce,ets inception pyramid ce,mean,800.0000000000016,0.2667674922656764,group_mean,0.015562767319011846
ets_inception_pyramid_ce,ets inception pyramid ce,mean,810.0000000000016,0.2670720432660385,group_mean,0.015366815354304116
ets_inception_pyramid_ce,ets inception pyramid ce,mean,820.0000000000016,0.26486843800873405,group_mean,0.015136066107641184
ets_inception_pyramid_ce,ets inception pyramid ce,mean,830.0000000000016,0.26163726196180187,group_mean,0.015011863040001494
ets_inception_pyramid_ce,ets inception pyramid ce,mean,840.0000000000016,0.26151934081521944,group_mean,0.014795576073606835
ets_inception_pyramid_ce,ets inception pyramid ce,mean,850.0000000000016,0.26058066144459874,group_mean,0.01467914433256896
ets_inception_pyramid_ce,ets inception pyramid ce,mean,860.0000000000017,0.258570765213274,group_mean,0.014583317815497852
ets_inception_pyramid_ce,ets inception pyramid ce,mean,870.0000000000017,0.2594260391874327,group_mean,0.01438690179157867
ets_inception_pyramid_ce,ets inception pyramid ce,mean,880.0000000000017,0.2571696649065243,group_mean,0.014254741151648365
ets_inception_pyramid_ce,ets inception pyramid ce,mean,890.0000000000017,0.25496946928427483,group_mean,0.014189377047480963
ets_inception_pyramid_ce,ets inception pyramid ce,mean,900.0000000000017,0.2553555338075781,group_mean,0.013925337961078789
ets_inception_pyramid_ce,ets inception pyramid ce,mean,910.0000000000017,0.2539580733059593,group_mean,0.013689357941952064
ets_inception_pyramid_ce,ets inception pyramid ce,mean,920.0000000000017,0.25367207163904393,group_mean,0.013594523100871551
ets_inception_pyramid_ce,ets inception pyramid ce,mean,930.0000000000017,0.25520382517513357,group_mean,0.013440923668306431
ets_inception_pyramid_ce,ets inception pyramid ce,mean,940.0000000000017,0.25297232921680246,group_mean,0.013397570926544049
ets_inception_pyramid_ce,ets inception pyramid ce,mean,950.0000000000017,0.25297748429802935,group_mean,0.013326314840145263
ets_inception_pyramid_ce,ets inception pyramid ce,mean,960.0000000000017,0.2538568413250383,group_mean,0.013243914933771207
ets_inception_pyramid_ce,ets inception pyramid ce,mean,970.0000000000017,0.2525179386538516,group_mean,0.013193652951782943
ets_inception_pyramid_ce,ets inception pyramid ce,mean,980.0000000000017,0.2525152623200858,group_mean,0.013109223998089744
ets_inception_pyramid_ce,ets inception pyramid ce,mean,990.0000000000018,0.25528839167954487,group_mean,0.013035221156931856
ets_inception_pyramid_ce,ets inception pyramid ce,mean,1000.0000000000018,0.25368613231681014,group_mean,0.013003915972644374
