name,label,seed,relative_time_ms,mean_posterior_density,curve_type,std_posterior_density
ets_unet_ce,ETS-U-Net CE,2025,-1000.0,0.1316554713338962,seed,
ets_unet_ce,ETS-U-Net CE,2025,-990.0,0.13400984873963104,seed,
ets_unet_ce,ETS-U-Net CE,2025,-980.0,0.13619661367850464,seed,
ets_unet_ce,ETS-U-Net CE,2025,-970.0,0.13845270040940086,seed,
ets_unet_ce,ETS-U-Net CE,2025,-960.0,0.14002785304515822,seed,
ets_unet_ce,ETS-U-Net CE,2025,-950.0,0.14228458846375394,seed,
ets_unet_ce,ETS-U-Net CE,2025,-940.0,0.14497879488667972,seed,
ets_unet_ce,ETS-U-Net CE,2025,-929.9999999999999,0.14648286961676177,seed,
ets_unet_ce,ETS-U-Net CE,2025,-919.9999999999999,0.14862669683087268,seed,
ets_unet_ce,ETS-U-Net CE,2025,-909.9999999999999,0.15133955981364972,seed,
ets_unet_ce,ETS-U-Net CE,2025,-899.9999999999999,0.15363728797932674,seed,
ets_unet_ce,ETS-U-Net CE,2025,-889.9999999999999,0.1564169521601334,seed,
ets_unet_ce,ETS-U-Net CE,2025,-879.9999999999999,0.1593737797399152,seed,
ets_unet_ce,ETS-U-Net CE,2025,-869.9999999999999,0.16182669970273209,seed,
ets_unet_ce,ETS-U-Net CE,2025,-859.9999999999999,0.16500617867651024,seed,
ets_unet_ce,ETS-U-Net CE,2025,-849.9999999999999,0.16804391377147165,seed,
ets_unet_ce,ETS-U-Net CE,2025,-839.9999999999999,0.17066123473829203,seed,
ets_unet_ce,ETS-U-Net CE,2025,-829.9999999999999,0.17407467626076248,seed,
ets_unet_ce,ETS-U-Net CE,2025,-819.9999999999999,0.17749617493363515,seed,
ets_unet_ce,ETS-U-Net CE,2025,-809.9999999999999,0.18083820787292343,seed,
ets_unet_ce,ETS-U-Net CE,2025,-799.9999999999998,0.18449811903893978,seed,
ets_unet_ce,ETS-U-Net CE,2025,-789.9999999999998,0.18813354614130529,seed,
ets_unet_ce,ETS-U-Net CE,2025,-779.9999999999998,0.19153059525780927,seed,
ets_unet_ce,ETS-U-Net CE,2025,-769.9999999999998,0.19563523327821428,seed,
ets_unet_ce,ETS-U-Net CE,2025,-759.9999999999998,0.19999615207855634,seed,
ets_unet_ce,ETS-U-Net CE,2025,-749.9999999999998,0.20390729605471425,seed,
ets_unet_ce,ETS-U-Net CE,2025,-739.9999999999998,0.20852789807180472,seed,
ets_unet_ce,ETS-U-Net CE,2025,-729.9999999999998,0.2133056013808338,seed,
ets_unet_ce,ETS-U-Net CE,2025,-719.9999999999998,0.21846479089512097,seed,
ets_unet_ce,ETS-U-Net CE,2025,-709.9999999999998,0.22294743221598132,seed,
ets_unet_ce,ETS-U-Net CE,2025,-699.9999999999998,0.2280629792810462,seed,
ets_unet_ce,ETS-U-Net CE,2025,-689.9999999999998,0.23358278619985187,seed,
ets_unet_ce,ETS-U-Net CE,2025,-679.9999999999998,0.23862983937418883,seed,
ets_unet_ce,ETS-U-Net CE,2025,-669.9999999999997,0.24428530659630532,seed,
ets_unet_ce,ETS-U-Net CE,2025,-659.9999999999997,0.2503367188021023,seed,
ets_unet_ce,ETS-U-Net CE,2025,-649.9999999999997,0.25624110628747715,seed,
ets_unet_ce,ETS-U-Net CE,2025,-639.9999999999997,0.2625312696978253,seed,
ets_unet_ce,ETS-U-Net CE,2025,-629.9999999999997,0.2693587597416632,seed,
ets_unet_ce,ETS-U-Net CE,2025,-619.9999999999997,0.2759909518571443,seed,
ets_unet_ce,ETS-U-Net CE,2025,-609.9999999999997,0.28331191686922746,seed,
ets_unet_ce,ETS-U-Net CE,2025,-599.9999999999997,0.2907420816976791,seed,
ets_unet_ce,ETS-U-Net CE,2025,-589.9999999999997,0.29821335097938123,seed,
ets_unet_ce,ETS-U-Net CE,2025,-579.9999999999997,0.30612791392925426,seed,
ets_unet_ce,ETS-U-Net CE,2025,-569.9999999999997,0.3143463433414721,seed,
ets_unet_ce,ETS-U-Net CE,2025,-559.9999999999997,0.3227627538772785,seed,
ets_unet_ce,ETS-U-Net CE,2025,-549.9999999999995,0.33196876802683795,seed,
ets_unet_ce,ETS-U-Net CE,2025,-539.9999999999995,0.34137465059765365,seed,
ets_unet_ce,ETS-U-Net CE,2025,-529.9999999999995,0.3509481854488472,seed,
ets_unet_ce,ETS-U-Net CE,2025,-519.9999999999995,0.36113471806142877,seed,
ets_unet_ce,ETS-U-Net CE,2025,-509.99999999999955,0.3715314872631057,seed,
ets_unet_ce,ETS-U-Net CE,2025,-499.99999999999955,0.3819356532083711,seed,
ets_unet_ce,ETS-U-Net CE,2025,-489.99999999999955,0.39326247958403104,seed,
ets_unet_ce,ETS-U-Net CE,2025,-479.99999999999955,0.4050136550642051,seed,
ets_unet_ce,ETS-U-Net CE,2025,-469.99999999999955,0.4173927301964638,seed,
ets_unet_ce,ETS-U-Net CE,2025,-459.99999999999955,0.4295994808075797,seed,
ets_unet_ce,ETS-U-Net CE,2025,-449.9999999999995,0.4425717632384382,seed,
ets_unet_ce,ETS-U-Net CE,2025,-439.9999999999995,0.4563393385819306,seed,
ets_unet_ce,ETS-U-Net CE,2025,-429.9999999999995,0.4701276550358772,seed,
ets_unet_ce,ETS-U-Net CE,2025,-419.9999999999995,0.48456634195343273,seed,
ets_unet_ce,ETS-U-Net CE,2025,-409.9999999999995,0.49953651320671094,seed,
ets_unet_ce,ETS-U-Net CE,2025,-399.9999999999995,0.5149051101432027,seed,
ets_unet_ce,ETS-U-Net CE,2025,-389.99999999999943,0.5309043355598778,seed,
ets_unet_ce,ETS-U-Net CE,2025,-379.99999999999943,0.5473714933945568,seed,
ets_unet_ce,ETS-U-Net CE,2025,-369.99999999999943,0.563854415500983,seed,
ets_unet_ce,ETS-U-Net CE,2025,-359.99999999999943,0.581142521060531,seed,
ets_unet_ce,ETS-U-Net CE,2025,-349.99999999999943,0.5990092055228861,seed,
ets_unet_ce,ETS-U-Net CE,2025,-339.99999999999943,0.6171301022996568,seed,
ets_unet_ce,ETS-U-Net CE,2025,-329.99999999999943,0.6357607507343889,seed,
ets_unet_ce,ETS-U-Net CE,2025,-319.9999999999994,0.6548260260117276,seed,
ets_unet_ce,ETS-U-Net CE,2025,-309.9999999999994,0.673971828184705,seed,
ets_unet_ce,ETS-U-Net CE,2025,-299.9999999999994,0.6934514705401839,seed,
ets_unet_ce,ETS-U-Net CE,2025,-289.9999999999994,0.7130862951021422,seed,
ets_unet_ce,ETS-U-Net CE,2025,-279.9999999999994,0.7327047973231057,seed,
ets_unet_ce,ETS-U-Net CE,2025,-269.9999999999994,0.7529757244070097,seed,
ets_unet_ce,ETS-U-Net CE,2025,-259.9999999999993,0.7732394011424162,seed,
ets_unet_ce,ETS-U-Net CE,2025,-249.99999999999935,0.7937582830263774,seed,
ets_unet_ce,ETS-U-Net CE,2025,-239.99999999999932,0.8142333582329009,seed,
ets_unet_ce,ETS-U-Net CE,2025,-229.99999999999932,0.8348615082950597,seed,
ets_unet_ce,ETS-U-Net CE,2025,-219.99999999999932,0.8550802822637897,seed,
ets_unet_ce,ETS-U-Net CE,2025,-209.9999999999993,0.8750680130144475,seed,
ets_unet_ce,ETS-U-Net CE,2025,-199.9999999999993,0.8948899527643274,seed,
ets_unet_ce,ETS-U-Net CE,2025,-189.9999999999993,0.914514915311222,seed,
ets_unet_ce,ETS-U-Net CE,2025,-179.99999999999926,0.9339249288688889,seed,
ets_unet_ce,ETS-U-Net CE,2025,-169.99999999999926,0.9528035879615213,seed,
ets_unet_ce,ETS-U-Net CE,2025,-159.99999999999926,0.9712790797276484,seed,
ets_unet_ce,ETS-U-Net CE,2025,-149.99999999999923,0.988543713693719,seed,
ets_unet_ce,ETS-U-Net CE,2025,-139.99999999999923,1.0056562764710903,seed,
ets_unet_ce,ETS-U-Net CE,2025,-129.99999999999923,1.0217308109022438,seed,
ets_unet_ce,ETS-U-Net CE,2025,-119.99999999999922,1.0363879088235288,seed,
ets_unet_ce,ETS-U-Net CE,2025,-109.9999999999992,1.0504029797343288,seed,
ets_unet_ce,ETS-U-Net CE,2025,-99.9999999999992,1.0631985856596735,seed,
ets_unet_ce,ETS-U-Net CE,2025,-89.99999999999919,1.074939656018798,seed,
ets_unet_ce,ETS-U-Net CE,2025,-79.99999999999918,1.085389368021751,seed,
ets_unet_ce,ETS-U-Net CE,2025,-69.99999999999918,1.0941125850433537,seed,
ets_unet_ce,ETS-U-Net CE,2025,-59.99999999999916,1.1014517681622664,seed,
ets_unet_ce,ETS-U-Net CE,2025,-49.999999999999154,1.1079308911288532,seed,
ets_unet_ce,ETS-U-Net CE,2025,-39.99999999999915,1.1127153922283013,seed,
ets_unet_ce,ETS-U-Net CE,2025,-29.99999999999914,1.1161174261478266,seed,
ets_unet_ce,ETS-U-Net CE,2025,-19.99999999999913,1.118245063802679,seed,
ets_unet_ce,ETS-U-Net CE,2025,-9.99999999999912,1.1190038563781168,seed,
ets_unet_ce,ETS-U-Net CE,2025,8.881784197001252e-13,1.1179966640815928,seed,
ets_unet_ce,ETS-U-Net CE,2025,10.000000000000897,1.1163008286014962,seed,
ets_unet_ce,ETS-U-Net CE,2025,20.000000000000906,1.1130389399550311,seed,
ets_unet_ce,ETS-U-Net CE,2025,30.000000000000917,1.1082214643924024,seed,
ets_unet_ce,ETS-U-Net CE,2025,40.000000000000924,1.102020289283503,seed,
ets_unet_ce,ETS-U-Net CE,2025,50.00000000000093,1.094478717683278,seed,
ets_unet_ce,ETS-U-Net CE,2025,60.00000000000094,1.0854232425576413,seed,
ets_unet_ce,ETS-U-Net CE,2025,70.00000000000095,1.0751333798591742,seed,
ets_unet_ce,ETS-U-Net CE,2025,80.00000000000097,1.0636180230800452,seed,
ets_unet_ce,ETS-U-Net CE,2025,90.00000000000097,1.0514953002775473,seed,
ets_unet_ce,ETS-U-Net CE,2025,100.00000000000098,1.0384564625307007,seed,
ets_unet_ce,ETS-U-Net CE,2025,110.00000000000098,1.023839310479482,seed,
ets_unet_ce,ETS-U-Net CE,2025,120.000000000001,1.009225850885899,seed,
ets_unet_ce,ETS-U-Net CE,2025,130.000000000001,0.9938566643983947,seed,
ets_unet_ce,ETS-U-Net CE,2025,140.00000000000102,0.9771359789753787,seed,
ets_unet_ce,ETS-U-Net CE,2025,150.00000000000102,0.9606707681715089,seed,
ets_unet_ce,ETS-U-Net CE,2025,160.00000000000102,0.9427344512197737,seed,
ets_unet_ce,ETS-U-Net CE,2025,170.00000000000105,0.9247939909047732,seed,
ets_unet_ce,ETS-U-Net CE,2025,180.00000000000105,0.9076261158584741,seed,
ets_unet_ce,ETS-U-Net CE,2025,190.00000000000105,0.8888418947882144,seed,
ets_unet_ce,ETS-U-Net CE,2025,200.00000000000108,0.8695352451945774,seed,
ets_unet_ce,ETS-U-Net CE,2025,210.00000000000108,0.8513877516693148,seed,
ets_unet_ce,ETS-U-Net CE,2025,220.00000000000108,0.8318119945437774,seed,
ets_unet_ce,ETS-U-Net CE,2025,230.00000000000108,0.8126818296522892,seed,
ets_unet_ce,ETS-U-Net CE,2025,240.0000000000011,0.7937760519588766,seed,
ets_unet_ce,ETS-U-Net CE,2025,250.0000000000011,0.7749069182225486,seed,
ets_unet_ce,ETS-U-Net CE,2025,260.00000000000114,0.7561246897199865,seed,
ets_unet_ce,ETS-U-Net CE,2025,270.00000000000114,0.7373450447953148,seed,
ets_unet_ce,ETS-U-Net CE,2025,280.00000000000114,0.7195701006915785,seed,
ets_unet_ce,ETS-U-Net CE,2025,290.00000000000114,0.701603884777102,seed,
ets_unet_ce,ETS-U-Net CE,2025,300.00000000000114,0.683753367598578,seed,
ets_unet_ce,ETS-U-Net CE,2025,310.00000000000114,0.6672681333038686,seed,
ets_unet_ce,ETS-U-Net CE,2025,320.0000000000012,0.6499019051276456,seed,
ets_unet_ce,ETS-U-Net CE,2025,330.0000000000012,0.632687805701088,seed,
ets_unet_ce,ETS-U-Net CE,2025,340.0000000000012,0.616869277252252,seed,
ets_unet_ce,ETS-U-Net CE,2025,350.0000000000012,0.6011969119608704,seed,
ets_unet_ce,ETS-U-Net CE,2025,360.0000000000012,0.5855052209204052,seed,
ets_unet_ce,ETS-U-Net CE,2025,370.0000000000012,0.5710976685311724,seed,
ets_unet_ce,ETS-U-Net CE,2025,380.00000000000125,0.556221813377193,seed,
ets_unet_ce,ETS-U-Net CE,2025,390.00000000000125,0.5416292707581013,seed,
ets_unet_ce,ETS-U-Net CE,2025,400.00000000000125,0.528801807953488,seed,
ets_unet_ce,ETS-U-Net CE,2025,410.00000000000125,0.5151248290443431,seed,
ets_unet_ce,ETS-U-Net CE,2025,420.00000000000125,0.5031593164963454,seed,
ets_unet_ce,ETS-U-Net CE,2025,430.00000000000125,0.49184317276461115,seed,
ets_unet_ce,ETS-U-Net CE,2025,440.00000000000125,0.479644659804544,seed,
ets_unet_ce,ETS-U-Net CE,2025,450.0000000000013,0.4681879524688116,seed,
ets_unet_ce,ETS-U-Net CE,2025,460.0000000000013,0.45788811112820726,seed,
ets_unet_ce,ETS-U-Net CE,2025,470.0000000000013,0.44701812546210884,seed,
ets_unet_ce,ETS-U-Net CE,2025,480.0000000000013,0.43697665178405287,seed,
ets_unet_ce,ETS-U-Net CE,2025,490.0000000000013,0.42843511090238984,seed,
ets_unet_ce,ETS-U-Net CE,2025,500.0000000000013,0.4187071186840934,seed,
ets_unet_ce,ETS-U-Net CE,2025,510.00000000000136,0.40981308030936525,seed,
ets_unet_ce,ETS-U-Net CE,2025,520.0000000000014,0.40100077645573046,seed,
ets_unet_ce,ETS-U-Net CE,2025,530.0000000000014,0.3941570554224034,seed,
ets_unet_ce,ETS-U-Net CE,2025,540.0000000000014,0.3865424411790883,seed,
ets_unet_ce,ETS-U-Net CE,2025,550.0000000000014,0.3783020846204554,seed,
ets_unet_ce,ETS-U-Net CE,2025,560.0000000000014,0.37226760581065693,seed,
ets_unet_ce,ETS-U-Net CE,2025,570.0000000000014,0.3655411875495376,seed,
ets_unet_ce,ETS-U-Net CE,2025,580.0000000000014,0.3585242106793059,seed,
ets_unet_ce,ETS-U-Net CE,2025,590.0000000000014,0.35294022541416026,seed,
ets_unet_ce,ETS-U-Net CE,2025,600.0000000000014,0.3469369427160607,seed,
ets_unet_ce,ETS-U-Net CE,2025,610.0000000000015,0.3403622285114656,seed,
ets_unet_ce,ETS-U-Net CE,2025,620.0000000000015,0.3364147993677354,seed,
ets_unet_ce,ETS-U-Net CE,2025,630.0000000000015,0.3313848670474312,seed,
ets_unet_ce,ETS-U-Net CE,2025,640.0000000000015,0.325764864749583,seed,
ets_unet_ce,ETS-U-Net CE,2025,650.0000000000015,0.3220286261019987,seed,
ets_unet_ce,ETS-U-Net CE,2025,660.0000000000015,0.3167016368170843,seed,
ets_unet_ce,ETS-U-Net CE,2025,670.0000000000015,0.31210319616612064,seed,
ets_unet_ce,ETS-U-Net CE,2025,680.0000000000015,0.30917686842865916,seed,
ets_unet_ce,ETS-U-Net CE,2025,690.0000000000015,0.3052102120819953,seed,
ets_unet_ce,ETS-U-Net CE,2025,700.0000000000015,0.3012198569416849,seed,
ets_unet_ce,ETS-U-Net CE,2025,710.0000000000015,0.29889497821949923,seed,
ets_unet_ce,ETS-U-Net CE,2025,720.0000000000015,0.2942369846818656,seed,
ets_unet_ce,ETS-U-Net CE,2025,730.0000000000016,0.29100828577666793,seed,
ets_unet_ce,ETS-U-Net CE,2025,740.0000000000016,0.28988034960993775,seed,
ets_unet_ce,ETS-U-Net CE,2025,750.0000000000016,0.28695594109546607,seed,
ets_unet_ce,ETS-U-Net CE,2025,760.0000000000016,0.2838606416393882,seed,
ets_unet_ce,ETS-U-Net CE,2025,770.0000000000016,0.2825676452020908,seed,
ets_unet_ce,ETS-U-Net CE,2025,780.0000000000016,0.279035883946337,seed,
ets_unet_ce,ETS-U-Net CE,2025,790.0000000000016,0.2771322532026228,seed,
ets_unet_ce,ETS-U-Net CE,2025,800.0000000000016,0.274467304220468,seed,
ets_unet_ce,ETS-U-Net CE,2025,810.0000000000016,0.2747419241411985,seed,
ets_unet_ce,ETS-U-Net CE,2025,820.0000000000016,0.27272987296406076,seed,
ets_unet_ce,ETS-U-Net CE,2025,830.0000000000016,0.26962929595615776,seed,
ets_unet_ce,ETS-U-Net CE,2025,840.0000000000016,0.2695763752210638,seed,
ets_unet_ce,ETS-U-Net CE,2025,850.0000000000016,0.26878022035872545,seed,
ets_unet_ce,ETS-U-Net CE,2025,860.0000000000017,0.26675445743717524,seed,
ets_unet_ce,ETS-U-Net CE,2025,870.0000000000017,0.26738746572660355,seed,
ets_unet_ce,ETS-U-Net CE,2025,880.0000000000017,0.2650721114937331,seed,
ets_unet_ce,ETS-U-Net CE,2025,890.0000000000017,0.26291290329459277,seed,
ets_unet_ce,ETS-U-Net CE,2025,900.0000000000017,0.26314056488761844,seed,
ets_unet_ce,ETS-U-Net CE,2025,910.0000000000017,0.2617060899351887,seed,
ets_unet_ce,ETS-U-Net CE,2025,920.0000000000017,0.261181739579114,seed,
ets_unet_ce,ETS-U-Net CE,2025,930.0000000000017,0.26209082458809757,seed,
ets_unet_ce,ETS-U-Net CE,2025,940.0000000000017,0.25997420390412496,seed,
ets_unet_ce,ETS-U-Net CE,2025,950.0000000000017,0.25965158596015403,seed,
ets_unet_ce,ETS-U-Net CE,2025,960.0000000000017,0.2603186150592503,seed,
ets_unet_ce,ETS-U-Net CE,2025,970.0000000000017,0.2589670697012956,seed,
ets_unet_ce,ETS-U-Net CE,2025,980.0000000000017,0.2586172602006697,seed,
ets_unet_ce,ETS-U-Net CE,2025,990.0000000000018,0.26076593049209434,seed,
ets_unet_ce,ETS-U-Net CE,2025,1000.0000000000018,0.2591866965663706,seed,
ets_unet_ce,ETS-U-Net CE,2026,-1000.0,0.1247532616156406,seed,
ets_unet_ce,ETS-U-Net CE,2026,-990.0,0.1273240647605522,seed,
ets_unet_ce,ETS-U-Net CE,2026,-980.0,0.12965709349878765,seed,
ets_unet_ce,ETS-U-Net CE,2026,-970.0,0.13204404946616202,seed,
ets_unet_ce,ETS-U-Net CE,2026,-960.0,0.13366944751973525,seed,
ets_unet_ce,ETS-U-Net CE,2026,-950.0,0.13609161402418699,seed,
ets_unet_ce,ETS-U-Net CE,2026,-940.0,0.13901976329371873,seed,
ets_unet_ce,ETS-U-Net CE,2026,-929.9999999999999,0.14067761152109703,seed,
ets_unet_ce,ETS-U-Net CE,2026,-919.9999999999999,0.142959557049841,seed,
ets_unet_ce,ETS-U-Net CE,2026,-909.9999999999999,0.1458183914912054,seed,
ets_unet_ce,ETS-U-Net CE,2026,-899.9999999999999,0.1482703400287617,seed,
ets_unet_ce,ETS-U-Net CE,2026,-889.9999999999999,0.15115451720402984,seed,
ets_unet_ce,ETS-U-Net CE,2026,-879.9999999999999,0.1543451007935478,seed,
ets_unet_ce,ETS-U-Net CE,2026,-869.9999999999999,0.15693462965700308,seed,
ets_unet_ce,ETS-U-Net CE,2026,-859.9999999999999,0.1602481661407833,seed,
ets_unet_ce,ETS-U-Net CE,2026,-849.9999999999999,0.1634106219892869,seed,
ets_unet_ce,ETS-U-Net CE,2026,-839.9999999999999,0.16617380315165522,seed,
ets_unet_ce,ETS-U-Net CE,2026,-829.9999999999999,0.16976098795221561,seed,
ets_unet_ce,ETS-U-Net CE,2026,-819.9999999999999,0.17342386700773463,seed,
ets_unet_ce,ETS-U-Net CE,2026,-809.9999999999999,0.17680611749236075,seed,
ets_unet_ce,ETS-U-Net CE,2026,-799.9999999999998,0.18062647474906257,seed,
ets_unet_ce,ETS-U-Net CE,2026,-789.9999999999998,0.18438068841672936,seed,
ets_unet_ce,ETS-U-Net CE,2026,-779.9999999999998,0.18783168715878326,seed,
ets_unet_ce,ETS-U-Net CE,2026,-769.9999999999998,0.19218919593790112,seed,
ets_unet_ce,ETS-U-Net CE,2026,-759.9999999999998,0.19658810334669563,seed,
ets_unet_ce,ETS-U-Net CE,2026,-749.9999999999998,0.20057814192456327,seed,
ets_unet_ce,ETS-U-Net CE,2026,-739.9999999999998,0.2053822865352331,seed,
ets_unet_ce,ETS-U-Net CE,2026,-729.9999999999998,0.21023577053296874,seed,
ets_unet_ce,ETS-U-Net CE,2026,-719.9999999999998,0.21551290329001002,seed,
ets_unet_ce,ETS-U-Net CE,2026,-709.9999999999998,0.22010004971640088,seed,
ets_unet_ce,ETS-U-Net CE,2026,-699.9999999999998,0.2253695373578253,seed,
ets_unet_ce,ETS-U-Net CE,2026,-689.9999999999998,0.23100940673544199,seed,
ets_unet_ce,ETS-U-Net CE,2026,-679.9999999999998,0.23619387835251457,seed,
ets_unet_ce,ETS-U-Net CE,2026,-669.9999999999997,0.24194781548093486,seed,
ets_unet_ce,ETS-U-Net CE,2026,-659.9999999999997,0.24803513556169263,seed,
ets_unet_ce,ETS-U-Net CE,2026,-649.9999999999997,0.25393969290391444,seed,
ets_unet_ce,ETS-U-Net CE,2026,-639.9999999999997,0.26024261401161725,seed,
ets_unet_ce,ETS-U-Net CE,2026,-629.9999999999997,0.26718983432176996,seed,
ets_unet_ce,ETS-U-Net CE,2026,-619.9999999999997,0.27393128507838976,seed,
ets_unet_ce,ETS-U-Net CE,2026,-609.9999999999997,0.2813542406639463,seed,
ets_unet_ce,ETS-U-Net CE,2026,-599.9999999999997,0.2888764236295041,seed,
ets_unet_ce,ETS-U-Net CE,2026,-589.9999999999997,0.2964583896260623,seed,
ets_unet_ce,ETS-U-Net CE,2026,-579.9999999999997,0.3045445798265657,seed,
ets_unet_ce,ETS-U-Net CE,2026,-569.9999999999997,0.3129086723909494,seed,
ets_unet_ce,ETS-U-Net CE,2026,-559.9999999999997,0.32141607513230935,seed,
ets_unet_ce,ETS-U-Net CE,2026,-549.9999999999995,0.33072102769933487,seed,
ets_unet_ce,ETS-U-Net CE,2026,-539.9999999999995,0.34032650910104406,seed,
ets_unet_ce,ETS-U-Net CE,2026,-529.9999999999995,0.3499553180639925,seed,
ets_unet_ce,ETS-U-Net CE,2026,-519.9999999999995,0.3603280510472084,seed,
ets_unet_ce,ETS-U-Net CE,2026,-509.99999999999955,0.3709145221312367,seed,
ets_unet_ce,ETS-U-Net CE,2026,-499.99999999999955,0.38160377563198133,seed,
ets_unet_ce,ETS-U-Net CE,2026,-489.99999999999955,0.39313273907258417,seed,
ets_unet_ce,ETS-U-Net CE,2026,-479.99999999999955,0.4051626913978531,seed,
ets_unet_ce,ETS-U-Net CE,2026,-469.99999999999955,0.41784728295736856,seed,
ets_unet_ce,ETS-U-Net CE,2026,-459.99999999999955,0.4303461243739606,seed,
ets_unet_ce,ETS-U-Net CE,2026,-449.9999999999995,0.4436629754617249,seed,
ets_unet_ce,ETS-U-Net CE,2026,-439.9999999999995,0.4578090797044636,seed,
ets_unet_ce,ETS-U-Net CE,2026,-429.9999999999995,0.471971118165741,seed,
ets_unet_ce,ETS-U-Net CE,2026,-419.9999999999995,0.48698760471946967,seed,
ets_unet_ce,ETS-U-Net CE,2026,-409.9999999999995,0.5024638236622684,seed,
ets_unet_ce,ETS-U-Net CE,2026,-399.9999999999995,0.5185981855404412,seed,
ets_unet_ce,ETS-U-Net CE,2026,-389.99999999999943,0.5354096869851097,seed,
ets_unet_ce,ETS-U-Net CE,2026,-379.99999999999943,0.5527885795638868,seed,
ets_unet_ce,ETS-U-Net CE,2026,-369.99999999999943,0.5702297990813906,seed,
ets_unet_ce,ETS-U-Net CE,2026,-359.99999999999943,0.5885742894920857,seed,
ets_unet_ce,ETS-U-Net CE,2026,-349.99999999999943,0.6076458998921939,seed,
ets_unet_ce,ETS-U-Net CE,2026,-339.99999999999943,0.6270676591724187,seed,
ets_unet_ce,ETS-U-Net CE,2026,-329.99999999999943,0.6472090200442789,seed,
ets_unet_ce,ETS-U-Net CE,2026,-319.9999999999994,0.6678587427190499,seed,
ets_unet_ce,ETS-U-Net CE,2026,-309.9999999999994,0.6887582298289405,seed,
ets_unet_ce,ETS-U-Net CE,2026,-299.9999999999994,0.710227726329621,seed,
ets_unet_ce,ETS-U-Net CE,2026,-289.9999999999994,0.7319831586418831,seed,
ets_unet_ce,ETS-U-Net CE,2026,-279.9999999999994,0.7539134367567624,seed,
ets_unet_ce,ETS-U-Net CE,2026,-269.9999999999994,0.7766705634458491,seed,
ets_unet_ce,ETS-U-Net CE,2026,-259.9999999999993,0.7995240311281961,seed,
ets_unet_ce,ETS-U-Net CE,2026,-249.99999999999935,0.8228463575054439,seed,
ets_unet_ce,ETS-U-Net CE,2026,-239.99999999999932,0.8461511065819931,seed,
ets_unet_ce,ETS-U-Net CE,2026,-229.99999999999932,0.8696496590937279,seed,
ets_unet_ce,ETS-U-Net CE,2026,-219.99999999999932,0.8929294745912624,seed,
ets_unet_ce,ETS-U-Net CE,2026,-209.9999999999993,0.9157450820497791,seed,
ets_unet_ce,ETS-U-Net CE,2026,-199.9999999999993,0.9386159314335887,seed,
ets_unet_ce,ETS-U-Net CE,2026,-189.9999999999993,0.9613259795280513,seed,
ets_unet_ce,ETS-U-Net CE,2026,-179.99999999999926,0.9836196356738912,seed,
ets_unet_ce,ETS-U-Net CE,2026,-169.99999999999926,1.005433724196021,seed,
ets_unet_ce,ETS-U-Net CE,2026,-159.99999999999926,1.0268050323421414,seed,
ets_unet_ce,ETS-U-Net CE,2026,-149.99999999999923,1.0467277092253795,seed,
ets_unet_ce,ETS-U-Net CE,2026,-139.99999999999923,1.066554077011813,seed,
ets_unet_ce,ETS-U-Net CE,2026,-129.99999999999923,1.0851467710871574,seed,
ets_unet_ce,ETS-U-Net CE,2026,-119.99999999999922,1.1019521308750468,seed,
ets_unet_ce,ETS-U-Net CE,2026,-109.9999999999992,1.1178715691956878,seed,
ets_unet_ce,ETS-U-Net CE,2026,-99.9999999999992,1.1322967115147804,seed,
ets_unet_ce,ETS-U-Net CE,2026,-89.99999999999919,1.1451725509395343,seed,
ets_unet_ce,ETS-U-Net CE,2026,-79.99999999999918,1.1566719551460722,seed,
ets_unet_ce,ETS-U-Net CE,2026,-69.99999999999918,1.1661598230688388,seed,
ets_unet_ce,ETS-U-Net CE,2026,-59.99999999999916,1.1736360145609983,seed,
ets_unet_ce,ETS-U-Net CE,2026,-49.999999999999154,1.180025025972626,seed,
ets_unet_ce,ETS-U-Net CE,2026,-39.99999999999915,1.1843559220817073,seed,
ets_unet_ce,ETS-U-Net CE,2026,-29.99999999999914,1.1868637977774252,seed,
ets_unet_ce,ETS-U-Net CE,2026,-19.99999999999913,1.187786041851911,seed,
ets_unet_ce,ETS-U-Net CE,2026,-9.99999999999912,1.1867595337850205,seed,
ets_unet_ce,ETS-U-Net CE,2026,8.881784197001252e-13,1.1835176504115452,seed,
ets_unet_ce,ETS-U-Net CE,2026,10.000000000000897,1.1794433196712704,seed,
ets_unet_ce,ETS-U-Net CE,2026,20.000000000000906,1.1734614807424388,seed,
ets_unet_ce,ETS-U-Net CE,2026,30.000000000000917,1.1655253104316303,seed,
ets_unet_ce,ETS-U-Net CE,2026,40.000000000000924,1.1558671152074127,seed,
ets_unet_ce,ETS-U-Net CE,2026,50.00000000000093,1.144475314643756,seed,
ets_unet_ce,ETS-U-Net CE,2026,60.00000000000094,1.1312561125142653,seed,
ets_unet_ce,ETS-U-Net CE,2026,70.00000000000095,1.116613781157273,seed,
ets_unet_ce,ETS-U-Net CE,2026,80.00000000000097,1.100560590083494,seed,
ets_unet_ce,ETS-U-Net CE,2026,90.00000000000097,1.0840778672448799,seed,
ets_unet_ce,ETS-U-Net CE,2026,100.00000000000098,1.0663529588079783,seed,
ets_unet_ce,ETS-U-Net CE,2026,110.00000000000098,1.0470290062503145,seed,
ets_unet_ce,ETS-U-Net CE,2026,120.000000000001,1.028068811190745,seed,
ets_unet_ce,ETS-U-Net CE,2026,130.000000000001,1.0081908013795926,seed,
ets_unet_ce,ETS-U-Net CE,2026,140.00000000000102,0.9872228848621091,seed,
ets_unet_ce,ETS-U-Net CE,2026,150.00000000000102,0.9667475161306439,seed,
ets_unet_ce,ETS-U-Net CE,2026,160.00000000000102,0.9446268480205091,seed,
ets_unet_ce,ETS-U-Net CE,2026,170.00000000000105,0.9226945340539812,seed,
ets_unet_ce,ETS-U-Net CE,2026,180.00000000000105,0.9019022166831245,seed,
ets_unet_ce,ETS-U-Net CE,2026,190.00000000000105,0.8795162912728481,seed,
ets_unet_ce,ETS-U-Net CE,2026,200.00000000000108,0.8568729482262887,seed,
ets_unet_ce,ETS-U-Net CE,2026,210.00000000000108,0.8356631611122222,seed,
ets_unet_ce,ETS-U-Net CE,2026,220.00000000000108,0.81294110686498,seed,
ets_unet_ce,ETS-U-Net CE,2026,230.00000000000108,0.7909852953462241,seed,
ets_unet_ce,ETS-U-Net CE,2026,240.0000000000011,0.7696645858436618,seed,
ets_unet_ce,ETS-U-Net CE,2026,250.0000000000011,0.7485378625975984,seed,
ets_unet_ce,ETS-U-Net CE,2026,260.00000000000114,0.7277353402635588,seed,
ets_unet_ce,ETS-U-Net CE,2026,270.00000000000114,0.7068904082975888,seed,
ets_unet_ce,ETS-U-Net CE,2026,280.00000000000114,0.6875167108435833,seed,
ets_unet_ce,ETS-U-Net CE,2026,290.00000000000114,0.6679084998875895,seed,
ets_unet_ce,ETS-U-Net CE,2026,300.00000000000114,0.6489730745019627,seed,
ets_unet_ce,ETS-U-Net CE,2026,310.00000000000114,0.6314801288892422,seed,
ets_unet_ce,ETS-U-Net CE,2026,320.0000000000012,0.6133383564444759,seed,
ets_unet_ce,ETS-U-Net CE,2026,330.0000000000012,0.5955838452990755,seed,
ets_unet_ce,ETS-U-Net CE,2026,340.0000000000012,0.5793473209988962,seed,
ets_unet_ce,ETS-U-Net CE,2026,350.0000000000012,0.5633521351924374,seed,
ets_unet_ce,ETS-U-Net CE,2026,360.0000000000012,0.5474728282316977,seed,
ets_unet_ce,ETS-U-Net CE,2026,370.0000000000012,0.5329536974793038,seed,
ets_unet_ce,ETS-U-Net CE,2026,380.00000000000125,0.5181700940296448,seed,
ets_unet_ce,ETS-U-Net CE,2026,390.00000000000125,0.5038812983060263,seed,
ets_unet_ce,ETS-U-Net CE,2026,400.00000000000125,0.4913131698672698,seed,
ets_unet_ce,ETS-U-Net CE,2026,410.00000000000125,0.4779630187802488,seed,
ets_unet_ce,ETS-U-Net CE,2026,420.00000000000125,0.4663648383659903,seed,
ets_unet_ce,ETS-U-Net CE,2026,430.00000000000125,0.4553670274427597,seed,
ets_unet_ce,ETS-U-Net CE,2026,440.00000000000125,0.443558399391054,seed,
ets_unet_ce,ETS-U-Net CE,2026,450.0000000000013,0.4323916834937477,seed,
ets_unet_ce,ETS-U-Net CE,2026,460.0000000000013,0.4226002288019474,seed,
ets_unet_ce,ETS-U-Net CE,2026,470.0000000000013,0.41212032312690583,seed,
ets_unet_ce,ETS-U-Net CE,2026,480.0000000000013,0.4023844882513863,seed,
ets_unet_ce,ETS-U-Net CE,2026,490.0000000000013,0.3942146493755864,seed,
ets_unet_ce,ETS-U-Net CE,2026,500.0000000000013,0.38489429631631705,seed,
ets_unet_ce,ETS-U-Net CE,2026,510.00000000000136,0.37653787638016006,seed,
ets_unet_ce,ETS-U-Net CE,2026,520.0000000000014,0.36804764274541646,seed,
ets_unet_ce,ETS-U-Net CE,2026,530.0000000000014,0.3616050244231534,seed,
ets_unet_ce,ETS-U-Net CE,2026,540.0000000000014,0.3544907795596745,seed,
ets_unet_ce,ETS-U-Net CE,2026,550.0000000000014,0.34655816125152666,seed,
ets_unet_ce,ETS-U-Net CE,2026,560.0000000000014,0.34100024068713375,seed,
ets_unet_ce,ETS-U-Net CE,2026,570.0000000000014,0.33470432966792135,seed,
ets_unet_ce,ETS-U-Net CE,2026,580.0000000000014,0.32798055300802853,seed,
ets_unet_ce,ETS-U-Net CE,2026,590.0000000000014,0.322931646445402,seed,
ets_unet_ce,ETS-U-Net CE,2026,600.0000000000014,0.31723686934142253,seed,
ets_unet_ce,ETS-U-Net CE,2026,610.0000000000015,0.31125760120152496,seed,
ets_unet_ce,ETS-U-Net CE,2026,620.0000000000015,0.30771121560028825,seed,
ets_unet_ce,ETS-U-Net CE,2026,630.0000000000015,0.3030390115691831,seed,
ets_unet_ce,ETS-U-Net CE,2026,640.0000000000015,0.297583189544299,seed,
ets_unet_ce,ETS-U-Net CE,2026,650.0000000000015,0.29424059769202654,seed,
ets_unet_ce,ETS-U-Net CE,2026,660.0000000000015,0.289239863578329,seed,
ets_unet_ce,ETS-U-Net CE,2026,670.0000000000015,0.28488929788992723,seed,
ets_unet_ce,ETS-U-Net CE,2026,680.0000000000015,0.2822442835305272,seed,
ets_unet_ce,ETS-U-Net CE,2026,690.0000000000015,0.2786474723798252,seed,
ets_unet_ce,ETS-U-Net CE,2026,700.0000000000015,0.2749876435964448,seed,
ets_unet_ce,ETS-U-Net CE,2026,710.0000000000015,0.27288716017864706,seed,
ets_unet_ce,ETS-U-Net CE,2026,720.0000000000015,0.26854179236577685,seed,
ets_unet_ce,ETS-U-Net CE,2026,730.0000000000016,0.26561131491836026,seed,
ets_unet_ce,ETS-U-Net CE,2026,740.0000000000016,0.2645446398598069,seed,
ets_unet_ce,ETS-U-Net CE,2026,750.0000000000016,0.26180231095024875,seed,
ets_unet_ce,ETS-U-Net CE,2026,760.0000000000016,0.25890509444932774,seed,
ets_unet_ce,ETS-U-Net CE,2026,770.0000000000016,0.25821113063099654,seed,
ets_unet_ce,ETS-U-Net CE,2026,780.0000000000016,0.2551462971002383,seed,
ets_unet_ce,ETS-U-Net CE,2026,790.0000000000016,0.2536904922278312,seed,
ets_unet_ce,ETS-U-Net CE,2026,800.0000000000016,0.2514603560345563,seed,
ets_unet_ce,ETS-U-Net CE,2026,810.0000000000016,0.25202725487984146,seed,
ets_unet_ce,ETS-U-Net CE,2026,820.0000000000016,0.25016175234473864,seed,
ets_unet_ce,ETS-U-Net CE,2026,830.0000000000016,0.24740991692616332,seed,
ets_unet_ce,ETS-U-Net CE,2026,840.0000000000016,0.24739989574139493,seed,
ets_unet_ce,ETS-U-Net CE,2026,850.0000000000016,0.24689756951328884,seed,
ets_unet_ce,ETS-U-Net CE,2026,860.0000000000017,0.24514665999956972,seed,
ets_unet_ce,ETS-U-Net CE,2026,870.0000000000017,0.24604042645666105,seed,
ets_unet_ce,ETS-U-Net CE,2026,880.0000000000017,0.2439884633210574,seed,
ets_unet_ce,ETS-U-Net CE,2026,890.0000000000017,0.24220266317948883,seed,
ets_unet_ce,ETS-U-Net CE,2026,900.0000000000017,0.24278989913109755,seed,
ets_unet_ce,ETS-U-Net CE,2026,910.0000000000017,0.24164831866332,seed,
ets_unet_ce,ETS-U-Net CE,2026,920.0000000000017,0.2411723184347291,seed,
ets_unet_ce,ETS-U-Net CE,2026,930.0000000000017,0.24264376274095373,seed,
ets_unet_ce,ETS-U-Net CE,2026,940.0000000000017,0.2405776247257896,seed,
ets_unet_ce,ETS-U-Net CE,2026,950.0000000000017,0.2406003954151267,seed,
ets_unet_ce,ETS-U-Net CE,2026,960.0000000000017,0.2414788707827175,seed,
ets_unet_ce,ETS-U-Net CE,2026,970.0000000000017,0.24031054364304472,seed,
ets_unet_ce,ETS-U-Net CE,2026,980.0000000000017,0.24040602379248535,seed,
ets_unet_ce,ETS-U-Net CE,2026,990.0000000000018,0.24290663524622386,seed,
ets_unet_ce,ETS-U-Net CE,2026,1000.0000000000018,0.24152299771181054,seed,
ets_unet_ce,ETS-U-Net CE,2027,-1000.0,0.11517868241087963,seed,
ets_unet_ce,ETS-U-Net CE,2027,-990.0,0.11741097357892072,seed,
ets_unet_ce,ETS-U-Net CE,2027,-980.0,0.11946198576418514,seed,
ets_unet_ce,ETS-U-Net CE,2027,-970.0,0.12152102555167182,seed,
ets_unet_ce,ETS-U-Net CE,2027,-960.0,0.12294071948488322,seed,
ets_unet_ce,ETS-U-Net CE,2027,-950.0,0.12503616410234145,seed,
ets_unet_ce,ETS-U-Net CE,2027,-940.0,0.12761911649915822,seed,
ets_unet_ce,ETS-U-Net CE,2027,-929.9999999999999,0.12892350804562322,seed,
ets_unet_ce,ETS-U-Net CE,2027,-919.9999999999999,0.13088639132190535,seed,
ets_unet_ce,ETS-U-Net CE,2027,-909.9999999999999,0.13338655356838466,seed,
ets_unet_ce,ETS-U-Net CE,2027,-899.9999999999999,0.13546304715544166,seed,
ets_unet_ce,ETS-U-Net CE,2027,-889.9999999999999,0.1379941932037021,seed,
ets_unet_ce,ETS-U-Net CE,2027,-879.9999999999999,0.14068137001881684,seed,
ets_unet_ce,ETS-U-Net CE,2027,-869.9999999999999,0.14288635610294045,seed,
ets_unet_ce,ETS-U-Net CE,2027,-859.9999999999999,0.14575205520270515,seed,
ets_unet_ce,ETS-U-Net CE,2027,-849.9999999999999,0.14853271876051408,seed,
ets_unet_ce,ETS-U-Net CE,2027,-839.9999999999999,0.1508447057408018,seed,
ets_unet_ce,ETS-U-Net CE,2027,-829.9999999999999,0.15392579020671612,seed,
ets_unet_ce,ETS-U-Net CE,2027,-819.9999999999999,0.15704521286682246,seed,
ets_unet_ce,ETS-U-Net CE,2027,-809.9999999999999,0.15994385977829703,seed,
ets_unet_ce,ETS-U-Net CE,2027,-799.9999999999998,0.16321613793249917,seed,
ets_unet_ce,ETS-U-Net CE,2027,-789.9999999999998,0.16642285039245636,seed,
ets_unet_ce,ETS-U-Net CE,2027,-779.9999999999998,0.16935878386741174,seed,
ets_unet_ce,ETS-U-Net CE,2027,-769.9999999999998,0.1730446028280715,seed,
ets_unet_ce,ETS-U-Net CE,2027,-759.9999999999998,0.17683338681988806,seed,
ets_unet_ce,ETS-U-Net CE,2027,-749.9999999999998,0.18020521380003218,seed,
ets_unet_ce,ETS-U-Net CE,2027,-739.9999999999998,0.1843086126278362,seed,
ets_unet_ce,ETS-U-Net CE,2027,-729.9999999999998,0.18843486030336468,seed,
ets_unet_ce,ETS-U-Net CE,2027,-719.9999999999998,0.19299545167585708,seed,
ets_unet_ce,ETS-U-Net CE,2027,-709.9999999999998,0.19689967864249308,seed,
ets_unet_ce,ETS-U-Net CE,2027,-699.9999999999998,0.20139086876301812,seed,
ets_unet_ce,ETS-U-Net CE,2027,-689.9999999999998,0.20621717253834393,seed,
ets_unet_ce,ETS-U-Net CE,2027,-679.9999999999998,0.21059586193103416,seed,
ets_unet_ce,ETS-U-Net CE,2027,-669.9999999999997,0.21554060503251693,seed,
ets_unet_ce,ETS-U-Net CE,2027,-659.9999999999997,0.2207649580887331,seed,
ets_unet_ce,ETS-U-Net CE,2027,-649.9999999999997,0.22590803389764794,seed,
ets_unet_ce,ETS-U-Net CE,2027,-639.9999999999997,0.23136546521267387,seed,
ets_unet_ce,ETS-U-Net CE,2027,-629.9999999999997,0.23726896273443712,seed,
ets_unet_ce,ETS-U-Net CE,2027,-619.9999999999997,0.2431179340184585,seed,
ets_unet_ce,ETS-U-Net CE,2027,-609.9999999999997,0.24968746598790276,seed,
ets_unet_ce,ETS-U-Net CE,2027,-599.9999999999997,0.2561713498615377,seed,
ets_unet_ce,ETS-U-Net CE,2027,-589.9999999999997,0.2626644264396932,seed,
ets_unet_ce,ETS-U-Net CE,2027,-579.9999999999997,0.26964494925519067,seed,
ets_unet_ce,ETS-U-Net CE,2027,-569.9999999999997,0.27684624923248585,seed,
ets_unet_ce,ETS-U-Net CE,2027,-559.9999999999997,0.2842377367204189,seed,
ets_unet_ce,ETS-U-Net CE,2027,-549.9999999999995,0.29235217892612925,seed,
ets_unet_ce,ETS-U-Net CE,2027,-539.9999999999995,0.3006976270070628,seed,
ets_unet_ce,ETS-U-Net CE,2027,-529.9999999999995,0.3092303254612808,seed,
ets_unet_ce,ETS-U-Net CE,2027,-519.9999999999995,0.3183986425731414,seed,
ets_unet_ce,ETS-U-Net CE,2027,-509.99999999999955,0.3277205555773514,seed,
ets_unet_ce,ETS-U-Net CE,2027,-499.99999999999955,0.3370831839355594,seed,
ets_unet_ce,ETS-U-Net CE,2027,-489.99999999999955,0.3473443948405163,seed,
ets_unet_ce,ETS-U-Net CE,2027,-479.99999999999955,0.35796877552320056,seed,
ets_unet_ce,ETS-U-Net CE,2027,-469.99999999999955,0.369204672513247,seed,
ets_unet_ce,ETS-U-Net CE,2027,-459.99999999999955,0.38026651431211517,seed,
ets_unet_ce,ETS-U-Net CE,2027,-449.9999999999995,0.39217060071323034,seed,
ets_unet_ce,ETS-U-Net CE,2027,-439.9999999999995,0.404839170888937,seed,
ets_unet_ce,ETS-U-Net CE,2027,-429.9999999999995,0.41760973176864263,seed,
ets_unet_ce,ETS-U-Net CE,2027,-419.9999999999995,0.4311775902645337,seed,
ets_unet_ce,ETS-U-Net CE,2027,-409.9999999999995,0.445184543763467,seed,
ets_unet_ce,ETS-U-Net CE,2027,-399.9999999999995,0.4597197893933619,seed,
ets_unet_ce,ETS-U-Net CE,2027,-389.99999999999943,0.47499441772694406,seed,
ets_unet_ce,ETS-U-Net CE,2027,-379.99999999999943,0.4906847091522077,seed,
ets_unet_ce,ETS-U-Net CE,2027,-369.99999999999943,0.5067085311131089,seed,
ets_unet_ce,ETS-U-Net CE,2027,-359.99999999999943,0.5236086293801521,seed,
ets_unet_ce,ETS-U-Net CE,2027,-349.99999999999943,0.5410628658012838,seed,
ets_unet_ce,ETS-U-Net CE,2027,-339.99999999999943,0.5590244722906536,seed,
ets_unet_ce,ETS-U-Net CE,2027,-329.99999999999943,0.577594358945005,seed,
ets_unet_ce,ETS-U-Net CE,2027,-319.9999999999994,0.5967820571238782,seed,
ets_unet_ce,ETS-U-Net CE,2027,-309.9999999999994,0.6162387112240101,seed,
ets_unet_ce,ETS-U-Net CE,2027,-299.9999999999994,0.6362810768690007,seed,
ets_unet_ce,ETS-U-Net CE,2027,-289.9999999999994,0.6567346565876098,seed,
ets_unet_ce,ETS-U-Net CE,2027,-279.9999999999994,0.6773505185812879,seed,
ets_unet_ce,ETS-U-Net CE,2027,-269.9999999999994,0.6987473391358774,seed,
ets_unet_ce,ETS-U-Net CE,2027,-259.9999999999993,0.7205468681620409,seed,
ets_unet_ce,ETS-U-Net CE,2027,-249.99999999999935,0.7427187542856091,seed,
ets_unet_ce,ETS-U-Net CE,2027,-239.99999999999932,0.7651024697276585,seed,
ets_unet_ce,ETS-U-Net CE,2027,-229.99999999999932,0.7880211786547567,seed,
ets_unet_ce,ETS-U-Net CE,2027,-219.99999999999932,0.810889868122231,seed,
ets_unet_ce,ETS-U-Net CE,2027,-209.9999999999993,0.8334937919445944,seed,
ets_unet_ce,ETS-U-Net CE,2027,-199.9999999999993,0.8562365487069306,seed,
ets_unet_ce,ETS-U-Net CE,2027,-189.9999999999993,0.8791357348863418,seed,
ets_unet_ce,ETS-U-Net CE,2027,-179.99999999999926,0.9018717416547714,seed,
ets_unet_ce,ETS-U-Net CE,2027,-169.99999999999926,0.9244886721363178,seed,
ets_unet_ce,ETS-U-Net CE,2027,-159.99999999999926,0.9468708006342766,seed,
ets_unet_ce,ETS-U-Net CE,2027,-149.99999999999923,0.9683844704841948,seed,
ets_unet_ce,ETS-U-Net CE,2027,-139.99999999999923,0.9900388453926541,seed,
ets_unet_ce,ETS-U-Net CE,2027,-129.99999999999923,1.0109787215714212,seed,
ets_unet_ce,ETS-U-Net CE,2027,-119.99999999999922,1.0307300052592578,seed,
ets_unet_ce,ETS-U-Net CE,2027,-109.9999999999992,1.0499066224766753,seed,
ets_unet_ce,ETS-U-Net CE,2027,-99.9999999999992,1.068233250237629,seed,
ets_unet_ce,ETS-U-Net CE,2027,-89.99999999999919,1.0856641622096674,seed,
ets_unet_ce,ETS-U-Net CE,2027,-79.99999999999918,1.1016118576898235,seed,
ets_unet_ce,ETS-U-Net CE,2027,-69.99999999999918,1.1157489116126418,seed,
ets_unet_ce,ETS-U-Net CE,2027,-59.99999999999916,1.1287262446240915,seed,
ets_unet_ce,ETS-U-Net CE,2027,-49.999999999999154,1.1407125011538233,seed,
ets_unet_ce,ETS-U-Net CE,2027,-39.99999999999915,1.1507382534235695,seed,
ets_unet_ce,ETS-U-Net CE,2027,-29.99999999999914,1.1589819010434146,seed,
ets_unet_ce,ETS-U-Net CE,2027,-19.99999999999913,1.1658850699311205,seed,
ets_unet_ce,ETS-U-Net CE,2027,-9.99999999999912,1.1708717855419366,seed,
ets_unet_ce,ETS-U-Net CE,2027,8.881784197001252e-13,1.1737398214301569,seed,
ets_unet_ce,ETS-U-Net CE,2027,10.000000000000897,1.1756421697165818,seed,
ets_unet_ce,ETS-U-Net CE,2027,20.000000000000906,1.1757145750230007,seed,
ets_unet_ce,ETS-U-Net CE,2027,30.000000000000917,1.174034546739886,seed,
ets_unet_ce,ETS-U-Net CE,2027,40.000000000000924,1.1707147827545958,seed,
ets_unet_ce,ETS-U-Net CE,2027,50.00000000000093,1.165651300838983,seed,
ets_unet_ce,ETS-U-Net CE,2027,60.00000000000094,1.158782829035159,seed,
ets_unet_ce,ETS-U-Net CE,2027,70.00000000000095,1.150300916967544,seed,
ets_unet_ce,ETS-U-Net CE,2027,80.00000000000097,1.140355623529863,seed,
ets_unet_ce,ETS-U-Net CE,2027,90.00000000000097,1.1295710512582697,seed,
ets_unet_ce,ETS-U-Net CE,2027,100.00000000000098,1.1175838273190832,seed,
ets_unet_ce,ETS-U-Net CE,2027,110.00000000000098,1.1038607970888115,seed,
ets_unet_ce,ETS-U-Net CE,2027,120.000000000001,1.090043053101926,seed,
ets_unet_ce,ETS-U-Net CE,2027,130.000000000001,1.0747683494259757,seed,
ets_unet_ce,ETS-U-Net CE,2027,140.00000000000102,1.0580911428728232,seed,
ets_unet_ce,ETS-U-Net CE,2027,150.00000000000102,1.041541354247849,seed,
ets_unet_ce,ETS-U-Net CE,2027,160.00000000000102,1.022927042779889,seed,
ets_unet_ce,ETS-U-Net CE,2027,170.00000000000105,1.00392980025413,seed,
ets_unet_ce,ETS-U-Net CE,2027,180.00000000000105,0.985903930249693,seed,
ets_unet_ce,ETS-U-Net CE,2027,190.00000000000105,0.9655796287956798,seed,
ets_unet_ce,ETS-U-Net CE,2027,200.00000000000108,0.9446234049134707,seed,
ets_unet_ce,ETS-U-Net CE,2027,210.00000000000108,0.9245792593561174,seed,
ets_unet_ce,ETS-U-Net CE,2027,220.00000000000108,0.9028795168746474,seed,
ets_unet_ce,ETS-U-Net CE,2027,230.00000000000108,0.881318833512816,seed,
ets_unet_ce,ETS-U-Net CE,2027,240.0000000000011,0.8600682567278753,seed,
ets_unet_ce,ETS-U-Net CE,2027,250.0000000000011,0.8387706573651035,seed,
ets_unet_ce,ETS-U-Net CE,2027,260.00000000000114,0.8174911972188351,seed,
ets_unet_ce,ETS-U-Net CE,2027,270.00000000000114,0.796046483363411,seed,
ets_unet_ce,ETS-U-Net CE,2027,280.00000000000114,0.7759909455555394,seed,
ets_unet_ce,ETS-U-Net CE,2027,290.00000000000114,0.7554104949419422,seed,
ets_unet_ce,ETS-U-Net CE,2027,300.00000000000114,0.7350508204990748,seed,
ets_unet_ce,ETS-U-Net CE,2027,310.00000000000114,0.7161529111525885,seed,
ets_unet_ce,ETS-U-Net CE,2027,320.0000000000012,0.6965178408888166,seed,
ets_unet_ce,ETS-U-Net CE,2027,330.0000000000012,0.676747238877595,seed,
ets_unet_ce,ETS-U-Net CE,2027,340.0000000000012,0.6592105405648359,seed,
ets_unet_ce,ETS-U-Net CE,2027,350.0000000000012,0.6414858459334817,seed,
ets_unet_ce,ETS-U-Net CE,2027,360.0000000000012,0.6238047392501227,seed,
ets_unet_ce,ETS-U-Net CE,2027,370.0000000000012,0.6075179812985609,seed,
ets_unet_ce,ETS-U-Net CE,2027,380.00000000000125,0.5909150152565268,seed,
ets_unet_ce,ETS-U-Net CE,2027,390.00000000000125,0.5747406774674012,seed,
ets_unet_ce,ETS-U-Net CE,2027,400.00000000000125,0.5606661327080638,seed,
ets_unet_ce,ETS-U-Net CE,2027,410.00000000000125,0.5454221255309234,seed,
ets_unet_ce,ETS-U-Net CE,2027,420.00000000000125,0.5320173199010736,seed,
ets_unet_ce,ETS-U-Net CE,2027,430.00000000000125,0.5193163679798078,seed,
ets_unet_ce,ETS-U-Net CE,2027,440.00000000000125,0.5059365360694342,seed,
ets_unet_ce,ETS-U-Net CE,2027,450.0000000000013,0.49315235811225966,seed,
ets_unet_ce,ETS-U-Net CE,2027,460.0000000000013,0.48197512860342806,seed,
ets_unet_ce,ETS-U-Net CE,2027,470.0000000000013,0.4699567039187237,seed,
ets_unet_ce,ETS-U-Net CE,2027,480.0000000000013,0.458719001593508,seed,
ets_unet_ce,ETS-U-Net CE,2027,490.0000000000013,0.4493161783676286,seed,
ets_unet_ce,ETS-U-Net CE,2027,500.0000000000013,0.43862264729580314,seed,
ets_unet_ce,ETS-U-Net CE,2027,510.00000000000136,0.42891823937400897,seed,
ets_unet_ce,ETS-U-Net CE,2027,520.0000000000014,0.41926144334183096,seed,
ets_unet_ce,ETS-U-Net CE,2027,530.0000000000014,0.41174393399843495,seed,
ets_unet_ce,ETS-U-Net CE,2027,540.0000000000014,0.40334263005659665,seed,
ets_unet_ce,ETS-U-Net CE,2027,550.0000000000014,0.3942730659166068,seed,
ets_unet_ce,ETS-U-Net CE,2027,560.0000000000014,0.38769840348008294,seed,
ets_unet_ce,ETS-U-Net CE,2027,570.0000000000014,0.3802122920336407,seed,
ets_unet_ce,ETS-U-Net CE,2027,580.0000000000014,0.3725019898806888,seed,
ets_unet_ce,ETS-U-Net CE,2027,590.0000000000014,0.3665849538553311,seed,
ets_unet_ce,ETS-U-Net CE,2027,600.0000000000014,0.35984813229967244,seed,
ets_unet_ce,ETS-U-Net CE,2027,610.0000000000015,0.3528582448970222,seed,
ets_unet_ce,ETS-U-Net CE,2027,620.0000000000015,0.34865725759177957,seed,
ets_unet_ce,ETS-U-Net CE,2027,630.0000000000015,0.34303863500882403,seed,
ets_unet_ce,ETS-U-Net CE,2027,640.0000000000015,0.3367253635281371,seed,
ets_unet_ce,ETS-U-Net CE,2027,650.0000000000015,0.3325622924156462,seed,
ets_unet_ce,ETS-U-Net CE,2027,660.0000000000015,0.326467545233877,seed,
ets_unet_ce,ETS-U-Net CE,2027,670.0000000000015,0.3215253490488886,seed,
ets_unet_ce,ETS-U-Net CE,2027,680.0000000000015,0.31840735185683977,seed,
ets_unet_ce,ETS-U-Net CE,2027,690.0000000000015,0.3139160988974114,seed,
ets_unet_ce,ETS-U-Net CE,2027,700.0000000000015,0.30944236211087783,seed,
ets_unet_ce,ETS-U-Net CE,2027,710.0000000000015,0.30707538577987137,seed,
ets_unet_ce,ETS-U-Net CE,2027,720.0000000000015,0.30201723557443894,seed,
ets_unet_ce,ETS-U-Net CE,2027,730.0000000000016,0.2984127897562872,seed,
ets_unet_ce,ETS-U-Net CE,2027,740.0000000000016,0.2972392167643039,seed,
ets_unet_ce,ETS-U-Net CE,2027,750.0000000000016,0.2938935572895172,seed,
ets_unet_ce,ETS-U-Net CE,2027,760.0000000000016,0.29040131521713347,seed,
ets_unet_ce,ETS-U-Net CE,2027,770.0000000000016,0.28918993925574404,seed,
ets_unet_ce,ETS-U-Net CE,2027,780.0000000000016,0.28520039334631514,seed,
ets_unet_ce,ETS-U-Net CE,2027,790.0000000000016,0.2832316152328183,seed,
ets_unet_ce,ETS-U-Net CE,2027,800.0000000000016,0.28050507597318525,seed,
ets_unet_ce,ETS-U-Net CE,2027,810.0000000000016,0.2806155136860865,seed,
ets_unet_ce,ETS-U-Net CE,2027,820.0000000000016,0.2783180569223666,seed,
ets_unet_ce,ETS-U-Net CE,2027,830.0000000000016,0.274974234375282,seed,
ets_unet_ce,ETS-U-Net CE,2027,840.0000000000016,0.27492900208545823,seed,
ets_unet_ce,ETS-U-Net CE,2027,850.0000000000016,0.274208824565293,seed,
ets_unet_ce,ETS-U-Net CE,2027,860.0000000000017,0.2719238455461197,seed,
ets_unet_ce,ETS-U-Net CE,2027,870.0000000000017,0.27262145690262923,seed,
ets_unet_ce,ETS-U-Net CE,2027,880.0000000000017,0.26994900187016846,seed,
ets_unet_ce,ETS-U-Net CE,2027,890.0000000000017,0.2676566711922509,seed,
ets_unet_ce,ETS-U-Net CE,2027,900.0000000000017,0.2678372660012842,seed,
ets_unet_ce,ETS-U-Net CE,2027,910.0000000000017,0.2662644827049616,seed,
ets_unet_ce,ETS-U-Net CE,2027,920.0000000000017,0.26567852506364736,seed,
ets_unet_ce,ETS-U-Net CE,2027,930.0000000000017,0.2669887898662534,seed,
ets_unet_ce,ETS-U-Net CE,2027,940.0000000000017,0.26473783136768825,seed,
ets_unet_ce,ETS-U-Net CE,2027,950.0000000000017,0.2645132535932116,seed,
ets_unet_ce,ETS-U-Net CE,2027,960.0000000000017,0.2652327211541431,seed,
ets_unet_ce,ETS-U-Net CE,2027,970.0000000000017,0.2635964521148005,seed,
ets_unet_ce,ETS-U-Net CE,2027,980.0000000000017,0.26335476955646014,seed,
ets_unet_ce,ETS-U-Net CE,2027,990.0000000000018,0.2658259444177279,seed,
ets_unet_ce,ETS-U-Net CE,2027,1000.0000000000018,0.26399291886680787,seed,
ets_unet_ce,ETS-U-Net CE,2028,-1000.0,0.12309963904152697,seed,
ets_unet_ce,ETS-U-Net CE,2028,-990.0,0.12537655001764644,seed,
ets_unet_ce,ETS-U-Net CE,2028,-980.0,0.12755120956471763,seed,
ets_unet_ce,ETS-U-Net CE,2028,-970.0,0.12969295920546545,seed,
ets_unet_ce,ETS-U-Net CE,2028,-960.0,0.13118805506825582,seed,
ets_unet_ce,ETS-U-Net CE,2028,-950.0,0.13338087965566875,seed,
ets_unet_ce,ETS-U-Net CE,2028,-940.0,0.1361346670946606,seed,
ets_unet_ce,ETS-U-Net CE,2028,-929.9999999999999,0.13763341231353682,seed,
ets_unet_ce,ETS-U-Net CE,2028,-919.9999999999999,0.13970412454837305,seed,
ets_unet_ce,ETS-U-Net CE,2028,-909.9999999999999,0.14239424436556428,seed,
ets_unet_ce,ETS-U-Net CE,2028,-899.9999999999999,0.1447762925705747,seed,
ets_unet_ce,ETS-U-Net CE,2028,-889.9999999999999,0.14745943042864004,seed,
ets_unet_ce,ETS-U-Net CE,2028,-879.9999999999999,0.1503756249326892,seed,
ets_unet_ce,ETS-U-Net CE,2028,-869.9999999999999,0.15284703407165198,seed,
ets_unet_ce,ETS-U-Net CE,2028,-859.9999999999999,0.15599234492190203,seed,
ets_unet_ce,ETS-U-Net CE,2028,-849.9999999999999,0.1590372225740939,seed,
ets_unet_ce,ETS-U-Net CE,2028,-839.9999999999999,0.16164851232747687,seed,
ets_unet_ce,ETS-U-Net CE,2028,-829.9999999999999,0.16511200833010875,seed,
ets_unet_ce,ETS-U-Net CE,2028,-819.9999999999999,0.16863291548819387,seed,
ets_unet_ce,ETS-U-Net CE,2028,-809.9999999999999,0.1719008923790937,seed,
ets_unet_ce,ETS-U-Net CE,2028,-799.9999999999998,0.17567311732494803,seed,
ets_unet_ce,ETS-U-Net CE,2028,-789.9999999999998,0.1793638059459608,seed,
ets_unet_ce,ETS-U-Net CE,2028,-779.9999999999998,0.18278652623804417,seed,
ets_unet_ce,ETS-U-Net CE,2028,-769.9999999999998,0.18702228304169627,seed,
ets_unet_ce,ETS-U-Net CE,2028,-759.9999999999998,0.19141980557030525,seed,
ets_unet_ce,ETS-U-Net CE,2028,-749.9999999999998,0.19538291821182951,seed,
ets_unet_ce,ETS-U-Net CE,2028,-739.9999999999998,0.20006454783583436,seed,
ets_unet_ce,ETS-U-Net CE,2028,-729.9999999999998,0.20485231497955875,seed,
ets_unet_ce,ETS-U-Net CE,2028,-719.9999999999998,0.21002799391282617,seed,
ets_unet_ce,ETS-U-Net CE,2028,-709.9999999999998,0.2146329051080643,seed,
ets_unet_ce,ETS-U-Net CE,2028,-699.9999999999998,0.21979864935192134,seed,
ets_unet_ce,ETS-U-Net CE,2028,-689.9999999999998,0.22535890212781687,seed,
ets_unet_ce,ETS-U-Net CE,2028,-679.9999999999998,0.23046043500920774,seed,
ets_unet_ce,ETS-U-Net CE,2028,-669.9999999999997,0.23627403536265768,seed,
ets_unet_ce,ETS-U-Net CE,2028,-659.9999999999997,0.2424038312407847,seed,
ets_unet_ce,ETS-U-Net CE,2028,-649.9999999999997,0.24838594280645815,seed,
ets_unet_ce,ETS-U-Net CE,2028,-639.9999999999997,0.25474021929759955,seed,
ets_unet_ce,ETS-U-Net CE,2028,-629.9999999999997,0.26167109227991064,seed,
ets_unet_ce,ETS-U-Net CE,2028,-619.9999999999997,0.26845706047597245,seed,
ets_unet_ce,ETS-U-Net CE,2028,-609.9999999999997,0.27598769355198205,seed,
ets_unet_ce,ETS-U-Net CE,2028,-599.9999999999997,0.2835848359409008,seed,
ets_unet_ce,ETS-U-Net CE,2028,-589.9999999999997,0.2912229265919019,seed,
ets_unet_ce,ETS-U-Net CE,2028,-579.9999999999997,0.29940940654506953,seed,
ets_unet_ce,ETS-U-Net CE,2028,-569.9999999999997,0.3078655437626665,seed,
ets_unet_ce,ETS-U-Net CE,2028,-559.9999999999997,0.3164277673714172,seed,
ets_unet_ce,ETS-U-Net CE,2028,-549.9999999999995,0.32589467319593846,seed,
ets_unet_ce,ETS-U-Net CE,2028,-539.9999999999995,0.33561265604744633,seed,
ets_unet_ce,ETS-U-Net CE,2028,-529.9999999999995,0.3455357047369715,seed,
ets_unet_ce,ETS-U-Net CE,2028,-519.9999999999995,0.3561068588671875,seed,
ets_unet_ce,ETS-U-Net CE,2028,-509.99999999999955,0.3669501842446632,seed,
ets_unet_ce,ETS-U-Net CE,2028,-499.99999999999955,0.3778642987958128,seed,
ets_unet_ce,ETS-U-Net CE,2028,-489.99999999999955,0.38967602541115987,seed,
ets_unet_ce,ETS-U-Net CE,2028,-479.99999999999955,0.40203763737444853,seed,
ets_unet_ce,ETS-U-Net CE,2028,-469.99999999999955,0.4150056122573079,seed,
ets_unet_ce,ETS-U-Net CE,2028,-459.99999999999955,0.42785573676072425,seed,
ets_unet_ce,ETS-U-Net CE,2028,-449.9999999999995,0.44164154552988893,seed,
ets_unet_ce,ETS-U-Net CE,2028,-439.9999999999995,0.4561522500106834,seed,
ets_unet_ce,ETS-U-Net CE,2028,-429.9999999999995,0.4707200460129508,seed,
ets_unet_ce,ETS-U-Net CE,2028,-419.9999999999995,0.4862122743611716,seed,
ets_unet_ce,ETS-U-Net CE,2028,-409.9999999999995,0.5023162825905693,seed,
ets_unet_ce,ETS-U-Net CE,2028,-399.9999999999995,0.5189686391833203,seed,
ets_unet_ce,ETS-U-Net CE,2028,-389.99999999999943,0.5362879883858628,seed,
ets_unet_ce,ETS-U-Net CE,2028,-379.99999999999943,0.554159872966448,seed,
ets_unet_ce,ETS-U-Net CE,2028,-369.99999999999943,0.572189469030985,seed,
ets_unet_ce,ETS-U-Net CE,2028,-359.99999999999943,0.5910803094662825,seed,
ets_unet_ce,ETS-U-Net CE,2028,-349.99999999999943,0.6107054193576359,seed,
ets_unet_ce,ETS-U-Net CE,2028,-339.99999999999943,0.6305831246764929,seed,
ets_unet_ce,ETS-U-Net CE,2028,-329.99999999999943,0.6511825864794761,seed,
ets_unet_ce,ETS-U-Net CE,2028,-319.9999999999994,0.6724919021030202,seed,
ets_unet_ce,ETS-U-Net CE,2028,-309.9999999999994,0.6940693468379655,seed,
ets_unet_ce,ETS-U-Net CE,2028,-299.9999999999994,0.7159275510457801,seed,
ets_unet_ce,ETS-U-Net CE,2028,-289.9999999999994,0.7382111125584015,seed,
ets_unet_ce,ETS-U-Net CE,2028,-279.9999999999994,0.7606985735452975,seed,
ets_unet_ce,ETS-U-Net CE,2028,-269.9999999999994,0.7838623043207169,seed,
ets_unet_ce,ETS-U-Net CE,2028,-259.9999999999993,0.806946848769137,seed,
ets_unet_ce,ETS-U-Net CE,2028,-249.99999999999935,0.8305494217802928,seed,
ets_unet_ce,ETS-U-Net CE,2028,-239.99999999999932,0.8541557339460519,seed,
ets_unet_ce,ETS-U-Net CE,2028,-229.99999999999932,0.8778668470638387,seed,
ets_unet_ce,ETS-U-Net CE,2028,-219.99999999999932,0.9014025768246348,seed,
ets_unet_ce,ETS-U-Net CE,2028,-209.9999999999993,0.9244848622367997,seed,
ets_unet_ce,ETS-U-Net CE,2028,-199.9999999999993,0.9474422296120711,seed,
ets_unet_ce,ETS-U-Net CE,2028,-189.9999999999993,0.9702218306012824,seed,
ets_unet_ce,ETS-U-Net CE,2028,-179.99999999999926,0.9925209687160115,seed,
ets_unet_ce,ETS-U-Net CE,2028,-169.99999999999926,1.014303297629358,seed,
ets_unet_ce,ETS-U-Net CE,2028,-159.99999999999926,1.035764511355505,seed,
ets_unet_ce,ETS-U-Net CE,2028,-149.99999999999923,1.0556822747286219,seed,
ets_unet_ce,ETS-U-Net CE,2028,-139.99999999999923,1.0753245405606267,seed,
ets_unet_ce,ETS-U-Net CE,2028,-129.99999999999923,1.0938148912541732,seed,
ets_unet_ce,ETS-U-Net CE,2028,-119.99999999999922,1.1107496219070347,seed,
ets_unet_ce,ETS-U-Net CE,2028,-109.9999999999992,1.126860978162282,seed,
ets_unet_ce,ETS-U-Net CE,2028,-99.9999999999992,1.1414615071654663,seed,
ets_unet_ce,ETS-U-Net CE,2028,-89.99999999999919,1.1546867010673194,seed,
ets_unet_ce,ETS-U-Net CE,2028,-79.99999999999918,1.1661919228814912,seed,
ets_unet_ce,ETS-U-Net CE,2028,-69.99999999999918,1.175641891125189,seed,
ets_unet_ce,ETS-U-Net CE,2028,-59.99999999999916,1.1833645291499164,seed,
ets_unet_ce,ETS-U-Net CE,2028,-49.999999999999154,1.1897793718560223,seed,
ets_unet_ce,ETS-U-Net CE,2028,-39.99999999999915,1.1938775188381447,seed,
ets_unet_ce,ETS-U-Net CE,2028,-29.99999999999914,1.1960454963929719,seed,
ets_unet_ce,ETS-U-Net CE,2028,-19.99999999999913,1.1966589915804626,seed,
ets_unet_ce,ETS-U-Net CE,2028,-9.99999999999912,1.1953252794454454,seed,
ets_unet_ce,ETS-U-Net CE,2028,8.881784197001252e-13,1.1915180275092254,seed,
ets_unet_ce,ETS-U-Net CE,2028,10.000000000000897,1.1866160587324346,seed,
ets_unet_ce,ETS-U-Net CE,2028,20.000000000000906,1.180009871143826,seed,
ets_unet_ce,ETS-U-Net CE,2028,30.000000000000917,1.1714804452256549,seed,
ets_unet_ce,ETS-U-Net CE,2028,40.000000000000924,1.1613289220456247,seed,
ets_unet_ce,ETS-U-Net CE,2028,50.00000000000093,1.1493082133295007,seed,
ets_unet_ce,ETS-U-Net CE,2028,60.00000000000094,1.1356988987035077,seed,
ets_unet_ce,ETS-U-Net CE,2028,70.00000000000095,1.1207799311857105,seed,
ets_unet_ce,ETS-U-Net CE,2028,80.00000000000097,1.1046708005517871,seed,
ets_unet_ce,ETS-U-Net CE,2028,90.00000000000097,1.0876413353691674,seed,
ets_unet_ce,ETS-U-Net CE,2028,100.00000000000098,1.0695092822320682,seed,
ets_unet_ce,ETS-U-Net CE,2028,110.00000000000098,1.050139503786305,seed,
ets_unet_ce,ETS-U-Net CE,2028,120.000000000001,1.0311097181442814,seed,
ets_unet_ce,ETS-U-Net CE,2028,130.000000000001,1.0113491977851428,seed,
ets_unet_ce,ETS-U-Net CE,2028,140.00000000000102,0.9904001730272967,seed,
ets_unet_ce,ETS-U-Net CE,2028,150.00000000000102,0.9699588044364704,seed,
ets_unet_ce,ETS-U-Net CE,2028,160.00000000000102,0.9480815610395329,seed,
ets_unet_ce,ETS-U-Net CE,2028,170.00000000000105,0.9261712135648674,seed,
ets_unet_ce,ETS-U-Net CE,2028,180.00000000000105,0.9051117263015244,seed,
ets_unet_ce,ETS-U-Net CE,2028,190.00000000000105,0.8826905735032274,seed,
ets_unet_ce,ETS-U-Net CE,2028,200.00000000000108,0.8600827270161644,seed,
ets_unet_ce,ETS-U-Net CE,2028,210.00000000000108,0.8388181747395066,seed,
ets_unet_ce,ETS-U-Net CE,2028,220.00000000000108,0.8160426709610993,seed,
ets_unet_ce,ETS-U-Net CE,2028,230.00000000000108,0.7939590045111593,seed,
ets_unet_ce,ETS-U-Net CE,2028,240.0000000000011,0.7724867916005326,seed,
ets_unet_ce,ETS-U-Net CE,2028,250.0000000000011,0.7509818025073828,seed,
ets_unet_ce,ETS-U-Net CE,2028,260.00000000000114,0.7298630259684742,seed,
ets_unet_ce,ETS-U-Net CE,2028,270.00000000000114,0.7088016997105626,seed,
ets_unet_ce,ETS-U-Net CE,2028,280.00000000000114,0.6892136033838471,seed,
ets_unet_ce,ETS-U-Net CE,2028,290.00000000000114,0.669445928773016,seed,
ets_unet_ce,ETS-U-Net CE,2028,300.00000000000114,0.6500730903858727,seed,
ets_unet_ce,ETS-U-Net CE,2028,310.00000000000114,0.6321640434209196,seed,
ets_unet_ce,ETS-U-Net CE,2028,320.0000000000012,0.6135480341345235,seed,
ets_unet_ce,ETS-U-Net CE,2028,330.0000000000012,0.5952777249773965,seed,
ets_unet_ce,ETS-U-Net CE,2028,340.0000000000012,0.5787856667595975,seed,
ets_unet_ce,ETS-U-Net CE,2028,350.0000000000012,0.5624342007571653,seed,
ets_unet_ce,ETS-U-Net CE,2028,360.0000000000012,0.546247802833066,seed,
ets_unet_ce,ETS-U-Net CE,2028,370.0000000000012,0.5312924129056501,seed,
ets_unet_ce,ETS-U-Net CE,2028,380.00000000000125,0.5161156827637574,seed,
ets_unet_ce,ETS-U-Net CE,2028,390.00000000000125,0.5015044707470427,seed,
ets_unet_ce,ETS-U-Net CE,2028,400.00000000000125,0.48861756298528725,seed,
ets_unet_ce,ETS-U-Net CE,2028,410.00000000000125,0.4748983617082356,seed,
ets_unet_ce,ETS-U-Net CE,2028,420.00000000000125,0.46285946717388315,seed,
ets_unet_ce,ETS-U-Net CE,2028,430.00000000000125,0.45142822979555597,seed,
ets_unet_ce,ETS-U-Net CE,2028,440.00000000000125,0.43935937029510247,seed,
ets_unet_ce,ETS-U-Net CE,2028,450.0000000000013,0.42797584975156827,seed,
ets_unet_ce,ETS-U-Net CE,2028,460.0000000000013,0.41791015790704417,seed,
ets_unet_ce,ETS-U-Net CE,2028,470.0000000000013,0.407150073911854,seed,
ets_unet_ce,ETS-U-Net CE,2028,480.0000000000013,0.3973468410357755,seed,
ets_unet_ce,ETS-U-Net CE,2028,490.0000000000013,0.3889520571537227,seed,
ets_unet_ce,ETS-U-Net CE,2028,500.0000000000013,0.379495015933466,seed,
ets_unet_ce,ETS-U-Net CE,2028,510.00000000000136,0.37095316505116493,seed,
ets_unet_ce,ETS-U-Net CE,2028,520.0000000000014,0.3625095766463155,seed,
ets_unet_ce,ETS-U-Net CE,2028,530.0000000000014,0.35595336315800175,seed,
ets_unet_ce,ETS-U-Net CE,2028,540.0000000000014,0.3486503516387331,seed,
ets_unet_ce,ETS-U-Net CE,2028,550.0000000000014,0.3407964105621702,seed,
ets_unet_ce,ETS-U-Net CE,2028,560.0000000000014,0.3351368103568175,seed,
ets_unet_ce,ETS-U-Net CE,2028,570.0000000000014,0.3287331008997777,seed,
ets_unet_ce,ETS-U-Net CE,2028,580.0000000000014,0.3220207079432278,seed,
ets_unet_ce,ETS-U-Net CE,2028,590.0000000000014,0.31678801808001605,seed,
ets_unet_ce,ETS-U-Net CE,2028,600.0000000000014,0.31105554660644824,seed,
ets_unet_ce,ETS-U-Net CE,2028,610.0000000000015,0.30518087462730364,seed,
ets_unet_ce,ETS-U-Net CE,2028,620.0000000000015,0.3015221508666218,seed,
ets_unet_ce,ETS-U-Net CE,2028,630.0000000000015,0.29680999691525417,seed,
ets_unet_ce,ETS-U-Net CE,2028,640.0000000000015,0.2915774942339992,seed,
ets_unet_ce,ETS-U-Net CE,2028,650.0000000000015,0.2880930613933516,seed,
ets_unet_ce,ETS-U-Net CE,2028,660.0000000000015,0.28307609987638854,seed,
ets_unet_ce,ETS-U-Net CE,2028,670.0000000000015,0.2788585150505343,seed,
ets_unet_ce,ETS-U-Net CE,2028,680.0000000000015,0.27626427514459245,seed,
ets_unet_ce,ETS-U-Net CE,2028,690.0000000000015,0.2725931586301197,seed,
ets_unet_ce,ETS-U-Net CE,2028,700.0000000000015,0.2690469683057442,seed,
ets_unet_ce,ETS-U-Net CE,2028,710.0000000000015,0.2671772443001392,seed,
ets_unet_ce,ETS-U-Net CE,2028,720.0000000000015,0.263094939840093,seed,
ets_unet_ce,ETS-U-Net CE,2028,730.0000000000016,0.26026259518462824,seed,
ets_unet_ce,ETS-U-Net CE,2028,740.0000000000016,0.259504451386873,seed,
ets_unet_ce,ETS-U-Net CE,2028,750.0000000000016,0.2568901247981558,seed,
ets_unet_ce,ETS-U-Net CE,2028,760.0000000000016,0.2542338819847024,seed,
ets_unet_ce,ETS-U-Net CE,2028,770.0000000000016,0.2535506648604249,seed,
ets_unet_ce,ETS-U-Net CE,2028,780.0000000000016,0.2504729193122514,seed,
ets_unet_ce,ETS-U-Net CE,2028,790.0000000000016,0.24914979101775767,seed,
ets_unet_ce,ETS-U-Net CE,2028,800.0000000000016,0.24696119980053347,seed,
ets_unet_ce,ETS-U-Net CE,2028,810.0000000000016,0.24738752675174408,seed,
ets_unet_ce,ETS-U-Net CE,2028,820.0000000000016,0.24573522637995168,seed,
ets_unet_ce,ETS-U-Net CE,2028,830.0000000000016,0.24297011729541668,seed,
ets_unet_ce,ETS-U-Net CE,2028,840.0000000000016,0.24319228031616824,seed,
ets_unet_ce,ETS-U-Net CE,2028,850.0000000000016,0.24269670014882233,seed,
ets_unet_ce,ETS-U-Net CE,2028,860.0000000000017,0.24095641563672887,seed,
ets_unet_ce,ETS-U-Net CE,2028,870.0000000000017,0.2421037352894342,seed,
ets_unet_ce,ETS-U-Net CE,2028,880.0000000000017,0.24032979385676054,seed,
ets_unet_ce,ETS-U-Net CE,2028,890.0000000000017,0.23857935770670796,seed,
ets_unet_ce,ETS-U-Net CE,2028,900.0000000000017,0.23917942431084022,seed,
ets_unet_ce,ETS-U-Net CE,2028,910.0000000000017,0.23786350684333066,seed,
ets_unet_ce,ETS-U-Net CE,2028,920.0000000000017,0.23769431287797999,seed,
ets_unet_ce,ETS-U-Net CE,2028,930.0000000000017,0.2388415111259142,seed,
ets_unet_ce,ETS-U-Net CE,2028,940.0000000000017,0.23702026463767656,seed,
ets_unet_ce,ETS-U-Net CE,2028,950.0000000000017,0.23732137786089935,seed,
ets_unet_ce,ETS-U-Net CE,2028,960.0000000000017,0.23844622333458923,seed,
ets_unet_ce,ETS-U-Net CE,2028,970.0000000000017,0.23713679347945343,seed,
ets_unet_ce,ETS-U-Net CE,2028,980.0000000000017,0.2370983344257174,seed,
ets_unet_ce,ETS-U-Net CE,2028,990.0000000000018,0.2394573728191187,seed,
ets_unet_ce,ETS-U-Net CE,2028,1000.0000000000018,0.23803558010793177,seed,
ets_unet_ce,ETS-U-Net CE,2029,-1000.0,0.1031932808605773,seed,
ets_unet_ce,ETS-U-Net CE,2029,-990.0,0.10581887695781567,seed,
ets_unet_ce,ETS-U-Net CE,2029,-980.0,0.10819682288226522,seed,
ets_unet_ce,ETS-U-Net CE,2029,-970.0,0.11058373382787952,seed,
ets_unet_ce,ETS-U-Net CE,2029,-960.0,0.11242634588723917,seed,
ets_unet_ce,ETS-U-Net CE,2029,-950.0,0.11487520332114333,seed,
ets_unet_ce,ETS-U-Net CE,2029,-940.0,0.11786527741163132,seed,
ets_unet_ce,ETS-U-Net CE,2029,-929.9999999999999,0.1196319321812848,seed,
ets_unet_ce,ETS-U-Net CE,2029,-919.9999999999999,0.12195497548222366,seed,
ets_unet_ce,ETS-U-Net CE,2029,-909.9999999999999,0.12489123160775417,seed,
ets_unet_ce,ETS-U-Net CE,2029,-899.9999999999999,0.12738246298543282,seed,
ets_unet_ce,ETS-U-Net CE,2029,-889.9999999999999,0.13041686091078025,seed,
ets_unet_ce,ETS-U-Net CE,2029,-879.9999999999999,0.13364756681968207,seed,
ets_unet_ce,ETS-U-Net CE,2029,-869.9999999999999,0.1363402815357996,seed,
ets_unet_ce,ETS-U-Net CE,2029,-859.9999999999999,0.13975220472667987,seed,
ets_unet_ce,ETS-U-Net CE,2029,-849.9999999999999,0.14302259268698925,seed,
ets_unet_ce,ETS-U-Net CE,2029,-839.9999999999999,0.145897467693178,seed,
ets_unet_ce,ETS-U-Net CE,2029,-829.9999999999999,0.1495417316635553,seed,
ets_unet_ce,ETS-U-Net CE,2029,-819.9999999999999,0.15323826918473127,seed,
ets_unet_ce,ETS-U-Net CE,2029,-809.9999999999999,0.15678223994955393,seed,
ets_unet_ce,ETS-U-Net CE,2029,-799.9999999999998,0.16062416860854842,seed,
ets_unet_ce,ETS-U-Net CE,2029,-789.9999999999998,0.1645921126619929,seed,
ets_unet_ce,ETS-U-Net CE,2029,-779.9999999999998,0.16809426420035883,seed,
ets_unet_ce,ETS-U-Net CE,2029,-769.9999999999998,0.17249509030898758,seed,
ets_unet_ce,ETS-U-Net CE,2029,-759.9999999999998,0.17705944620338335,seed,
ets_unet_ce,ETS-U-Net CE,2029,-749.9999999999998,0.18105723715924849,seed,
ets_unet_ce,ETS-U-Net CE,2029,-739.9999999999998,0.18595820071404215,seed,
ets_unet_ce,ETS-U-Net CE,2029,-729.9999999999998,0.19084047015238143,seed,
ets_unet_ce,ETS-U-Net CE,2029,-719.9999999999998,0.19619297955643664,seed,
ets_unet_ce,ETS-U-Net CE,2029,-709.9999999999998,0.20088644812686948,seed,
ets_unet_ce,ETS-U-Net CE,2029,-699.9999999999998,0.2061133288661972,seed,
ets_unet_ce,ETS-U-Net CE,2029,-689.9999999999998,0.21177254483160776,seed,
ets_unet_ce,ETS-U-Net CE,2029,-679.9999999999998,0.21695594849264577,seed,
ets_unet_ce,ETS-U-Net CE,2029,-669.9999999999997,0.22282849578500505,seed,
ets_unet_ce,ETS-U-Net CE,2029,-659.9999999999997,0.22894443478323903,seed,
ets_unet_ce,ETS-U-Net CE,2029,-649.9999999999997,0.23488794321397735,seed,
ets_unet_ce,ETS-U-Net CE,2029,-639.9999999999997,0.24120910281381824,seed,
ets_unet_ce,ETS-U-Net CE,2029,-629.9999999999997,0.2481284944340712,seed,
ets_unet_ce,ETS-U-Net CE,2029,-619.9999999999997,0.25480695043692064,seed,
ets_unet_ce,ETS-U-Net CE,2029,-609.9999999999997,0.262219114932569,seed,
ets_unet_ce,ETS-U-Net CE,2029,-599.9999999999997,0.26960306482362334,seed,
ets_unet_ce,ETS-U-Net CE,2029,-589.9999999999997,0.2771164772870625,seed,
ets_unet_ce,ETS-U-Net CE,2029,-579.9999999999997,0.28507255496096795,seed,
ets_unet_ce,ETS-U-Net CE,2029,-569.9999999999997,0.293217948635551,seed,
ets_unet_ce,ETS-U-Net CE,2029,-559.9999999999997,0.30147826710299497,seed,
ets_unet_ce,ETS-U-Net CE,2029,-549.9999999999995,0.3105704003436272,seed,
ets_unet_ce,ETS-U-Net CE,2029,-539.9999999999995,0.31981646753898885,seed,
ets_unet_ce,ETS-U-Net CE,2029,-529.9999999999995,0.32925051339618283,seed,
ets_unet_ce,ETS-U-Net CE,2029,-519.9999999999995,0.33932317862897643,seed,
ets_unet_ce,ETS-U-Net CE,2029,-509.99999999999955,0.34948168970352406,seed,
ets_unet_ce,ETS-U-Net CE,2029,-499.99999999999955,0.35962439306331295,seed,
ets_unet_ce,ETS-U-Net CE,2029,-489.99999999999955,0.3707502478085826,seed,
ets_unet_ce,ETS-U-Net CE,2029,-479.99999999999955,0.3823043697230031,seed,
ets_unet_ce,ETS-U-Net CE,2029,-469.99999999999955,0.3943842798882085,seed,
ets_unet_ce,ETS-U-Net CE,2029,-459.99999999999955,0.40633633890405335,seed,
ets_unet_ce,ETS-U-Net CE,2029,-449.9999999999995,0.4191985487141646,seed,
ets_unet_ce,ETS-U-Net CE,2029,-439.9999999999995,0.4329887118391449,seed,
ets_unet_ce,ETS-U-Net CE,2029,-429.9999999999995,0.4465334648321257,seed,
ets_unet_ce,ETS-U-Net CE,2029,-419.9999999999995,0.46093943543794785,seed,
ets_unet_ce,ETS-U-Net CE,2029,-409.9999999999995,0.4758318545105971,seed,
ets_unet_ce,ETS-U-Net CE,2029,-399.9999999999995,0.491254819364362,seed,
ets_unet_ce,ETS-U-Net CE,2029,-389.99999999999943,0.5074825545092587,seed,
ets_unet_ce,ETS-U-Net CE,2029,-379.99999999999943,0.5242232519914235,seed,
ets_unet_ce,ETS-U-Net CE,2029,-369.99999999999943,0.5409582688677084,seed,
ets_unet_ce,ETS-U-Net CE,2029,-359.99999999999943,0.5586068954529945,seed,
ets_unet_ce,ETS-U-Net CE,2029,-349.99999999999943,0.5769283915860616,seed,
ets_unet_ce,ETS-U-Net CE,2029,-339.99999999999943,0.5955564964219657,seed,
ets_unet_ce,ETS-U-Net CE,2029,-329.99999999999943,0.615043851760723,seed,
ets_unet_ce,ETS-U-Net CE,2029,-319.9999999999994,0.6351167278233716,seed,
ets_unet_ce,ETS-U-Net CE,2029,-309.9999999999994,0.6552265348573307,seed,
ets_unet_ce,ETS-U-Net CE,2029,-299.9999999999994,0.6761006198600571,seed,
ets_unet_ce,ETS-U-Net CE,2029,-289.9999999999994,0.6972671151119353,seed,
ets_unet_ce,ETS-U-Net CE,2029,-279.9999999999994,0.7186134259434225,seed,
ets_unet_ce,ETS-U-Net CE,2029,-269.9999999999994,0.7407169590006937,seed,
ets_unet_ce,ETS-U-Net CE,2029,-259.9999999999993,0.7630654146287493,seed,
ets_unet_ce,ETS-U-Net CE,2029,-249.99999999999935,0.7857619377807348,seed,
ets_unet_ce,ETS-U-Net CE,2029,-239.99999999999932,0.808580959783149,seed,
ets_unet_ce,ETS-U-Net CE,2029,-229.99999999999932,0.8318334381127971,seed,
ets_unet_ce,ETS-U-Net CE,2029,-219.99999999999932,0.8551119971936397,seed,
ets_unet_ce,ETS-U-Net CE,2029,-209.9999999999993,0.8782491258109153,seed,
ets_unet_ce,ETS-U-Net CE,2029,-199.9999999999993,0.9012704452163611,seed,
ets_unet_ce,ETS-U-Net CE,2029,-189.9999999999993,0.9242605187860116,seed,
ets_unet_ce,ETS-U-Net CE,2029,-179.99999999999926,0.9470863819685675,seed,
ets_unet_ce,ETS-U-Net CE,2029,-169.99999999999926,0.9694176346781538,seed,
ets_unet_ce,ETS-U-Net CE,2029,-159.99999999999926,0.9917674158225077,seed,
ets_unet_ce,ETS-U-Net CE,2029,-149.99999999999923,1.0130837415306886,seed,
ets_unet_ce,ETS-U-Net CE,2029,-139.99999999999923,1.0341056541235225,seed,
ets_unet_ce,ETS-U-Net CE,2029,-129.99999999999923,1.0544940795738773,seed,
ets_unet_ce,ETS-U-Net CE,2029,-119.99999999999922,1.073592226153528,seed,
ets_unet_ce,ETS-U-Net CE,2029,-109.9999999999992,1.0918817071360853,seed,
ets_unet_ce,ETS-U-Net CE,2029,-99.9999999999992,1.1090385473111275,seed,
ets_unet_ce,ETS-U-Net CE,2029,-89.99999999999919,1.1254163693869745,seed,
ets_unet_ce,ETS-U-Net CE,2029,-79.99999999999918,1.1401326121040884,seed,
ets_unet_ce,ETS-U-Net CE,2029,-69.99999999999918,1.15284659383218,seed,
ets_unet_ce,ETS-U-Net CE,2029,-59.99999999999916,1.1642452278017266,seed,
ets_unet_ce,ETS-U-Net CE,2029,-49.999999999999154,1.1745555188591597,seed,
ets_unet_ce,ETS-U-Net CE,2029,-39.99999999999915,1.183056524728362,seed,
ets_unet_ce,ETS-U-Net CE,2029,-29.99999999999914,1.190137186234815,seed,
ets_unet_ce,ETS-U-Net CE,2029,-19.99999999999913,1.1950755251684844,seed,
ets_unet_ce,ETS-U-Net CE,2029,-9.99999999999912,1.1983896626302133,seed,
ets_unet_ce,ETS-U-Net CE,2029,8.881784197001252e-13,1.199794064465828,seed,
ets_unet_ce,ETS-U-Net CE,2029,10.000000000000897,1.2000592192336785,seed,
ets_unet_ce,ETS-U-Net CE,2029,20.000000000000906,1.1984975350454572,seed,
ets_unet_ce,ETS-U-Net CE,2029,30.000000000000917,1.1949222420547831,seed,
ets_unet_ce,ETS-U-Net CE,2029,40.000000000000924,1.1896237894249992,seed,
ets_unet_ce,ETS-U-Net CE,2029,50.00000000000093,1.1825714076532385,seed,
ets_unet_ce,ETS-U-Net CE,2029,60.00000000000094,1.1739059784309012,seed,
ets_unet_ce,ETS-U-Net CE,2029,70.00000000000095,1.1632924807639657,seed,
ets_unet_ce,ETS-U-Net CE,2029,80.00000000000097,1.1510251795749604,seed,
ets_unet_ce,ETS-U-Net CE,2029,90.00000000000097,1.13791728156645,seed,
ets_unet_ce,ETS-U-Net CE,2029,100.00000000000098,1.123504893306433,seed,
ets_unet_ce,ETS-U-Net CE,2029,110.00000000000098,1.1073528165686635,seed,
ets_unet_ce,ETS-U-Net CE,2029,120.000000000001,1.0911688557676982,seed,
ets_unet_ce,ETS-U-Net CE,2029,130.000000000001,1.073625104066342,seed,
ets_unet_ce,ETS-U-Net CE,2029,140.00000000000102,1.0542354406313506,seed,
ets_unet_ce,ETS-U-Net CE,2029,150.00000000000102,1.035826367451337,seed,
ets_unet_ce,ETS-U-Net CE,2029,160.00000000000102,1.0150685378335993,seed,
ets_unet_ce,ETS-U-Net CE,2029,170.00000000000105,0.9938967366714031,seed,
ets_unet_ce,ETS-U-Net CE,2029,180.00000000000105,0.9741272519707879,seed,
ets_unet_ce,ETS-U-Net CE,2029,190.00000000000105,0.9522476018488603,seed,
ets_unet_ce,ETS-U-Net CE,2029,200.00000000000108,0.9297055286569346,seed,
ets_unet_ce,ETS-U-Net CE,2029,210.00000000000108,0.9086298932673146,seed,
ets_unet_ce,ETS-U-Net CE,2029,220.00000000000108,0.885265886971681,seed,
ets_unet_ce,ETS-U-Net CE,2029,230.00000000000108,0.862255591845611,seed,
ets_unet_ce,ETS-U-Net CE,2029,240.0000000000011,0.8401749495049118,seed,
ets_unet_ce,ETS-U-Net CE,2029,250.0000000000011,0.8180846794095183,seed,
ets_unet_ce,ETS-U-Net CE,2029,260.00000000000114,0.7959488231578778,seed,
ets_unet_ce,ETS-U-Net CE,2029,270.00000000000114,0.7737284479949594,seed,
ets_unet_ce,ETS-U-Net CE,2029,280.00000000000114,0.7528230351201387,seed,
ets_unet_ce,ETS-U-Net CE,2029,290.00000000000114,0.7317036260687276,seed,
ets_unet_ce,ETS-U-Net CE,2029,300.00000000000114,0.7107858744181701,seed,
ets_unet_ce,ETS-U-Net CE,2029,310.00000000000114,0.6913649288081802,seed,
ets_unet_ce,ETS-U-Net CE,2029,320.0000000000012,0.6710501157365593,seed,
ets_unet_ce,ETS-U-Net CE,2029,330.0000000000012,0.6509528633220505,seed,
ets_unet_ce,ETS-U-Net CE,2029,340.0000000000012,0.6327028487377447,seed,
ets_unet_ce,ETS-U-Net CE,2029,350.0000000000012,0.6143815931152518,seed,
ets_unet_ce,ETS-U-Net CE,2029,360.0000000000012,0.5962642983443281,seed,
ets_unet_ce,ETS-U-Net CE,2029,370.0000000000012,0.5796957316342496,seed,
ets_unet_ce,ETS-U-Net CE,2029,380.00000000000125,0.5625951490966357,seed,
ets_unet_ce,ETS-U-Net CE,2029,390.00000000000125,0.5460219013508709,seed,
ets_unet_ce,ETS-U-Net CE,2029,400.00000000000125,0.5312902031959675,seed,
ets_unet_ce,ETS-U-Net CE,2029,410.00000000000125,0.5158623953686348,seed,
ets_unet_ce,ETS-U-Net CE,2029,420.00000000000125,0.5022419581998926,seed,
ets_unet_ce,ETS-U-Net CE,2029,430.00000000000125,0.4895064243278261,seed,
ets_unet_ce,ETS-U-Net CE,2029,440.00000000000125,0.47582363985828946,seed,
ets_unet_ce,ETS-U-Net CE,2029,450.0000000000013,0.4628530701756122,seed,
ets_unet_ce,ETS-U-Net CE,2029,460.0000000000013,0.4517725072001001,seed,
ets_unet_ce,ETS-U-Net CE,2029,470.0000000000013,0.4398454397408701,seed,
ets_unet_ce,ETS-U-Net CE,2029,480.0000000000013,0.4285718928404905,seed,
ets_unet_ce,ETS-U-Net CE,2029,490.0000000000013,0.4192065972108457,seed,
ets_unet_ce,ETS-U-Net CE,2029,500.0000000000013,0.40858653198366124,seed,
ets_unet_ce,ETS-U-Net CE,2029,510.00000000000136,0.3991212359581075,seed,
ets_unet_ce,ETS-U-Net CE,2029,520.0000000000014,0.3894359905204845,seed,
ets_unet_ce,ETS-U-Net CE,2029,530.0000000000014,0.38192442459296927,seed,
ets_unet_ce,ETS-U-Net CE,2029,540.0000000000014,0.3737095314645476,seed,
ets_unet_ce,ETS-U-Net CE,2029,550.0000000000014,0.36470773996269235,seed,
ets_unet_ce,ETS-U-Net CE,2029,560.0000000000014,0.3583963543401341,seed,
ets_unet_ce,ETS-U-Net CE,2029,570.0000000000014,0.3511978117576174,seed,
ets_unet_ce,ETS-U-Net CE,2029,580.0000000000014,0.3435456832987377,seed,
ets_unet_ce,ETS-U-Net CE,2029,590.0000000000014,0.3379184969844376,seed,
ets_unet_ce,ETS-U-Net CE,2029,600.0000000000014,0.3314025370966481,seed,
ets_unet_ce,ETS-U-Net CE,2029,610.0000000000015,0.32467271900736067,seed,
ets_unet_ce,ETS-U-Net CE,2029,620.0000000000015,0.3206455944208114,seed,
ets_unet_ce,ETS-U-Net CE,2029,630.0000000000015,0.31529763713500697,seed,
ets_unet_ce,ETS-U-Net CE,2029,640.0000000000015,0.30897024974984827,seed,
ets_unet_ce,ETS-U-Net CE,2029,650.0000000000015,0.3050518368516758,seed,
ets_unet_ce,ETS-U-Net CE,2029,660.0000000000015,0.29927784877418134,seed,
ets_unet_ce,ETS-U-Net CE,2029,670.0000000000015,0.29446780279574153,seed,
ets_unet_ce,ETS-U-Net CE,2029,680.0000000000015,0.2913396175330966,seed,
ets_unet_ce,ETS-U-Net CE,2029,690.0000000000015,0.2869370253844808,seed,
ets_unet_ce,ETS-U-Net CE,2029,700.0000000000015,0.2827159397754041,seed,
ets_unet_ce,ETS-U-Net CE,2029,710.0000000000015,0.2803815595500229,seed,
ets_unet_ce,ETS-U-Net CE,2029,720.0000000000015,0.2755749873306672,seed,
ets_unet_ce,ETS-U-Net CE,2029,730.0000000000016,0.2721546383864789,seed,
ets_unet_ce,ETS-U-Net CE,2029,740.0000000000016,0.27103472624168445,seed,
ets_unet_ce,ETS-U-Net CE,2029,750.0000000000016,0.2678708816311859,seed,
ets_unet_ce,ETS-U-Net CE,2029,760.0000000000016,0.26473872356737477,seed,
ets_unet_ce,ETS-U-Net CE,2029,770.0000000000016,0.2637459910519116,seed,
ets_unet_ce,ETS-U-Net CE,2029,780.0000000000016,0.2599903725715504,seed,
ets_unet_ce,ETS-U-Net CE,2029,790.0000000000016,0.25815703895309783,seed,
ets_unet_ce,ETS-U-Net CE,2029,800.0000000000016,0.2554106525955431,seed,
ets_unet_ce,ETS-U-Net CE,2029,810.0000000000016,0.2557804816467738,seed,
ets_unet_ce,ETS-U-Net CE,2029,820.0000000000016,0.25352895435744305,seed,
ets_unet_ce,ETS-U-Net CE,2029,830.0000000000016,0.2503033393933664,seed,
ets_unet_ce,ETS-U-Net CE,2029,840.0000000000016,0.2501159359440348,seed,
ets_unet_ce,ETS-U-Net CE,2029,850.0000000000016,0.24909254112668278,seed,
ets_unet_ce,ETS-U-Net CE,2029,860.0000000000017,0.24708093042217016,seed,
ets_unet_ce,ETS-U-Net CE,2029,870.0000000000017,0.24786152288694693,seed,
ets_unet_ce,ETS-U-Net CE,2029,880.0000000000017,0.24550876205904743,seed,
ets_unet_ce,ETS-U-Net CE,2029,890.0000000000017,0.24326392248201428,seed,
ets_unet_ce,ETS-U-Net CE,2029,900.0000000000017,0.24372412400485885,seed,
ets_unet_ce,ETS-U-Net CE,2029,910.0000000000017,0.24243593816776024,seed,
ets_unet_ce,ETS-U-Net CE,2029,920.0000000000017,0.2419543152006332,seed,
ets_unet_ce,ETS-U-Net CE,2029,930.0000000000017,0.24333345411944557,seed,
ets_unet_ce,ETS-U-Net CE,2029,940.0000000000017,0.2411386074545432,seed,
ets_unet_ce,ETS-U-Net CE,2029,950.0000000000017,0.24090987168398206,seed,
ets_unet_ce,ETS-U-Net CE,2029,960.0000000000017,0.24167803311751845,seed,
ets_unet_ce,ETS-U-Net CE,2029,970.0000000000017,0.2402611391153522,seed,
ets_unet_ce,ETS-U-Net CE,2029,980.0000000000017,0.24014258961169313,seed,
ets_unet_ce,ETS-U-Net CE,2029,990.0000000000018,0.2426830474182769,seed,
ets_unet_ce,ETS-U-Net CE,2029,1000.0000000000018,0.24078077945954254,seed,
ets_unet_ce,ETS-U-Net CE,mean,-1000.0,0.11957606705250415,group_mean,0.01087271339174924
ets_unet_ce,ETS-U-Net CE,mean,-990.0,0.1219880628109132,group_mean,0.0108035921834163
ets_unet_ce,ETS-U-Net CE,mean,-980.0,0.12421274507769205,group_mean,0.010764279577935042
ets_unet_ce,ETS-U-Net CE,mean,-970.0,0.12645889369211594,group_mean,0.010746020040276093
ets_unet_ce,ETS-U-Net CE,mean,-960.0,0.12805048420105436,group_mean,0.010666511351596615
ets_unet_ce,ETS-U-Net CE,mean,-950.0,0.13033368991341887,group_mean,0.010633574410724185
ets_unet_ce,ETS-U-Net CE,mean,-940.0,0.13312352383716972,group_mean,0.010577011147160838
ets_unet_ce,ETS-U-Net CE,mean,-929.9999999999999,0.1346698667356607,group_mean,0.01053070214568158
ets_unet_ce,ETS-U-Net CE,mean,-919.9999999999999,0.13682634904664315,group_mean,0.01050698445727656
ets_unet_ce,ETS-U-Net CE,mean,-909.9999999999999,0.13956599616931165,group_mean,0.010479056038157953
ets_unet_ce,ETS-U-Net CE,mean,-899.9999999999999,0.14190588614390753,group_mean,0.010473911516264828
ets_unet_ce,ETS-U-Net CE,mean,-889.9999999999999,0.14468839078145712,group_mean,0.010434767004010833
ets_unet_ce,ETS-U-Net CE,mean,-879.9999999999999,0.14768468846093022,group_mean,0.01042022480127963
ets_unet_ce,ETS-U-Net CE,mean,-869.9999999999999,0.15016700021402546,group_mean,0.010405742525181758
ets_unet_ce,ETS-U-Net CE,mean,-859.9999999999999,0.15335018993371613,group_mean,0.010405070703608597
ets_unet_ce,ETS-U-Net CE,mean,-849.9999999999999,0.15640941395647118,group_mean,0.010398716133565833
ets_unet_ce,ETS-U-Net CE,mean,-839.9999999999999,0.1590451447302808,group_mean,0.010399969373766313
ets_unet_ce,ETS-U-Net CE,mean,-829.9999999999999,0.16248303888267165,group_mean,0.010427727671469003
ets_unet_ce,ETS-U-Net CE,mean,-819.9999999999999,0.16596728789622348,group_mean,0.010455294340840877
ets_unet_ce,ETS-U-Net CE,mean,-809.9999999999999,0.16925426349444575,group_mean,0.010493544435563159
ets_unet_ce,ETS-U-Net CE,mean,-799.9999999999998,0.1729276035307996,group_mean,0.010563786822281254
ets_unet_ce,ETS-U-Net CE,mean,-789.9999999999998,0.17657860071168896,group_mean,0.010594360114557048
ets_unet_ce,ETS-U-Net CE,mean,-779.9999999999998,0.17992037134448147,group_mean,0.010688837651087097
ets_unet_ce,ETS-U-Net CE,mean,-769.9999999999998,0.18407728107897417,group_mean,0.010769512415833177
ets_unet_ce,ETS-U-Net CE,mean,-759.9999999999998,0.1883793788037657,group_mean,0.01087459861134247
ets_unet_ce,ETS-U-Net CE,mean,-749.9999999999998,0.19222616143007754,group_mean,0.011016097868234709
ets_unet_ce,ETS-U-Net CE,mean,-739.9999999999998,0.19684830915695012,group_mean,0.011129063407281384
ets_unet_ce,ETS-U-Net CE,mean,-729.9999999999998,0.20153380346982147,group_mean,0.011305326896888157
ets_unet_ce,ETS-U-Net CE,mean,-719.9999999999998,0.20663882386605015,group_mean,0.011460219494649749
ets_unet_ce,ETS-U-Net CE,mean,-709.9999999999998,0.21109330276196178,group_mean,0.011616900487750105
ets_unet_ce,ETS-U-Net CE,mean,-699.9999999999998,0.21614707272400163,group_mean,0.011819457115389113
ets_unet_ce,ETS-U-Net CE,mean,-689.9999999999998,0.22158816248661245,group_mean,0.012036018866293281
ets_unet_ce,ETS-U-Net CE,mean,-679.9999999999998,0.22656719263191824,group_mean,0.012255583205849173
ets_unet_ce,ETS-U-Net CE,mean,-669.9999999999997,0.23217525165148395,group_mean,0.01248028220678259
ets_unet_ce,ETS-U-Net CE,mean,-659.9999999999997,0.23809701569531033,group_mean,0.012760242719022421
ets_unet_ce,ETS-U-Net CE,mean,-649.9999999999997,0.24387254382189502,group_mean,0.0130206207935781
ets_unet_ce,ETS-U-Net CE,mean,-639.9999999999997,0.25001773420670687,group_mean,0.013312942279860566
ets_unet_ce,ETS-U-Net CE,mean,-629.9999999999997,0.2567234287023704,group_mean,0.013656736003825094
ets_unet_ce,ETS-U-Net CE,mean,-619.9999999999997,0.26326083637337716,group_mean,0.01396531205726487
ets_unet_ce,ETS-U-Net CE,mean,-609.9999999999997,0.2705120864011255,group_mean,0.014263663921610149
ets_unet_ce,ETS-U-Net CE,mean,-599.9999999999997,0.277795551190649,group_mean,0.014651255237103216
ets_unet_ce,ETS-U-Net CE,mean,-589.9999999999997,0.28513511418482024,group_mean,0.015046167699066656
ets_unet_ce,ETS-U-Net CE,mean,-579.9999999999997,0.29295988090340963,group_mean,0.015451494039378297
ets_unet_ce,ETS-U-Net CE,mean,-569.9999999999997,0.301036951472625,group_mean,0.01589838216912316
ets_unet_ce,ETS-U-Net CE,mean,-559.9999999999997,0.3092645200408838,group_mean,0.01634120817398928
ets_unet_ce,ETS-U-Net CE,mean,-549.9999999999995,0.3183014096383735,group_mean,0.016821357918032846
ets_unet_ce,ETS-U-Net CE,mean,-539.9999999999995,0.3275655820584391,group_mean,0.017322116045465547
ets_unet_ce,ETS-U-Net CE,mean,-529.9999999999995,0.336984009421455,group_mean,0.017793668023538035
ets_unet_ce,ETS-U-Net CE,mean,-519.9999999999995,0.3470582898355885,group_mean,0.01828466791000595
ets_unet_ce,ETS-U-Net CE,mean,-509.99999999999955,0.3573196877839762,group_mean,0.0188220885447004
ets_unet_ce,ETS-U-Net CE,mean,-499.99999999999955,0.3676222609270075,group_mean,0.019376896072425737
ets_unet_ce,ETS-U-Net CE,mean,-489.99999999999955,0.37883317734337485,group_mean,0.019919379736813396
ets_unet_ce,ETS-U-Net CE,mean,-479.99999999999955,0.39049742581654207,group_mean,0.02051954353172065
ets_unet_ce,ETS-U-Net CE,mean,-469.99999999999955,0.4027669155625192,group_mean,0.021141253336804687
ets_unet_ce,ETS-U-Net CE,mean,-459.99999999999955,0.41488083903168665,group_mean,0.021767644542686888
ets_unet_ce,ETS-U-Net CE,mean,-449.9999999999995,0.4278490867314894,group_mean,0.022387800095980674
ets_unet_ce,ETS-U-Net CE,mean,-439.9999999999995,0.44162571020503183,group_mean,0.02300684616978565
ets_unet_ce,ETS-U-Net CE,mean,-429.9999999999995,0.45539240316306745,group_mean,0.023626939710207465
ets_unet_ce,ETS-U-Net CE,mean,-419.9999999999995,0.4699766493473111,group_mean,0.024253172336613105
ets_unet_ce,ETS-U-Net CE,mean,-409.9999999999995,0.4850666035467226,group_mean,0.0249271551864031
ets_unet_ce,ETS-U-Net CE,mean,-399.9999999999995,0.5006893087249376,group_mean,0.025614751143229746
ets_unet_ce,ETS-U-Net CE,mean,-389.99999999999943,0.5170157966334106,group_mean,0.0262646296438963
ets_unet_ce,ETS-U-Net CE,mean,-379.99999999999943,0.5338455814137045,group_mean,0.026971781703317172
ets_unet_ce,ETS-U-Net CE,mean,-369.99999999999943,0.5507880967188352,group_mean,0.027596923894188247
ets_unet_ce,ETS-U-Net CE,mean,-359.99999999999943,0.5686025289704092,group_mean,0.028221166372639446
ets_unet_ce,ETS-U-Net CE,mean,-349.99999999999943,0.5870703564320122,group_mean,0.028913897829883354
ets_unet_ce,ETS-U-Net CE,mean,-339.99999999999943,0.6058723709722376,group_mean,0.029528549675603654
ets_unet_ce,ETS-U-Net CE,mean,-329.99999999999943,0.6253581135927744,group_mean,0.030167617685694537
ets_unet_ce,ETS-U-Net CE,mean,-319.9999999999994,0.6454150911562095,group_mean,0.030808542516254134
ets_unet_ce,ETS-U-Net CE,mean,-309.9999999999994,0.6656529301865903,group_mean,0.031468342925924014
ets_unet_ce,ETS-U-Net CE,mean,-299.9999999999994,0.6863976889289286,group_mean,0.03204428072976658
ets_unet_ce,ETS-U-Net CE,mean,-289.9999999999994,0.7074564676003943,group_mean,0.03261758242952665
ets_unet_ce,ETS-U-Net CE,mean,-279.9999999999994,0.7286561504299751,group_mean,0.03321958423831394
ets_unet_ce,ETS-U-Net CE,mean,-269.9999999999994,0.7505945780620294,group_mean,0.03383072577060205
ets_unet_ce,ETS-U-Net CE,mean,-259.9999999999993,0.7726645127661079,group_mean,0.034298084309621536
ets_unet_ce,ETS-U-Net CE,mean,-249.99999999999935,0.7951269508756915,group_mean,0.03485438545100196
ets_unet_ce,ETS-U-Net CE,mean,-239.99999999999932,0.8176447256543508,group_mean,0.03535585318369026
ets_unet_ce,ETS-U-Net CE,mean,-229.99999999999932,0.8404465262440359,group_mean,0.0357312823762223
ets_unet_ce,ETS-U-Net CE,mean,-219.99999999999932,0.8630828397991115,group_mean,0.03609330064406788
ets_unet_ce,ETS-U-Net CE,mean,-209.9999999999993,0.8854081750113071,group_mean,0.03640257380307122
ets_unet_ce,ETS-U-Net CE,mean,-199.9999999999993,0.9076910215466558,group_mean,0.0367054578086554
ets_unet_ce,ETS-U-Net CE,mean,-189.9999999999993,0.9298917958225819,group_mean,0.03694237765617881
ets_unet_ce,ETS-U-Net CE,mean,-179.99999999999926,0.951804731376426,group_mean,0.03709869856186455
ets_unet_ce,ETS-U-Net CE,mean,-169.99999999999926,0.9732893833202743,group_mean,0.03718725412818706
ets_unet_ce,ETS-U-Net CE,mean,-159.99999999999926,0.9944973679764159,group_mean,0.037288046892400624
ets_unet_ce,ETS-U-Net CE,mean,-149.99999999999923,1.0144843819325209,group_mean,0.03720544457303179
ets_unet_ce,ETS-U-Net CE,mean,-139.99999999999923,1.0343358787119414,group_mean,0.03709070790231801
ets_unet_ce,ETS-U-Net CE,mean,-129.99999999999923,1.0532330548777744,group_mean,0.036894379544573794
ets_unet_ce,ETS-U-Net CE,mean,-119.99999999999922,1.0706823786036792,group_mean,0.03661950094949421
ets_unet_ce,ETS-U-Net CE,mean,-109.9999999999992,1.0873847713410119,group_mean,0.03633284578969174
ets_unet_ce,ETS-U-Net CE,mean,-99.9999999999992,1.1028457203777353,group_mean,0.03594026069107126
ets_unet_ce,ETS-U-Net CE,mean,-89.99999999999919,1.1171758879244589,group_mean,0.03548122010467426
ets_unet_ce,ETS-U-Net CE,mean,-79.99999999999918,1.1299995431686454,group_mean,0.0350710472095714
ets_unet_ce,ETS-U-Net CE,mean,-69.99999999999918,1.1409019609364406,group_mean,0.03467498446568633
ets_unet_ce,ETS-U-Net CE,mean,-59.99999999999916,1.1502847568598,group_mean,0.034219429988183385
ets_unet_ce,ETS-U-Net CE,mean,-49.999999999999154,1.158600661794097,group_mean,0.03381229345928435
ets_unet_ce,ETS-U-Net CE,mean,-39.99999999999915,1.1649487222600168,group_mean,0.0334352560083069
ets_unet_ce,ETS-U-Net CE,mean,-29.99999999999914,1.1696291615192906,group_mean,0.033137231669784876
ets_unet_ce,ETS-U-Net CE,mean,-19.99999999999913,1.1727301384669313,group_mean,0.03284077065682927
ets_unet_ce,ETS-U-Net CE,mean,-9.99999999999912,1.1740700235561463,group_mean,0.032583607502605506
ets_unet_ce,ETS-U-Net CE,mean,8.881784197001252e-13,1.1733132455796698,group_mean,0.03239168059682379
ets_unet_ce,ETS-U-Net CE,mean,10.000000000000897,1.1716123191910923,group_mean,0.032292660068809174
ets_unet_ce,ETS-U-Net CE,mean,20.000000000000906,1.1681444803819507,group_mean,0.032343055038093434
ets_unet_ce,ETS-U-Net CE,mean,30.000000000000917,1.1628368017688715,group_mean,0.03247938076133821
ets_unet_ce,ETS-U-Net CE,mean,40.000000000000924,1.155910979743227,group_mean,0.03274625421843778
ets_unet_ce,ETS-U-Net CE,mean,50.00000000000093,1.1472969908297512,group_mean,0.033101895824747256
ets_unet_ce,ETS-U-Net CE,mean,60.00000000000094,1.1370134122482949,group_mean,0.03365779627952303
ets_unet_ce,ETS-U-Net CE,mean,70.00000000000095,1.1252240979867334,group_mean,0.03420897847957394
ets_unet_ce,ETS-U-Net CE,mean,80.00000000000097,1.11204604336403,group_mean,0.034829543426310366
ets_unet_ce,ETS-U-Net CE,mean,90.00000000000097,1.098140567143263,group_mean,0.03554517076643274
ets_unet_ce,ETS-U-Net CE,mean,100.00000000000098,1.0830814848392527,group_mean,0.03633147558085237
ets_unet_ce,ETS-U-Net CE,mean,110.00000000000098,1.0664442868347153,group_mean,0.037186980669465915
ets_unet_ce,ETS-U-Net CE,mean,120.000000000001,1.04992325781811,group_mean,0.03807440862077648
ets_unet_ce,ETS-U-Net CE,mean,130.000000000001,1.0323580234110896,group_mean,0.03876012035333987
ets_unet_ce,ETS-U-Net CE,mean,140.00000000000102,1.0134171240737917,group_mean,0.03935143776044594
ets_unet_ce,ETS-U-Net CE,mean,150.00000000000102,0.9949489620875619,group_mean,0.040114328450462346
ets_unet_ce,ETS-U-Net CE,mean,160.00000000000102,0.9746876881786608,group_mean,0.04059001667807604
ets_unet_ce,ETS-U-Net CE,mean,170.00000000000105,0.9542972550898311,group_mean,0.0409015808597983
ets_unet_ce,ETS-U-Net CE,mean,180.00000000000105,0.9349342482127208,group_mean,0.04141325887720923
ets_unet_ce,ETS-U-Net CE,mean,190.00000000000105,0.913775198041766,group_mean,0.04160955745760239
ets_unet_ce,ETS-U-Net CE,mean,200.00000000000108,0.8921639708014872,group_mean,0.04167757938440267
ets_unet_ce,ETS-U-Net CE,mean,210.00000000000108,0.871815648028895,group_mean,0.041690591972849654
ets_unet_ce,ETS-U-Net CE,mean,220.00000000000108,0.849788235243237,group_mean,0.041523990552327236
ets_unet_ce,ETS-U-Net CE,mean,230.00000000000108,0.8282401109736199,group_mean,0.041169100642172274
ets_unet_ce,ETS-U-Net CE,mean,240.0000000000011,0.8072341271271716,group_mean,0.040854958619717885
ets_unet_ce,ETS-U-Net CE,mean,250.0000000000011,0.7862563840204303,group_mean,0.04051722666174428
ets_unet_ce,ETS-U-Net CE,mean,260.00000000000114,0.7654326152657465,group_mean,0.04004451461316154
ets_unet_ce,ETS-U-Net CE,mean,270.00000000000114,0.7445624168323673,group_mean,0.039532790363132786
ets_unet_ce,ETS-U-Net CE,mean,280.00000000000114,0.7250228791189374,group_mean,0.03901711851843296
ets_unet_ce,ETS-U-Net CE,mean,290.00000000000114,0.7052144868896754,group_mean,0.03842354936230644
ets_unet_ce,ETS-U-Net CE,mean,300.00000000000114,0.6857272454807317,group_mean,0.03770521844046538
ets_unet_ce,ETS-U-Net CE,mean,310.00000000000114,0.6676860291149598,group_mean,0.03702223068928368
ets_unet_ce,ETS-U-Net CE,mean,320.0000000000012,0.6488712504664041,group_mean,0.036309358511911166
ets_unet_ce,ETS-U-Net CE,mean,330.0000000000012,0.6302498956354411,group_mean,0.03543073161662938
ets_unet_ce,ETS-U-Net CE,mean,340.0000000000012,0.6133831308626653,group_mean,0.03478856518627419
ets_unet_ce,ETS-U-Net CE,mean,350.0000000000012,0.5965701373918414,group_mean,0.03400284440948811
ets_unet_ce,ETS-U-Net CE,mean,360.0000000000012,0.5798589779159239,group_mean,0.0332069959477151
ets_unet_ce,ETS-U-Net CE,mean,370.0000000000012,0.5645114983697874,group_mean,0.03249191663800504
ets_unet_ce,ETS-U-Net CE,mean,380.00000000000125,0.5488035509047515,group_mean,0.03172349142342823
ets_unet_ce,ETS-U-Net CE,mean,390.00000000000125,0.5335555237258884,group_mean,0.03092184705941107
ets_unet_ce,ETS-U-Net CE,mean,400.00000000000125,0.5201377753420152,group_mean,0.030275284997454466
ets_unet_ce,ETS-U-Net CE,mean,410.00000000000125,0.505854146086477,group_mean,0.029529270150139234
ets_unet_ce,ETS-U-Net CE,mean,420.00000000000125,0.493328580027437,group_mean,0.02884579902448573
ets_unet_ce,ETS-U-Net CE,mean,430.00000000000125,0.48149224446211214,group_mean,0.028232981855024448
ets_unet_ce,ETS-U-Net CE,mean,440.00000000000125,0.46886452108368476,group_mean,0.027613079954266567
ets_unet_ce,ETS-U-Net CE,mean,450.0000000000013,0.45691218280039986,group_mean,0.02699237710731864
ets_unet_ce,ETS-U-Net CE,mean,460.0000000000013,0.44642922672814533,group_mean,0.02647888898071742
ets_unet_ce,ETS-U-Net CE,mean,470.0000000000013,0.43521813323209246,group_mean,0.02592655425024884
ets_unet_ce,ETS-U-Net CE,mean,480.0000000000013,0.4247997751010426,group_mean,0.025343282133461622
ets_unet_ce,ETS-U-Net CE,mean,490.0000000000013,0.4160249186020347,group_mean,0.02490517817247783
ets_unet_ce,ETS-U-Net CE,mean,500.0000000000013,0.4060611220426682,group_mean,0.02439438643607714
ets_unet_ce,ETS-U-Net CE,mean,510.00000000000136,0.39706871941456134,group_mean,0.02389854167013401
ets_unet_ce,ETS-U-Net CE,mean,520.0000000000014,0.3880510859419556,group_mean,0.023431844202594112
ets_unet_ce,ETS-U-Net CE,mean,530.0000000000014,0.38107676031899257,group_mean,0.023035959823203413
ets_unet_ce,ETS-U-Net CE,mean,540.0000000000014,0.3733471467797281,group_mean,0.02258024805517128
ets_unet_ce,ETS-U-Net CE,mean,550.0000000000014,0.3649274924626903,group_mean,0.02213499565576
ets_unet_ce,ETS-U-Net CE,mean,560.0000000000014,0.35889988293496505,group_mean,0.021756522886650222
ets_unet_ce,ETS-U-Net CE,mean,570.0000000000014,0.352077744381699,group_mean,0.02133306865555703
ets_unet_ce,ETS-U-Net CE,mean,580.0000000000014,0.34491462896199776,group_mean,0.020970525489574905
ets_unet_ce,ETS-U-Net CE,mean,590.0000000000014,0.33943266815586937,group_mean,0.020658275161994727
ets_unet_ce,ETS-U-Net CE,mean,600.0000000000014,0.33329600561205036,group_mean,0.020292915600452665
ets_unet_ce,ETS-U-Net CE,mean,610.0000000000015,0.32686633364893536,group_mean,0.019852092051332624
ets_unet_ce,ETS-U-Net CE,mean,620.0000000000015,0.3229902035694473,group_mean,0.01961402168606431
ets_unet_ce,ETS-U-Net CE,mean,630.0000000000015,0.31791402953513986,group_mean,0.019275639580770363
ets_unet_ce,ETS-U-Net CE,mean,640.0000000000015,0.31212423236117337,group_mean,0.01893964418113016
ets_unet_ce,ETS-U-Net CE,mean,650.0000000000015,0.3083952828909398,group_mean,0.0186656525382366
ets_unet_ce,ETS-U-Net CE,mean,660.0000000000015,0.30295259885597203,group_mean,0.018293488299498624
ets_unet_ce,ETS-U-Net CE,mean,670.0000000000015,0.2983688321902424,group_mean,0.01804456550480496
ets_unet_ce,ETS-U-Net CE,mean,680.0000000000015,0.29548647929874305,group_mean,0.017852440289523548
ets_unet_ce,ETS-U-Net CE,mean,690.0000000000015,0.29146079347476644,group_mean,0.01756360280173718
ets_unet_ce,ETS-U-Net CE,mean,700.0000000000015,0.2874825541460312,group_mean,0.017245730496469564
ets_unet_ce,ETS-U-Net CE,mean,710.0000000000015,0.285283265605636,group_mean,0.01707112607224902
ets_unet_ce,ETS-U-Net CE,mean,720.0000000000015,0.2806931879585683,group_mean,0.01674589625673477
ets_unet_ce,ETS-U-Net CE,mean,730.0000000000016,0.2774899248044845,group_mean,0.016483779155473468
ets_unet_ce,ETS-U-Net CE,mean,740.0000000000016,0.27644067677252115,group_mean,0.016361385924262093
ets_unet_ce,ETS-U-Net CE,mean,750.0000000000016,0.27348256315291475,group_mean,0.016135123693381784
ets_unet_ce,ETS-U-Net CE,mean,760.0000000000016,0.2704279313715853,group_mean,0.01586477118572448
ets_unet_ce,ETS-U-Net CE,mean,770.0000000000016,0.26945307420023357,group_mean,0.01559947539878177
ets_unet_ce,ETS-U-Net CE,mean,780.0000000000016,0.2659691732553385,group_mean,0.01527737990153729
ets_unet_ce,ETS-U-Net CE,mean,790.0000000000016,0.26427223812682554,group_mean,0.015024108806920754
ets_unet_ce,ETS-U-Net CE,mean,800.0000000000016,0.2617609177248572,group_mean,0.014817682133198428
ets_unet_ce,ETS-U-Net CE,mean,810.0000000000016,0.2621105402211289,group_mean,0.014667100200135456
ets_unet_ce,ETS-U-Net CE,mean,820.0000000000016,0.26009477259371216,group_mean,0.014488834329709991
ets_unet_ce,ETS-U-Net CE,mean,830.0000000000016,0.25705738078927726,group_mean,0.014284679908023797
ets_unet_ce,ETS-U-Net CE,mean,840.0000000000016,0.257042697861624,group_mean,0.01422858633626696
ets_unet_ce,ETS-U-Net CE,mean,850.0000000000016,0.2563351711425625,group_mean,0.014158730891004024
ets_unet_ce,ETS-U-Net CE,mean,860.0000000000017,0.2543724618083527,group_mean,0.01396099056937135
ets_unet_ce,ETS-U-Net CE,mean,870.0000000000017,0.255202921452455,group_mean,0.013795874582431616
ets_unet_ce,ETS-U-Net CE,mean,880.0000000000017,0.2529696265201534,group_mean,0.013517215786606956
ets_unet_ce,ETS-U-Net CE,mean,890.0000000000017,0.250923103571011,group_mean,0.013330836248008265
ets_unet_ce,ETS-U-Net CE,mean,900.0000000000017,0.25133425566713985,group_mean,0.013137716176440054
ets_unet_ce,ETS-U-Net CE,mean,910.0000000000017,0.24998366726291224,group_mean,0.01299831416119504
ets_unet_ce,ETS-U-Net CE,mean,920.0000000000017,0.24953624223122076,group_mean,0.012882769821545193
ets_unet_ce,ETS-U-Net CE,mean,930.0000000000017,0.2507796684881329,group_mean,0.012794887065982025
ets_unet_ce,ETS-U-Net CE,mean,940.0000000000017,0.2486897064179645,group_mean,0.012687425214720858
ets_unet_ce,ETS-U-Net CE,mean,950.0000000000017,0.24859929690267477,group_mean,0.012507080535366397
ets_unet_ce,ETS-U-Net CE,mean,960.0000000000017,0.24943089268964372,group_mean,0.012371789745347037
ets_unet_ce,ETS-U-Net CE,mean,970.0000000000017,0.2480543996107893,group_mean,0.012252939469567781
ets_unet_ce,ETS-U-Net CE,mean,980.0000000000017,0.24792379551740512,group_mean,0.012111149941571944
ets_unet_ce,ETS-U-Net CE,mean,990.0000000000018,0.25032778607868833,group_mean,0.012050198794989498
ets_unet_ce,ETS-U-Net CE,mean,1000.0000000000018,0.24870379454249264,group_mean,0.011956142435967317
ets_unet_event_nll,ETS-U-Net EventNLL,2025,-1000.0,0.11012634022720595,seed,
ets_unet_event_nll,ETS-U-Net EventNLL,2025,-990.0,0.1077859339341903,seed,
ets_unet_event_nll,ETS-U-Net EventNLL,2025,-980.0,0.10580843174385308,seed,
ets_unet_event_nll,ETS-U-Net EventNLL,2025,-970.0,0.10573755347664938,seed,
ets_unet_event_nll,ETS-U-Net EventNLL,2025,-960.0,0.10699530236005039,seed,
ets_unet_event_nll,ETS-U-Net EventNLL,2025,-950.0,0.1098964040101551,seed,
ets_unet_event_nll,ETS-U-Net EventNLL,2025,-940.0,0.11639368719753719,seed,
ets_unet_event_nll,ETS-U-Net EventNLL,2025,-929.9999999999999,0.12246605192890785,seed,
ets_unet_event_nll,ETS-U-Net EventNLL,2025,-919.9999999999999,0.12623019106032018,seed,
ets_unet_event_nll,ETS-U-Net EventNLL,2025,-909.9999999999999,0.129453820280736,seed,
ets_unet_event_nll,ETS-U-Net EventNLL,2025,-899.9999999999999,0.1341887411182677,seed,
ets_unet_event_nll,ETS-U-Net EventNLL,2025,-889.9999999999999,0.1357349061989767,seed,
ets_unet_event_nll,ETS-U-Net EventNLL,2025,-879.9999999999999,0.1361763899390345,seed,
ets_unet_event_nll,ETS-U-Net EventNLL,2025,-869.9999999999999,0.13887465643513133,seed,
ets_unet_event_nll,ETS-U-Net EventNLL,2025,-859.9999999999999,0.14091387364987987,seed,
ets_unet_event_nll,ETS-U-Net EventNLL,2025,-849.9999999999999,0.13809167924599713,seed,
ets_unet_event_nll,ETS-U-Net EventNLL,2025,-839.9999999999999,0.13578612351483452,seed,
ets_unet_event_nll,ETS-U-Net EventNLL,2025,-829.9999999999999,0.13687240738523862,seed,
ets_unet_event_nll,ETS-U-Net EventNLL,2025,-819.9999999999999,0.13801065518398978,seed,
ets_unet_event_nll,ETS-U-Net EventNLL,2025,-809.9999999999999,0.1394417279532856,seed,
ets_unet_event_nll,ETS-U-Net EventNLL,2025,-799.9999999999998,0.1435977785127365,seed,
ets_unet_event_nll,ETS-U-Net EventNLL,2025,-789.9999999999998,0.14945864816722965,seed,
ets_unet_event_nll,ETS-U-Net EventNLL,2025,-779.9999999999998,0.15522163595821106,seed,
ets_unet_event_nll,ETS-U-Net EventNLL,2025,-769.9999999999998,0.16341891249654253,seed,
ets_unet_event_nll,ETS-U-Net EventNLL,2025,-759.9999999999998,0.1681602266097661,seed,
ets_unet_event_nll,ETS-U-Net EventNLL,2025,-749.9999999999998,0.17322419414326262,seed,
ets_unet_event_nll,ETS-U-Net EventNLL,2025,-739.9999999999998,0.17808170977870022,seed,
ets_unet_event_nll,ETS-U-Net EventNLL,2025,-729.9999999999998,0.18083952296084085,seed,
ets_unet_event_nll,ETS-U-Net EventNLL,2025,-719.9999999999998,0.1842403320517709,seed,
ets_unet_event_nll,ETS-U-Net EventNLL,2025,-709.9999999999998,0.18731405543363594,seed,
ets_unet_event_nll,ETS-U-Net EventNLL,2025,-699.9999999999998,0.19173750826471436,seed,
ets_unet_event_nll,ETS-U-Net EventNLL,2025,-689.9999999999998,0.19630944851252083,seed,
ets_unet_event_nll,ETS-U-Net EventNLL,2025,-679.9999999999998,0.198879608303112,seed,
ets_unet_event_nll,ETS-U-Net EventNLL,2025,-669.9999999999997,0.20105698405043726,seed,
ets_unet_event_nll,ETS-U-Net EventNLL,2025,-659.9999999999997,0.20080477226144433,seed,
ets_unet_event_nll,ETS-U-Net EventNLL,2025,-649.9999999999997,0.2045967102877547,seed,
ets_unet_event_nll,ETS-U-Net EventNLL,2025,-639.9999999999997,0.21080808031736548,seed,
ets_unet_event_nll,ETS-U-Net EventNLL,2025,-629.9999999999997,0.214445118627111,seed,
ets_unet_event_nll,ETS-U-Net EventNLL,2025,-619.9999999999997,0.22141568296232336,seed,
ets_unet_event_nll,ETS-U-Net EventNLL,2025,-609.9999999999997,0.232004781467937,seed,
ets_unet_event_nll,ETS-U-Net EventNLL,2025,-599.9999999999997,0.2408008900839676,seed,
ets_unet_event_nll,ETS-U-Net EventNLL,2025,-589.9999999999997,0.2486726057073386,seed,
ets_unet_event_nll,ETS-U-Net EventNLL,2025,-579.9999999999997,0.25701791679113795,seed,
ets_unet_event_nll,ETS-U-Net EventNLL,2025,-569.9999999999997,0.2608819117852005,seed,
ets_unet_event_nll,ETS-U-Net EventNLL,2025,-559.9999999999997,0.26465389987466803,seed,
ets_unet_event_nll,ETS-U-Net EventNLL,2025,-549.9999999999995,0.26868201082079457,seed,
ets_unet_event_nll,ETS-U-Net EventNLL,2025,-539.9999999999995,0.2751181835145531,seed,
ets_unet_event_nll,ETS-U-Net EventNLL,2025,-529.9999999999995,0.2856752436869561,seed,
ets_unet_event_nll,ETS-U-Net EventNLL,2025,-519.9999999999995,0.294468343904874,seed,
ets_unet_event_nll,ETS-U-Net EventNLL,2025,-509.99999999999955,0.3020519472827493,seed,
ets_unet_event_nll,ETS-U-Net EventNLL,2025,-499.99999999999955,0.3085145278690508,seed,
ets_unet_event_nll,ETS-U-Net EventNLL,2025,-489.99999999999955,0.31578259692749755,seed,
ets_unet_event_nll,ETS-U-Net EventNLL,2025,-479.99999999999955,0.32704334106852,seed,
ets_unet_event_nll,ETS-U-Net EventNLL,2025,-469.99999999999955,0.3380919797392153,seed,
ets_unet_event_nll,ETS-U-Net EventNLL,2025,-459.99999999999955,0.3442209646897732,seed,
ets_unet_event_nll,ETS-U-Net EventNLL,2025,-449.9999999999995,0.3500103866037872,seed,
ets_unet_event_nll,ETS-U-Net EventNLL,2025,-439.9999999999995,0.35663568723190964,seed,
ets_unet_event_nll,ETS-U-Net EventNLL,2025,-429.9999999999995,0.3607604862200528,seed,
ets_unet_event_nll,ETS-U-Net EventNLL,2025,-419.9999999999995,0.3677789993606167,seed,
ets_unet_event_nll,ETS-U-Net EventNLL,2025,-409.9999999999995,0.3691253049409106,seed,
ets_unet_event_nll,ETS-U-Net EventNLL,2025,-399.9999999999995,0.36983642090139834,seed,
ets_unet_event_nll,ETS-U-Net EventNLL,2025,-389.99999999999943,0.37238348662828713,seed,
ets_unet_event_nll,ETS-U-Net EventNLL,2025,-379.99999999999943,0.37497171785509403,seed,
ets_unet_event_nll,ETS-U-Net EventNLL,2025,-369.99999999999943,0.38255232648839005,seed,
ets_unet_event_nll,ETS-U-Net EventNLL,2025,-359.99999999999943,0.3877915976385447,seed,
ets_unet_event_nll,ETS-U-Net EventNLL,2025,-349.99999999999943,0.3917131338642074,seed,
ets_unet_event_nll,ETS-U-Net EventNLL,2025,-339.99999999999943,0.3973712994428875,seed,
ets_unet_event_nll,ETS-U-Net EventNLL,2025,-329.99999999999943,0.4084109595268066,seed,
ets_unet_event_nll,ETS-U-Net EventNLL,2025,-319.9999999999994,0.4231950572635589,seed,
ets_unet_event_nll,ETS-U-Net EventNLL,2025,-309.9999999999994,0.4407790449210122,seed,
ets_unet_event_nll,ETS-U-Net EventNLL,2025,-299.9999999999994,0.45778008186853203,seed,
ets_unet_event_nll,ETS-U-Net EventNLL,2025,-289.9999999999994,0.47048389106965854,seed,
ets_unet_event_nll,ETS-U-Net EventNLL,2025,-279.9999999999994,0.47337961009110996,seed,
ets_unet_event_nll,ETS-U-Net EventNLL,2025,-269.9999999999994,0.47646135870932427,seed,
ets_unet_event_nll,ETS-U-Net EventNLL,2025,-259.9999999999993,0.4895296703912508,seed,
ets_unet_event_nll,ETS-U-Net EventNLL,2025,-249.99999999999935,0.5113452548261203,seed,
ets_unet_event_nll,ETS-U-Net EventNLL,2025,-239.99999999999932,0.5404533092807838,seed,
ets_unet_event_nll,ETS-U-Net EventNLL,2025,-229.99999999999932,0.5715400654871156,seed,
ets_unet_event_nll,ETS-U-Net EventNLL,2025,-219.99999999999932,0.5982111591074631,seed,
ets_unet_event_nll,ETS-U-Net EventNLL,2025,-209.9999999999993,0.6309992910254374,seed,
ets_unet_event_nll,ETS-U-Net EventNLL,2025,-199.9999999999993,0.6669836253350777,seed,
ets_unet_event_nll,ETS-U-Net EventNLL,2025,-189.9999999999993,0.7181109997342146,seed,
ets_unet_event_nll,ETS-U-Net EventNLL,2025,-179.99999999999926,0.7774687502744336,seed,
ets_unet_event_nll,ETS-U-Net EventNLL,2025,-169.99999999999926,0.8426639202266175,seed,
ets_unet_event_nll,ETS-U-Net EventNLL,2025,-159.99999999999926,0.9097880882666074,seed,
ets_unet_event_nll,ETS-U-Net EventNLL,2025,-149.99999999999923,0.9804634975532458,seed,
ets_unet_event_nll,ETS-U-Net EventNLL,2025,-139.99999999999923,1.059410494748872,seed,
ets_unet_event_nll,ETS-U-Net EventNLL,2025,-129.99999999999923,1.1473401137173262,seed,
ets_unet_event_nll,ETS-U-Net EventNLL,2025,-119.99999999999922,1.2589577858932948,seed,
ets_unet_event_nll,ETS-U-Net EventNLL,2025,-109.9999999999992,1.3680006985449715,seed,
ets_unet_event_nll,ETS-U-Net EventNLL,2025,-99.9999999999992,1.4625822787709146,seed,
ets_unet_event_nll,ETS-U-Net EventNLL,2025,-89.99999999999919,1.57423687288475,seed,
ets_unet_event_nll,ETS-U-Net EventNLL,2025,-79.99999999999918,1.701085112584457,seed,
ets_unet_event_nll,ETS-U-Net EventNLL,2025,-69.99999999999918,1.8336118760073283,seed,
ets_unet_event_nll,ETS-U-Net EventNLL,2025,-59.99999999999916,1.9406948243238487,seed,
ets_unet_event_nll,ETS-U-Net EventNLL,2025,-49.999999999999154,2.0390836040628884,seed,
ets_unet_event_nll,ETS-U-Net EventNLL,2025,-39.99999999999915,2.126926423892525,seed,
ets_unet_event_nll,ETS-U-Net EventNLL,2025,-29.99999999999914,2.203209134938275,seed,
ets_unet_event_nll,ETS-U-Net EventNLL,2025,-19.99999999999913,2.2467560429745688,seed,
ets_unet_event_nll,ETS-U-Net EventNLL,2025,-9.99999999999912,2.22159257457299,seed,
ets_unet_event_nll,ETS-U-Net EventNLL,2025,8.881784197001252e-13,2.179191336358091,seed,
ets_unet_event_nll,ETS-U-Net EventNLL,2025,10.000000000000897,2.1280140277177915,seed,
ets_unet_event_nll,ETS-U-Net EventNLL,2025,20.000000000000906,2.056006790028422,seed,
ets_unet_event_nll,ETS-U-Net EventNLL,2025,30.000000000000917,1.9746531077508116,seed,
ets_unet_event_nll,ETS-U-Net EventNLL,2025,40.000000000000924,1.8615855287048682,seed,
ets_unet_event_nll,ETS-U-Net EventNLL,2025,50.00000000000093,1.7384695595565596,seed,
ets_unet_event_nll,ETS-U-Net EventNLL,2025,60.00000000000094,1.6014895174039758,seed,
ets_unet_event_nll,ETS-U-Net EventNLL,2025,70.00000000000095,1.4862883688366868,seed,
ets_unet_event_nll,ETS-U-Net EventNLL,2025,80.00000000000097,1.3971614917092705,seed,
ets_unet_event_nll,ETS-U-Net EventNLL,2025,90.00000000000097,1.2991467357350817,seed,
ets_unet_event_nll,ETS-U-Net EventNLL,2025,100.00000000000098,1.2084629197502457,seed,
ets_unet_event_nll,ETS-U-Net EventNLL,2025,110.00000000000098,1.1262293740668259,seed,
ets_unet_event_nll,ETS-U-Net EventNLL,2025,120.000000000001,1.0291649206622293,seed,
ets_unet_event_nll,ETS-U-Net EventNLL,2025,130.000000000001,0.9451465091044918,seed,
ets_unet_event_nll,ETS-U-Net EventNLL,2025,140.00000000000102,0.8825858376562549,seed,
ets_unet_event_nll,ETS-U-Net EventNLL,2025,150.00000000000102,0.8220185541894856,seed,
ets_unet_event_nll,ETS-U-Net EventNLL,2025,160.00000000000102,0.7752991988539767,seed,
ets_unet_event_nll,ETS-U-Net EventNLL,2025,170.00000000000105,0.7259886910846145,seed,
ets_unet_event_nll,ETS-U-Net EventNLL,2025,180.00000000000105,0.6796356647059425,seed,
ets_unet_event_nll,ETS-U-Net EventNLL,2025,190.00000000000105,0.6407567887256563,seed,
ets_unet_event_nll,ETS-U-Net EventNLL,2025,200.00000000000108,0.612417110597336,seed,
ets_unet_event_nll,ETS-U-Net EventNLL,2025,210.00000000000108,0.5900789283673543,seed,
ets_unet_event_nll,ETS-U-Net EventNLL,2025,220.00000000000108,0.5673174101481214,seed,
ets_unet_event_nll,ETS-U-Net EventNLL,2025,230.00000000000108,0.5474908724731681,seed,
ets_unet_event_nll,ETS-U-Net EventNLL,2025,240.0000000000011,0.5330408929990912,seed,
ets_unet_event_nll,ETS-U-Net EventNLL,2025,250.0000000000011,0.5175907616331008,seed,
ets_unet_event_nll,ETS-U-Net EventNLL,2025,260.00000000000114,0.5004154174939629,seed,
ets_unet_event_nll,ETS-U-Net EventNLL,2025,270.00000000000114,0.49214341613878937,seed,
ets_unet_event_nll,ETS-U-Net EventNLL,2025,280.00000000000114,0.4861550909676956,seed,
ets_unet_event_nll,ETS-U-Net EventNLL,2025,290.00000000000114,0.4731304092179597,seed,
ets_unet_event_nll,ETS-U-Net EventNLL,2025,300.00000000000114,0.4600312862163586,seed,
ets_unet_event_nll,ETS-U-Net EventNLL,2025,310.00000000000114,0.45168887904050825,seed,
ets_unet_event_nll,ETS-U-Net EventNLL,2025,320.0000000000012,0.44437970113444175,seed,
ets_unet_event_nll,ETS-U-Net EventNLL,2025,330.0000000000012,0.43506443740590023,seed,
ets_unet_event_nll,ETS-U-Net EventNLL,2025,340.0000000000012,0.42742438459828275,seed,
ets_unet_event_nll,ETS-U-Net EventNLL,2025,350.0000000000012,0.4217726659151427,seed,
ets_unet_event_nll,ETS-U-Net EventNLL,2025,360.0000000000012,0.421959340845597,seed,
ets_unet_event_nll,ETS-U-Net EventNLL,2025,370.0000000000012,0.42562256388915937,seed,
ets_unet_event_nll,ETS-U-Net EventNLL,2025,380.00000000000125,0.42500826303541817,seed,
ets_unet_event_nll,ETS-U-Net EventNLL,2025,390.00000000000125,0.42090587589487216,seed,
ets_unet_event_nll,ETS-U-Net EventNLL,2025,400.00000000000125,0.4170612545932562,seed,
ets_unet_event_nll,ETS-U-Net EventNLL,2025,410.00000000000125,0.4120549413945779,seed,
ets_unet_event_nll,ETS-U-Net EventNLL,2025,420.00000000000125,0.40829250010251494,seed,
ets_unet_event_nll,ETS-U-Net EventNLL,2025,430.00000000000125,0.4026748303586945,seed,
ets_unet_event_nll,ETS-U-Net EventNLL,2025,440.00000000000125,0.39700487272047486,seed,
ets_unet_event_nll,ETS-U-Net EventNLL,2025,450.0000000000013,0.38667218623208033,seed,
ets_unet_event_nll,ETS-U-Net EventNLL,2025,460.0000000000013,0.38115053936160803,seed,
ets_unet_event_nll,ETS-U-Net EventNLL,2025,470.0000000000013,0.3751267600211637,seed,
ets_unet_event_nll,ETS-U-Net EventNLL,2025,480.0000000000013,0.3671828832307324,seed,
ets_unet_event_nll,ETS-U-Net EventNLL,2025,490.0000000000013,0.3544656320656104,seed,
ets_unet_event_nll,ETS-U-Net EventNLL,2025,500.0000000000013,0.3361012786047479,seed,
ets_unet_event_nll,ETS-U-Net EventNLL,2025,510.00000000000136,0.3247434881683847,seed,
ets_unet_event_nll,ETS-U-Net EventNLL,2025,520.0000000000014,0.31633896465437644,seed,
ets_unet_event_nll,ETS-U-Net EventNLL,2025,530.0000000000014,0.31761025543348137,seed,
ets_unet_event_nll,ETS-U-Net EventNLL,2025,540.0000000000014,0.31934330937035466,seed,
ets_unet_event_nll,ETS-U-Net EventNLL,2025,550.0000000000014,0.3173696632160379,seed,
ets_unet_event_nll,ETS-U-Net EventNLL,2025,560.0000000000014,0.314862731617466,seed,
ets_unet_event_nll,ETS-U-Net EventNLL,2025,570.0000000000014,0.3135226763688125,seed,
ets_unet_event_nll,ETS-U-Net EventNLL,2025,580.0000000000014,0.3145457536203589,seed,
ets_unet_event_nll,ETS-U-Net EventNLL,2025,590.0000000000014,0.3179083601421306,seed,
ets_unet_event_nll,ETS-U-Net EventNLL,2025,600.0000000000014,0.3182092131277436,seed,
ets_unet_event_nll,ETS-U-Net EventNLL,2025,610.0000000000015,0.3161315179704905,seed,
ets_unet_event_nll,ETS-U-Net EventNLL,2025,620.0000000000015,0.3170406614184262,seed,
ets_unet_event_nll,ETS-U-Net EventNLL,2025,630.0000000000015,0.3164343256406614,seed,
ets_unet_event_nll,ETS-U-Net EventNLL,2025,640.0000000000015,0.30836326119195956,seed,
ets_unet_event_nll,ETS-U-Net EventNLL,2025,650.0000000000015,0.3000243342101521,seed,
ets_unet_event_nll,ETS-U-Net EventNLL,2025,660.0000000000015,0.29003478146020106,seed,
ets_unet_event_nll,ETS-U-Net EventNLL,2025,670.0000000000015,0.28193279481848477,seed,
ets_unet_event_nll,ETS-U-Net EventNLL,2025,680.0000000000015,0.2751322730551814,seed,
ets_unet_event_nll,ETS-U-Net EventNLL,2025,690.0000000000015,0.2632360965650065,seed,
ets_unet_event_nll,ETS-U-Net EventNLL,2025,700.0000000000015,0.2559688208016853,seed,
ets_unet_event_nll,ETS-U-Net EventNLL,2025,710.0000000000015,0.25137931390091445,seed,
ets_unet_event_nll,ETS-U-Net EventNLL,2025,720.0000000000015,0.24442825841824406,seed,
ets_unet_event_nll,ETS-U-Net EventNLL,2025,730.0000000000016,0.24170151563916303,seed,
ets_unet_event_nll,ETS-U-Net EventNLL,2025,740.0000000000016,0.24356709823463904,seed,
ets_unet_event_nll,ETS-U-Net EventNLL,2025,750.0000000000016,0.24856063907942505,seed,
ets_unet_event_nll,ETS-U-Net EventNLL,2025,760.0000000000016,0.2467548408450834,seed,
ets_unet_event_nll,ETS-U-Net EventNLL,2025,770.0000000000016,0.2432896128277312,seed,
ets_unet_event_nll,ETS-U-Net EventNLL,2025,780.0000000000016,0.23697280247230226,seed,
ets_unet_event_nll,ETS-U-Net EventNLL,2025,790.0000000000016,0.2326633938278319,seed,
ets_unet_event_nll,ETS-U-Net EventNLL,2025,800.0000000000016,0.22478400795428963,seed,
ets_unet_event_nll,ETS-U-Net EventNLL,2025,810.0000000000016,0.22515668101398215,seed,
ets_unet_event_nll,ETS-U-Net EventNLL,2025,820.0000000000016,0.23192975615708333,seed,
ets_unet_event_nll,ETS-U-Net EventNLL,2025,830.0000000000016,0.2425212736912519,seed,
ets_unet_event_nll,ETS-U-Net EventNLL,2025,840.0000000000016,0.2502741049571498,seed,
ets_unet_event_nll,ETS-U-Net EventNLL,2025,850.0000000000016,0.2477661973652427,seed,
ets_unet_event_nll,ETS-U-Net EventNLL,2025,860.0000000000017,0.23729420771100487,seed,
ets_unet_event_nll,ETS-U-Net EventNLL,2025,870.0000000000017,0.23130774308453092,seed,
ets_unet_event_nll,ETS-U-Net EventNLL,2025,880.0000000000017,0.22656855101632067,seed,
ets_unet_event_nll,ETS-U-Net EventNLL,2025,890.0000000000017,0.223253866740758,seed,
ets_unet_event_nll,ETS-U-Net EventNLL,2025,900.0000000000017,0.2281003773089244,seed,
ets_unet_event_nll,ETS-U-Net EventNLL,2025,910.0000000000017,0.23271257361662342,seed,
ets_unet_event_nll,ETS-U-Net EventNLL,2025,920.0000000000017,0.23650106672496135,seed,
ets_unet_event_nll,ETS-U-Net EventNLL,2025,930.0000000000017,0.24534782157871082,seed,
ets_unet_event_nll,ETS-U-Net EventNLL,2025,940.0000000000017,0.24656663691578568,seed,
ets_unet_event_nll,ETS-U-Net EventNLL,2025,950.0000000000017,0.24245158317027649,seed,
ets_unet_event_nll,ETS-U-Net EventNLL,2025,960.0000000000017,0.2383542399725389,seed,
ets_unet_event_nll,ETS-U-Net EventNLL,2025,970.0000000000017,0.233736346541906,seed,
ets_unet_event_nll,ETS-U-Net EventNLL,2025,980.0000000000017,0.23229764852510396,seed,
ets_unet_event_nll,ETS-U-Net EventNLL,2025,990.0000000000018,0.24027396861042172,seed,
ets_unet_event_nll,ETS-U-Net EventNLL,2025,1000.0000000000018,0.24632148884748584,seed,
ets_unet_event_nll,ETS-U-Net EventNLL,2026,-1000.0,0.10785535150972635,seed,
ets_unet_event_nll,ETS-U-Net EventNLL,2026,-990.0,0.11183633160589267,seed,
ets_unet_event_nll,ETS-U-Net EventNLL,2026,-980.0,0.11135437678680309,seed,
ets_unet_event_nll,ETS-U-Net EventNLL,2026,-970.0,0.1074966210687077,seed,
ets_unet_event_nll,ETS-U-Net EventNLL,2026,-960.0,0.10511705077199791,seed,
ets_unet_event_nll,ETS-U-Net EventNLL,2026,-950.0,0.10799721897084677,seed,
ets_unet_event_nll,ETS-U-Net EventNLL,2026,-940.0,0.11016798779953742,seed,
ets_unet_event_nll,ETS-U-Net EventNLL,2026,-929.9999999999999,0.11072769065008288,seed,
ets_unet_event_nll,ETS-U-Net EventNLL,2026,-919.9999999999999,0.11247249875278116,seed,
ets_unet_event_nll,ETS-U-Net EventNLL,2026,-909.9999999999999,0.11777130491079829,seed,
ets_unet_event_nll,ETS-U-Net EventNLL,2026,-899.9999999999999,0.11965333930794607,seed,
ets_unet_event_nll,ETS-U-Net EventNLL,2026,-889.9999999999999,0.12574550890252786,seed,
ets_unet_event_nll,ETS-U-Net EventNLL,2026,-879.9999999999999,0.1337688212192109,seed,
ets_unet_event_nll,ETS-U-Net EventNLL,2026,-869.9999999999999,0.13921261532041398,seed,
ets_unet_event_nll,ETS-U-Net EventNLL,2026,-859.9999999999999,0.1446978836663561,seed,
ets_unet_event_nll,ETS-U-Net EventNLL,2026,-849.9999999999999,0.1520352902712087,seed,
ets_unet_event_nll,ETS-U-Net EventNLL,2026,-839.9999999999999,0.15651682197541444,seed,
ets_unet_event_nll,ETS-U-Net EventNLL,2026,-829.9999999999999,0.15070004623211813,seed,
ets_unet_event_nll,ETS-U-Net EventNLL,2026,-819.9999999999999,0.13972109949162506,seed,
ets_unet_event_nll,ETS-U-Net EventNLL,2026,-809.9999999999999,0.1352340032433741,seed,
ets_unet_event_nll,ETS-U-Net EventNLL,2026,-799.9999999999998,0.13602447898415,seed,
ets_unet_event_nll,ETS-U-Net EventNLL,2026,-789.9999999999998,0.14498535507813104,seed,
ets_unet_event_nll,ETS-U-Net EventNLL,2026,-779.9999999999998,0.15587167206881206,seed,
ets_unet_event_nll,ETS-U-Net EventNLL,2026,-769.9999999999998,0.15796323460948633,seed,
ets_unet_event_nll,ETS-U-Net EventNLL,2026,-759.9999999999998,0.15726150138535855,seed,
ets_unet_event_nll,ETS-U-Net EventNLL,2026,-749.9999999999998,0.15658450989542258,seed,
ets_unet_event_nll,ETS-U-Net EventNLL,2026,-739.9999999999998,0.1663094734557226,seed,
ets_unet_event_nll,ETS-U-Net EventNLL,2026,-729.9999999999998,0.17947024074267218,seed,
ets_unet_event_nll,ETS-U-Net EventNLL,2026,-719.9999999999998,0.18498908095210273,seed,
ets_unet_event_nll,ETS-U-Net EventNLL,2026,-709.9999999999998,0.18395682301975072,seed,
ets_unet_event_nll,ETS-U-Net EventNLL,2026,-699.9999999999998,0.18740382676286244,seed,
ets_unet_event_nll,ETS-U-Net EventNLL,2026,-689.9999999999998,0.19156750117782337,seed,
ets_unet_event_nll,ETS-U-Net EventNLL,2026,-679.9999999999998,0.19624899720675323,seed,
ets_unet_event_nll,ETS-U-Net EventNLL,2026,-669.9999999999997,0.19531639733254685,seed,
ets_unet_event_nll,ETS-U-Net EventNLL,2026,-659.9999999999997,0.19146025035880115,seed,
ets_unet_event_nll,ETS-U-Net EventNLL,2026,-649.9999999999997,0.19346369608324637,seed,
ets_unet_event_nll,ETS-U-Net EventNLL,2026,-639.9999999999997,0.20047186442268808,seed,
ets_unet_event_nll,ETS-U-Net EventNLL,2026,-629.9999999999997,0.20921507510852322,seed,
ets_unet_event_nll,ETS-U-Net EventNLL,2026,-619.9999999999997,0.22003785171897286,seed,
ets_unet_event_nll,ETS-U-Net EventNLL,2026,-609.9999999999997,0.23209126999467086,seed,
ets_unet_event_nll,ETS-U-Net EventNLL,2026,-599.9999999999997,0.23836431922349327,seed,
ets_unet_event_nll,ETS-U-Net EventNLL,2026,-589.9999999999997,0.2368888381968313,seed,
ets_unet_event_nll,ETS-U-Net EventNLL,2026,-579.9999999999997,0.23168248711093023,seed,
ets_unet_event_nll,ETS-U-Net EventNLL,2026,-569.9999999999997,0.23076552846492596,seed,
ets_unet_event_nll,ETS-U-Net EventNLL,2026,-559.9999999999997,0.24299944575949925,seed,
ets_unet_event_nll,ETS-U-Net EventNLL,2026,-549.9999999999995,0.26259797976235905,seed,
ets_unet_event_nll,ETS-U-Net EventNLL,2026,-539.9999999999995,0.2714510485990779,seed,
ets_unet_event_nll,ETS-U-Net EventNLL,2026,-529.9999999999995,0.2696318294793186,seed,
ets_unet_event_nll,ETS-U-Net EventNLL,2026,-519.9999999999995,0.2677055564237114,seed,
ets_unet_event_nll,ETS-U-Net EventNLL,2026,-509.99999999999955,0.27073529059046164,seed,
ets_unet_event_nll,ETS-U-Net EventNLL,2026,-499.99999999999955,0.2780094645481892,seed,
ets_unet_event_nll,ETS-U-Net EventNLL,2026,-489.99999999999955,0.2812013915632041,seed,
ets_unet_event_nll,ETS-U-Net EventNLL,2026,-479.99999999999955,0.28703666920869175,seed,
ets_unet_event_nll,ETS-U-Net EventNLL,2026,-469.99999999999955,0.2951174283883795,seed,
ets_unet_event_nll,ETS-U-Net EventNLL,2026,-459.99999999999955,0.30483723060315154,seed,
ets_unet_event_nll,ETS-U-Net EventNLL,2026,-449.9999999999995,0.3105563550867581,seed,
ets_unet_event_nll,ETS-U-Net EventNLL,2026,-439.9999999999995,0.31822158579174836,seed,
ets_unet_event_nll,ETS-U-Net EventNLL,2026,-429.9999999999995,0.3257730340615568,seed,
ets_unet_event_nll,ETS-U-Net EventNLL,2026,-419.9999999999995,0.3215132400129852,seed,
ets_unet_event_nll,ETS-U-Net EventNLL,2026,-409.9999999999995,0.3208473042181859,seed,
ets_unet_event_nll,ETS-U-Net EventNLL,2026,-399.9999999999995,0.32927373310643043,seed,
ets_unet_event_nll,ETS-U-Net EventNLL,2026,-389.99999999999943,0.3427706062871647,seed,
ets_unet_event_nll,ETS-U-Net EventNLL,2026,-379.99999999999943,0.3597545398993409,seed,
ets_unet_event_nll,ETS-U-Net EventNLL,2026,-369.99999999999943,0.36934122144657167,seed,
ets_unet_event_nll,ETS-U-Net EventNLL,2026,-359.99999999999943,0.37261163602224456,seed,
ets_unet_event_nll,ETS-U-Net EventNLL,2026,-349.99999999999943,0.37698781374319307,seed,
ets_unet_event_nll,ETS-U-Net EventNLL,2026,-339.99999999999943,0.38709167722873683,seed,
ets_unet_event_nll,ETS-U-Net EventNLL,2026,-329.99999999999943,0.41028541411371716,seed,
ets_unet_event_nll,ETS-U-Net EventNLL,2026,-319.9999999999994,0.4221424626166256,seed,
ets_unet_event_nll,ETS-U-Net EventNLL,2026,-309.9999999999994,0.4184470957177066,seed,
ets_unet_event_nll,ETS-U-Net EventNLL,2026,-299.9999999999994,0.42130852234883553,seed,
ets_unet_event_nll,ETS-U-Net EventNLL,2026,-289.9999999999994,0.43221162812905023,seed,
ets_unet_event_nll,ETS-U-Net EventNLL,2026,-279.9999999999994,0.4471395635792075,seed,
ets_unet_event_nll,ETS-U-Net EventNLL,2026,-269.9999999999994,0.4720960174128589,seed,
ets_unet_event_nll,ETS-U-Net EventNLL,2026,-259.9999999999993,0.5030682774412836,seed,
ets_unet_event_nll,ETS-U-Net EventNLL,2026,-249.99999999999935,0.5327874210982576,seed,
ets_unet_event_nll,ETS-U-Net EventNLL,2026,-239.99999999999932,0.5494853554242082,seed,
ets_unet_event_nll,ETS-U-Net EventNLL,2026,-229.99999999999932,0.5646167578785343,seed,
ets_unet_event_nll,ETS-U-Net EventNLL,2026,-219.99999999999932,0.5801935304223943,seed,
ets_unet_event_nll,ETS-U-Net EventNLL,2026,-209.9999999999993,0.604905323686308,seed,
ets_unet_event_nll,ETS-U-Net EventNLL,2026,-199.9999999999993,0.6398606404972517,seed,
ets_unet_event_nll,ETS-U-Net EventNLL,2026,-189.9999999999993,0.6837298941027382,seed,
ets_unet_event_nll,ETS-U-Net EventNLL,2026,-179.99999999999926,0.7311110775401307,seed,
ets_unet_event_nll,ETS-U-Net EventNLL,2026,-169.99999999999926,0.785518439013106,seed,
ets_unet_event_nll,ETS-U-Net EventNLL,2026,-159.99999999999926,0.8538314660204884,seed,
ets_unet_event_nll,ETS-U-Net EventNLL,2026,-149.99999999999923,0.9279366544121587,seed,
ets_unet_event_nll,ETS-U-Net EventNLL,2026,-139.99999999999923,1.0200267092342548,seed,
ets_unet_event_nll,ETS-U-Net EventNLL,2026,-129.99999999999923,1.1289696499571913,seed,
ets_unet_event_nll,ETS-U-Net EventNLL,2026,-119.99999999999922,1.254578616918045,seed,
ets_unet_event_nll,ETS-U-Net EventNLL,2026,-109.9999999999992,1.376894512016653,seed,
ets_unet_event_nll,ETS-U-Net EventNLL,2026,-99.9999999999992,1.5013645013263484,seed,
ets_unet_event_nll,ETS-U-Net EventNLL,2026,-89.99999999999919,1.6170772038113468,seed,
ets_unet_event_nll,ETS-U-Net EventNLL,2026,-79.99999999999918,1.7269702434253325,seed,
ets_unet_event_nll,ETS-U-Net EventNLL,2026,-69.99999999999918,1.8232458734205532,seed,
ets_unet_event_nll,ETS-U-Net EventNLL,2026,-59.99999999999916,1.9310774558132293,seed,
ets_unet_event_nll,ETS-U-Net EventNLL,2026,-49.999999999999154,2.0263757445715016,seed,
ets_unet_event_nll,ETS-U-Net EventNLL,2026,-39.99999999999915,2.1246980163613975,seed,
ets_unet_event_nll,ETS-U-Net EventNLL,2026,-29.99999999999914,2.2337839753537705,seed,
ets_unet_event_nll,ETS-U-Net EventNLL,2026,-19.99999999999913,2.347621025642622,seed,
ets_unet_event_nll,ETS-U-Net EventNLL,2026,-9.99999999999912,2.393516750596706,seed,
ets_unet_event_nll,ETS-U-Net EventNLL,2026,8.881784197001252e-13,2.378389536461349,seed,
ets_unet_event_nll,ETS-U-Net EventNLL,2026,10.000000000000897,2.3027434418056805,seed,
ets_unet_event_nll,ETS-U-Net EventNLL,2026,20.000000000000906,2.1721756064833486,seed,
ets_unet_event_nll,ETS-U-Net EventNLL,2026,30.000000000000917,2.0455931941681254,seed,
ets_unet_event_nll,ETS-U-Net EventNLL,2026,40.000000000000924,1.949144289033403,seed,
ets_unet_event_nll,ETS-U-Net EventNLL,2026,50.00000000000093,1.8420466802388824,seed,
ets_unet_event_nll,ETS-U-Net EventNLL,2026,60.00000000000094,1.6978467213346013,seed,
ets_unet_event_nll,ETS-U-Net EventNLL,2026,70.00000000000095,1.5423084001758869,seed,
ets_unet_event_nll,ETS-U-Net EventNLL,2026,80.00000000000097,1.4181893691824137,seed,
ets_unet_event_nll,ETS-U-Net EventNLL,2026,90.00000000000097,1.285217702601852,seed,
ets_unet_event_nll,ETS-U-Net EventNLL,2026,100.00000000000098,1.1360818781429816,seed,
ets_unet_event_nll,ETS-U-Net EventNLL,2026,110.00000000000098,1.0238279929467469,seed,
ets_unet_event_nll,ETS-U-Net EventNLL,2026,120.000000000001,0.9363728796305743,seed,
ets_unet_event_nll,ETS-U-Net EventNLL,2026,130.000000000001,0.8585602564795903,seed,
ets_unet_event_nll,ETS-U-Net EventNLL,2026,140.00000000000102,0.8124348103192608,seed,
ets_unet_event_nll,ETS-U-Net EventNLL,2026,150.00000000000102,0.7592256032391822,seed,
ets_unet_event_nll,ETS-U-Net EventNLL,2026,160.00000000000102,0.7157657094612407,seed,
ets_unet_event_nll,ETS-U-Net EventNLL,2026,170.00000000000105,0.6972911231143591,seed,
ets_unet_event_nll,ETS-U-Net EventNLL,2026,180.00000000000105,0.6757413943235944,seed,
ets_unet_event_nll,ETS-U-Net EventNLL,2026,190.00000000000105,0.645934407868606,seed,
ets_unet_event_nll,ETS-U-Net EventNLL,2026,200.00000000000108,0.6145336193870271,seed,
ets_unet_event_nll,ETS-U-Net EventNLL,2026,210.00000000000108,0.5948997814726217,seed,
ets_unet_event_nll,ETS-U-Net EventNLL,2026,220.00000000000108,0.5678613561943155,seed,
ets_unet_event_nll,ETS-U-Net EventNLL,2026,230.00000000000108,0.5392509618079648,seed,
ets_unet_event_nll,ETS-U-Net EventNLL,2026,240.0000000000011,0.5212142465091006,seed,
ets_unet_event_nll,ETS-U-Net EventNLL,2026,250.0000000000011,0.5187929039286805,seed,
ets_unet_event_nll,ETS-U-Net EventNLL,2026,260.00000000000114,0.5163418768275331,seed,
ets_unet_event_nll,ETS-U-Net EventNLL,2026,270.00000000000114,0.5071527496473519,seed,
ets_unet_event_nll,ETS-U-Net EventNLL,2026,280.00000000000114,0.4895991802939907,seed,
ets_unet_event_nll,ETS-U-Net EventNLL,2026,290.00000000000114,0.47263551582787205,seed,
ets_unet_event_nll,ETS-U-Net EventNLL,2026,300.00000000000114,0.4631744279977744,seed,
ets_unet_event_nll,ETS-U-Net EventNLL,2026,310.00000000000114,0.4646694605935297,seed,
ets_unet_event_nll,ETS-U-Net EventNLL,2026,320.0000000000012,0.456643548002309,seed,
ets_unet_event_nll,ETS-U-Net EventNLL,2026,330.0000000000012,0.44964304647367603,seed,
ets_unet_event_nll,ETS-U-Net EventNLL,2026,340.0000000000012,0.4412096705169317,seed,
ets_unet_event_nll,ETS-U-Net EventNLL,2026,350.0000000000012,0.4316293262027271,seed,
ets_unet_event_nll,ETS-U-Net EventNLL,2026,360.0000000000012,0.4268725429859939,seed,
ets_unet_event_nll,ETS-U-Net EventNLL,2026,370.0000000000012,0.4304849174440657,seed,
ets_unet_event_nll,ETS-U-Net EventNLL,2026,380.00000000000125,0.4354494040175718,seed,
ets_unet_event_nll,ETS-U-Net EventNLL,2026,390.00000000000125,0.44422709675711397,seed,
ets_unet_event_nll,ETS-U-Net EventNLL,2026,400.00000000000125,0.4474654726244077,seed,
ets_unet_event_nll,ETS-U-Net EventNLL,2026,410.00000000000125,0.43773961653091575,seed,
ets_unet_event_nll,ETS-U-Net EventNLL,2026,420.00000000000125,0.429572620496397,seed,
ets_unet_event_nll,ETS-U-Net EventNLL,2026,430.00000000000125,0.41666769794822206,seed,
ets_unet_event_nll,ETS-U-Net EventNLL,2026,440.00000000000125,0.400558067188745,seed,
ets_unet_event_nll,ETS-U-Net EventNLL,2026,450.0000000000013,0.3854664365353861,seed,
ets_unet_event_nll,ETS-U-Net EventNLL,2026,460.0000000000013,0.37541693610743604,seed,
ets_unet_event_nll,ETS-U-Net EventNLL,2026,470.0000000000013,0.3713801215930534,seed,
ets_unet_event_nll,ETS-U-Net EventNLL,2026,480.0000000000013,0.3770760945608369,seed,
ets_unet_event_nll,ETS-U-Net EventNLL,2026,490.0000000000013,0.3824833643119607,seed,
ets_unet_event_nll,ETS-U-Net EventNLL,2026,500.0000000000013,0.37043823403351606,seed,
ets_unet_event_nll,ETS-U-Net EventNLL,2026,510.00000000000136,0.357445017667041,seed,
ets_unet_event_nll,ETS-U-Net EventNLL,2026,520.0000000000014,0.344975083932045,seed,
ets_unet_event_nll,ETS-U-Net EventNLL,2026,530.0000000000014,0.33538233600969447,seed,
ets_unet_event_nll,ETS-U-Net EventNLL,2026,540.0000000000014,0.33234899824166053,seed,
ets_unet_event_nll,ETS-U-Net EventNLL,2026,550.0000000000014,0.3291860423310205,seed,
ets_unet_event_nll,ETS-U-Net EventNLL,2026,560.0000000000014,0.32533963925514137,seed,
ets_unet_event_nll,ETS-U-Net EventNLL,2026,570.0000000000014,0.3200003651954435,seed,
ets_unet_event_nll,ETS-U-Net EventNLL,2026,580.0000000000014,0.31169211680295156,seed,
ets_unet_event_nll,ETS-U-Net EventNLL,2026,590.0000000000014,0.31064164461280297,seed,
ets_unet_event_nll,ETS-U-Net EventNLL,2026,600.0000000000014,0.31301905126711677,seed,
ets_unet_event_nll,ETS-U-Net EventNLL,2026,610.0000000000015,0.3162423563189545,seed,
ets_unet_event_nll,ETS-U-Net EventNLL,2026,620.0000000000015,0.32282249810716895,seed,
ets_unet_event_nll,ETS-U-Net EventNLL,2026,630.0000000000015,0.3179759216507394,seed,
ets_unet_event_nll,ETS-U-Net EventNLL,2026,640.0000000000015,0.30797662304367807,seed,
ets_unet_event_nll,ETS-U-Net EventNLL,2026,650.0000000000015,0.30912438188886227,seed,
ets_unet_event_nll,ETS-U-Net EventNLL,2026,660.0000000000015,0.30923708940693556,seed,
ets_unet_event_nll,ETS-U-Net EventNLL,2026,670.0000000000015,0.3065529044327526,seed,
ets_unet_event_nll,ETS-U-Net EventNLL,2026,680.0000000000015,0.30470238182669246,seed,
ets_unet_event_nll,ETS-U-Net EventNLL,2026,690.0000000000015,0.2937343106140434,seed,
ets_unet_event_nll,ETS-U-Net EventNLL,2026,700.0000000000015,0.2794877440717502,seed,
ets_unet_event_nll,ETS-U-Net EventNLL,2026,710.0000000000015,0.2675196945776398,seed,
ets_unet_event_nll,ETS-U-Net EventNLL,2026,720.0000000000015,0.26237427787465345,seed,
ets_unet_event_nll,ETS-U-Net EventNLL,2026,730.0000000000016,0.26672510724686993,seed,
ets_unet_event_nll,ETS-U-Net EventNLL,2026,740.0000000000016,0.276866532684482,seed,
ets_unet_event_nll,ETS-U-Net EventNLL,2026,750.0000000000016,0.2763222467458034,seed,
ets_unet_event_nll,ETS-U-Net EventNLL,2026,760.0000000000016,0.2703421905079011,seed,
ets_unet_event_nll,ETS-U-Net EventNLL,2026,770.0000000000016,0.26550545603926334,seed,
ets_unet_event_nll,ETS-U-Net EventNLL,2026,780.0000000000016,0.2603590550294291,seed,
ets_unet_event_nll,ETS-U-Net EventNLL,2026,790.0000000000016,0.25788641661393363,seed,
ets_unet_event_nll,ETS-U-Net EventNLL,2026,800.0000000000016,0.25477791505185954,seed,
ets_unet_event_nll,ETS-U-Net EventNLL,2026,810.0000000000016,0.2547121873206971,seed,
ets_unet_event_nll,ETS-U-Net EventNLL,2026,820.0000000000016,0.2523194190752034,seed,
ets_unet_event_nll,ETS-U-Net EventNLL,2026,830.0000000000016,0.25016583449807367,seed,
ets_unet_event_nll,ETS-U-Net EventNLL,2026,840.0000000000016,0.25345218633926303,seed,
ets_unet_event_nll,ETS-U-Net EventNLL,2026,850.0000000000016,0.24431248379889414,seed,
ets_unet_event_nll,ETS-U-Net EventNLL,2026,860.0000000000017,0.23114775766978232,seed,
ets_unet_event_nll,ETS-U-Net EventNLL,2026,870.0000000000017,0.2292450748915254,seed,
ets_unet_event_nll,ETS-U-Net EventNLL,2026,880.0000000000017,0.23355803589918342,seed,
ets_unet_event_nll,ETS-U-Net EventNLL,2026,890.0000000000017,0.24255315343208692,seed,
ets_unet_event_nll,ETS-U-Net EventNLL,2026,900.0000000000017,0.2539433834960609,seed,
ets_unet_event_nll,ETS-U-Net EventNLL,2026,910.0000000000017,0.25635987921183656,seed,
ets_unet_event_nll,ETS-U-Net EventNLL,2026,920.0000000000017,0.256217969577823,seed,
ets_unet_event_nll,ETS-U-Net EventNLL,2026,930.0000000000017,0.2568115894218821,seed,
ets_unet_event_nll,ETS-U-Net EventNLL,2026,940.0000000000017,0.23840871859975357,seed,
ets_unet_event_nll,ETS-U-Net EventNLL,2026,950.0000000000017,0.23312803961030154,seed,
ets_unet_event_nll,ETS-U-Net EventNLL,2026,960.0000000000017,0.24731172225519346,seed,
ets_unet_event_nll,ETS-U-Net EventNLL,2026,970.0000000000017,0.2586353348775338,seed,
ets_unet_event_nll,ETS-U-Net EventNLL,2026,980.0000000000017,0.26772327522783584,seed,
ets_unet_event_nll,ETS-U-Net EventNLL,2026,990.0000000000018,0.2799618236511036,seed,
ets_unet_event_nll,ETS-U-Net EventNLL,2026,1000.0000000000018,0.27488073825333015,seed,
ets_unet_event_nll,ETS-U-Net EventNLL,2027,-1000.0,0.10422075556158576,seed,
ets_unet_event_nll,ETS-U-Net EventNLL,2027,-990.0,0.10625683259935643,seed,
ets_unet_event_nll,ETS-U-Net EventNLL,2027,-980.0,0.10661375975423655,seed,
ets_unet_event_nll,ETS-U-Net EventNLL,2027,-970.0,0.10700508544090838,seed,
ets_unet_event_nll,ETS-U-Net EventNLL,2027,-960.0,0.10791746349296312,seed,
ets_unet_event_nll,ETS-U-Net EventNLL,2027,-950.0,0.10906734541814844,seed,
ets_unet_event_nll,ETS-U-Net EventNLL,2027,-940.0,0.10907007388545699,seed,
ets_unet_event_nll,ETS-U-Net EventNLL,2027,-929.9999999999999,0.10683342308707662,seed,
ets_unet_event_nll,ETS-U-Net EventNLL,2027,-919.9999999999999,0.10729696286260515,seed,
ets_unet_event_nll,ETS-U-Net EventNLL,2027,-909.9999999999999,0.10914336774255137,seed,
ets_unet_event_nll,ETS-U-Net EventNLL,2027,-899.9999999999999,0.11166398330119759,seed,
ets_unet_event_nll,ETS-U-Net EventNLL,2027,-889.9999999999999,0.11706956754496561,seed,
ets_unet_event_nll,ETS-U-Net EventNLL,2027,-879.9999999999999,0.12262027280027879,seed,
ets_unet_event_nll,ETS-U-Net EventNLL,2027,-869.9999999999999,0.13046079199823213,seed,
ets_unet_event_nll,ETS-U-Net EventNLL,2027,-859.9999999999999,0.13871470793363416,seed,
ets_unet_event_nll,ETS-U-Net EventNLL,2027,-849.9999999999999,0.14168737566165074,seed,
ets_unet_event_nll,ETS-U-Net EventNLL,2027,-839.9999999999999,0.1411506770447765,seed,
ets_unet_event_nll,ETS-U-Net EventNLL,2027,-829.9999999999999,0.1380704153234297,seed,
ets_unet_event_nll,ETS-U-Net EventNLL,2027,-819.9999999999999,0.1351753387095744,seed,
ets_unet_event_nll,ETS-U-Net EventNLL,2027,-809.9999999999999,0.13533062812825625,seed,
ets_unet_event_nll,ETS-U-Net EventNLL,2027,-799.9999999999998,0.13607173342308798,seed,
ets_unet_event_nll,ETS-U-Net EventNLL,2027,-789.9999999999998,0.13637652155195157,seed,
ets_unet_event_nll,ETS-U-Net EventNLL,2027,-779.9999999999998,0.1378105482773417,seed,
ets_unet_event_nll,ETS-U-Net EventNLL,2027,-769.9999999999998,0.14360385935923892,seed,
ets_unet_event_nll,ETS-U-Net EventNLL,2027,-759.9999999999998,0.15095467843346175,seed,
ets_unet_event_nll,ETS-U-Net EventNLL,2027,-749.9999999999998,0.15505505819200896,seed,
ets_unet_event_nll,ETS-U-Net EventNLL,2027,-739.9999999999998,0.15980071437365773,seed,
ets_unet_event_nll,ETS-U-Net EventNLL,2027,-729.9999999999998,0.16718179726344218,seed,
ets_unet_event_nll,ETS-U-Net EventNLL,2027,-719.9999999999998,0.17495975779884548,seed,
ets_unet_event_nll,ETS-U-Net EventNLL,2027,-709.9999999999998,0.17969804762465144,seed,
ets_unet_event_nll,ETS-U-Net EventNLL,2027,-699.9999999999998,0.18651785715166933,seed,
ets_unet_event_nll,ETS-U-Net EventNLL,2027,-689.9999999999998,0.19104277645612852,seed,
ets_unet_event_nll,ETS-U-Net EventNLL,2027,-679.9999999999998,0.19603110563578055,seed,
ets_unet_event_nll,ETS-U-Net EventNLL,2027,-669.9999999999997,0.19958324185424964,seed,
ets_unet_event_nll,ETS-U-Net EventNLL,2027,-659.9999999999997,0.19911098737082714,seed,
ets_unet_event_nll,ETS-U-Net EventNLL,2027,-649.9999999999997,0.19833208037945105,seed,
ets_unet_event_nll,ETS-U-Net EventNLL,2027,-639.9999999999997,0.2014316851810264,seed,
ets_unet_event_nll,ETS-U-Net EventNLL,2027,-629.9999999999997,0.20846182021545231,seed,
ets_unet_event_nll,ETS-U-Net EventNLL,2027,-619.9999999999997,0.21708358298522124,seed,
ets_unet_event_nll,ETS-U-Net EventNLL,2027,-609.9999999999997,0.22536965480348203,seed,
ets_unet_event_nll,ETS-U-Net EventNLL,2027,-599.9999999999997,0.23297921543827166,seed,
ets_unet_event_nll,ETS-U-Net EventNLL,2027,-589.9999999999997,0.23729274076083792,seed,
ets_unet_event_nll,ETS-U-Net EventNLL,2027,-579.9999999999997,0.24668612362657047,seed,
ets_unet_event_nll,ETS-U-Net EventNLL,2027,-569.9999999999997,0.2551406578044359,seed,
ets_unet_event_nll,ETS-U-Net EventNLL,2027,-559.9999999999997,0.257518007399308,seed,
ets_unet_event_nll,ETS-U-Net EventNLL,2027,-549.9999999999995,0.2618045720062004,seed,
ets_unet_event_nll,ETS-U-Net EventNLL,2027,-539.9999999999995,0.26600567031474454,seed,
ets_unet_event_nll,ETS-U-Net EventNLL,2027,-529.9999999999995,0.2684215474194895,seed,
ets_unet_event_nll,ETS-U-Net EventNLL,2027,-519.9999999999995,0.27305336445135714,seed,
ets_unet_event_nll,ETS-U-Net EventNLL,2027,-509.99999999999955,0.2783283767261805,seed,
ets_unet_event_nll,ETS-U-Net EventNLL,2027,-499.99999999999955,0.2877242397754985,seed,
ets_unet_event_nll,ETS-U-Net EventNLL,2027,-489.99999999999955,0.30025218663148906,seed,
ets_unet_event_nll,ETS-U-Net EventNLL,2027,-479.99999999999955,0.3200590097276935,seed,
ets_unet_event_nll,ETS-U-Net EventNLL,2027,-469.99999999999955,0.33565259585935553,seed,
ets_unet_event_nll,ETS-U-Net EventNLL,2027,-459.99999999999955,0.3440445703487346,seed,
ets_unet_event_nll,ETS-U-Net EventNLL,2027,-449.9999999999995,0.35496668702583306,seed,
ets_unet_event_nll,ETS-U-Net EventNLL,2027,-439.9999999999995,0.36191942809365263,seed,
ets_unet_event_nll,ETS-U-Net EventNLL,2027,-429.9999999999995,0.3705881610597718,seed,
ets_unet_event_nll,ETS-U-Net EventNLL,2027,-419.9999999999995,0.376667333430497,seed,
ets_unet_event_nll,ETS-U-Net EventNLL,2027,-409.9999999999995,0.3796663472628655,seed,
ets_unet_event_nll,ETS-U-Net EventNLL,2027,-399.9999999999995,0.3868376803419885,seed,
ets_unet_event_nll,ETS-U-Net EventNLL,2027,-389.99999999999943,0.3951084493808057,seed,
ets_unet_event_nll,ETS-U-Net EventNLL,2027,-379.99999999999943,0.40419929582886444,seed,
ets_unet_event_nll,ETS-U-Net EventNLL,2027,-369.99999999999943,0.4127979181703406,seed,
ets_unet_event_nll,ETS-U-Net EventNLL,2027,-359.99999999999943,0.4178384988384798,seed,
ets_unet_event_nll,ETS-U-Net EventNLL,2027,-349.99999999999943,0.4188858286023689,seed,
ets_unet_event_nll,ETS-U-Net EventNLL,2027,-339.99999999999943,0.41734404862376334,seed,
ets_unet_event_nll,ETS-U-Net EventNLL,2027,-329.99999999999943,0.42073833825803486,seed,
ets_unet_event_nll,ETS-U-Net EventNLL,2027,-319.9999999999994,0.4293069167163995,seed,
ets_unet_event_nll,ETS-U-Net EventNLL,2027,-309.9999999999994,0.4388029612333613,seed,
ets_unet_event_nll,ETS-U-Net EventNLL,2027,-299.9999999999994,0.4485733321289573,seed,
ets_unet_event_nll,ETS-U-Net EventNLL,2027,-289.9999999999994,0.45402338184475394,seed,
ets_unet_event_nll,ETS-U-Net EventNLL,2027,-279.9999999999994,0.4603314386568549,seed,
ets_unet_event_nll,ETS-U-Net EventNLL,2027,-269.9999999999994,0.47198011485687036,seed,
ets_unet_event_nll,ETS-U-Net EventNLL,2027,-259.9999999999993,0.4954065972775655,seed,
ets_unet_event_nll,ETS-U-Net EventNLL,2027,-249.99999999999935,0.5146117649878864,seed,
ets_unet_event_nll,ETS-U-Net EventNLL,2027,-239.99999999999932,0.5262976992003917,seed,
ets_unet_event_nll,ETS-U-Net EventNLL,2027,-229.99999999999932,0.5417396340063064,seed,
ets_unet_event_nll,ETS-U-Net EventNLL,2027,-219.99999999999932,0.567036756426376,seed,
ets_unet_event_nll,ETS-U-Net EventNLL,2027,-209.9999999999993,0.6055225869347914,seed,
ets_unet_event_nll,ETS-U-Net EventNLL,2027,-199.9999999999993,0.6526344371690608,seed,
ets_unet_event_nll,ETS-U-Net EventNLL,2027,-189.9999999999993,0.7031347874427863,seed,
ets_unet_event_nll,ETS-U-Net EventNLL,2027,-179.99999999999926,0.7663138639114999,seed,
ets_unet_event_nll,ETS-U-Net EventNLL,2027,-169.99999999999926,0.8324903565362551,seed,
ets_unet_event_nll,ETS-U-Net EventNLL,2027,-159.99999999999926,0.9033226894875235,seed,
ets_unet_event_nll,ETS-U-Net EventNLL,2027,-149.99999999999923,0.9760848000485199,seed,
ets_unet_event_nll,ETS-U-Net EventNLL,2027,-139.99999999999923,1.0573890780362871,seed,
ets_unet_event_nll,ETS-U-Net EventNLL,2027,-129.99999999999923,1.138787310227656,seed,
ets_unet_event_nll,ETS-U-Net EventNLL,2027,-119.99999999999922,1.236226537995245,seed,
ets_unet_event_nll,ETS-U-Net EventNLL,2027,-109.9999999999992,1.374602597106674,seed,
ets_unet_event_nll,ETS-U-Net EventNLL,2027,-99.9999999999992,1.5308820045034053,seed,
ets_unet_event_nll,ETS-U-Net EventNLL,2027,-89.99999999999919,1.6812129150266037,seed,
ets_unet_event_nll,ETS-U-Net EventNLL,2027,-79.99999999999918,1.830018568731426,seed,
ets_unet_event_nll,ETS-U-Net EventNLL,2027,-69.99999999999918,1.973538323998056,seed,
ets_unet_event_nll,ETS-U-Net EventNLL,2027,-59.99999999999916,2.0851667979749786,seed,
ets_unet_event_nll,ETS-U-Net EventNLL,2027,-49.999999999999154,2.151375544604378,seed,
ets_unet_event_nll,ETS-U-Net EventNLL,2027,-39.99999999999915,2.20282542272711,seed,
ets_unet_event_nll,ETS-U-Net EventNLL,2027,-29.99999999999914,2.261228174662324,seed,
ets_unet_event_nll,ETS-U-Net EventNLL,2027,-19.99999999999913,2.3028231903075347,seed,
ets_unet_event_nll,ETS-U-Net EventNLL,2027,-9.99999999999912,2.3069548727469353,seed,
ets_unet_event_nll,ETS-U-Net EventNLL,2027,8.881784197001252e-13,2.264265592350723,seed,
ets_unet_event_nll,ETS-U-Net EventNLL,2027,10.000000000000897,2.2021803817419427,seed,
ets_unet_event_nll,ETS-U-Net EventNLL,2027,20.000000000000906,2.1310326002751987,seed,
ets_unet_event_nll,ETS-U-Net EventNLL,2027,30.000000000000917,2.0438794076108615,seed,
ets_unet_event_nll,ETS-U-Net EventNLL,2027,40.000000000000924,1.9536363697467183,seed,
ets_unet_event_nll,ETS-U-Net EventNLL,2027,50.00000000000093,1.831201742105534,seed,
ets_unet_event_nll,ETS-U-Net EventNLL,2027,60.00000000000094,1.6834408333079147,seed,
ets_unet_event_nll,ETS-U-Net EventNLL,2027,70.00000000000095,1.5337143797458022,seed,
ets_unet_event_nll,ETS-U-Net EventNLL,2027,80.00000000000097,1.4174107310669382,seed,
ets_unet_event_nll,ETS-U-Net EventNLL,2027,90.00000000000097,1.3170224401398194,seed,
ets_unet_event_nll,ETS-U-Net EventNLL,2027,100.00000000000098,1.224945722020931,seed,
ets_unet_event_nll,ETS-U-Net EventNLL,2027,110.00000000000098,1.1224357205580502,seed,
ets_unet_event_nll,ETS-U-Net EventNLL,2027,120.000000000001,1.025680497066874,seed,
ets_unet_event_nll,ETS-U-Net EventNLL,2027,130.000000000001,0.9300700479523304,seed,
ets_unet_event_nll,ETS-U-Net EventNLL,2027,140.00000000000102,0.8509609840036717,seed,
ets_unet_event_nll,ETS-U-Net EventNLL,2027,150.00000000000102,0.7960295547190592,seed,
ets_unet_event_nll,ETS-U-Net EventNLL,2027,160.00000000000102,0.7479778013904747,seed,
ets_unet_event_nll,ETS-U-Net EventNLL,2027,170.00000000000105,0.7061920343037424,seed,
ets_unet_event_nll,ETS-U-Net EventNLL,2027,180.00000000000105,0.6587871807662179,seed,
ets_unet_event_nll,ETS-U-Net EventNLL,2027,190.00000000000105,0.6165269184900067,seed,
ets_unet_event_nll,ETS-U-Net EventNLL,2027,200.00000000000108,0.5913735897408533,seed,
ets_unet_event_nll,ETS-U-Net EventNLL,2027,210.00000000000108,0.5744154395463336,seed,
ets_unet_event_nll,ETS-U-Net EventNLL,2027,220.00000000000108,0.5559023228654327,seed,
ets_unet_event_nll,ETS-U-Net EventNLL,2027,230.00000000000108,0.5340775073249957,seed,
ets_unet_event_nll,ETS-U-Net EventNLL,2027,240.0000000000011,0.5137872931682169,seed,
ets_unet_event_nll,ETS-U-Net EventNLL,2027,250.0000000000011,0.49436483611031073,seed,
ets_unet_event_nll,ETS-U-Net EventNLL,2027,260.00000000000114,0.4741187263696234,seed,
ets_unet_event_nll,ETS-U-Net EventNLL,2027,270.00000000000114,0.45601914958963913,seed,
ets_unet_event_nll,ETS-U-Net EventNLL,2027,280.00000000000114,0.4390489879448863,seed,
ets_unet_event_nll,ETS-U-Net EventNLL,2027,290.00000000000114,0.42767403023333295,seed,
ets_unet_event_nll,ETS-U-Net EventNLL,2027,300.00000000000114,0.41967165360990916,seed,
ets_unet_event_nll,ETS-U-Net EventNLL,2027,310.00000000000114,0.41697678383895664,seed,
ets_unet_event_nll,ETS-U-Net EventNLL,2027,320.0000000000012,0.4160406072756013,seed,
ets_unet_event_nll,ETS-U-Net EventNLL,2027,330.0000000000012,0.4120475245913072,seed,
ets_unet_event_nll,ETS-U-Net EventNLL,2027,340.0000000000012,0.40525341252631625,seed,
ets_unet_event_nll,ETS-U-Net EventNLL,2027,350.0000000000012,0.3984134715036397,seed,
ets_unet_event_nll,ETS-U-Net EventNLL,2027,360.0000000000012,0.3977376437449423,seed,
ets_unet_event_nll,ETS-U-Net EventNLL,2027,370.0000000000012,0.400868495354474,seed,
ets_unet_event_nll,ETS-U-Net EventNLL,2027,380.00000000000125,0.40319224865853637,seed,
ets_unet_event_nll,ETS-U-Net EventNLL,2027,390.00000000000125,0.398658534774886,seed,
ets_unet_event_nll,ETS-U-Net EventNLL,2027,400.00000000000125,0.392820242737558,seed,
ets_unet_event_nll,ETS-U-Net EventNLL,2027,410.00000000000125,0.3866555780514989,seed,
ets_unet_event_nll,ETS-U-Net EventNLL,2027,420.00000000000125,0.3867766383950086,seed,
ets_unet_event_nll,ETS-U-Net EventNLL,2027,430.00000000000125,0.3877474266606874,seed,
ets_unet_event_nll,ETS-U-Net EventNLL,2027,440.00000000000125,0.3869640482099451,seed,
ets_unet_event_nll,ETS-U-Net EventNLL,2027,450.0000000000013,0.3849580013173418,seed,
ets_unet_event_nll,ETS-U-Net EventNLL,2027,460.0000000000013,0.37774762959227476,seed,
ets_unet_event_nll,ETS-U-Net EventNLL,2027,470.0000000000013,0.3703818940712453,seed,
ets_unet_event_nll,ETS-U-Net EventNLL,2027,480.0000000000013,0.36160397464100297,seed,
ets_unet_event_nll,ETS-U-Net EventNLL,2027,490.0000000000013,0.3500995267636316,seed,
ets_unet_event_nll,ETS-U-Net EventNLL,2027,500.0000000000013,0.33787802114370946,seed,
ets_unet_event_nll,ETS-U-Net EventNLL,2027,510.00000000000136,0.3254647461486263,seed,
ets_unet_event_nll,ETS-U-Net EventNLL,2027,520.0000000000014,0.314185920883511,seed,
ets_unet_event_nll,ETS-U-Net EventNLL,2027,530.0000000000014,0.3081289580491144,seed,
ets_unet_event_nll,ETS-U-Net EventNLL,2027,540.0000000000014,0.3031592831710217,seed,
ets_unet_event_nll,ETS-U-Net EventNLL,2027,550.0000000000014,0.2996792879841068,seed,
ets_unet_event_nll,ETS-U-Net EventNLL,2027,560.0000000000014,0.29791346848326566,seed,
ets_unet_event_nll,ETS-U-Net EventNLL,2027,570.0000000000014,0.2951094690314276,seed,
ets_unet_event_nll,ETS-U-Net EventNLL,2027,580.0000000000014,0.2937699148520347,seed,
ets_unet_event_nll,ETS-U-Net EventNLL,2027,590.0000000000014,0.29522302785477367,seed,
ets_unet_event_nll,ETS-U-Net EventNLL,2027,600.0000000000014,0.2963137995003974,seed,
ets_unet_event_nll,ETS-U-Net EventNLL,2027,610.0000000000015,0.29431765929595677,seed,
ets_unet_event_nll,ETS-U-Net EventNLL,2027,620.0000000000015,0.2885903111692612,seed,
ets_unet_event_nll,ETS-U-Net EventNLL,2027,630.0000000000015,0.2860948143358692,seed,
ets_unet_event_nll,ETS-U-Net EventNLL,2027,640.0000000000015,0.2808714638766302,seed,
ets_unet_event_nll,ETS-U-Net EventNLL,2027,650.0000000000015,0.27515033838379216,seed,
ets_unet_event_nll,ETS-U-Net EventNLL,2027,660.0000000000015,0.27018728511459933,seed,
ets_unet_event_nll,ETS-U-Net EventNLL,2027,670.0000000000015,0.2643845663499448,seed,
ets_unet_event_nll,ETS-U-Net EventNLL,2027,680.0000000000015,0.2631052039618727,seed,
ets_unet_event_nll,ETS-U-Net EventNLL,2027,690.0000000000015,0.25933777397354807,seed,
ets_unet_event_nll,ETS-U-Net EventNLL,2027,700.0000000000015,0.255635102237315,seed,
ets_unet_event_nll,ETS-U-Net EventNLL,2027,710.0000000000015,0.25256803793027643,seed,
ets_unet_event_nll,ETS-U-Net EventNLL,2027,720.0000000000015,0.24568663190274728,seed,
ets_unet_event_nll,ETS-U-Net EventNLL,2027,730.0000000000016,0.24000023942580112,seed,
ets_unet_event_nll,ETS-U-Net EventNLL,2027,740.0000000000016,0.2367773424109993,seed,
ets_unet_event_nll,ETS-U-Net EventNLL,2027,750.0000000000016,0.23071416428377525,seed,
ets_unet_event_nll,ETS-U-Net EventNLL,2027,760.0000000000016,0.22537765045195446,seed,
ets_unet_event_nll,ETS-U-Net EventNLL,2027,770.0000000000016,0.2271320473964612,seed,
ets_unet_event_nll,ETS-U-Net EventNLL,2027,780.0000000000016,0.22643554728461576,seed,
ets_unet_event_nll,ETS-U-Net EventNLL,2027,790.0000000000016,0.22696710225375022,seed,
ets_unet_event_nll,ETS-U-Net EventNLL,2027,800.0000000000016,0.22585968028789447,seed,
ets_unet_event_nll,ETS-U-Net EventNLL,2027,810.0000000000016,0.2328455966317873,seed,
ets_unet_event_nll,ETS-U-Net EventNLL,2027,820.0000000000016,0.23538793893016846,seed,
ets_unet_event_nll,ETS-U-Net EventNLL,2027,830.0000000000016,0.23303782033879292,seed,
ets_unet_event_nll,ETS-U-Net EventNLL,2027,840.0000000000016,0.2314969008191403,seed,
ets_unet_event_nll,ETS-U-Net EventNLL,2027,850.0000000000016,0.23004806209235962,seed,
ets_unet_event_nll,ETS-U-Net EventNLL,2027,860.0000000000017,0.22967978440653275,seed,
ets_unet_event_nll,ETS-U-Net EventNLL,2027,870.0000000000017,0.2310752456301926,seed,
ets_unet_event_nll,ETS-U-Net EventNLL,2027,880.0000000000017,0.2319036868389709,seed,
ets_unet_event_nll,ETS-U-Net EventNLL,2027,890.0000000000017,0.2300077195581286,seed,
ets_unet_event_nll,ETS-U-Net EventNLL,2027,900.0000000000017,0.23192275716642655,seed,
ets_unet_event_nll,ETS-U-Net EventNLL,2027,910.0000000000017,0.2322863788656825,seed,
ets_unet_event_nll,ETS-U-Net EventNLL,2027,920.0000000000017,0.2304980669086799,seed,
ets_unet_event_nll,ETS-U-Net EventNLL,2027,930.0000000000017,0.22998612478581204,seed,
ets_unet_event_nll,ETS-U-Net EventNLL,2027,940.0000000000017,0.22624856624751952,seed,
ets_unet_event_nll,ETS-U-Net EventNLL,2027,950.0000000000017,0.22524026512275558,seed,
ets_unet_event_nll,ETS-U-Net EventNLL,2027,960.0000000000017,0.23440533357472998,seed,
ets_unet_event_nll,ETS-U-Net EventNLL,2027,970.0000000000017,0.24221490756629097,seed,
ets_unet_event_nll,ETS-U-Net EventNLL,2027,980.0000000000017,0.2436690547617419,seed,
ets_unet_event_nll,ETS-U-Net EventNLL,2027,990.0000000000018,0.25384556432817657,seed,
ets_unet_event_nll,ETS-U-Net EventNLL,2027,1000.0000000000018,0.2530944020822813,seed,
ets_unet_event_nll,ETS-U-Net EventNLL,2028,-1000.0,0.1231347733360928,seed,
ets_unet_event_nll,ETS-U-Net EventNLL,2028,-990.0,0.12670258241829435,seed,
ets_unet_event_nll,ETS-U-Net EventNLL,2028,-980.0,0.13003594462713972,seed,
ets_unet_event_nll,ETS-U-Net EventNLL,2028,-970.0,0.13271030293533034,seed,
ets_unet_event_nll,ETS-U-Net EventNLL,2028,-960.0,0.13379435585014346,seed,
ets_unet_event_nll,ETS-U-Net EventNLL,2028,-950.0,0.13270147079066397,seed,
ets_unet_event_nll,ETS-U-Net EventNLL,2028,-940.0,0.13136053662879082,seed,
ets_unet_event_nll,ETS-U-Net EventNLL,2028,-929.9999999999999,0.1305082065639771,seed,
ets_unet_event_nll,ETS-U-Net EventNLL,2028,-919.9999999999999,0.13135301068662458,seed,
ets_unet_event_nll,ETS-U-Net EventNLL,2028,-909.9999999999999,0.13286669745447025,seed,
ets_unet_event_nll,ETS-U-Net EventNLL,2028,-899.9999999999999,0.13504025731290262,seed,
ets_unet_event_nll,ETS-U-Net EventNLL,2028,-889.9999999999999,0.1402510989375851,seed,
ets_unet_event_nll,ETS-U-Net EventNLL,2028,-879.9999999999999,0.14492990371691414,seed,
ets_unet_event_nll,ETS-U-Net EventNLL,2028,-869.9999999999999,0.14980065537195322,seed,
ets_unet_event_nll,ETS-U-Net EventNLL,2028,-859.9999999999999,0.15338680679840017,seed,
ets_unet_event_nll,ETS-U-Net EventNLL,2028,-849.9999999999999,0.15345525709567917,seed,
ets_unet_event_nll,ETS-U-Net EventNLL,2028,-839.9999999999999,0.1530478915213438,seed,
ets_unet_event_nll,ETS-U-Net EventNLL,2028,-829.9999999999999,0.15412527651375113,seed,
ets_unet_event_nll,ETS-U-Net EventNLL,2028,-819.9999999999999,0.15662249662912386,seed,
ets_unet_event_nll,ETS-U-Net EventNLL,2028,-809.9999999999999,0.1576472620487196,seed,
ets_unet_event_nll,ETS-U-Net EventNLL,2028,-799.9999999999998,0.16009855693385944,seed,
ets_unet_event_nll,ETS-U-Net EventNLL,2028,-789.9999999999998,0.16091433857595924,seed,
ets_unet_event_nll,ETS-U-Net EventNLL,2028,-779.9999999999998,0.16081747835816929,seed,
ets_unet_event_nll,ETS-U-Net EventNLL,2028,-769.9999999999998,0.16053021632321127,seed,
ets_unet_event_nll,ETS-U-Net EventNLL,2028,-759.9999999999998,0.16005148564606514,seed,
ets_unet_event_nll,ETS-U-Net EventNLL,2028,-749.9999999999998,0.1621607346305562,seed,
ets_unet_event_nll,ETS-U-Net EventNLL,2028,-739.9999999999998,0.16582101950144973,seed,
ets_unet_event_nll,ETS-U-Net EventNLL,2028,-729.9999999999998,0.17201075919194933,seed,
ets_unet_event_nll,ETS-U-Net EventNLL,2028,-719.9999999999998,0.17919347948374975,seed,
ets_unet_event_nll,ETS-U-Net EventNLL,2028,-709.9999999999998,0.18484718835853786,seed,
ets_unet_event_nll,ETS-U-Net EventNLL,2028,-699.9999999999998,0.19663416689284186,seed,
ets_unet_event_nll,ETS-U-Net EventNLL,2028,-689.9999999999998,0.2064323305809334,seed,
ets_unet_event_nll,ETS-U-Net EventNLL,2028,-679.9999999999998,0.21309126574165344,seed,
ets_unet_event_nll,ETS-U-Net EventNLL,2028,-669.9999999999997,0.21956623753184187,seed,
ets_unet_event_nll,ETS-U-Net EventNLL,2028,-659.9999999999997,0.2220941940031423,seed,
ets_unet_event_nll,ETS-U-Net EventNLL,2028,-649.9999999999997,0.22249061732804506,seed,
ets_unet_event_nll,ETS-U-Net EventNLL,2028,-639.9999999999997,0.22136789872257762,seed,
ets_unet_event_nll,ETS-U-Net EventNLL,2028,-629.9999999999997,0.22130213870897494,seed,
ets_unet_event_nll,ETS-U-Net EventNLL,2028,-619.9999999999997,0.22964414719933612,seed,
ets_unet_event_nll,ETS-U-Net EventNLL,2028,-609.9999999999997,0.24083134400242132,seed,
ets_unet_event_nll,ETS-U-Net EventNLL,2028,-599.9999999999997,0.25039867199949883,seed,
ets_unet_event_nll,ETS-U-Net EventNLL,2028,-589.9999999999997,0.2535626151701062,seed,
ets_unet_event_nll,ETS-U-Net EventNLL,2028,-579.9999999999997,0.2509413194299288,seed,
ets_unet_event_nll,ETS-U-Net EventNLL,2028,-569.9999999999997,0.24841066642035145,seed,
ets_unet_event_nll,ETS-U-Net EventNLL,2028,-559.9999999999997,0.24910955481818894,seed,
ets_unet_event_nll,ETS-U-Net EventNLL,2028,-549.9999999999995,0.25683430250861444,seed,
ets_unet_event_nll,ETS-U-Net EventNLL,2028,-539.9999999999995,0.2671151713147059,seed,
ets_unet_event_nll,ETS-U-Net EventNLL,2028,-529.9999999999995,0.2767336283235158,seed,
ets_unet_event_nll,ETS-U-Net EventNLL,2028,-519.9999999999995,0.28316807275536354,seed,
ets_unet_event_nll,ETS-U-Net EventNLL,2028,-509.99999999999955,0.28632905788153057,seed,
ets_unet_event_nll,ETS-U-Net EventNLL,2028,-499.99999999999955,0.28992423513779925,seed,
ets_unet_event_nll,ETS-U-Net EventNLL,2028,-489.99999999999955,0.2938126728674296,seed,
ets_unet_event_nll,ETS-U-Net EventNLL,2028,-479.99999999999955,0.29647133741170406,seed,
ets_unet_event_nll,ETS-U-Net EventNLL,2028,-469.99999999999955,0.30356272082336383,seed,
ets_unet_event_nll,ETS-U-Net EventNLL,2028,-459.99999999999955,0.31076178886276956,seed,
ets_unet_event_nll,ETS-U-Net EventNLL,2028,-449.9999999999995,0.3169412797373522,seed,
ets_unet_event_nll,ETS-U-Net EventNLL,2028,-439.9999999999995,0.3242499962564707,seed,
ets_unet_event_nll,ETS-U-Net EventNLL,2028,-429.9999999999995,0.3331133182787537,seed,
ets_unet_event_nll,ETS-U-Net EventNLL,2028,-419.9999999999995,0.3397257145784537,seed,
ets_unet_event_nll,ETS-U-Net EventNLL,2028,-409.9999999999995,0.34563261947129337,seed,
ets_unet_event_nll,ETS-U-Net EventNLL,2028,-399.9999999999995,0.35314028219723465,seed,
ets_unet_event_nll,ETS-U-Net EventNLL,2028,-389.99999999999943,0.36114343868302134,seed,
ets_unet_event_nll,ETS-U-Net EventNLL,2028,-379.99999999999943,0.37006488184801556,seed,
ets_unet_event_nll,ETS-U-Net EventNLL,2028,-369.99999999999943,0.3713043413957987,seed,
ets_unet_event_nll,ETS-U-Net EventNLL,2028,-359.99999999999943,0.37325215551008667,seed,
ets_unet_event_nll,ETS-U-Net EventNLL,2028,-349.99999999999943,0.377718605404303,seed,
ets_unet_event_nll,ETS-U-Net EventNLL,2028,-339.99999999999943,0.3773110535425602,seed,
ets_unet_event_nll,ETS-U-Net EventNLL,2028,-329.99999999999943,0.37844403441610996,seed,
ets_unet_event_nll,ETS-U-Net EventNLL,2028,-319.9999999999994,0.3817111699958057,seed,
ets_unet_event_nll,ETS-U-Net EventNLL,2028,-309.9999999999994,0.3895169709604744,seed,
ets_unet_event_nll,ETS-U-Net EventNLL,2028,-299.9999999999994,0.40760881285150713,seed,
ets_unet_event_nll,ETS-U-Net EventNLL,2028,-289.9999999999994,0.42906506298806074,seed,
ets_unet_event_nll,ETS-U-Net EventNLL,2028,-279.9999999999994,0.44883496316478594,seed,
ets_unet_event_nll,ETS-U-Net EventNLL,2028,-269.9999999999994,0.461528644765816,seed,
ets_unet_event_nll,ETS-U-Net EventNLL,2028,-259.9999999999993,0.47662855350011324,seed,
ets_unet_event_nll,ETS-U-Net EventNLL,2028,-249.99999999999935,0.49372565414316416,seed,
ets_unet_event_nll,ETS-U-Net EventNLL,2028,-239.99999999999932,0.5144777354967558,seed,
ets_unet_event_nll,ETS-U-Net EventNLL,2028,-229.99999999999932,0.533902565722071,seed,
ets_unet_event_nll,ETS-U-Net EventNLL,2028,-219.99999999999932,0.5601074046775952,seed,
ets_unet_event_nll,ETS-U-Net EventNLL,2028,-209.9999999999993,0.5956273622824075,seed,
ets_unet_event_nll,ETS-U-Net EventNLL,2028,-199.9999999999993,0.6418566820303273,seed,
ets_unet_event_nll,ETS-U-Net EventNLL,2028,-189.9999999999993,0.696794050590603,seed,
ets_unet_event_nll,ETS-U-Net EventNLL,2028,-179.99999999999926,0.7670750367677464,seed,
ets_unet_event_nll,ETS-U-Net EventNLL,2028,-169.99999999999926,0.8450955512607811,seed,
ets_unet_event_nll,ETS-U-Net EventNLL,2028,-159.99999999999926,0.9224367736690855,seed,
ets_unet_event_nll,ETS-U-Net EventNLL,2028,-149.99999999999923,1.0058746291141822,seed,
ets_unet_event_nll,ETS-U-Net EventNLL,2028,-139.99999999999923,1.092135951144706,seed,
ets_unet_event_nll,ETS-U-Net EventNLL,2028,-129.99999999999923,1.1893130451872171,seed,
ets_unet_event_nll,ETS-U-Net EventNLL,2028,-119.99999999999922,1.3165793103144372,seed,
ets_unet_event_nll,ETS-U-Net EventNLL,2028,-109.9999999999992,1.4609794058915562,seed,
ets_unet_event_nll,ETS-U-Net EventNLL,2028,-99.9999999999992,1.6077560301598899,seed,
ets_unet_event_nll,ETS-U-Net EventNLL,2028,-89.99999999999919,1.7535141747187184,seed,
ets_unet_event_nll,ETS-U-Net EventNLL,2028,-79.99999999999918,1.8681768015239086,seed,
ets_unet_event_nll,ETS-U-Net EventNLL,2028,-69.99999999999918,1.9840036510729444,seed,
ets_unet_event_nll,ETS-U-Net EventNLL,2028,-59.99999999999916,2.099471465520761,seed,
ets_unet_event_nll,ETS-U-Net EventNLL,2028,-49.999999999999154,2.1705848642436902,seed,
ets_unet_event_nll,ETS-U-Net EventNLL,2028,-39.99999999999915,2.2150199549508502,seed,
ets_unet_event_nll,ETS-U-Net EventNLL,2028,-29.99999999999914,2.247189672072139,seed,
ets_unet_event_nll,ETS-U-Net EventNLL,2028,-19.99999999999913,2.266190439072213,seed,
ets_unet_event_nll,ETS-U-Net EventNLL,2028,-9.99999999999912,2.246766261411264,seed,
ets_unet_event_nll,ETS-U-Net EventNLL,2028,8.881784197001252e-13,2.2408410639043055,seed,
ets_unet_event_nll,ETS-U-Net EventNLL,2028,10.000000000000897,2.2041987053990644,seed,
ets_unet_event_nll,ETS-U-Net EventNLL,2028,20.000000000000906,2.139807143513903,seed,
ets_unet_event_nll,ETS-U-Net EventNLL,2028,30.000000000000917,2.042722620373755,seed,
ets_unet_event_nll,ETS-U-Net EventNLL,2028,40.000000000000924,1.9274336648232537,seed,
ets_unet_event_nll,ETS-U-Net EventNLL,2028,50.00000000000093,1.7800186302709244,seed,
ets_unet_event_nll,ETS-U-Net EventNLL,2028,60.00000000000094,1.6076131910658356,seed,
ets_unet_event_nll,ETS-U-Net EventNLL,2028,70.00000000000095,1.4529770021978083,seed,
ets_unet_event_nll,ETS-U-Net EventNLL,2028,80.00000000000097,1.3323102548256094,seed,
ets_unet_event_nll,ETS-U-Net EventNLL,2028,90.00000000000097,1.2185109073437776,seed,
ets_unet_event_nll,ETS-U-Net EventNLL,2028,100.00000000000098,1.1103662888300545,seed,
ets_unet_event_nll,ETS-U-Net EventNLL,2028,110.00000000000098,1.0171516235732991,seed,
ets_unet_event_nll,ETS-U-Net EventNLL,2028,120.000000000001,0.9430380895275249,seed,
ets_unet_event_nll,ETS-U-Net EventNLL,2028,130.000000000001,0.8677798129070222,seed,
ets_unet_event_nll,ETS-U-Net EventNLL,2028,140.00000000000102,0.8074940514995328,seed,
ets_unet_event_nll,ETS-U-Net EventNLL,2028,150.00000000000102,0.7564163564457124,seed,
ets_unet_event_nll,ETS-U-Net EventNLL,2028,160.00000000000102,0.712047858703798,seed,
ets_unet_event_nll,ETS-U-Net EventNLL,2028,170.00000000000105,0.6820375456419814,seed,
ets_unet_event_nll,ETS-U-Net EventNLL,2028,180.00000000000105,0.6630055834162203,seed,
ets_unet_event_nll,ETS-U-Net EventNLL,2028,190.00000000000105,0.6367815387128922,seed,
ets_unet_event_nll,ETS-U-Net EventNLL,2028,200.00000000000108,0.6074889208674447,seed,
ets_unet_event_nll,ETS-U-Net EventNLL,2028,210.00000000000108,0.5766215676927815,seed,
ets_unet_event_nll,ETS-U-Net EventNLL,2028,220.00000000000108,0.5447581637133332,seed,
ets_unet_event_nll,ETS-U-Net EventNLL,2028,230.00000000000108,0.5187715578031926,seed,
ets_unet_event_nll,ETS-U-Net EventNLL,2028,240.0000000000011,0.5000842617274254,seed,
ets_unet_event_nll,ETS-U-Net EventNLL,2028,250.0000000000011,0.49085915239520767,seed,
ets_unet_event_nll,ETS-U-Net EventNLL,2028,260.00000000000114,0.48437965675140565,seed,
ets_unet_event_nll,ETS-U-Net EventNLL,2028,270.00000000000114,0.4743933242320308,seed,
ets_unet_event_nll,ETS-U-Net EventNLL,2028,280.00000000000114,0.4701816204831718,seed,
ets_unet_event_nll,ETS-U-Net EventNLL,2028,290.00000000000114,0.4607725109854312,seed,
ets_unet_event_nll,ETS-U-Net EventNLL,2028,300.00000000000114,0.4503875608238238,seed,
ets_unet_event_nll,ETS-U-Net EventNLL,2028,310.00000000000114,0.44446262340491194,seed,
ets_unet_event_nll,ETS-U-Net EventNLL,2028,320.0000000000012,0.4414628393806128,seed,
ets_unet_event_nll,ETS-U-Net EventNLL,2028,330.0000000000012,0.43633385589791696,seed,
ets_unet_event_nll,ETS-U-Net EventNLL,2028,340.0000000000012,0.43084788377845756,seed,
ets_unet_event_nll,ETS-U-Net EventNLL,2028,350.0000000000012,0.4216697712105104,seed,
ets_unet_event_nll,ETS-U-Net EventNLL,2028,360.0000000000012,0.41573287076581467,seed,
ets_unet_event_nll,ETS-U-Net EventNLL,2028,370.0000000000012,0.41120592063058853,seed,
ets_unet_event_nll,ETS-U-Net EventNLL,2028,380.00000000000125,0.4016317917004092,seed,
ets_unet_event_nll,ETS-U-Net EventNLL,2028,390.00000000000125,0.39495986504068503,seed,
ets_unet_event_nll,ETS-U-Net EventNLL,2028,400.00000000000125,0.3866489392634818,seed,
ets_unet_event_nll,ETS-U-Net EventNLL,2028,410.00000000000125,0.3751783400554468,seed,
ets_unet_event_nll,ETS-U-Net EventNLL,2028,420.00000000000125,0.36479026185875935,seed,
ets_unet_event_nll,ETS-U-Net EventNLL,2028,430.00000000000125,0.35948967937121085,seed,
ets_unet_event_nll,ETS-U-Net EventNLL,2028,440.00000000000125,0.3572901798644716,seed,
ets_unet_event_nll,ETS-U-Net EventNLL,2028,450.0000000000013,0.3560463790680333,seed,
ets_unet_event_nll,ETS-U-Net EventNLL,2028,460.0000000000013,0.35454034528596917,seed,
ets_unet_event_nll,ETS-U-Net EventNLL,2028,470.0000000000013,0.34891863770224496,seed,
ets_unet_event_nll,ETS-U-Net EventNLL,2028,480.0000000000013,0.33983429350245686,seed,
ets_unet_event_nll,ETS-U-Net EventNLL,2028,490.0000000000013,0.336788738893862,seed,
ets_unet_event_nll,ETS-U-Net EventNLL,2028,500.0000000000013,0.33156682175753377,seed,
ets_unet_event_nll,ETS-U-Net EventNLL,2028,510.00000000000136,0.3311566765985227,seed,
ets_unet_event_nll,ETS-U-Net EventNLL,2028,520.0000000000014,0.3299207637579735,seed,
ets_unet_event_nll,ETS-U-Net EventNLL,2028,530.0000000000014,0.32903322685404024,seed,
ets_unet_event_nll,ETS-U-Net EventNLL,2028,540.0000000000014,0.32083242378137206,seed,
ets_unet_event_nll,ETS-U-Net EventNLL,2028,550.0000000000014,0.30984937513329375,seed,
ets_unet_event_nll,ETS-U-Net EventNLL,2028,560.0000000000014,0.3030858131524837,seed,
ets_unet_event_nll,ETS-U-Net EventNLL,2028,570.0000000000014,0.299055978937637,seed,
ets_unet_event_nll,ETS-U-Net EventNLL,2028,580.0000000000014,0.30122102106942983,seed,
ets_unet_event_nll,ETS-U-Net EventNLL,2028,590.0000000000014,0.2998922700243705,seed,
ets_unet_event_nll,ETS-U-Net EventNLL,2028,600.0000000000014,0.2950699876409107,seed,
ets_unet_event_nll,ETS-U-Net EventNLL,2028,610.0000000000015,0.2909046036917556,seed,
ets_unet_event_nll,ETS-U-Net EventNLL,2028,620.0000000000015,0.2878855356840374,seed,
ets_unet_event_nll,ETS-U-Net EventNLL,2028,630.0000000000015,0.2853222955588001,seed,
ets_unet_event_nll,ETS-U-Net EventNLL,2028,640.0000000000015,0.2821738613356551,seed,
ets_unet_event_nll,ETS-U-Net EventNLL,2028,650.0000000000015,0.2782663477275026,seed,
ets_unet_event_nll,ETS-U-Net EventNLL,2028,660.0000000000015,0.2716497163363103,seed,
ets_unet_event_nll,ETS-U-Net EventNLL,2028,670.0000000000015,0.26360982230584473,seed,
ets_unet_event_nll,ETS-U-Net EventNLL,2028,680.0000000000015,0.2597785464281525,seed,
ets_unet_event_nll,ETS-U-Net EventNLL,2028,690.0000000000015,0.2554523665540552,seed,
ets_unet_event_nll,ETS-U-Net EventNLL,2028,700.0000000000015,0.24949714857467611,seed,
ets_unet_event_nll,ETS-U-Net EventNLL,2028,710.0000000000015,0.2480000716144532,seed,
ets_unet_event_nll,ETS-U-Net EventNLL,2028,720.0000000000015,0.24472353242547829,seed,
ets_unet_event_nll,ETS-U-Net EventNLL,2028,730.0000000000016,0.24517316712201837,seed,
ets_unet_event_nll,ETS-U-Net EventNLL,2028,740.0000000000016,0.24565850602803596,seed,
ets_unet_event_nll,ETS-U-Net EventNLL,2028,750.0000000000016,0.244773796511564,seed,
ets_unet_event_nll,ETS-U-Net EventNLL,2028,760.0000000000016,0.24407299077479058,seed,
ets_unet_event_nll,ETS-U-Net EventNLL,2028,770.0000000000016,0.2431111101410635,seed,
ets_unet_event_nll,ETS-U-Net EventNLL,2028,780.0000000000016,0.24037097242427513,seed,
ets_unet_event_nll,ETS-U-Net EventNLL,2028,790.0000000000016,0.2379239298716828,seed,
ets_unet_event_nll,ETS-U-Net EventNLL,2028,800.0000000000016,0.23327367413743166,seed,
ets_unet_event_nll,ETS-U-Net EventNLL,2028,810.0000000000016,0.23080501191256533,seed,
ets_unet_event_nll,ETS-U-Net EventNLL,2028,820.0000000000016,0.226592623475303,seed,
ets_unet_event_nll,ETS-U-Net EventNLL,2028,830.0000000000016,0.22248079552010228,seed,
ets_unet_event_nll,ETS-U-Net EventNLL,2028,840.0000000000016,0.22507392922266575,seed,
ets_unet_event_nll,ETS-U-Net EventNLL,2028,850.0000000000016,0.225218904313656,seed,
ets_unet_event_nll,ETS-U-Net EventNLL,2028,860.0000000000017,0.23091395058048467,seed,
ets_unet_event_nll,ETS-U-Net EventNLL,2028,870.0000000000017,0.23943217307358744,seed,
ets_unet_event_nll,ETS-U-Net EventNLL,2028,880.0000000000017,0.2453954823051158,seed,
ets_unet_event_nll,ETS-U-Net EventNLL,2028,890.0000000000017,0.244398192808799,seed,
ets_unet_event_nll,ETS-U-Net EventNLL,2028,900.0000000000017,0.2435268263760082,seed,
ets_unet_event_nll,ETS-U-Net EventNLL,2028,910.0000000000017,0.24222506723060158,seed,
ets_unet_event_nll,ETS-U-Net EventNLL,2028,920.0000000000017,0.2452011654861325,seed,
ets_unet_event_nll,ETS-U-Net EventNLL,2028,930.0000000000017,0.24412041563776427,seed,
ets_unet_event_nll,ETS-U-Net EventNLL,2028,940.0000000000017,0.2383254260775112,seed,
ets_unet_event_nll,ETS-U-Net EventNLL,2028,950.0000000000017,0.24200029289227074,seed,
ets_unet_event_nll,ETS-U-Net EventNLL,2028,960.0000000000017,0.24912340478919492,seed,
ets_unet_event_nll,ETS-U-Net EventNLL,2028,970.0000000000017,0.25437868629655047,seed,
ets_unet_event_nll,ETS-U-Net EventNLL,2028,980.0000000000017,0.25542111081129965,seed,
ets_unet_event_nll,ETS-U-Net EventNLL,2028,990.0000000000018,0.26133706355600217,seed,
ets_unet_event_nll,ETS-U-Net EventNLL,2028,1000.0000000000018,0.26584874532991937,seed,
ets_unet_event_nll,ETS-U-Net EventNLL,2029,-1000.0,0.11454118321959016,seed,
ets_unet_event_nll,ETS-U-Net EventNLL,2029,-990.0,0.11930127861068014,seed,
ets_unet_event_nll,ETS-U-Net EventNLL,2029,-980.0,0.12269990296815664,seed,
ets_unet_event_nll,ETS-U-Net EventNLL,2029,-970.0,0.12969743503100023,seed,
ets_unet_event_nll,ETS-U-Net EventNLL,2029,-960.0,0.1315352223524506,seed,
ets_unet_event_nll,ETS-U-Net EventNLL,2029,-950.0,0.12908614788962613,seed,
ets_unet_event_nll,ETS-U-Net EventNLL,2029,-940.0,0.1291687868256373,seed,
ets_unet_event_nll,ETS-U-Net EventNLL,2029,-929.9999999999999,0.12528310831025452,seed,
ets_unet_event_nll,ETS-U-Net EventNLL,2029,-919.9999999999999,0.12554153599069606,seed,
ets_unet_event_nll,ETS-U-Net EventNLL,2029,-909.9999999999999,0.13171846141778148,seed,
ets_unet_event_nll,ETS-U-Net EventNLL,2029,-899.9999999999999,0.1352075078317025,seed,
ets_unet_event_nll,ETS-U-Net EventNLL,2029,-889.9999999999999,0.1358889844294263,seed,
ets_unet_event_nll,ETS-U-Net EventNLL,2029,-879.9999999999999,0.13278961822935761,seed,
ets_unet_event_nll,ETS-U-Net EventNLL,2029,-869.9999999999999,0.13832751709887928,seed,
ets_unet_event_nll,ETS-U-Net EventNLL,2029,-859.9999999999999,0.14359045684344207,seed,
ets_unet_event_nll,ETS-U-Net EventNLL,2029,-849.9999999999999,0.14971860106084262,seed,
ets_unet_event_nll,ETS-U-Net EventNLL,2029,-839.9999999999999,0.1566345168043517,seed,
ets_unet_event_nll,ETS-U-Net EventNLL,2029,-829.9999999999999,0.1602446204122721,seed,
ets_unet_event_nll,ETS-U-Net EventNLL,2029,-819.9999999999999,0.16068364256005213,seed,
ets_unet_event_nll,ETS-U-Net EventNLL,2029,-809.9999999999999,0.15657623058953773,seed,
ets_unet_event_nll,ETS-U-Net EventNLL,2029,-799.9999999999998,0.15375068642271097,seed,
ets_unet_event_nll,ETS-U-Net EventNLL,2029,-789.9999999999998,0.15904017212956728,seed,
ets_unet_event_nll,ETS-U-Net EventNLL,2029,-779.9999999999998,0.16330509529046866,seed,
ets_unet_event_nll,ETS-U-Net EventNLL,2029,-769.9999999999998,0.16736524201808456,seed,
ets_unet_event_nll,ETS-U-Net EventNLL,2029,-759.9999999999998,0.17002525050432385,seed,
ets_unet_event_nll,ETS-U-Net EventNLL,2029,-749.9999999999998,0.16995668708669043,seed,
ets_unet_event_nll,ETS-U-Net EventNLL,2029,-739.9999999999998,0.16785133979452838,seed,
ets_unet_event_nll,ETS-U-Net EventNLL,2029,-729.9999999999998,0.16808978011900494,seed,
ets_unet_event_nll,ETS-U-Net EventNLL,2029,-719.9999999999998,0.17238048911334095,seed,
ets_unet_event_nll,ETS-U-Net EventNLL,2029,-709.9999999999998,0.18138947878849546,seed,
ets_unet_event_nll,ETS-U-Net EventNLL,2029,-699.9999999999998,0.19014646236143026,seed,
ets_unet_event_nll,ETS-U-Net EventNLL,2029,-689.9999999999998,0.1970736598848602,seed,
ets_unet_event_nll,ETS-U-Net EventNLL,2029,-679.9999999999998,0.20880136321626266,seed,
ets_unet_event_nll,ETS-U-Net EventNLL,2029,-669.9999999999997,0.21802260264750312,seed,
ets_unet_event_nll,ETS-U-Net EventNLL,2029,-659.9999999999997,0.2193511761740878,seed,
ets_unet_event_nll,ETS-U-Net EventNLL,2029,-649.9999999999997,0.21550469379289358,seed,
ets_unet_event_nll,ETS-U-Net EventNLL,2029,-639.9999999999997,0.216433126529528,seed,
ets_unet_event_nll,ETS-U-Net EventNLL,2029,-629.9999999999997,0.22109047105081459,seed,
ets_unet_event_nll,ETS-U-Net EventNLL,2029,-619.9999999999997,0.22813465012703002,seed,
ets_unet_event_nll,ETS-U-Net EventNLL,2029,-609.9999999999997,0.2315542942193001,seed,
ets_unet_event_nll,ETS-U-Net EventNLL,2029,-599.9999999999997,0.23231961958186,seed,
ets_unet_event_nll,ETS-U-Net EventNLL,2029,-589.9999999999997,0.23634968216708857,seed,
ets_unet_event_nll,ETS-U-Net EventNLL,2029,-579.9999999999997,0.24141460355747346,seed,
ets_unet_event_nll,ETS-U-Net EventNLL,2029,-569.9999999999997,0.24312116735921474,seed,
ets_unet_event_nll,ETS-U-Net EventNLL,2029,-559.9999999999997,0.2414661799328327,seed,
ets_unet_event_nll,ETS-U-Net EventNLL,2029,-549.9999999999995,0.24535847129377694,seed,
ets_unet_event_nll,ETS-U-Net EventNLL,2029,-539.9999999999995,0.2510627641740876,seed,
ets_unet_event_nll,ETS-U-Net EventNLL,2029,-529.9999999999995,0.25342466285992654,seed,
ets_unet_event_nll,ETS-U-Net EventNLL,2029,-519.9999999999995,0.25998264326762277,seed,
ets_unet_event_nll,ETS-U-Net EventNLL,2029,-509.99999999999955,0.2690651849644368,seed,
ets_unet_event_nll,ETS-U-Net EventNLL,2029,-499.99999999999955,0.27475541173915186,seed,
ets_unet_event_nll,ETS-U-Net EventNLL,2029,-489.99999999999955,0.27706392990812057,seed,
ets_unet_event_nll,ETS-U-Net EventNLL,2029,-479.99999999999955,0.28248200739312523,seed,
ets_unet_event_nll,ETS-U-Net EventNLL,2029,-469.99999999999955,0.2884969225979767,seed,
ets_unet_event_nll,ETS-U-Net EventNLL,2029,-459.99999999999955,0.29359582281423785,seed,
ets_unet_event_nll,ETS-U-Net EventNLL,2029,-449.9999999999995,0.30037190425640853,seed,
ets_unet_event_nll,ETS-U-Net EventNLL,2029,-439.9999999999995,0.3089915735137017,seed,
ets_unet_event_nll,ETS-U-Net EventNLL,2029,-429.9999999999995,0.31668528760925163,seed,
ets_unet_event_nll,ETS-U-Net EventNLL,2029,-419.9999999999995,0.3246367025083924,seed,
ets_unet_event_nll,ETS-U-Net EventNLL,2029,-409.9999999999995,0.3347967589494758,seed,
ets_unet_event_nll,ETS-U-Net EventNLL,2029,-399.9999999999995,0.33954334363446237,seed,
ets_unet_event_nll,ETS-U-Net EventNLL,2029,-389.99999999999943,0.34164944162117733,seed,
ets_unet_event_nll,ETS-U-Net EventNLL,2029,-379.99999999999943,0.3400724922454742,seed,
ets_unet_event_nll,ETS-U-Net EventNLL,2029,-369.99999999999943,0.33954877044618087,seed,
ets_unet_event_nll,ETS-U-Net EventNLL,2029,-359.99999999999943,0.3410735348574462,seed,
ets_unet_event_nll,ETS-U-Net EventNLL,2029,-349.99999999999943,0.35119854337639866,seed,
ets_unet_event_nll,ETS-U-Net EventNLL,2029,-339.99999999999943,0.35445897227097906,seed,
ets_unet_event_nll,ETS-U-Net EventNLL,2029,-329.99999999999943,0.3558024678396966,seed,
ets_unet_event_nll,ETS-U-Net EventNLL,2029,-319.9999999999994,0.36469576410367915,seed,
ets_unet_event_nll,ETS-U-Net EventNLL,2029,-309.9999999999994,0.37308707075673914,seed,
ets_unet_event_nll,ETS-U-Net EventNLL,2029,-299.9999999999994,0.3859531802370141,seed,
ets_unet_event_nll,ETS-U-Net EventNLL,2029,-289.9999999999994,0.39632423235810416,seed,
ets_unet_event_nll,ETS-U-Net EventNLL,2029,-279.9999999999994,0.4088011195842586,seed,
ets_unet_event_nll,ETS-U-Net EventNLL,2029,-269.9999999999994,0.4271532079828487,seed,
ets_unet_event_nll,ETS-U-Net EventNLL,2029,-259.9999999999993,0.4464227312150873,seed,
ets_unet_event_nll,ETS-U-Net EventNLL,2029,-249.99999999999935,0.472578779872473,seed,
ets_unet_event_nll,ETS-U-Net EventNLL,2029,-239.99999999999932,0.49631084392908736,seed,
ets_unet_event_nll,ETS-U-Net EventNLL,2029,-229.99999999999932,0.528285790987199,seed,
ets_unet_event_nll,ETS-U-Net EventNLL,2029,-219.99999999999932,0.5513496664318998,seed,
ets_unet_event_nll,ETS-U-Net EventNLL,2029,-209.9999999999993,0.5673228698524615,seed,
ets_unet_event_nll,ETS-U-Net EventNLL,2029,-199.9999999999993,0.5985908840639722,seed,
ets_unet_event_nll,ETS-U-Net EventNLL,2029,-189.9999999999993,0.6428942547043492,seed,
ets_unet_event_nll,ETS-U-Net EventNLL,2029,-179.99999999999926,0.6831406502938698,seed,
ets_unet_event_nll,ETS-U-Net EventNLL,2029,-169.99999999999926,0.7237191664305832,seed,
ets_unet_event_nll,ETS-U-Net EventNLL,2029,-159.99999999999926,0.7707602683894105,seed,
ets_unet_event_nll,ETS-U-Net EventNLL,2029,-149.99999999999923,0.8341424432720076,seed,
ets_unet_event_nll,ETS-U-Net EventNLL,2029,-139.99999999999923,0.9141842379318523,seed,
ets_unet_event_nll,ETS-U-Net EventNLL,2029,-129.99999999999923,1.020750265048502,seed,
ets_unet_event_nll,ETS-U-Net EventNLL,2029,-119.99999999999922,1.13286071278325,seed,
ets_unet_event_nll,ETS-U-Net EventNLL,2029,-109.9999999999992,1.2386032640902471,seed,
ets_unet_event_nll,ETS-U-Net EventNLL,2029,-99.9999999999992,1.3724194794833153,seed,
ets_unet_event_nll,ETS-U-Net EventNLL,2029,-89.99999999999919,1.4950655122660708,seed,
ets_unet_event_nll,ETS-U-Net EventNLL,2029,-79.99999999999918,1.6202523491373668,seed,
ets_unet_event_nll,ETS-U-Net EventNLL,2029,-69.99999999999918,1.7433074004948328,seed,
ets_unet_event_nll,ETS-U-Net EventNLL,2029,-59.99999999999916,1.8549948324535452,seed,
ets_unet_event_nll,ETS-U-Net EventNLL,2029,-49.999999999999154,1.967512820007082,seed,
ets_unet_event_nll,ETS-U-Net EventNLL,2029,-39.99999999999915,2.0981233812170013,seed,
ets_unet_event_nll,ETS-U-Net EventNLL,2029,-29.99999999999914,2.233562890978193,seed,
ets_unet_event_nll,ETS-U-Net EventNLL,2029,-19.99999999999913,2.3313286901888244,seed,
ets_unet_event_nll,ETS-U-Net EventNLL,2029,-9.99999999999912,2.378257792612066,seed,
ets_unet_event_nll,ETS-U-Net EventNLL,2029,8.881784197001252e-13,2.3757582613837296,seed,
ets_unet_event_nll,ETS-U-Net EventNLL,2029,10.000000000000897,2.3356281008003026,seed,
ets_unet_event_nll,ETS-U-Net EventNLL,2029,20.000000000000906,2.2530383700858847,seed,
ets_unet_event_nll,ETS-U-Net EventNLL,2029,30.000000000000917,2.168618023289225,seed,
ets_unet_event_nll,ETS-U-Net EventNLL,2029,40.000000000000924,2.099221131372082,seed,
ets_unet_event_nll,ETS-U-Net EventNLL,2029,50.00000000000093,1.990742597863346,seed,
ets_unet_event_nll,ETS-U-Net EventNLL,2029,60.00000000000094,1.8730691523146155,seed,
ets_unet_event_nll,ETS-U-Net EventNLL,2029,70.00000000000095,1.7702722692782242,seed,
ets_unet_event_nll,ETS-U-Net EventNLL,2029,80.00000000000097,1.6566249982304122,seed,
ets_unet_event_nll,ETS-U-Net EventNLL,2029,90.00000000000097,1.5264503948219392,seed,
ets_unet_event_nll,ETS-U-Net EventNLL,2029,100.00000000000098,1.3984738614025616,seed,
ets_unet_event_nll,ETS-U-Net EventNLL,2029,110.00000000000098,1.2777390297903168,seed,
ets_unet_event_nll,ETS-U-Net EventNLL,2029,120.000000000001,1.1687144071360627,seed,
ets_unet_event_nll,ETS-U-Net EventNLL,2029,130.000000000001,1.0606277464298133,seed,
ets_unet_event_nll,ETS-U-Net EventNLL,2029,140.00000000000102,0.9518248820112573,seed,
ets_unet_event_nll,ETS-U-Net EventNLL,2029,150.00000000000102,0.8724640719108653,seed,
ets_unet_event_nll,ETS-U-Net EventNLL,2029,160.00000000000102,0.8279467957884756,seed,
ets_unet_event_nll,ETS-U-Net EventNLL,2029,170.00000000000105,0.7819241451864479,seed,
ets_unet_event_nll,ETS-U-Net EventNLL,2029,180.00000000000105,0.7283959783171245,seed,
ets_unet_event_nll,ETS-U-Net EventNLL,2029,190.00000000000105,0.6702158069425428,seed,
ets_unet_event_nll,ETS-U-Net EventNLL,2029,200.00000000000108,0.6113708968447062,seed,
ets_unet_event_nll,ETS-U-Net EventNLL,2029,210.00000000000108,0.5737527023701556,seed,
ets_unet_event_nll,ETS-U-Net EventNLL,2029,220.00000000000108,0.5384449823779824,seed,
ets_unet_event_nll,ETS-U-Net EventNLL,2029,230.00000000000108,0.5123016405349768,seed,
ets_unet_event_nll,ETS-U-Net EventNLL,2029,240.0000000000011,0.5156157115324452,seed,
ets_unet_event_nll,ETS-U-Net EventNLL,2029,250.0000000000011,0.5283298921545582,seed,
ets_unet_event_nll,ETS-U-Net EventNLL,2029,260.00000000000114,0.5293326967856431,seed,
ets_unet_event_nll,ETS-U-Net EventNLL,2029,270.00000000000114,0.5079436982790961,seed,
ets_unet_event_nll,ETS-U-Net EventNLL,2029,280.00000000000114,0.474320827871424,seed,
ets_unet_event_nll,ETS-U-Net EventNLL,2029,290.00000000000114,0.43401189067150314,seed,
ets_unet_event_nll,ETS-U-Net EventNLL,2029,300.00000000000114,0.4066062524100791,seed,
ets_unet_event_nll,ETS-U-Net EventNLL,2029,310.00000000000114,0.4047919405926433,seed,
ets_unet_event_nll,ETS-U-Net EventNLL,2029,320.0000000000012,0.4018162533365878,seed,
ets_unet_event_nll,ETS-U-Net EventNLL,2029,330.0000000000012,0.3933557267069837,seed,
ets_unet_event_nll,ETS-U-Net EventNLL,2029,340.0000000000012,0.384235374034261,seed,
ets_unet_event_nll,ETS-U-Net EventNLL,2029,350.0000000000012,0.38260811496682456,seed,
ets_unet_event_nll,ETS-U-Net EventNLL,2029,360.0000000000012,0.379267008344228,seed,
ets_unet_event_nll,ETS-U-Net EventNLL,2029,370.0000000000012,0.37866618686149384,seed,
ets_unet_event_nll,ETS-U-Net EventNLL,2029,380.00000000000125,0.3809986159145042,seed,
ets_unet_event_nll,ETS-U-Net EventNLL,2029,390.00000000000125,0.3896878546036513,seed,
ets_unet_event_nll,ETS-U-Net EventNLL,2029,400.00000000000125,0.394242739206758,seed,
ets_unet_event_nll,ETS-U-Net EventNLL,2029,410.00000000000125,0.3843714279054133,seed,
ets_unet_event_nll,ETS-U-Net EventNLL,2029,420.00000000000125,0.37840156977087597,seed,
ets_unet_event_nll,ETS-U-Net EventNLL,2029,430.00000000000125,0.3760280175709862,seed,
ets_unet_event_nll,ETS-U-Net EventNLL,2029,440.00000000000125,0.37168971498976605,seed,
ets_unet_event_nll,ETS-U-Net EventNLL,2029,450.0000000000013,0.36089600517177417,seed,
ets_unet_event_nll,ETS-U-Net EventNLL,2029,460.0000000000013,0.3555157746230441,seed,
ets_unet_event_nll,ETS-U-Net EventNLL,2029,470.0000000000013,0.35184095002813215,seed,
ets_unet_event_nll,ETS-U-Net EventNLL,2029,480.0000000000013,0.34685571595195447,seed,
ets_unet_event_nll,ETS-U-Net EventNLL,2029,490.0000000000013,0.3441282118184213,seed,
ets_unet_event_nll,ETS-U-Net EventNLL,2029,500.0000000000013,0.33860627301304747,seed,
ets_unet_event_nll,ETS-U-Net EventNLL,2029,510.00000000000136,0.3359650898376648,seed,
ets_unet_event_nll,ETS-U-Net EventNLL,2029,520.0000000000014,0.33543635562023777,seed,
ets_unet_event_nll,ETS-U-Net EventNLL,2029,530.0000000000014,0.328065648529219,seed,
ets_unet_event_nll,ETS-U-Net EventNLL,2029,540.0000000000014,0.3238335568548602,seed,
ets_unet_event_nll,ETS-U-Net EventNLL,2029,550.0000000000014,0.31611884689923747,seed,
ets_unet_event_nll,ETS-U-Net EventNLL,2029,560.0000000000014,0.3094271009531918,seed,
ets_unet_event_nll,ETS-U-Net EventNLL,2029,570.0000000000014,0.3098489696358398,seed,
ets_unet_event_nll,ETS-U-Net EventNLL,2029,580.0000000000014,0.3086895874217513,seed,
ets_unet_event_nll,ETS-U-Net EventNLL,2029,590.0000000000014,0.3131320759841003,seed,
ets_unet_event_nll,ETS-U-Net EventNLL,2029,600.0000000000014,0.318330499497556,seed,
ets_unet_event_nll,ETS-U-Net EventNLL,2029,610.0000000000015,0.3196873849914016,seed,
ets_unet_event_nll,ETS-U-Net EventNLL,2029,620.0000000000015,0.32508148970376183,seed,
ets_unet_event_nll,ETS-U-Net EventNLL,2029,630.0000000000015,0.3234408419725059,seed,
ets_unet_event_nll,ETS-U-Net EventNLL,2029,640.0000000000015,0.3111135540313219,seed,
ets_unet_event_nll,ETS-U-Net EventNLL,2029,650.0000000000015,0.3048485790421369,seed,
ets_unet_event_nll,ETS-U-Net EventNLL,2029,660.0000000000015,0.30214328564336046,seed,
ets_unet_event_nll,ETS-U-Net EventNLL,2029,670.0000000000015,0.29575359896006137,seed,
ets_unet_event_nll,ETS-U-Net EventNLL,2029,680.0000000000015,0.2834223757394402,seed,
ets_unet_event_nll,ETS-U-Net EventNLL,2029,690.0000000000015,0.27269130670558483,seed,
ets_unet_event_nll,ETS-U-Net EventNLL,2029,700.0000000000015,0.26624057154565983,seed,
ets_unet_event_nll,ETS-U-Net EventNLL,2029,710.0000000000015,0.26618277453644007,seed,
ets_unet_event_nll,ETS-U-Net EventNLL,2029,720.0000000000015,0.25995134059557884,seed,
ets_unet_event_nll,ETS-U-Net EventNLL,2029,730.0000000000016,0.25561594799559484,seed,
ets_unet_event_nll,ETS-U-Net EventNLL,2029,740.0000000000016,0.2505781821831165,seed,
ets_unet_event_nll,ETS-U-Net EventNLL,2029,750.0000000000016,0.24155027532754217,seed,
ets_unet_event_nll,ETS-U-Net EventNLL,2029,760.0000000000016,0.2336076073219271,seed,
ets_unet_event_nll,ETS-U-Net EventNLL,2029,770.0000000000016,0.22753890224351953,seed,
ets_unet_event_nll,ETS-U-Net EventNLL,2029,780.0000000000016,0.2238819982861502,seed,
ets_unet_event_nll,ETS-U-Net EventNLL,2029,790.0000000000016,0.22206721906781024,seed,
ets_unet_event_nll,ETS-U-Net EventNLL,2029,800.0000000000016,0.2262611285684085,seed,
ets_unet_event_nll,ETS-U-Net EventNLL,2029,810.0000000000016,0.2306927675637528,seed,
ets_unet_event_nll,ETS-U-Net EventNLL,2029,820.0000000000016,0.2317514855983899,seed,
ets_unet_event_nll,ETS-U-Net EventNLL,2029,830.0000000000016,0.2315172602113714,seed,
ets_unet_event_nll,ETS-U-Net EventNLL,2029,840.0000000000016,0.23948556753486538,seed,
ets_unet_event_nll,ETS-U-Net EventNLL,2029,850.0000000000016,0.24417180571023206,seed,
ets_unet_event_nll,ETS-U-Net EventNLL,2029,860.0000000000017,0.2419001641359882,seed,
ets_unet_event_nll,ETS-U-Net EventNLL,2029,870.0000000000017,0.2471968593081839,seed,
ets_unet_event_nll,ETS-U-Net EventNLL,2029,880.0000000000017,0.2463724679358592,seed,
ets_unet_event_nll,ETS-U-Net EventNLL,2029,890.0000000000017,0.24050760068683422,seed,
ets_unet_event_nll,ETS-U-Net EventNLL,2029,900.0000000000017,0.2291892122517853,seed,
ets_unet_event_nll,ETS-U-Net EventNLL,2029,910.0000000000017,0.22562715316465307,seed,
ets_unet_event_nll,ETS-U-Net EventNLL,2029,920.0000000000017,0.2272884554970632,seed,
ets_unet_event_nll,ETS-U-Net EventNLL,2029,930.0000000000017,0.23620184300042063,seed,
ets_unet_event_nll,ETS-U-Net EventNLL,2029,940.0000000000017,0.23286491020132027,seed,
ets_unet_event_nll,ETS-U-Net EventNLL,2029,950.0000000000017,0.23249278089280476,seed,
ets_unet_event_nll,ETS-U-Net EventNLL,2029,960.0000000000017,0.23572285608009175,seed,
ets_unet_event_nll,ETS-U-Net EventNLL,2029,970.0000000000017,0.24673815208627464,seed,
ets_unet_event_nll,ETS-U-Net EventNLL,2029,980.0000000000017,0.2615310982434332,seed,
ets_unet_event_nll,ETS-U-Net EventNLL,2029,990.0000000000018,0.2722119798120656,seed,
ets_unet_event_nll,ETS-U-Net EventNLL,2029,1000.0000000000018,0.26510200127593214,seed,
ets_unet_event_nll,ETS-U-Net EventNLL,mean,-1000.0,0.11197568077084019,group_mean,0.007273980828299388
ets_unet_event_nll,ETS-U-Net EventNLL,mean,-990.0,0.11437659183368279,group_mean,0.0085440442318016
ets_unet_event_nll,ETS-U-Net EventNLL,mean,-980.0,0.11530248317603782,group_mean,0.010642076597992751
ets_unet_event_nll,ETS-U-Net EventNLL,mean,-970.0,0.11652939959051922,group_mean,0.01345349750813806
ets_unet_event_nll,ETS-U-Net EventNLL,mean,-960.0,0.1170718789655211,group_mean,0.014292377084933703
ets_unet_event_nll,ETS-U-Net EventNLL,mean,-950.0,0.11774971741588809,group_mean,0.012085517425232057
ets_unet_event_nll,ETS-U-Net EventNLL,mean,-940.0,0.11923221446739193,group_mean,0.010479959590049576
ets_unet_event_nll,ETS-U-Net EventNLL,mean,-929.9999999999999,0.1191636961080598,group_mean,0.010003155727210259
ets_unet_event_nll,ETS-U-Net EventNLL,mean,-919.9999999999999,0.12057883987060543,group_mean,0.010182950247801307
ets_unet_event_nll,ETS-U-Net EventNLL,mean,-909.9999999999999,0.12419073036126749,group_mean,0.010335272133030897
ets_unet_event_nll,ETS-U-Net EventNLL,mean,-899.9999999999999,0.12715076577440326,group_mean,0.010871293635615245
ets_unet_event_nll,ETS-U-Net EventNLL,mean,-889.9999999999999,0.13093801320269632,group_mean,0.009401485923509095
ets_unet_event_nll,ETS-U-Net EventNLL,mean,-879.9999999999999,0.1340570011809592,group_mean,0.007987488365469706
ets_unet_event_nll,ETS-U-Net EventNLL,mean,-869.9999999999999,0.139335247244922,group_mean,0.006883375366073101
ets_unet_event_nll,ETS-U-Net EventNLL,mean,-859.9999999999999,0.14426074577834247,group_mean,0.0056099343879946586
ets_unet_event_nll,ETS-U-Net EventNLL,mean,-849.9999999999999,0.14699764066707566,group_mean,0.00674532082630285
ets_unet_event_nll,ETS-U-Net EventNLL,mean,-839.9999999999999,0.14862720617214417,group_mean,0.009574672470178028
ets_unet_event_nll,ETS-U-Net EventNLL,mean,-829.9999999999999,0.14800255317336192,group_mean,0.010212246664200756
ets_unet_event_nll,ETS-U-Net EventNLL,mean,-819.9999999999999,0.14604264651487306,group_mean,0.011713936294821939
ets_unet_event_nll,ETS-U-Net EventNLL,mean,-809.9999999999999,0.14484597039263464,group_mean,0.011331477833685134
ets_unet_event_nll,ETS-U-Net EventNLL,mean,-799.9999999999998,0.14590864685530897,group_mean,0.010754683694663125
ets_unet_event_nll,ETS-U-Net EventNLL,mean,-789.9999999999998,0.15015500710056778,group_mean,0.010146012187067082
ets_unet_event_nll,ETS-U-Net EventNLL,mean,-779.9999999999998,0.15460528599060055,group_mean,0.009979038677454997
ets_unet_event_nll,ETS-U-Net EventNLL,mean,-769.9999999999998,0.15857629296131273,group_mean,0.009070060839114389
ets_unet_event_nll,ETS-U-Net EventNLL,mean,-759.9999999999998,0.16129062851579506,group_mean,0.007875376242511991
ets_unet_event_nll,ETS-U-Net EventNLL,mean,-749.9999999999998,0.16339623678958817,group_mean,0.00801763062114952
ets_unet_event_nll,ETS-U-Net EventNLL,mean,-739.9999999999998,0.16757285138081174,group_mean,0.006625420986559461
ets_unet_event_nll,ETS-U-Net EventNLL,mean,-729.9999999999998,0.17351842005558188,group_mean,0.006342686309665233
ets_unet_event_nll,ETS-U-Net EventNLL,mean,-719.9999999999998,0.17915262787996195,group_mean,0.005554111316137093
ets_unet_event_nll,ETS-U-Net EventNLL,mean,-709.9999999999998,0.18344111864501428,group_mean,0.0029775169678108605
ets_unet_event_nll,ETS-U-Net EventNLL,mean,-699.9999999999998,0.19048796428670364,group_mean,0.00402266842789908
ets_unet_event_nll,ETS-U-Net EventNLL,mean,-689.9999999999998,0.19648514332245326,group_mean,0.0061872109252886255
ets_unet_event_nll,ETS-U-Net EventNLL,mean,-679.9999999999998,0.20261046802071236,group_mean,0.007839801316536886
ets_unet_event_nll,ETS-U-Net EventNLL,mean,-669.9999999999997,0.20670909268331578,group_mean,0.011245213101105973
ets_unet_event_nll,ETS-U-Net EventNLL,mean,-659.9999999999997,0.20656427603366057,group_mean,0.013430731127907708
ets_unet_event_nll,ETS-U-Net EventNLL,mean,-649.9999999999997,0.20687755957427814,group_mean,0.012003689423897545
ets_unet_event_nll,ETS-U-Net EventNLL,mean,-639.9999999999997,0.2101025310346371,group_mean,0.009157183730033672
ets_unet_event_nll,ETS-U-Net EventNLL,mean,-629.9999999999997,0.2149029247421752,group_mean,0.00619041024756512
ets_unet_event_nll,ETS-U-Net EventNLL,mean,-619.9999999999997,0.22326318299857673,group_mean,0.0053956318139580395
ets_unet_event_nll,ETS-U-Net EventNLL,mean,-609.9999999999997,0.23237026889756227,group_mean,0.005510799074292541
ets_unet_event_nll,ETS-U-Net EventNLL,mean,-599.9999999999997,0.23897254326541825,group_mean,0.007322065596618841
ets_unet_event_nll,ETS-U-Net EventNLL,mean,-589.9999999999997,0.24255329640044052,group_mean,0.00801397853908469
ets_unet_event_nll,ETS-U-Net EventNLL,mean,-579.9999999999997,0.2455484901032082,group_mean,0.009634308793126767
ets_unet_event_nll,ETS-U-Net EventNLL,mean,-569.9999999999997,0.24766398636682568,group_mean,0.011590586517215349
ets_unet_event_nll,ETS-U-Net EventNLL,mean,-559.9999999999997,0.2511494175568994,group_mean,0.0098396919467417
ets_unet_event_nll,ETS-U-Net EventNLL,mean,-549.9999999999995,0.25905546727834905,group_mean,0.008736683924899015
ets_unet_event_nll,ETS-U-Net EventNLL,mean,-539.9999999999995,0.2661505675834338,group_mean,0.00918023014119477
ets_unet_event_nll,ETS-U-Net EventNLL,mean,-529.9999999999995,0.2707773823538413,group_mean,0.011889094391633772
ets_unet_event_nll,ETS-U-Net EventNLL,mean,-519.9999999999995,0.2756755961605858,group_mean,0.013471924290433961
ets_unet_event_nll,ETS-U-Net EventNLL,mean,-509.99999999999955,0.28130197148907177,group_mean,0.013472834227732879
ets_unet_event_nll,ETS-U-Net EventNLL,mean,-499.99999999999955,0.28778557581393793,group_mean,0.013225208943646826
ets_unet_event_nll,ETS-U-Net EventNLL,mean,-489.99999999999955,0.29362255557954814,group_mean,0.015520381637207075
ets_unet_event_nll,ETS-U-Net EventNLL,mean,-479.99999999999955,0.3026184729619469,group_mean,0.01991735194486963
ets_unet_event_nll,ETS-U-Net EventNLL,mean,-469.99999999999955,0.31218432948165814,group_mean,0.023176876203988703
ets_unet_event_nll,ETS-U-Net EventNLL,mean,-459.99999999999955,0.31949207546373337,group_mean,0.023323492720543345
ets_unet_event_nll,ETS-U-Net EventNLL,mean,-449.9999999999995,0.32656932254202786,group_mean,0.024450525831653823
ets_unet_event_nll,ETS-U-Net EventNLL,mean,-439.9999999999995,0.33400365417749656,group_mean,0.02377662222656421
ets_unet_event_nll,ETS-U-Net EventNLL,mean,-429.9999999999995,0.34138405744587735,group_mean,0.023186548195294122
ets_unet_event_nll,ETS-U-Net EventNLL,mean,-419.9999999999995,0.34606439797818894,group_mean,0.02505068846018346
ets_unet_event_nll,ETS-U-Net EventNLL,mean,-409.9999999999995,0.3500136669685462,group_mean,0.024217559422573292
ets_unet_event_nll,ETS-U-Net EventNLL,mean,-399.9999999999995,0.35572629203630285,group_mean,0.023104801225608484
ets_unet_event_nll,ETS-U-Net EventNLL,mean,-389.99999999999943,0.3626110845200913,group_mean,0.02228658564972749
ets_unet_event_nll,ETS-U-Net EventNLL,mean,-379.99999999999943,0.36981258553535784,group_mean,0.023424151934694777
ets_unet_event_nll,ETS-U-Net EventNLL,mean,-369.99999999999943,0.37510891558945636,group_mean,0.02640137441727228
ets_unet_event_nll,ETS-U-Net EventNLL,mean,-359.99999999999943,0.3785134845733604,group_mean,0.02782446479074094
ets_unet_event_nll,ETS-U-Net EventNLL,mean,-349.99999999999943,0.38330078499809417,group_mean,0.024691249431648833
ets_unet_event_nll,ETS-U-Net EventNLL,mean,-339.99999999999943,0.3867154102217854,group_mean,0.023349104673072288
ets_unet_event_nll,ETS-U-Net EventNLL,mean,-329.99999999999943,0.394736242830873,group_mean,0.02686148944583179
ets_unet_event_nll,ETS-U-Net EventNLL,mean,-319.9999999999994,0.4042102741392138,group_mean,0.029066445573543816
ets_unet_event_nll,ETS-U-Net EventNLL,mean,-309.9999999999994,0.41212662871785877,group_mean,0.030032564340887653
ets_unet_event_nll,ETS-U-Net EventNLL,mean,-299.9999999999994,0.42424478588696923,group_mean,0.02944536697204352
ets_unet_event_nll,ETS-U-Net EventNLL,mean,-289.9999999999994,0.43642163927792554,group_mean,0.028061110940179792
ets_unet_event_nll,ETS-U-Net EventNLL,mean,-279.9999999999994,0.44769733901524333,group_mean,0.024154299356090047
ets_unet_event_nll,ETS-U-Net EventNLL,mean,-269.9999999999994,0.4618438687455437,group_mean,0.020156031111537825
ets_unet_event_nll,ETS-U-Net EventNLL,mean,-259.9999999999993,0.48221116596506003,group_mean,0.022218666912517917
ets_unet_event_nll,ETS-U-Net EventNLL,mean,-249.99999999999935,0.5050097749855803,group_mean,0.02282013895437565
ets_unet_event_nll,ETS-U-Net EventNLL,mean,-239.99999999999932,0.5254049886662454,group_mean,0.02105342649327265
ets_unet_event_nll,ETS-U-Net EventNLL,mean,-229.99999999999932,0.5480169628162452,group_mean,0.01908421965552806
ets_unet_event_nll,ETS-U-Net EventNLL,mean,-219.99999999999932,0.5713797034131456,group_mean,0.018335340534119792
ets_unet_event_nll,ETS-U-Net EventNLL,mean,-209.9999999999993,0.6008754867562811,group_mean,0.022905237506877712
ets_unet_event_nll,ETS-U-Net EventNLL,mean,-199.9999999999993,0.6399852538191378,group_mean,0.02552413330257112
ets_unet_event_nll,ETS-U-Net EventNLL,mean,-189.9999999999993,0.6889327973149383,group_mean,0.02855468845311767
ets_unet_event_nll,ETS-U-Net EventNLL,mean,-179.99999999999926,0.7450218757575361,group_mean,0.0387791397143379
ets_unet_event_nll,ETS-U-Net EventNLL,mean,-169.99999999999926,0.8058974866934687,group_mean,0.05187490128336123
ets_unet_event_nll,ETS-U-Net EventNLL,mean,-159.99999999999926,0.8720278571666231,group_mean,0.06231471261500667
ets_unet_event_nll,ETS-U-Net EventNLL,mean,-149.99999999999923,0.9449004048800228,group_mean,0.06802600784436295
ets_unet_event_nll,ETS-U-Net EventNLL,mean,-139.99999999999923,1.0286292942191946,group_mean,0.06888283226273577
ets_unet_event_nll,ETS-U-Net EventNLL,mean,-129.99999999999923,1.1250320768275786,group_mean,0.0626679714828388
ets_unet_event_nll,ETS-U-Net EventNLL,mean,-119.99999999999922,1.2398405927808545,group_mean,0.06695009953868813
ets_unet_event_nll,ETS-U-Net EventNLL,mean,-109.9999999999992,1.3638160955300203,group_mean,0.07972431645055181
ets_unet_event_nll,ETS-U-Net EventNLL,mean,-99.9999999999992,1.4950008588487749,group_mean,0.08677390177621584
ets_unet_event_nll,ETS-U-Net EventNLL,mean,-89.99999999999919,1.6242213357414983,group_mean,0.09898912845096765
ets_unet_event_nll,ETS-U-Net EventNLL,mean,-79.99999999999918,1.749300615080498,group_mean,0.1001545940871593
ets_unet_event_nll,ETS-U-Net EventNLL,mean,-69.99999999999918,1.871541424998743,group_mean,0.10400263906320358
ets_unet_event_nll,ETS-U-Net EventNLL,mean,-59.99999999999916,1.9822810752172728,group_mean,0.10591514767398823
ets_unet_event_nll,ETS-U-Net EventNLL,mean,-49.999999999999154,2.070986515497908,group_mean,0.0867423618723495
ets_unet_event_nll,ETS-U-Net EventNLL,mean,-39.99999999999915,2.1535186398297768,group_mean,0.052009565378981305
ets_unet_event_nll,ETS-U-Net EventNLL,mean,-29.99999999999914,2.2357947696009406,group_mean,0.021491568447907537
ets_unet_event_nll,ETS-U-Net EventNLL,mean,-19.99999999999913,2.2989438776371527,group_mean,0.042513667547461505
ets_unet_event_nll,ETS-U-Net EventNLL,mean,-9.99999999999912,2.309417650387992,group_mean,0.0765769704181347
ets_unet_event_nll,ETS-U-Net EventNLL,mean,8.881784197001252e-13,2.2876891580916396,group_mean,0.08731825449613974
ets_unet_event_nll,ETS-U-Net EventNLL,mean,10.000000000000897,2.2345529314929564,group_mean,0.08394348483350755
ets_unet_event_nll,ETS-U-Net EventNLL,mean,20.000000000000906,2.1504121020773517,group_mean,0.07142512546134769
ets_unet_event_nll,ETS-U-Net EventNLL,mean,30.000000000000917,2.055093270638556,group_mean,0.07022735299497698
ets_unet_event_nll,ETS-U-Net EventNLL,mean,40.000000000000924,1.9582041967360653,group_mean,0.0869924069552108
ets_unet_event_nll,ETS-U-Net EventNLL,mean,50.00000000000093,1.8364958420070494,group_mean,0.09572059403229989
ets_unet_event_nll,ETS-U-Net EventNLL,mean,60.00000000000094,1.6926918830853885,group_mean,0.10977746680853719
ets_unet_event_nll,ETS-U-Net EventNLL,mean,70.00000000000095,1.5571120840468817,group_mean,0.12456321698083805
ets_unet_event_nll,ETS-U-Net EventNLL,mean,80.00000000000097,1.4443393690029287,group_mean,0.12374412808038562
ets_unet_event_nll,ETS-U-Net EventNLL,mean,90.00000000000097,1.329269636128494,group_mean,0.11634614667669613
ets_unet_event_nll,ETS-U-Net EventNLL,mean,100.00000000000098,1.2156661340293549,group_mean,0.11289195434195609
ets_unet_event_nll,ETS-U-Net EventNLL,mean,110.00000000000098,1.1134767481870476,group_mean,0.10552300549912709
ets_unet_event_nll,ETS-U-Net EventNLL,mean,120.000000000001,1.020594158804653,group_mean,0.0937378052187754
ets_unet_event_nll,ETS-U-Net EventNLL,mean,130.000000000001,0.9324368745746497,group_mean,0.08099124432582802
ets_unet_event_nll,ETS-U-Net EventNLL,mean,140.00000000000102,0.8610601130979955,group_mean,0.059239631007446364
ets_unet_event_nll,ETS-U-Net EventNLL,mean,150.00000000000102,0.8012308281008609,group_mean,0.04823415182687925
ets_unet_event_nll,ETS-U-Net EventNLL,mean,160.00000000000102,0.7558074728395932,group_mean,0.04786324189110507
ets_unet_event_nll,ETS-U-Net EventNLL,mean,170.00000000000105,0.718686707866229,group_mean,0.03875997111646552
ets_unet_event_nll,ETS-U-Net EventNLL,mean,180.00000000000105,0.6811131603058199,group_mean,0.027807541447065653
ets_unet_event_nll,ETS-U-Net EventNLL,mean,190.00000000000105,0.6420430921479408,group_mean,0.019295451770571365
ets_unet_event_nll,ETS-U-Net EventNLL,mean,200.00000000000108,0.6074368274874734,group_mean,0.009336419247390154
ets_unet_event_nll,ETS-U-Net EventNLL,mean,210.00000000000108,0.5819536838898494,group_mean,0.009825142864735193
ets_unet_event_nll,ETS-U-Net EventNLL,mean,220.00000000000108,0.5548568470598371,group_mean,0.013198566377019863
ets_unet_event_nll,ETS-U-Net EventNLL,mean,230.00000000000108,0.5303785079888597,group_mean,0.014549316828141047
ets_unet_event_nll,ETS-U-Net EventNLL,mean,240.0000000000011,0.5167484811872558,group_mean,0.011970106038968236
ets_unet_event_nll,ETS-U-Net EventNLL,mean,250.0000000000011,0.5099875092443715,group_mean,0.016444979361949195
ets_unet_event_nll,ETS-U-Net EventNLL,mean,260.00000000000114,0.5009176748456337,group_mean,0.02256801621200799
ets_unet_event_nll,ETS-U-Net EventNLL,mean,270.00000000000114,0.48753046757738144,group_mean,0.022296641744587963
ets_unet_event_nll,ETS-U-Net EventNLL,mean,280.00000000000114,0.4718611415122337,group_mean,0.020027876075973783
ets_unet_event_nll,ETS-U-Net EventNLL,mean,290.00000000000114,0.45364487138721976,group_mean,0.021512046213055767
ets_unet_event_nll,ETS-U-Net EventNLL,mean,300.00000000000114,0.439974236211589,group_mean,0.025370202435954513
ets_unet_event_nll,ETS-U-Net EventNLL,mean,310.00000000000114,0.43651793749411,group_mean,0.024870561513609203
ets_unet_event_nll,ETS-U-Net EventNLL,mean,320.0000000000012,0.43206858982591057,group_mean,0.022449075946545247
ets_unet_event_nll,ETS-U-Net EventNLL,mean,330.0000000000012,0.4252889182151568,group_mean,0.022392734380242824
ets_unet_event_nll,ETS-U-Net EventNLL,mean,340.0000000000012,0.4177941450908499,group_mean,0.022884981569569012
ets_unet_event_nll,ETS-U-Net EventNLL,mean,350.0000000000012,0.41121866995976886,group_mean,0.020123022888924084
ets_unet_event_nll,ETS-U-Net EventNLL,mean,360.0000000000012,0.40831388133731517,group_mean,0.01962932451594644
ets_unet_event_nll,ETS-U-Net EventNLL,mean,370.0000000000012,0.40936961683595624,group_mean,0.0207867499741474
ets_unet_event_nll,ETS-U-Net EventNLL,mean,380.00000000000125,0.40925606466528797,group_mean,0.02137525200217371
ets_unet_event_nll,ETS-U-Net EventNLL,mean,390.00000000000125,0.40968784541424164,group_mean,0.022679080794189135
ets_unet_event_nll,ETS-U-Net EventNLL,mean,400.00000000000125,0.40764772968509233,group_mean,0.025072716456600183
ets_unet_event_nll,ETS-U-Net EventNLL,mean,410.00000000000125,0.3991999807875705,group_mean,0.025518820405165496
ets_unet_event_nll,ETS-U-Net EventNLL,mean,420.00000000000125,0.39356671812471117,group_mean,0.02558048574115124
ets_unet_event_nll,ETS-U-Net EventNLL,mean,430.00000000000125,0.3885215303819602,group_mean,0.022316239159741538
ets_unet_event_nll,ETS-U-Net EventNLL,mean,440.00000000000125,0.38270137659468056,group_mean,0.018087339358338988
ets_unet_event_nll,ETS-U-Net EventNLL,mean,450.0000000000013,0.37480780166492317,group_mean,0.01502436130896324
ets_unet_event_nll,ETS-U-Net EventNLL,mean,460.0000000000013,0.36887424499406646,group_mean,0.012807815740071485
ets_unet_event_nll,ETS-U-Net EventNLL,mean,470.0000000000013,0.36352967268316794,group_mean,0.012177679389801134
ets_unet_event_nll,ETS-U-Net EventNLL,mean,480.0000000000013,0.35851059237739674,group_mean,0.015117008615756086
ets_unet_event_nll,ETS-U-Net EventNLL,mean,490.0000000000013,0.35359309477069717,group_mean,0.01746127428521093
ets_unet_event_nll,ETS-U-Net EventNLL,mean,500.0000000000013,0.34291812571051095,group_mean,0.015625880741058057
ets_unet_event_nll,ETS-U-Net EventNLL,mean,510.00000000000136,0.33495500368404796,group_mean,0.013375241389007198
ets_unet_event_nll,ETS-U-Net EventNLL,mean,520.0000000000014,0.32817141776962877,group_mean,0.012978865510266453
ets_unet_event_nll,ETS-U-Net EventNLL,mean,530.0000000000014,0.32364408497510994,group_mean,0.010764593283914312
ets_unet_event_nll,ETS-U-Net EventNLL,mean,540.0000000000014,0.31990351428385383,group_mean,0.01062874973260696
ets_unet_event_nll,ETS-U-Net EventNLL,mean,550.0000000000014,0.3144406431127393,group_mean,0.01081433853402184
ets_unet_event_nll,ETS-U-Net EventNLL,mean,560.0000000000014,0.3101257506923097,group_mean,0.010642956147888486
ets_unet_event_nll,ETS-U-Net EventNLL,mean,570.0000000000014,0.3075074918338321,group_mean,0.010281973154019557
ets_unet_event_nll,ETS-U-Net EventNLL,mean,580.0000000000014,0.30598367875330523,group_mean,0.008442100887329686
ets_unet_event_nll,ETS-U-Net EventNLL,mean,590.0000000000014,0.3073594757236356,group_mean,0.009466084680157392
ets_unet_event_nll,ETS-U-Net EventNLL,mean,600.0000000000014,0.30818851020674487,group_mean,0.011615861455478911
ets_unet_event_nll,ETS-U-Net EventNLL,mean,610.0000000000015,0.3074567044537118,group_mean,0.01368060819147517
ets_unet_event_nll,ETS-U-Net EventNLL,mean,620.0000000000015,0.30828409921653116,group_mean,0.01853470685578436
ets_unet_event_nll,ETS-U-Net EventNLL,mean,630.0000000000015,0.3058536398317152,group_mean,0.018575236138854125
ets_unet_event_nll,ETS-U-Net EventNLL,mean,640.0000000000015,0.298099752695849,group_mean,0.015187981687602815
ets_unet_event_nll,ETS-U-Net EventNLL,mean,650.0000000000015,0.2934827962504892,group_mean,0.015686389448452666
ets_unet_event_nll,ETS-U-Net EventNLL,mean,660.0000000000015,0.2886504315922814,group_mean,0.01759045275177094
ets_unet_event_nll,ETS-U-Net EventNLL,mean,670.0000000000015,0.28244673737341763,group_mean,0.01897047300327914
ets_unet_event_nll,ETS-U-Net EventNLL,mean,680.0000000000015,0.2772281562022679,group_mean,0.01803843685547685
ets_unet_event_nll,ETS-U-Net EventNLL,mean,690.0000000000015,0.2688903708824476,group_mean,0.01529273798743588
ets_unet_event_nll,ETS-U-Net EventNLL,mean,700.0000000000015,0.26136587744621725,group_mean,0.011779234084843488
ets_unet_event_nll,ETS-U-Net EventNLL,mean,710.0000000000015,0.2571299785119448,group_mean,0.009043450130936926
ets_unet_event_nll,ETS-U-Net EventNLL,mean,720.0000000000015,0.2514328082433404,group_mean,0.00893557208463282
ets_unet_event_nll,ETS-U-Net EventNLL,mean,730.0000000000016,0.24984319548588946,group_mean,0.011217213511949192
ets_unet_event_nll,ETS-U-Net EventNLL,mean,740.0000000000016,0.2506895323082546,group_mean,0.015450218993997483
ets_unet_event_nll,ETS-U-Net EventNLL,mean,750.0000000000016,0.248384224389622,group_mean,0.01697449033629042
ets_unet_event_nll,ETS-U-Net EventNLL,mean,760.0000000000016,0.2440310559803313,group_mean,0.017002164438570624
ets_unet_event_nll,ETS-U-Net EventNLL,mean,770.0000000000016,0.24131542572960774,group_mean,0.015678331255987592
ets_unet_event_nll,ETS-U-Net EventNLL,mean,780.0000000000016,0.2376040750993545,group_mean,0.014481667231110568
ets_unet_event_nll,ETS-U-Net EventNLL,mean,790.0000000000016,0.23550161232700173,group_mean,0.013859323161085336
ets_unet_event_nll,ETS-U-Net EventNLL,mean,800.0000000000016,0.23299128119997675,group_mean,0.012631816778574638
ets_unet_event_nll,ETS-U-Net EventNLL,mean,810.0000000000016,0.2348424488885569,group_mean,0.011468748580923203
ets_unet_event_nll,ETS-U-Net EventNLL,mean,820.0000000000016,0.23559624464722964,group_mean,0.009861521921333584
ets_unet_event_nll,ETS-U-Net EventNLL,mean,830.0000000000016,0.23594459685191843,group_mean,0.010663265027256556
ets_unet_event_nll,ETS-U-Net EventNLL,mean,840.0000000000016,0.23995653777461684,group_mean,0.012060928969634985
ets_unet_event_nll,ETS-U-Net EventNLL,mean,850.0000000000016,0.2383034906560769,group_mean,0.009993078091257056
ets_unet_event_nll,ETS-U-Net EventNLL,mean,860.0000000000017,0.23418717290075858,group_mean,0.0052300210192914205
ets_unet_event_nll,ETS-U-Net EventNLL,mean,870.0000000000017,0.23565141919760402,group_mean,0.007557139360897969
ets_unet_event_nll,ETS-U-Net EventNLL,mean,880.0000000000017,0.23675964479909,group_mean,0.008727443466400855
ets_unet_event_nll,ETS-U-Net EventNLL,mean,890.0000000000017,0.23614410664532137,group_mean,0.009111248962689535
ets_unet_event_nll,ETS-U-Net EventNLL,mean,900.0000000000017,0.23733651131984107,group_mean,0.011125439222537243
ets_unet_event_nll,ETS-U-Net EventNLL,mean,910.0000000000017,0.2378422104178794,group_mean,0.01192163530154634
ets_unet_event_nll,ETS-U-Net EventNLL,mean,920.0000000000017,0.23914134483893199,group_mean,0.01173137722518571
ets_unet_event_nll,ETS-U-Net EventNLL,mean,930.0000000000017,0.24249355888491797,group_mean,0.010146687555448949
ets_unet_event_nll,ETS-U-Net EventNLL,mean,940.0000000000017,0.23648285160837804,group_mean,0.0075268995499649044
ets_unet_event_nll,ETS-U-Net EventNLL,mean,950.0000000000017,0.2350625923376818,group_mean,0.007237979889852342
ets_unet_event_nll,ETS-U-Net EventNLL,mean,960.0000000000017,0.24098351133434984,group_mean,0.0067853537702588515
ets_unet_event_nll,ETS-U-Net EventNLL,mean,970.0000000000017,0.24714068547371118,group_mean,0.009856688644623007
ets_unet_event_nll,ETS-U-Net EventNLL,mean,980.0000000000017,0.2521284375138829,group_mean,0.014206266557647847
ets_unet_event_nll,ETS-U-Net EventNLL,mean,990.0000000000018,0.2615260799915539,group_mean,0.015530159251268001
ets_unet_event_nll,ETS-U-Net EventNLL,mean,1000.0000000000018,0.26104947515778976,group_mean,0.011302174230369971
ets_unet_event_nll_mixture,ETS-U-Net mixture EventNLL,2025,-1000.0,0.11050231265578157,seed,
ets_unet_event_nll_mixture,ETS-U-Net mixture EventNLL,2025,-990.0,0.110931830864012,seed,
ets_unet_event_nll_mixture,ETS-U-Net mixture EventNLL,2025,-980.0,0.1114017704886699,seed,
ets_unet_event_nll_mixture,ETS-U-Net mixture EventNLL,2025,-970.0,0.11154664653834119,seed,
ets_unet_event_nll_mixture,ETS-U-Net mixture EventNLL,2025,-960.0,0.11203946822680343,seed,
ets_unet_event_nll_mixture,ETS-U-Net mixture EventNLL,2025,-950.0,0.11708972982254862,seed,
ets_unet_event_nll_mixture,ETS-U-Net mixture EventNLL,2025,-940.0,0.11995041344612066,seed,
ets_unet_event_nll_mixture,ETS-U-Net mixture EventNLL,2025,-929.9999999999999,0.1218416522302521,seed,
ets_unet_event_nll_mixture,ETS-U-Net mixture EventNLL,2025,-919.9999999999999,0.12137119633326607,seed,
ets_unet_event_nll_mixture,ETS-U-Net mixture EventNLL,2025,-909.9999999999999,0.12294051484121155,seed,
ets_unet_event_nll_mixture,ETS-U-Net mixture EventNLL,2025,-899.9999999999999,0.1252198227139845,seed,
ets_unet_event_nll_mixture,ETS-U-Net mixture EventNLL,2025,-889.9999999999999,0.12973838283886358,seed,
ets_unet_event_nll_mixture,ETS-U-Net mixture EventNLL,2025,-879.9999999999999,0.1359939116806828,seed,
ets_unet_event_nll_mixture,ETS-U-Net mixture EventNLL,2025,-869.9999999999999,0.14188273731879084,seed,
ets_unet_event_nll_mixture,ETS-U-Net mixture EventNLL,2025,-859.9999999999999,0.14770255652306755,seed,
ets_unet_event_nll_mixture,ETS-U-Net mixture EventNLL,2025,-849.9999999999999,0.14754335406845692,seed,
ets_unet_event_nll_mixture,ETS-U-Net mixture EventNLL,2025,-839.9999999999999,0.14356630229308506,seed,
ets_unet_event_nll_mixture,ETS-U-Net mixture EventNLL,2025,-829.9999999999999,0.1395048762405155,seed,
ets_unet_event_nll_mixture,ETS-U-Net mixture EventNLL,2025,-819.9999999999999,0.14024710940923432,seed,
ets_unet_event_nll_mixture,ETS-U-Net mixture EventNLL,2025,-809.9999999999999,0.14610641514770162,seed,
ets_unet_event_nll_mixture,ETS-U-Net mixture EventNLL,2025,-799.9999999999998,0.15496776849759927,seed,
ets_unet_event_nll_mixture,ETS-U-Net mixture EventNLL,2025,-789.9999999999998,0.16056575624856764,seed,
ets_unet_event_nll_mixture,ETS-U-Net mixture EventNLL,2025,-779.9999999999998,0.16575150729412433,seed,
ets_unet_event_nll_mixture,ETS-U-Net mixture EventNLL,2025,-769.9999999999998,0.17457276202324676,seed,
ets_unet_event_nll_mixture,ETS-U-Net mixture EventNLL,2025,-759.9999999999998,0.1801252214605555,seed,
ets_unet_event_nll_mixture,ETS-U-Net mixture EventNLL,2025,-749.9999999999998,0.17939384321756133,seed,
ets_unet_event_nll_mixture,ETS-U-Net mixture EventNLL,2025,-739.9999999999998,0.1826314226751871,seed,
ets_unet_event_nll_mixture,ETS-U-Net mixture EventNLL,2025,-729.9999999999998,0.1884184062275836,seed,
ets_unet_event_nll_mixture,ETS-U-Net mixture EventNLL,2025,-719.9999999999998,0.19500789130608975,seed,
ets_unet_event_nll_mixture,ETS-U-Net mixture EventNLL,2025,-709.9999999999998,0.1975364765510125,seed,
ets_unet_event_nll_mixture,ETS-U-Net mixture EventNLL,2025,-699.9999999999998,0.19639398750177547,seed,
ets_unet_event_nll_mixture,ETS-U-Net mixture EventNLL,2025,-689.9999999999998,0.20326440470567947,seed,
ets_unet_event_nll_mixture,ETS-U-Net mixture EventNLL,2025,-679.9999999999998,0.2144601165116078,seed,
ets_unet_event_nll_mixture,ETS-U-Net mixture EventNLL,2025,-669.9999999999997,0.21898421633063345,seed,
ets_unet_event_nll_mixture,ETS-U-Net mixture EventNLL,2025,-659.9999999999997,0.21811641721381628,seed,
ets_unet_event_nll_mixture,ETS-U-Net mixture EventNLL,2025,-649.9999999999997,0.21689716721524666,seed,
ets_unet_event_nll_mixture,ETS-U-Net mixture EventNLL,2025,-639.9999999999997,0.22001965906504609,seed,
ets_unet_event_nll_mixture,ETS-U-Net mixture EventNLL,2025,-629.9999999999997,0.22539943603665807,seed,
ets_unet_event_nll_mixture,ETS-U-Net mixture EventNLL,2025,-619.9999999999997,0.23322028707031592,seed,
ets_unet_event_nll_mixture,ETS-U-Net mixture EventNLL,2025,-609.9999999999997,0.24336491568502017,seed,
ets_unet_event_nll_mixture,ETS-U-Net mixture EventNLL,2025,-599.9999999999997,0.25530995674504314,seed,
ets_unet_event_nll_mixture,ETS-U-Net mixture EventNLL,2025,-589.9999999999997,0.2599416176290084,seed,
ets_unet_event_nll_mixture,ETS-U-Net mixture EventNLL,2025,-579.9999999999997,0.2644231595173595,seed,
ets_unet_event_nll_mixture,ETS-U-Net mixture EventNLL,2025,-569.9999999999997,0.2656260570877398,seed,
ets_unet_event_nll_mixture,ETS-U-Net mixture EventNLL,2025,-559.9999999999997,0.26936399007550255,seed,
ets_unet_event_nll_mixture,ETS-U-Net mixture EventNLL,2025,-549.9999999999995,0.27440199461821757,seed,
ets_unet_event_nll_mixture,ETS-U-Net mixture EventNLL,2025,-539.9999999999995,0.2766921417819647,seed,
ets_unet_event_nll_mixture,ETS-U-Net mixture EventNLL,2025,-529.9999999999995,0.279548350251226,seed,
ets_unet_event_nll_mixture,ETS-U-Net mixture EventNLL,2025,-519.9999999999995,0.28824874362442776,seed,
ets_unet_event_nll_mixture,ETS-U-Net mixture EventNLL,2025,-509.99999999999955,0.3015660988201376,seed,
ets_unet_event_nll_mixture,ETS-U-Net mixture EventNLL,2025,-499.99999999999955,0.31503123215550866,seed,
ets_unet_event_nll_mixture,ETS-U-Net mixture EventNLL,2025,-489.99999999999955,0.3255559543076104,seed,
ets_unet_event_nll_mixture,ETS-U-Net mixture EventNLL,2025,-479.99999999999955,0.3286201335093654,seed,
ets_unet_event_nll_mixture,ETS-U-Net mixture EventNLL,2025,-469.99999999999955,0.32388804434326307,seed,
ets_unet_event_nll_mixture,ETS-U-Net mixture EventNLL,2025,-459.99999999999955,0.31834743509101265,seed,
ets_unet_event_nll_mixture,ETS-U-Net mixture EventNLL,2025,-449.9999999999995,0.31978876008331153,seed,
ets_unet_event_nll_mixture,ETS-U-Net mixture EventNLL,2025,-439.9999999999995,0.3310751510468743,seed,
ets_unet_event_nll_mixture,ETS-U-Net mixture EventNLL,2025,-429.9999999999995,0.34601330135042996,seed,
ets_unet_event_nll_mixture,ETS-U-Net mixture EventNLL,2025,-419.9999999999995,0.3628677773126132,seed,
ets_unet_event_nll_mixture,ETS-U-Net mixture EventNLL,2025,-409.9999999999995,0.3856761825352896,seed,
ets_unet_event_nll_mixture,ETS-U-Net mixture EventNLL,2025,-399.9999999999995,0.4133341038498485,seed,
ets_unet_event_nll_mixture,ETS-U-Net mixture EventNLL,2025,-389.99999999999943,0.43871265507464074,seed,
ets_unet_event_nll_mixture,ETS-U-Net mixture EventNLL,2025,-379.99999999999943,0.45834163876144984,seed,
ets_unet_event_nll_mixture,ETS-U-Net mixture EventNLL,2025,-369.99999999999943,0.4743721611585488,seed,
ets_unet_event_nll_mixture,ETS-U-Net mixture EventNLL,2025,-359.99999999999943,0.48723653792786925,seed,
ets_unet_event_nll_mixture,ETS-U-Net mixture EventNLL,2025,-349.99999999999943,0.4976535282643071,seed,
ets_unet_event_nll_mixture,ETS-U-Net mixture EventNLL,2025,-339.99999999999943,0.5042978327431328,seed,
ets_unet_event_nll_mixture,ETS-U-Net mixture EventNLL,2025,-329.99999999999943,0.5098349271392353,seed,
ets_unet_event_nll_mixture,ETS-U-Net mixture EventNLL,2025,-319.9999999999994,0.5199845918049386,seed,
ets_unet_event_nll_mixture,ETS-U-Net mixture EventNLL,2025,-309.9999999999994,0.5321828227166026,seed,
ets_unet_event_nll_mixture,ETS-U-Net mixture EventNLL,2025,-299.9999999999994,0.543637446315133,seed,
ets_unet_event_nll_mixture,ETS-U-Net mixture EventNLL,2025,-289.9999999999994,0.5492039615268045,seed,
ets_unet_event_nll_mixture,ETS-U-Net mixture EventNLL,2025,-279.9999999999994,0.5588280021535517,seed,
ets_unet_event_nll_mixture,ETS-U-Net mixture EventNLL,2025,-269.9999999999994,0.5668502107281314,seed,
ets_unet_event_nll_mixture,ETS-U-Net mixture EventNLL,2025,-259.9999999999993,0.5794952074268026,seed,
ets_unet_event_nll_mixture,ETS-U-Net mixture EventNLL,2025,-249.99999999999935,0.5899343234252797,seed,
ets_unet_event_nll_mixture,ETS-U-Net mixture EventNLL,2025,-239.99999999999932,0.5950615703188231,seed,
ets_unet_event_nll_mixture,ETS-U-Net mixture EventNLL,2025,-229.99999999999932,0.6002048081498906,seed,
ets_unet_event_nll_mixture,ETS-U-Net mixture EventNLL,2025,-219.99999999999932,0.6017287659075164,seed,
ets_unet_event_nll_mixture,ETS-U-Net mixture EventNLL,2025,-209.9999999999993,0.6118197173675428,seed,
ets_unet_event_nll_mixture,ETS-U-Net mixture EventNLL,2025,-199.9999999999993,0.6346701748679799,seed,
ets_unet_event_nll_mixture,ETS-U-Net mixture EventNLL,2025,-189.9999999999993,0.6657745623259458,seed,
ets_unet_event_nll_mixture,ETS-U-Net mixture EventNLL,2025,-179.99999999999926,0.695024919348628,seed,
ets_unet_event_nll_mixture,ETS-U-Net mixture EventNLL,2025,-169.99999999999926,0.7217414727661383,seed,
ets_unet_event_nll_mixture,ETS-U-Net mixture EventNLL,2025,-159.99999999999926,0.7575154203315315,seed,
ets_unet_event_nll_mixture,ETS-U-Net mixture EventNLL,2025,-149.99999999999923,0.805878597091755,seed,
ets_unet_event_nll_mixture,ETS-U-Net mixture EventNLL,2025,-139.99999999999923,0.8693284687383037,seed,
ets_unet_event_nll_mixture,ETS-U-Net mixture EventNLL,2025,-129.99999999999923,0.947923400651922,seed,
ets_unet_event_nll_mixture,ETS-U-Net mixture EventNLL,2025,-119.99999999999922,1.0355756397912053,seed,
ets_unet_event_nll_mixture,ETS-U-Net mixture EventNLL,2025,-109.9999999999992,1.1391134894347674,seed,
ets_unet_event_nll_mixture,ETS-U-Net mixture EventNLL,2025,-99.9999999999992,1.2682723903207311,seed,
ets_unet_event_nll_mixture,ETS-U-Net mixture EventNLL,2025,-89.99999999999919,1.4270692677659582,seed,
ets_unet_event_nll_mixture,ETS-U-Net mixture EventNLL,2025,-79.99999999999918,1.5985757484551646,seed,
ets_unet_event_nll_mixture,ETS-U-Net mixture EventNLL,2025,-69.99999999999918,1.7738358905107448,seed,
ets_unet_event_nll_mixture,ETS-U-Net mixture EventNLL,2025,-59.99999999999916,1.9487705696704078,seed,
ets_unet_event_nll_mixture,ETS-U-Net mixture EventNLL,2025,-49.999999999999154,2.1164224346208327,seed,
ets_unet_event_nll_mixture,ETS-U-Net mixture EventNLL,2025,-39.99999999999915,2.270768886262611,seed,
ets_unet_event_nll_mixture,ETS-U-Net mixture EventNLL,2025,-29.99999999999914,2.4112825972982073,seed,
ets_unet_event_nll_mixture,ETS-U-Net mixture EventNLL,2025,-19.99999999999913,2.534958495766152,seed,
ets_unet_event_nll_mixture,ETS-U-Net mixture EventNLL,2025,-9.99999999999912,2.588487239065878,seed,
ets_unet_event_nll_mixture,ETS-U-Net mixture EventNLL,2025,8.881784197001252e-13,2.528086240776013,seed,
ets_unet_event_nll_mixture,ETS-U-Net mixture EventNLL,2025,10.000000000000897,2.4041249488763476,seed,
ets_unet_event_nll_mixture,ETS-U-Net mixture EventNLL,2025,20.000000000000906,2.247437536627863,seed,
ets_unet_event_nll_mixture,ETS-U-Net mixture EventNLL,2025,30.000000000000917,2.0793542598678925,seed,
ets_unet_event_nll_mixture,ETS-U-Net mixture EventNLL,2025,40.000000000000924,1.904147167820807,seed,
ets_unet_event_nll_mixture,ETS-U-Net mixture EventNLL,2025,50.00000000000093,1.7122288511060288,seed,
ets_unet_event_nll_mixture,ETS-U-Net mixture EventNLL,2025,60.00000000000094,1.5107440660107287,seed,
ets_unet_event_nll_mixture,ETS-U-Net mixture EventNLL,2025,70.00000000000095,1.319709694711948,seed,
ets_unet_event_nll_mixture,ETS-U-Net mixture EventNLL,2025,80.00000000000097,1.1643715587715133,seed,
ets_unet_event_nll_mixture,ETS-U-Net mixture EventNLL,2025,90.00000000000097,1.037933843128445,seed,
ets_unet_event_nll_mixture,ETS-U-Net mixture EventNLL,2025,100.00000000000098,0.9457528103743191,seed,
ets_unet_event_nll_mixture,ETS-U-Net mixture EventNLL,2025,110.00000000000098,0.877132364024218,seed,
ets_unet_event_nll_mixture,ETS-U-Net mixture EventNLL,2025,120.000000000001,0.8284901767825374,seed,
ets_unet_event_nll_mixture,ETS-U-Net mixture EventNLL,2025,130.000000000001,0.7914957080682911,seed,
ets_unet_event_nll_mixture,ETS-U-Net mixture EventNLL,2025,140.00000000000102,0.7551527090366906,seed,
ets_unet_event_nll_mixture,ETS-U-Net mixture EventNLL,2025,150.00000000000102,0.7303707414772054,seed,
ets_unet_event_nll_mixture,ETS-U-Net mixture EventNLL,2025,160.00000000000102,0.7057656653019734,seed,
ets_unet_event_nll_mixture,ETS-U-Net mixture EventNLL,2025,170.00000000000105,0.6980591313004019,seed,
ets_unet_event_nll_mixture,ETS-U-Net mixture EventNLL,2025,180.00000000000105,0.7061341050343382,seed,
ets_unet_event_nll_mixture,ETS-U-Net mixture EventNLL,2025,190.00000000000105,0.7154790508037209,seed,
ets_unet_event_nll_mixture,ETS-U-Net mixture EventNLL,2025,200.00000000000108,0.7212233846640398,seed,
ets_unet_event_nll_mixture,ETS-U-Net mixture EventNLL,2025,210.00000000000108,0.7182074336014405,seed,
ets_unet_event_nll_mixture,ETS-U-Net mixture EventNLL,2025,220.00000000000108,0.7118621608256263,seed,
ets_unet_event_nll_mixture,ETS-U-Net mixture EventNLL,2025,230.00000000000108,0.6898872503135126,seed,
ets_unet_event_nll_mixture,ETS-U-Net mixture EventNLL,2025,240.0000000000011,0.6659816915460091,seed,
ets_unet_event_nll_mixture,ETS-U-Net mixture EventNLL,2025,250.0000000000011,0.638818653638655,seed,
ets_unet_event_nll_mixture,ETS-U-Net mixture EventNLL,2025,260.00000000000114,0.6100910425233477,seed,
ets_unet_event_nll_mixture,ETS-U-Net mixture EventNLL,2025,270.00000000000114,0.5816030742510125,seed,
ets_unet_event_nll_mixture,ETS-U-Net mixture EventNLL,2025,280.00000000000114,0.5561406046739977,seed,
ets_unet_event_nll_mixture,ETS-U-Net mixture EventNLL,2025,290.00000000000114,0.5292589635983768,seed,
ets_unet_event_nll_mixture,ETS-U-Net mixture EventNLL,2025,300.00000000000114,0.5019813123971028,seed,
ets_unet_event_nll_mixture,ETS-U-Net mixture EventNLL,2025,310.00000000000114,0.47931197360836536,seed,
ets_unet_event_nll_mixture,ETS-U-Net mixture EventNLL,2025,320.0000000000012,0.45591036224809695,seed,
ets_unet_event_nll_mixture,ETS-U-Net mixture EventNLL,2025,330.0000000000012,0.43736485863821367,seed,
ets_unet_event_nll_mixture,ETS-U-Net mixture EventNLL,2025,340.0000000000012,0.4219991798209426,seed,
ets_unet_event_nll_mixture,ETS-U-Net mixture EventNLL,2025,350.0000000000012,0.4046992182878576,seed,
ets_unet_event_nll_mixture,ETS-U-Net mixture EventNLL,2025,360.0000000000012,0.390759815455677,seed,
ets_unet_event_nll_mixture,ETS-U-Net mixture EventNLL,2025,370.0000000000012,0.3851843152638703,seed,
ets_unet_event_nll_mixture,ETS-U-Net mixture EventNLL,2025,380.00000000000125,0.37621870002928637,seed,
ets_unet_event_nll_mixture,ETS-U-Net mixture EventNLL,2025,390.00000000000125,0.3703458861024957,seed,
ets_unet_event_nll_mixture,ETS-U-Net mixture EventNLL,2025,400.00000000000125,0.37200060907263244,seed,
ets_unet_event_nll_mixture,ETS-U-Net mixture EventNLL,2025,410.00000000000125,0.37059520987049466,seed,
ets_unet_event_nll_mixture,ETS-U-Net mixture EventNLL,2025,420.00000000000125,0.36500487870963116,seed,
ets_unet_event_nll_mixture,ETS-U-Net mixture EventNLL,2025,430.00000000000125,0.36248371005850527,seed,
ets_unet_event_nll_mixture,ETS-U-Net mixture EventNLL,2025,440.00000000000125,0.35544995852366357,seed,
ets_unet_event_nll_mixture,ETS-U-Net mixture EventNLL,2025,450.0000000000013,0.3438154301417355,seed,
ets_unet_event_nll_mixture,ETS-U-Net mixture EventNLL,2025,460.0000000000013,0.33708362714638485,seed,
ets_unet_event_nll_mixture,ETS-U-Net mixture EventNLL,2025,470.0000000000013,0.3307065865548982,seed,
ets_unet_event_nll_mixture,ETS-U-Net mixture EventNLL,2025,480.0000000000013,0.3253213627493845,seed,
ets_unet_event_nll_mixture,ETS-U-Net mixture EventNLL,2025,490.0000000000013,0.32211426632582796,seed,
ets_unet_event_nll_mixture,ETS-U-Net mixture EventNLL,2025,500.0000000000013,0.3216458127729298,seed,
ets_unet_event_nll_mixture,ETS-U-Net mixture EventNLL,2025,510.00000000000136,0.3251962898817776,seed,
ets_unet_event_nll_mixture,ETS-U-Net mixture EventNLL,2025,520.0000000000014,0.32167233249684335,seed,
ets_unet_event_nll_mixture,ETS-U-Net mixture EventNLL,2025,530.0000000000014,0.3142750532126901,seed,
ets_unet_event_nll_mixture,ETS-U-Net mixture EventNLL,2025,540.0000000000014,0.31071097705106276,seed,
ets_unet_event_nll_mixture,ETS-U-Net mixture EventNLL,2025,550.0000000000014,0.3055463266130901,seed,
ets_unet_event_nll_mixture,ETS-U-Net mixture EventNLL,2025,560.0000000000014,0.30841182101841325,seed,
ets_unet_event_nll_mixture,ETS-U-Net mixture EventNLL,2025,570.0000000000014,0.3058994112908214,seed,
ets_unet_event_nll_mixture,ETS-U-Net mixture EventNLL,2025,580.0000000000014,0.30208860123308695,seed,
ets_unet_event_nll_mixture,ETS-U-Net mixture EventNLL,2025,590.0000000000014,0.2954806949528148,seed,
ets_unet_event_nll_mixture,ETS-U-Net mixture EventNLL,2025,600.0000000000014,0.2889630372392392,seed,
ets_unet_event_nll_mixture,ETS-U-Net mixture EventNLL,2025,610.0000000000015,0.2800874214770782,seed,
ets_unet_event_nll_mixture,ETS-U-Net mixture EventNLL,2025,620.0000000000015,0.2714288663987569,seed,
ets_unet_event_nll_mixture,ETS-U-Net mixture EventNLL,2025,630.0000000000015,0.27105626926846593,seed,
ets_unet_event_nll_mixture,ETS-U-Net mixture EventNLL,2025,640.0000000000015,0.26908803603790776,seed,
ets_unet_event_nll_mixture,ETS-U-Net mixture EventNLL,2025,650.0000000000015,0.26610959187298505,seed,
ets_unet_event_nll_mixture,ETS-U-Net mixture EventNLL,2025,660.0000000000015,0.26143990095355335,seed,
ets_unet_event_nll_mixture,ETS-U-Net mixture EventNLL,2025,670.0000000000015,0.2540672550312697,seed,
ets_unet_event_nll_mixture,ETS-U-Net mixture EventNLL,2025,680.0000000000015,0.2553766822096115,seed,
ets_unet_event_nll_mixture,ETS-U-Net mixture EventNLL,2025,690.0000000000015,0.2558450529355908,seed,
ets_unet_event_nll_mixture,ETS-U-Net mixture EventNLL,2025,700.0000000000015,0.25465996013781406,seed,
ets_unet_event_nll_mixture,ETS-U-Net mixture EventNLL,2025,710.0000000000015,0.25168045333378863,seed,
ets_unet_event_nll_mixture,ETS-U-Net mixture EventNLL,2025,720.0000000000015,0.24437994764662338,seed,
ets_unet_event_nll_mixture,ETS-U-Net mixture EventNLL,2025,730.0000000000016,0.2364704817090618,seed,
ets_unet_event_nll_mixture,ETS-U-Net mixture EventNLL,2025,740.0000000000016,0.23150128871902403,seed,
ets_unet_event_nll_mixture,ETS-U-Net mixture EventNLL,2025,750.0000000000016,0.22864984189498558,seed,
ets_unet_event_nll_mixture,ETS-U-Net mixture EventNLL,2025,760.0000000000016,0.22698936697003497,seed,
ets_unet_event_nll_mixture,ETS-U-Net mixture EventNLL,2025,770.0000000000016,0.22593160717930372,seed,
ets_unet_event_nll_mixture,ETS-U-Net mixture EventNLL,2025,780.0000000000016,0.22143399515947101,seed,
ets_unet_event_nll_mixture,ETS-U-Net mixture EventNLL,2025,790.0000000000016,0.2205955483985787,seed,
ets_unet_event_nll_mixture,ETS-U-Net mixture EventNLL,2025,800.0000000000016,0.21697542233305936,seed,
ets_unet_event_nll_mixture,ETS-U-Net mixture EventNLL,2025,810.0000000000016,0.22294153056382737,seed,
ets_unet_event_nll_mixture,ETS-U-Net mixture EventNLL,2025,820.0000000000016,0.22791236971719286,seed,
ets_unet_event_nll_mixture,ETS-U-Net mixture EventNLL,2025,830.0000000000016,0.22524866900938553,seed,
ets_unet_event_nll_mixture,ETS-U-Net mixture EventNLL,2025,840.0000000000016,0.22924780224887006,seed,
ets_unet_event_nll_mixture,ETS-U-Net mixture EventNLL,2025,850.0000000000016,0.23530515592430423,seed,
ets_unet_event_nll_mixture,ETS-U-Net mixture EventNLL,2025,860.0000000000017,0.23636798976351267,seed,
ets_unet_event_nll_mixture,ETS-U-Net mixture EventNLL,2025,870.0000000000017,0.23575997291698594,seed,
ets_unet_event_nll_mixture,ETS-U-Net mixture EventNLL,2025,880.0000000000017,0.23056317427597658,seed,
ets_unet_event_nll_mixture,ETS-U-Net mixture EventNLL,2025,890.0000000000017,0.22240111585651606,seed,
ets_unet_event_nll_mixture,ETS-U-Net mixture EventNLL,2025,900.0000000000017,0.21840861254794747,seed,
ets_unet_event_nll_mixture,ETS-U-Net mixture EventNLL,2025,910.0000000000017,0.215198387906393,seed,
ets_unet_event_nll_mixture,ETS-U-Net mixture EventNLL,2025,920.0000000000017,0.21648695159772746,seed,
ets_unet_event_nll_mixture,ETS-U-Net mixture EventNLL,2025,930.0000000000017,0.23119622475671464,seed,
ets_unet_event_nll_mixture,ETS-U-Net mixture EventNLL,2025,940.0000000000017,0.2422194786485044,seed,
ets_unet_event_nll_mixture,ETS-U-Net mixture EventNLL,2025,950.0000000000017,0.24890250726406882,seed,
ets_unet_event_nll_mixture,ETS-U-Net mixture EventNLL,2025,960.0000000000017,0.24849665478075578,seed,
ets_unet_event_nll_mixture,ETS-U-Net mixture EventNLL,2025,970.0000000000017,0.242130086191751,seed,
ets_unet_event_nll_mixture,ETS-U-Net mixture EventNLL,2025,980.0000000000017,0.24382406768221235,seed,
ets_unet_event_nll_mixture,ETS-U-Net mixture EventNLL,2025,990.0000000000018,0.2507790525313673,seed,
ets_unet_event_nll_mixture,ETS-U-Net mixture EventNLL,2025,1000.0000000000018,0.25602184984248105,seed,
ets_unet_event_nll_mixture,ETS-U-Net mixture EventNLL,2026,-1000.0,0.10291778386675522,seed,
ets_unet_event_nll_mixture,ETS-U-Net mixture EventNLL,2026,-990.0,0.106590657335302,seed,
ets_unet_event_nll_mixture,ETS-U-Net mixture EventNLL,2026,-980.0,0.10376791522877998,seed,
ets_unet_event_nll_mixture,ETS-U-Net mixture EventNLL,2026,-970.0,0.10220471124298564,seed,
ets_unet_event_nll_mixture,ETS-U-Net mixture EventNLL,2026,-960.0,0.10250349958357516,seed,
ets_unet_event_nll_mixture,ETS-U-Net mixture EventNLL,2026,-950.0,0.10566851107501546,seed,
ets_unet_event_nll_mixture,ETS-U-Net mixture EventNLL,2026,-940.0,0.10898196932630379,seed,
ets_unet_event_nll_mixture,ETS-U-Net mixture EventNLL,2026,-929.9999999999999,0.11432478791772971,seed,
ets_unet_event_nll_mixture,ETS-U-Net mixture EventNLL,2026,-919.9999999999999,0.1195986272441199,seed,
ets_unet_event_nll_mixture,ETS-U-Net mixture EventNLL,2026,-909.9999999999999,0.12139737411094878,seed,
ets_unet_event_nll_mixture,ETS-U-Net mixture EventNLL,2026,-899.9999999999999,0.11959728148741115,seed,
ets_unet_event_nll_mixture,ETS-U-Net mixture EventNLL,2026,-889.9999999999999,0.12315639078543904,seed,
ets_unet_event_nll_mixture,ETS-U-Net mixture EventNLL,2026,-879.9999999999999,0.12636328229547406,seed,
ets_unet_event_nll_mixture,ETS-U-Net mixture EventNLL,2026,-869.9999999999999,0.1283967339868854,seed,
ets_unet_event_nll_mixture,ETS-U-Net mixture EventNLL,2026,-859.9999999999999,0.13451764174914987,seed,
ets_unet_event_nll_mixture,ETS-U-Net mixture EventNLL,2026,-849.9999999999999,0.13846768568008624,seed,
ets_unet_event_nll_mixture,ETS-U-Net mixture EventNLL,2026,-839.9999999999999,0.1398844930780285,seed,
ets_unet_event_nll_mixture,ETS-U-Net mixture EventNLL,2026,-829.9999999999999,0.1392969486392353,seed,
ets_unet_event_nll_mixture,ETS-U-Net mixture EventNLL,2026,-819.9999999999999,0.14230389780440156,seed,
ets_unet_event_nll_mixture,ETS-U-Net mixture EventNLL,2026,-809.9999999999999,0.14250887449966737,seed,
ets_unet_event_nll_mixture,ETS-U-Net mixture EventNLL,2026,-799.9999999999998,0.14087214358812272,seed,
ets_unet_event_nll_mixture,ETS-U-Net mixture EventNLL,2026,-789.9999999999998,0.13927609097516985,seed,
ets_unet_event_nll_mixture,ETS-U-Net mixture EventNLL,2026,-779.9999999999998,0.14013092014976183,seed,
ets_unet_event_nll_mixture,ETS-U-Net mixture EventNLL,2026,-769.9999999999998,0.15154768979806174,seed,
ets_unet_event_nll_mixture,ETS-U-Net mixture EventNLL,2026,-759.9999999999998,0.16476688801237963,seed,
ets_unet_event_nll_mixture,ETS-U-Net mixture EventNLL,2026,-749.9999999999998,0.16505142305137155,seed,
ets_unet_event_nll_mixture,ETS-U-Net mixture EventNLL,2026,-739.9999999999998,0.16594792397565425,seed,
ets_unet_event_nll_mixture,ETS-U-Net mixture EventNLL,2026,-729.9999999999998,0.17238054164288874,seed,
ets_unet_event_nll_mixture,ETS-U-Net mixture EventNLL,2026,-719.9999999999998,0.18642652330571483,seed,
ets_unet_event_nll_mixture,ETS-U-Net mixture EventNLL,2026,-709.9999999999998,0.18494465286612918,seed,
ets_unet_event_nll_mixture,ETS-U-Net mixture EventNLL,2026,-699.9999999999998,0.1768220982964814,seed,
ets_unet_event_nll_mixture,ETS-U-Net mixture EventNLL,2026,-689.9999999999998,0.1741956974127313,seed,
ets_unet_event_nll_mixture,ETS-U-Net mixture EventNLL,2026,-679.9999999999998,0.1742526455952124,seed,
ets_unet_event_nll_mixture,ETS-U-Net mixture EventNLL,2026,-669.9999999999997,0.1749893372930097,seed,
ets_unet_event_nll_mixture,ETS-U-Net mixture EventNLL,2026,-659.9999999999997,0.18412615692141462,seed,
ets_unet_event_nll_mixture,ETS-U-Net mixture EventNLL,2026,-649.9999999999997,0.1950352182859528,seed,
ets_unet_event_nll_mixture,ETS-U-Net mixture EventNLL,2026,-639.9999999999997,0.20486735396594988,seed,
ets_unet_event_nll_mixture,ETS-U-Net mixture EventNLL,2026,-629.9999999999997,0.2110653808756735,seed,
ets_unet_event_nll_mixture,ETS-U-Net mixture EventNLL,2026,-619.9999999999997,0.21799315968700692,seed,
ets_unet_event_nll_mixture,ETS-U-Net mixture EventNLL,2026,-609.9999999999997,0.21727630733716236,seed,
ets_unet_event_nll_mixture,ETS-U-Net mixture EventNLL,2026,-599.9999999999997,0.20898149343714306,seed,
ets_unet_event_nll_mixture,ETS-U-Net mixture EventNLL,2026,-589.9999999999997,0.21144248617613212,seed,
ets_unet_event_nll_mixture,ETS-U-Net mixture EventNLL,2026,-579.9999999999997,0.22759446450301718,seed,
ets_unet_event_nll_mixture,ETS-U-Net mixture EventNLL,2026,-569.9999999999997,0.23626697343635644,seed,
ets_unet_event_nll_mixture,ETS-U-Net mixture EventNLL,2026,-559.9999999999997,0.24122335539626977,seed,
ets_unet_event_nll_mixture,ETS-U-Net mixture EventNLL,2026,-549.9999999999995,0.24284292561463544,seed,
ets_unet_event_nll_mixture,ETS-U-Net mixture EventNLL,2026,-539.9999999999995,0.24817036333044734,seed,
ets_unet_event_nll_mixture,ETS-U-Net mixture EventNLL,2026,-529.9999999999995,0.26318262686018373,seed,
ets_unet_event_nll_mixture,ETS-U-Net mixture EventNLL,2026,-519.9999999999995,0.28419848752657473,seed,
ets_unet_event_nll_mixture,ETS-U-Net mixture EventNLL,2026,-509.99999999999955,0.2958569609929677,seed,
ets_unet_event_nll_mixture,ETS-U-Net mixture EventNLL,2026,-499.99999999999955,0.29404046921878335,seed,
ets_unet_event_nll_mixture,ETS-U-Net mixture EventNLL,2026,-489.99999999999955,0.2941068782406309,seed,
ets_unet_event_nll_mixture,ETS-U-Net mixture EventNLL,2026,-479.99999999999955,0.30195977152795456,seed,
ets_unet_event_nll_mixture,ETS-U-Net mixture EventNLL,2026,-469.99999999999955,0.30734009606087603,seed,
ets_unet_event_nll_mixture,ETS-U-Net mixture EventNLL,2026,-459.99999999999955,0.3144910119720074,seed,
ets_unet_event_nll_mixture,ETS-U-Net mixture EventNLL,2026,-449.9999999999995,0.32395815244045745,seed,
ets_unet_event_nll_mixture,ETS-U-Net mixture EventNLL,2026,-439.9999999999995,0.33622264393452267,seed,
ets_unet_event_nll_mixture,ETS-U-Net mixture EventNLL,2026,-429.9999999999995,0.3456942350443998,seed,
ets_unet_event_nll_mixture,ETS-U-Net mixture EventNLL,2026,-419.9999999999995,0.3437461282078698,seed,
ets_unet_event_nll_mixture,ETS-U-Net mixture EventNLL,2026,-409.9999999999995,0.3553705329294229,seed,
ets_unet_event_nll_mixture,ETS-U-Net mixture EventNLL,2026,-399.9999999999995,0.3722553302711922,seed,
ets_unet_event_nll_mixture,ETS-U-Net mixture EventNLL,2026,-389.99999999999943,0.3902155247190924,seed,
ets_unet_event_nll_mixture,ETS-U-Net mixture EventNLL,2026,-379.99999999999943,0.41601182248086244,seed,
ets_unet_event_nll_mixture,ETS-U-Net mixture EventNLL,2026,-369.99999999999943,0.4330055136816115,seed,
ets_unet_event_nll_mixture,ETS-U-Net mixture EventNLL,2026,-359.99999999999943,0.4500858535334686,seed,
ets_unet_event_nll_mixture,ETS-U-Net mixture EventNLL,2026,-349.99999999999943,0.45185273073841314,seed,
ets_unet_event_nll_mixture,ETS-U-Net mixture EventNLL,2026,-339.99999999999943,0.4610750824012284,seed,
ets_unet_event_nll_mixture,ETS-U-Net mixture EventNLL,2026,-329.99999999999943,0.47283865350172294,seed,
ets_unet_event_nll_mixture,ETS-U-Net mixture EventNLL,2026,-319.9999999999994,0.4882949260316635,seed,
ets_unet_event_nll_mixture,ETS-U-Net mixture EventNLL,2026,-309.9999999999994,0.4931003274878227,seed,
ets_unet_event_nll_mixture,ETS-U-Net mixture EventNLL,2026,-299.9999999999994,0.4952666625461409,seed,
ets_unet_event_nll_mixture,ETS-U-Net mixture EventNLL,2026,-289.9999999999994,0.5165931390453816,seed,
ets_unet_event_nll_mixture,ETS-U-Net mixture EventNLL,2026,-279.9999999999994,0.5484941094733478,seed,
ets_unet_event_nll_mixture,ETS-U-Net mixture EventNLL,2026,-269.9999999999994,0.5528872609300165,seed,
ets_unet_event_nll_mixture,ETS-U-Net mixture EventNLL,2026,-259.9999999999993,0.5426877042523894,seed,
ets_unet_event_nll_mixture,ETS-U-Net mixture EventNLL,2026,-249.99999999999935,0.5493913508383615,seed,
ets_unet_event_nll_mixture,ETS-U-Net mixture EventNLL,2026,-239.99999999999932,0.5536851741250486,seed,
ets_unet_event_nll_mixture,ETS-U-Net mixture EventNLL,2026,-229.99999999999932,0.5645992889597002,seed,
ets_unet_event_nll_mixture,ETS-U-Net mixture EventNLL,2026,-219.99999999999932,0.5910968416619647,seed,
ets_unet_event_nll_mixture,ETS-U-Net mixture EventNLL,2026,-209.9999999999993,0.6105867233223774,seed,
ets_unet_event_nll_mixture,ETS-U-Net mixture EventNLL,2026,-199.9999999999993,0.620466655000472,seed,
ets_unet_event_nll_mixture,ETS-U-Net mixture EventNLL,2026,-189.9999999999993,0.6504643505042506,seed,
ets_unet_event_nll_mixture,ETS-U-Net mixture EventNLL,2026,-179.99999999999926,0.6950456054016743,seed,
ets_unet_event_nll_mixture,ETS-U-Net mixture EventNLL,2026,-169.99999999999926,0.7364204879617231,seed,
ets_unet_event_nll_mixture,ETS-U-Net mixture EventNLL,2026,-159.99999999999926,0.7719813315532579,seed,
ets_unet_event_nll_mixture,ETS-U-Net mixture EventNLL,2026,-149.99999999999923,0.8228570880483514,seed,
ets_unet_event_nll_mixture,ETS-U-Net mixture EventNLL,2026,-139.99999999999923,0.9137112348313553,seed,
ets_unet_event_nll_mixture,ETS-U-Net mixture EventNLL,2026,-129.99999999999923,1.0259852666444509,seed,
ets_unet_event_nll_mixture,ETS-U-Net mixture EventNLL,2026,-119.99999999999922,1.1524315322782133,seed,
ets_unet_event_nll_mixture,ETS-U-Net mixture EventNLL,2026,-109.9999999999992,1.3097057124062472,seed,
ets_unet_event_nll_mixture,ETS-U-Net mixture EventNLL,2026,-99.9999999999992,1.5191088432883622,seed,
ets_unet_event_nll_mixture,ETS-U-Net mixture EventNLL,2026,-89.99999999999919,1.7275523529082144,seed,
ets_unet_event_nll_mixture,ETS-U-Net mixture EventNLL,2026,-79.99999999999918,1.9398194557065334,seed,
ets_unet_event_nll_mixture,ETS-U-Net mixture EventNLL,2026,-69.99999999999918,2.1427003008542944,seed,
ets_unet_event_nll_mixture,ETS-U-Net mixture EventNLL,2026,-59.99999999999916,2.352667325749922,seed,
ets_unet_event_nll_mixture,ETS-U-Net mixture EventNLL,2026,-49.999999999999154,2.5507516523321327,seed,
ets_unet_event_nll_mixture,ETS-U-Net mixture EventNLL,2026,-39.99999999999915,2.5950312298114824,seed,
ets_unet_event_nll_mixture,ETS-U-Net mixture EventNLL,2026,-29.99999999999914,2.6232471115763576,seed,
ets_unet_event_nll_mixture,ETS-U-Net mixture EventNLL,2026,-19.99999999999913,2.615476396461078,seed,
ets_unet_event_nll_mixture,ETS-U-Net mixture EventNLL,2026,-9.99999999999912,2.504327428581217,seed,
ets_unet_event_nll_mixture,ETS-U-Net mixture EventNLL,2026,8.881784197001252e-13,2.3495684276187383,seed,
ets_unet_event_nll_mixture,ETS-U-Net mixture EventNLL,2026,10.000000000000897,2.1538435656787236,seed,
ets_unet_event_nll_mixture,ETS-U-Net mixture EventNLL,2026,20.000000000000906,1.9832281743933475,seed,
ets_unet_event_nll_mixture,ETS-U-Net mixture EventNLL,2026,30.000000000000917,1.8382572354408921,seed,
ets_unet_event_nll_mixture,ETS-U-Net mixture EventNLL,2026,40.000000000000924,1.6797918926191988,seed,
ets_unet_event_nll_mixture,ETS-U-Net mixture EventNLL,2026,50.00000000000093,1.5092444242228427,seed,
ets_unet_event_nll_mixture,ETS-U-Net mixture EventNLL,2026,60.00000000000094,1.3274824052403662,seed,
ets_unet_event_nll_mixture,ETS-U-Net mixture EventNLL,2026,70.00000000000095,1.186143738248427,seed,
ets_unet_event_nll_mixture,ETS-U-Net mixture EventNLL,2026,80.00000000000097,1.0739613438951372,seed,
ets_unet_event_nll_mixture,ETS-U-Net mixture EventNLL,2026,90.00000000000097,0.965302748566292,seed,
ets_unet_event_nll_mixture,ETS-U-Net mixture EventNLL,2026,100.00000000000098,0.87205211493546,seed,
ets_unet_event_nll_mixture,ETS-U-Net mixture EventNLL,2026,110.00000000000098,0.8060141202943575,seed,
ets_unet_event_nll_mixture,ETS-U-Net mixture EventNLL,2026,120.000000000001,0.7598077113191548,seed,
ets_unet_event_nll_mixture,ETS-U-Net mixture EventNLL,2026,130.000000000001,0.7364774012530059,seed,
ets_unet_event_nll_mixture,ETS-U-Net mixture EventNLL,2026,140.00000000000102,0.7212294842266854,seed,
ets_unet_event_nll_mixture,ETS-U-Net mixture EventNLL,2026,150.00000000000102,0.714650245458903,seed,
ets_unet_event_nll_mixture,ETS-U-Net mixture EventNLL,2026,160.00000000000102,0.7223535119288507,seed,
ets_unet_event_nll_mixture,ETS-U-Net mixture EventNLL,2026,170.00000000000105,0.7185226755863108,seed,
ets_unet_event_nll_mixture,ETS-U-Net mixture EventNLL,2026,180.00000000000105,0.710717618675836,seed,
ets_unet_event_nll_mixture,ETS-U-Net mixture EventNLL,2026,190.00000000000105,0.6870062086125842,seed,
ets_unet_event_nll_mixture,ETS-U-Net mixture EventNLL,2026,200.00000000000108,0.6769130065889997,seed,
ets_unet_event_nll_mixture,ETS-U-Net mixture EventNLL,2026,210.00000000000108,0.6713854459503104,seed,
ets_unet_event_nll_mixture,ETS-U-Net mixture EventNLL,2026,220.00000000000108,0.6510703335381329,seed,
ets_unet_event_nll_mixture,ETS-U-Net mixture EventNLL,2026,230.00000000000108,0.618871285556228,seed,
ets_unet_event_nll_mixture,ETS-U-Net mixture EventNLL,2026,240.0000000000011,0.5982511712420031,seed,
ets_unet_event_nll_mixture,ETS-U-Net mixture EventNLL,2026,250.0000000000011,0.5869922678998217,seed,
ets_unet_event_nll_mixture,ETS-U-Net mixture EventNLL,2026,260.00000000000114,0.5718866105187129,seed,
ets_unet_event_nll_mixture,ETS-U-Net mixture EventNLL,2026,270.00000000000114,0.5486543708059849,seed,
ets_unet_event_nll_mixture,ETS-U-Net mixture EventNLL,2026,280.00000000000114,0.5290165447164066,seed,
ets_unet_event_nll_mixture,ETS-U-Net mixture EventNLL,2026,290.00000000000114,0.5106349791047112,seed,
ets_unet_event_nll_mixture,ETS-U-Net mixture EventNLL,2026,300.00000000000114,0.485592023885775,seed,
ets_unet_event_nll_mixture,ETS-U-Net mixture EventNLL,2026,310.00000000000114,0.4700606423124171,seed,
ets_unet_event_nll_mixture,ETS-U-Net mixture EventNLL,2026,320.0000000000012,0.4567073079256957,seed,
ets_unet_event_nll_mixture,ETS-U-Net mixture EventNLL,2026,330.0000000000012,0.44298960560763173,seed,
ets_unet_event_nll_mixture,ETS-U-Net mixture EventNLL,2026,340.0000000000012,0.4295379536176569,seed,
ets_unet_event_nll_mixture,ETS-U-Net mixture EventNLL,2026,350.0000000000012,0.41476397150598665,seed,
ets_unet_event_nll_mixture,ETS-U-Net mixture EventNLL,2026,360.0000000000012,0.40788356561018296,seed,
ets_unet_event_nll_mixture,ETS-U-Net mixture EventNLL,2026,370.0000000000012,0.3981759744051815,seed,
ets_unet_event_nll_mixture,ETS-U-Net mixture EventNLL,2026,380.00000000000125,0.3894048308351179,seed,
ets_unet_event_nll_mixture,ETS-U-Net mixture EventNLL,2026,390.00000000000125,0.38900768861728907,seed,
ets_unet_event_nll_mixture,ETS-U-Net mixture EventNLL,2026,400.00000000000125,0.39178866085317754,seed,
ets_unet_event_nll_mixture,ETS-U-Net mixture EventNLL,2026,410.00000000000125,0.38576512639225763,seed,
ets_unet_event_nll_mixture,ETS-U-Net mixture EventNLL,2026,420.00000000000125,0.37329646184478604,seed,
ets_unet_event_nll_mixture,ETS-U-Net mixture EventNLL,2026,430.00000000000125,0.37081640674502275,seed,
ets_unet_event_nll_mixture,ETS-U-Net mixture EventNLL,2026,440.00000000000125,0.36789377664238726,seed,
ets_unet_event_nll_mixture,ETS-U-Net mixture EventNLL,2026,450.0000000000013,0.36693074303132245,seed,
ets_unet_event_nll_mixture,ETS-U-Net mixture EventNLL,2026,460.0000000000013,0.3677862748927587,seed,
ets_unet_event_nll_mixture,ETS-U-Net mixture EventNLL,2026,470.0000000000013,0.3645771517901669,seed,
ets_unet_event_nll_mixture,ETS-U-Net mixture EventNLL,2026,480.0000000000013,0.35839936677245987,seed,
ets_unet_event_nll_mixture,ETS-U-Net mixture EventNLL,2026,490.0000000000013,0.3522485432903272,seed,
ets_unet_event_nll_mixture,ETS-U-Net mixture EventNLL,2026,500.0000000000013,0.3357741945308792,seed,
ets_unet_event_nll_mixture,ETS-U-Net mixture EventNLL,2026,510.00000000000136,0.3297263037166537,seed,
ets_unet_event_nll_mixture,ETS-U-Net mixture EventNLL,2026,520.0000000000014,0.3331291414402006,seed,
ets_unet_event_nll_mixture,ETS-U-Net mixture EventNLL,2026,530.0000000000014,0.33686492075372,seed,
ets_unet_event_nll_mixture,ETS-U-Net mixture EventNLL,2026,540.0000000000014,0.340072376491475,seed,
ets_unet_event_nll_mixture,ETS-U-Net mixture EventNLL,2026,550.0000000000014,0.3271334294868298,seed,
ets_unet_event_nll_mixture,ETS-U-Net mixture EventNLL,2026,560.0000000000014,0.31722176361429155,seed,
ets_unet_event_nll_mixture,ETS-U-Net mixture EventNLL,2026,570.0000000000014,0.31585029826403055,seed,
ets_unet_event_nll_mixture,ETS-U-Net mixture EventNLL,2026,580.0000000000014,0.31379758240181355,seed,
ets_unet_event_nll_mixture,ETS-U-Net mixture EventNLL,2026,590.0000000000014,0.3075983700403845,seed,
ets_unet_event_nll_mixture,ETS-U-Net mixture EventNLL,2026,600.0000000000014,0.2977749123863676,seed,
ets_unet_event_nll_mixture,ETS-U-Net mixture EventNLL,2026,610.0000000000015,0.29033939944733556,seed,
ets_unet_event_nll_mixture,ETS-U-Net mixture EventNLL,2026,620.0000000000015,0.2869863285313233,seed,
ets_unet_event_nll_mixture,ETS-U-Net mixture EventNLL,2026,630.0000000000015,0.2854920140762173,seed,
ets_unet_event_nll_mixture,ETS-U-Net mixture EventNLL,2026,640.0000000000015,0.28538516239014067,seed,
ets_unet_event_nll_mixture,ETS-U-Net mixture EventNLL,2026,650.0000000000015,0.2884897113624073,seed,
ets_unet_event_nll_mixture,ETS-U-Net mixture EventNLL,2026,660.0000000000015,0.2907188271042783,seed,
ets_unet_event_nll_mixture,ETS-U-Net mixture EventNLL,2026,670.0000000000015,0.29671284220946326,seed,
ets_unet_event_nll_mixture,ETS-U-Net mixture EventNLL,2026,680.0000000000015,0.29815982477324726,seed,
ets_unet_event_nll_mixture,ETS-U-Net mixture EventNLL,2026,690.0000000000015,0.2903132074805593,seed,
ets_unet_event_nll_mixture,ETS-U-Net mixture EventNLL,2026,700.0000000000015,0.27183615965965213,seed,
ets_unet_event_nll_mixture,ETS-U-Net mixture EventNLL,2026,710.0000000000015,0.2617165679052086,seed,
ets_unet_event_nll_mixture,ETS-U-Net mixture EventNLL,2026,720.0000000000015,0.2567676023044481,seed,
ets_unet_event_nll_mixture,ETS-U-Net mixture EventNLL,2026,730.0000000000016,0.24895643322493596,seed,
ets_unet_event_nll_mixture,ETS-U-Net mixture EventNLL,2026,740.0000000000016,0.24202748516793826,seed,
ets_unet_event_nll_mixture,ETS-U-Net mixture EventNLL,2026,750.0000000000016,0.2412313333312822,seed,
ets_unet_event_nll_mixture,ETS-U-Net mixture EventNLL,2026,760.0000000000016,0.24292409025360004,seed,
ets_unet_event_nll_mixture,ETS-U-Net mixture EventNLL,2026,770.0000000000016,0.24412780279687687,seed,
ets_unet_event_nll_mixture,ETS-U-Net mixture EventNLL,2026,780.0000000000016,0.23893634090374724,seed,
ets_unet_event_nll_mixture,ETS-U-Net mixture EventNLL,2026,790.0000000000016,0.2364790222790021,seed,
ets_unet_event_nll_mixture,ETS-U-Net mixture EventNLL,2026,800.0000000000016,0.2454307664336596,seed,
ets_unet_event_nll_mixture,ETS-U-Net mixture EventNLL,2026,810.0000000000016,0.2573849433913096,seed,
ets_unet_event_nll_mixture,ETS-U-Net mixture EventNLL,2026,820.0000000000016,0.25443186961403236,seed,
ets_unet_event_nll_mixture,ETS-U-Net mixture EventNLL,2026,830.0000000000016,0.24161388757012567,seed,
ets_unet_event_nll_mixture,ETS-U-Net mixture EventNLL,2026,840.0000000000016,0.24380564799347662,seed,
ets_unet_event_nll_mixture,ETS-U-Net mixture EventNLL,2026,850.0000000000016,0.25297874272536813,seed,
ets_unet_event_nll_mixture,ETS-U-Net mixture EventNLL,2026,860.0000000000017,0.2477853353829581,seed,
ets_unet_event_nll_mixture,ETS-U-Net mixture EventNLL,2026,870.0000000000017,0.23786974629317303,seed,
ets_unet_event_nll_mixture,ETS-U-Net mixture EventNLL,2026,880.0000000000017,0.22928558218664555,seed,
ets_unet_event_nll_mixture,ETS-U-Net mixture EventNLL,2026,890.0000000000017,0.22314313838999264,seed,
ets_unet_event_nll_mixture,ETS-U-Net mixture EventNLL,2026,900.0000000000017,0.23231384178142678,seed,
ets_unet_event_nll_mixture,ETS-U-Net mixture EventNLL,2026,910.0000000000017,0.2283673405252737,seed,
ets_unet_event_nll_mixture,ETS-U-Net mixture EventNLL,2026,920.0000000000017,0.22442560816482574,seed,
ets_unet_event_nll_mixture,ETS-U-Net mixture EventNLL,2026,930.0000000000017,0.23028924718869323,seed,
ets_unet_event_nll_mixture,ETS-U-Net mixture EventNLL,2026,940.0000000000017,0.23515935095759913,seed,
ets_unet_event_nll_mixture,ETS-U-Net mixture EventNLL,2026,950.0000000000017,0.2492331759525795,seed,
ets_unet_event_nll_mixture,ETS-U-Net mixture EventNLL,2026,960.0000000000017,0.25622936093408677,seed,
ets_unet_event_nll_mixture,ETS-U-Net mixture EventNLL,2026,970.0000000000017,0.2497814637592243,seed,
ets_unet_event_nll_mixture,ETS-U-Net mixture EventNLL,2026,980.0000000000017,0.2481610779048558,seed,
ets_unet_event_nll_mixture,ETS-U-Net mixture EventNLL,2026,990.0000000000018,0.25155757108587384,seed,
ets_unet_event_nll_mixture,ETS-U-Net mixture EventNLL,2026,1000.0000000000018,0.25897243481655713,seed,
ets_unet_event_nll_mixture,ETS-U-Net mixture EventNLL,2027,-1000.0,0.10092001553606583,seed,
ets_unet_event_nll_mixture,ETS-U-Net mixture EventNLL,2027,-990.0,0.1006435377666042,seed,
ets_unet_event_nll_mixture,ETS-U-Net mixture EventNLL,2027,-980.0,0.10273867274295238,seed,
ets_unet_event_nll_mixture,ETS-U-Net mixture EventNLL,2027,-970.0,0.10759107553114317,seed,
ets_unet_event_nll_mixture,ETS-U-Net mixture EventNLL,2027,-960.0,0.11326677354716276,seed,
ets_unet_event_nll_mixture,ETS-U-Net mixture EventNLL,2027,-950.0,0.1144325590747142,seed,
ets_unet_event_nll_mixture,ETS-U-Net mixture EventNLL,2027,-940.0,0.11433830632290862,seed,
ets_unet_event_nll_mixture,ETS-U-Net mixture EventNLL,2027,-929.9999999999999,0.11421638634714355,seed,
ets_unet_event_nll_mixture,ETS-U-Net mixture EventNLL,2027,-919.9999999999999,0.11565030825032284,seed,
ets_unet_event_nll_mixture,ETS-U-Net mixture EventNLL,2027,-909.9999999999999,0.11588017944305241,seed,
ets_unet_event_nll_mixture,ETS-U-Net mixture EventNLL,2027,-899.9999999999999,0.11977870927066389,seed,
ets_unet_event_nll_mixture,ETS-U-Net mixture EventNLL,2027,-889.9999999999999,0.12442389936254575,seed,
ets_unet_event_nll_mixture,ETS-U-Net mixture EventNLL,2027,-879.9999999999999,0.1254005608675118,seed,
ets_unet_event_nll_mixture,ETS-U-Net mixture EventNLL,2027,-869.9999999999999,0.12620403029695948,seed,
ets_unet_event_nll_mixture,ETS-U-Net mixture EventNLL,2027,-859.9999999999999,0.13065170886705954,seed,
ets_unet_event_nll_mixture,ETS-U-Net mixture EventNLL,2027,-849.9999999999999,0.13650988577875886,seed,
ets_unet_event_nll_mixture,ETS-U-Net mixture EventNLL,2027,-839.9999999999999,0.13972317891144828,seed,
ets_unet_event_nll_mixture,ETS-U-Net mixture EventNLL,2027,-829.9999999999999,0.13924846611343267,seed,
ets_unet_event_nll_mixture,ETS-U-Net mixture EventNLL,2027,-819.9999999999999,0.13510868651947947,seed,
ets_unet_event_nll_mixture,ETS-U-Net mixture EventNLL,2027,-809.9999999999999,0.13604510273801163,seed,
ets_unet_event_nll_mixture,ETS-U-Net mixture EventNLL,2027,-799.9999999999998,0.14069585796018055,seed,
ets_unet_event_nll_mixture,ETS-U-Net mixture EventNLL,2027,-789.9999999999998,0.14189882403341159,seed,
ets_unet_event_nll_mixture,ETS-U-Net mixture EventNLL,2027,-779.9999999999998,0.14152924449048268,seed,
ets_unet_event_nll_mixture,ETS-U-Net mixture EventNLL,2027,-769.9999999999998,0.1413607997746411,seed,
ets_unet_event_nll_mixture,ETS-U-Net mixture EventNLL,2027,-759.9999999999998,0.1442166929716876,seed,
ets_unet_event_nll_mixture,ETS-U-Net mixture EventNLL,2027,-749.9999999999998,0.15223902600058278,seed,
ets_unet_event_nll_mixture,ETS-U-Net mixture EventNLL,2027,-739.9999999999998,0.16703524004050907,seed,
ets_unet_event_nll_mixture,ETS-U-Net mixture EventNLL,2027,-729.9999999999998,0.17944574291007068,seed,
ets_unet_event_nll_mixture,ETS-U-Net mixture EventNLL,2027,-719.9999999999998,0.184485551394381,seed,
ets_unet_event_nll_mixture,ETS-U-Net mixture EventNLL,2027,-709.9999999999998,0.188840586179575,seed,
ets_unet_event_nll_mixture,ETS-U-Net mixture EventNLL,2027,-699.9999999999998,0.19431764855006214,seed,
ets_unet_event_nll_mixture,ETS-U-Net mixture EventNLL,2027,-689.9999999999998,0.19516033321666348,seed,
ets_unet_event_nll_mixture,ETS-U-Net mixture EventNLL,2027,-679.9999999999998,0.19770879169546468,seed,
ets_unet_event_nll_mixture,ETS-U-Net mixture EventNLL,2027,-669.9999999999997,0.1998981436157163,seed,
ets_unet_event_nll_mixture,ETS-U-Net mixture EventNLL,2027,-659.9999999999997,0.20360638853976018,seed,
ets_unet_event_nll_mixture,ETS-U-Net mixture EventNLL,2027,-649.9999999999997,0.2053785278187497,seed,
ets_unet_event_nll_mixture,ETS-U-Net mixture EventNLL,2027,-639.9999999999997,0.20490105290905972,seed,
ets_unet_event_nll_mixture,ETS-U-Net mixture EventNLL,2027,-629.9999999999997,0.2052689461344114,seed,
ets_unet_event_nll_mixture,ETS-U-Net mixture EventNLL,2027,-619.9999999999997,0.21066163193318532,seed,
ets_unet_event_nll_mixture,ETS-U-Net mixture EventNLL,2027,-609.9999999999997,0.2201251603890095,seed,
ets_unet_event_nll_mixture,ETS-U-Net mixture EventNLL,2027,-599.9999999999997,0.23315273025096017,seed,
ets_unet_event_nll_mixture,ETS-U-Net mixture EventNLL,2027,-589.9999999999997,0.23516486654990093,seed,
ets_unet_event_nll_mixture,ETS-U-Net mixture EventNLL,2027,-579.9999999999997,0.23056176833357137,seed,
ets_unet_event_nll_mixture,ETS-U-Net mixture EventNLL,2027,-569.9999999999997,0.23484125274575676,seed,
ets_unet_event_nll_mixture,ETS-U-Net mixture EventNLL,2027,-559.9999999999997,0.24405934426192794,seed,
ets_unet_event_nll_mixture,ETS-U-Net mixture EventNLL,2027,-549.9999999999995,0.2542556795417312,seed,
ets_unet_event_nll_mixture,ETS-U-Net mixture EventNLL,2027,-539.9999999999995,0.26120082362471375,seed,
ets_unet_event_nll_mixture,ETS-U-Net mixture EventNLL,2027,-529.9999999999995,0.26916477185026594,seed,
ets_unet_event_nll_mixture,ETS-U-Net mixture EventNLL,2027,-519.9999999999995,0.27569199484559015,seed,
ets_unet_event_nll_mixture,ETS-U-Net mixture EventNLL,2027,-509.99999999999955,0.2804258910953712,seed,
ets_unet_event_nll_mixture,ETS-U-Net mixture EventNLL,2027,-499.99999999999955,0.2845945397007187,seed,
ets_unet_event_nll_mixture,ETS-U-Net mixture EventNLL,2027,-489.99999999999955,0.2932084234067641,seed,
ets_unet_event_nll_mixture,ETS-U-Net mixture EventNLL,2027,-479.99999999999955,0.30482250746341255,seed,
ets_unet_event_nll_mixture,ETS-U-Net mixture EventNLL,2027,-469.99999999999955,0.3202969984761803,seed,
ets_unet_event_nll_mixture,ETS-U-Net mixture EventNLL,2027,-459.99999999999955,0.3373946834953987,seed,
ets_unet_event_nll_mixture,ETS-U-Net mixture EventNLL,2027,-449.9999999999995,0.33553103675041807,seed,
ets_unet_event_nll_mixture,ETS-U-Net mixture EventNLL,2027,-439.9999999999995,0.3308986088419084,seed,
ets_unet_event_nll_mixture,ETS-U-Net mixture EventNLL,2027,-429.9999999999995,0.3273458376725083,seed,
ets_unet_event_nll_mixture,ETS-U-Net mixture EventNLL,2027,-419.9999999999995,0.33184117529034424,seed,
ets_unet_event_nll_mixture,ETS-U-Net mixture EventNLL,2027,-409.9999999999995,0.3459861489639817,seed,
ets_unet_event_nll_mixture,ETS-U-Net mixture EventNLL,2027,-399.9999999999995,0.36962880328567393,seed,
ets_unet_event_nll_mixture,ETS-U-Net mixture EventNLL,2027,-389.99999999999943,0.38929096847150724,seed,
ets_unet_event_nll_mixture,ETS-U-Net mixture EventNLL,2027,-379.99999999999943,0.41019539250878695,seed,
ets_unet_event_nll_mixture,ETS-U-Net mixture EventNLL,2027,-369.99999999999943,0.4167181583752306,seed,
ets_unet_event_nll_mixture,ETS-U-Net mixture EventNLL,2027,-359.99999999999943,0.42623180293125495,seed,
ets_unet_event_nll_mixture,ETS-U-Net mixture EventNLL,2027,-349.99999999999943,0.4425418710100542,seed,
ets_unet_event_nll_mixture,ETS-U-Net mixture EventNLL,2027,-339.99999999999943,0.45424698033206345,seed,
ets_unet_event_nll_mixture,ETS-U-Net mixture EventNLL,2027,-329.99999999999943,0.4686198109794615,seed,
ets_unet_event_nll_mixture,ETS-U-Net mixture EventNLL,2027,-319.9999999999994,0.47801906043633924,seed,
ets_unet_event_nll_mixture,ETS-U-Net mixture EventNLL,2027,-309.9999999999994,0.49011902812248787,seed,
ets_unet_event_nll_mixture,ETS-U-Net mixture EventNLL,2027,-299.9999999999994,0.5005026498362274,seed,
ets_unet_event_nll_mixture,ETS-U-Net mixture EventNLL,2027,-289.9999999999994,0.5176288911315178,seed,
ets_unet_event_nll_mixture,ETS-U-Net mixture EventNLL,2027,-279.9999999999994,0.5404977168719151,seed,
ets_unet_event_nll_mixture,ETS-U-Net mixture EventNLL,2027,-269.9999999999994,0.5579180191733919,seed,
ets_unet_event_nll_mixture,ETS-U-Net mixture EventNLL,2027,-259.9999999999993,0.5667869648255393,seed,
ets_unet_event_nll_mixture,ETS-U-Net mixture EventNLL,2027,-249.99999999999935,0.569423796686645,seed,
ets_unet_event_nll_mixture,ETS-U-Net mixture EventNLL,2027,-239.99999999999932,0.5675898457785511,seed,
ets_unet_event_nll_mixture,ETS-U-Net mixture EventNLL,2027,-229.99999999999932,0.570185912942159,seed,
ets_unet_event_nll_mixture,ETS-U-Net mixture EventNLL,2027,-219.99999999999932,0.5715255270924745,seed,
ets_unet_event_nll_mixture,ETS-U-Net mixture EventNLL,2027,-209.9999999999993,0.5920574281361015,seed,
ets_unet_event_nll_mixture,ETS-U-Net mixture EventNLL,2027,-199.9999999999993,0.619964239486619,seed,
ets_unet_event_nll_mixture,ETS-U-Net mixture EventNLL,2027,-189.9999999999993,0.6426748696729226,seed,
ets_unet_event_nll_mixture,ETS-U-Net mixture EventNLL,2027,-179.99999999999926,0.664573548871495,seed,
ets_unet_event_nll_mixture,ETS-U-Net mixture EventNLL,2027,-169.99999999999926,0.6941424884714429,seed,
ets_unet_event_nll_mixture,ETS-U-Net mixture EventNLL,2027,-159.99999999999926,0.7344183673215444,seed,
ets_unet_event_nll_mixture,ETS-U-Net mixture EventNLL,2027,-149.99999999999923,0.7786167134069856,seed,
ets_unet_event_nll_mixture,ETS-U-Net mixture EventNLL,2027,-139.99999999999923,0.856080685274674,seed,
ets_unet_event_nll_mixture,ETS-U-Net mixture EventNLL,2027,-129.99999999999923,0.947714402135717,seed,
ets_unet_event_nll_mixture,ETS-U-Net mixture EventNLL,2027,-119.99999999999922,1.0282181291600196,seed,
ets_unet_event_nll_mixture,ETS-U-Net mixture EventNLL,2027,-109.9999999999992,1.1359278570886993,seed,
ets_unet_event_nll_mixture,ETS-U-Net mixture EventNLL,2027,-99.9999999999992,1.2726687747673062,seed,
ets_unet_event_nll_mixture,ETS-U-Net mixture EventNLL,2027,-89.99999999999919,1.4335589207011976,seed,
ets_unet_event_nll_mixture,ETS-U-Net mixture EventNLL,2027,-79.99999999999918,1.59763583988395,seed,
ets_unet_event_nll_mixture,ETS-U-Net mixture EventNLL,2027,-69.99999999999918,1.7969016693764601,seed,
ets_unet_event_nll_mixture,ETS-U-Net mixture EventNLL,2027,-59.99999999999916,2.0240083916140525,seed,
ets_unet_event_nll_mixture,ETS-U-Net mixture EventNLL,2027,-49.999999999999154,2.199053270698856,seed,
ets_unet_event_nll_mixture,ETS-U-Net mixture EventNLL,2027,-39.99999999999915,2.3563497358204772,seed,
ets_unet_event_nll_mixture,ETS-U-Net mixture EventNLL,2027,-29.99999999999914,2.5205874365849033,seed,
ets_unet_event_nll_mixture,ETS-U-Net mixture EventNLL,2027,-19.99999999999913,2.6210685006532155,seed,
ets_unet_event_nll_mixture,ETS-U-Net mixture EventNLL,2027,-9.99999999999912,2.618044366205641,seed,
ets_unet_event_nll_mixture,ETS-U-Net mixture EventNLL,2027,8.881784197001252e-13,2.5645915636300805,seed,
ets_unet_event_nll_mixture,ETS-U-Net mixture EventNLL,2027,10.000000000000897,2.4435195567097447,seed,
ets_unet_event_nll_mixture,ETS-U-Net mixture EventNLL,2027,20.000000000000906,2.2555568562747257,seed,
ets_unet_event_nll_mixture,ETS-U-Net mixture EventNLL,2027,30.000000000000917,2.039249356877644,seed,
ets_unet_event_nll_mixture,ETS-U-Net mixture EventNLL,2027,40.000000000000924,1.839737481229973,seed,
ets_unet_event_nll_mixture,ETS-U-Net mixture EventNLL,2027,50.00000000000093,1.6420838522169277,seed,
ets_unet_event_nll_mixture,ETS-U-Net mixture EventNLL,2027,60.00000000000094,1.4785311360100182,seed,
ets_unet_event_nll_mixture,ETS-U-Net mixture EventNLL,2027,70.00000000000095,1.3368987747717274,seed,
ets_unet_event_nll_mixture,ETS-U-Net mixture EventNLL,2027,80.00000000000097,1.1886026100486384,seed,
ets_unet_event_nll_mixture,ETS-U-Net mixture EventNLL,2027,90.00000000000097,1.0554036189746698,seed,
ets_unet_event_nll_mixture,ETS-U-Net mixture EventNLL,2027,100.00000000000098,0.9448807958210993,seed,
ets_unet_event_nll_mixture,ETS-U-Net mixture EventNLL,2027,110.00000000000098,0.8722113642027728,seed,
ets_unet_event_nll_mixture,ETS-U-Net mixture EventNLL,2027,120.000000000001,0.8313754819158573,seed,
ets_unet_event_nll_mixture,ETS-U-Net mixture EventNLL,2027,130.000000000001,0.8037004804297841,seed,
ets_unet_event_nll_mixture,ETS-U-Net mixture EventNLL,2027,140.00000000000102,0.7854820573358473,seed,
ets_unet_event_nll_mixture,ETS-U-Net mixture EventNLL,2027,150.00000000000102,0.7695029455788499,seed,
ets_unet_event_nll_mixture,ETS-U-Net mixture EventNLL,2027,160.00000000000102,0.7369934017458586,seed,
ets_unet_event_nll_mixture,ETS-U-Net mixture EventNLL,2027,170.00000000000105,0.7140077642422678,seed,
ets_unet_event_nll_mixture,ETS-U-Net mixture EventNLL,2027,180.00000000000105,0.7019729984242801,seed,
ets_unet_event_nll_mixture,ETS-U-Net mixture EventNLL,2027,190.00000000000105,0.7066509061448351,seed,
ets_unet_event_nll_mixture,ETS-U-Net mixture EventNLL,2027,200.00000000000108,0.7119158172825613,seed,
ets_unet_event_nll_mixture,ETS-U-Net mixture EventNLL,2027,210.00000000000108,0.7101725327474344,seed,
ets_unet_event_nll_mixture,ETS-U-Net mixture EventNLL,2027,220.00000000000108,0.6928124020427041,seed,
ets_unet_event_nll_mixture,ETS-U-Net mixture EventNLL,2027,230.00000000000108,0.6674057048079178,seed,
ets_unet_event_nll_mixture,ETS-U-Net mixture EventNLL,2027,240.0000000000011,0.6393433350185448,seed,
ets_unet_event_nll_mixture,ETS-U-Net mixture EventNLL,2027,250.0000000000011,0.619801776431315,seed,
ets_unet_event_nll_mixture,ETS-U-Net mixture EventNLL,2027,260.00000000000114,0.6085964797794026,seed,
ets_unet_event_nll_mixture,ETS-U-Net mixture EventNLL,2027,270.00000000000114,0.5953689359434376,seed,
ets_unet_event_nll_mixture,ETS-U-Net mixture EventNLL,2027,280.00000000000114,0.5789768712319857,seed,
ets_unet_event_nll_mixture,ETS-U-Net mixture EventNLL,2027,290.00000000000114,0.5542784967946148,seed,
ets_unet_event_nll_mixture,ETS-U-Net mixture EventNLL,2027,300.00000000000114,0.5230194611521762,seed,
ets_unet_event_nll_mixture,ETS-U-Net mixture EventNLL,2027,310.00000000000114,0.5024268078476334,seed,
ets_unet_event_nll_mixture,ETS-U-Net mixture EventNLL,2027,320.0000000000012,0.48648410781615703,seed,
ets_unet_event_nll_mixture,ETS-U-Net mixture EventNLL,2027,330.0000000000012,0.46787461904965716,seed,
ets_unet_event_nll_mixture,ETS-U-Net mixture EventNLL,2027,340.0000000000012,0.4595382028812979,seed,
ets_unet_event_nll_mixture,ETS-U-Net mixture EventNLL,2027,350.0000000000012,0.45497244071552173,seed,
ets_unet_event_nll_mixture,ETS-U-Net mixture EventNLL,2027,360.0000000000012,0.448092505354781,seed,
ets_unet_event_nll_mixture,ETS-U-Net mixture EventNLL,2027,370.0000000000012,0.44178712172508366,seed,
ets_unet_event_nll_mixture,ETS-U-Net mixture EventNLL,2027,380.00000000000125,0.43424771462096307,seed,
ets_unet_event_nll_mixture,ETS-U-Net mixture EventNLL,2027,390.00000000000125,0.4131754339839798,seed,
ets_unet_event_nll_mixture,ETS-U-Net mixture EventNLL,2027,400.00000000000125,0.39965349551115714,seed,
ets_unet_event_nll_mixture,ETS-U-Net mixture EventNLL,2027,410.00000000000125,0.3917191702318719,seed,
ets_unet_event_nll_mixture,ETS-U-Net mixture EventNLL,2027,420.00000000000125,0.39168537999689174,seed,
ets_unet_event_nll_mixture,ETS-U-Net mixture EventNLL,2027,430.00000000000125,0.38718157581702484,seed,
ets_unet_event_nll_mixture,ETS-U-Net mixture EventNLL,2027,440.00000000000125,0.377607444539582,seed,
ets_unet_event_nll_mixture,ETS-U-Net mixture EventNLL,2027,450.0000000000013,0.36808018820885546,seed,
ets_unet_event_nll_mixture,ETS-U-Net mixture EventNLL,2027,460.0000000000013,0.36295398694381853,seed,
ets_unet_event_nll_mixture,ETS-U-Net mixture EventNLL,2027,470.0000000000013,0.3543400700607742,seed,
ets_unet_event_nll_mixture,ETS-U-Net mixture EventNLL,2027,480.0000000000013,0.3489856796282004,seed,
ets_unet_event_nll_mixture,ETS-U-Net mixture EventNLL,2027,490.0000000000013,0.3473467481717802,seed,
ets_unet_event_nll_mixture,ETS-U-Net mixture EventNLL,2027,500.0000000000013,0.34290731681828235,seed,
ets_unet_event_nll_mixture,ETS-U-Net mixture EventNLL,2027,510.00000000000136,0.33603062600197214,seed,
ets_unet_event_nll_mixture,ETS-U-Net mixture EventNLL,2027,520.0000000000014,0.3268691213210505,seed,
ets_unet_event_nll_mixture,ETS-U-Net mixture EventNLL,2027,530.0000000000014,0.3202026918245333,seed,
ets_unet_event_nll_mixture,ETS-U-Net mixture EventNLL,2027,540.0000000000014,0.31938313483365943,seed,
ets_unet_event_nll_mixture,ETS-U-Net mixture EventNLL,2027,550.0000000000014,0.31368790652385153,seed,
ets_unet_event_nll_mixture,ETS-U-Net mixture EventNLL,2027,560.0000000000014,0.31005172692942706,seed,
ets_unet_event_nll_mixture,ETS-U-Net mixture EventNLL,2027,570.0000000000014,0.3017543496173214,seed,
ets_unet_event_nll_mixture,ETS-U-Net mixture EventNLL,2027,580.0000000000014,0.2972752161846989,seed,
ets_unet_event_nll_mixture,ETS-U-Net mixture EventNLL,2027,590.0000000000014,0.29626733329597793,seed,
ets_unet_event_nll_mixture,ETS-U-Net mixture EventNLL,2027,600.0000000000014,0.2968631474314189,seed,
ets_unet_event_nll_mixture,ETS-U-Net mixture EventNLL,2027,610.0000000000015,0.2868914301629343,seed,
ets_unet_event_nll_mixture,ETS-U-Net mixture EventNLL,2027,620.0000000000015,0.2814582101761713,seed,
ets_unet_event_nll_mixture,ETS-U-Net mixture EventNLL,2027,630.0000000000015,0.2809439824367768,seed,
ets_unet_event_nll_mixture,ETS-U-Net mixture EventNLL,2027,640.0000000000015,0.28095723701383346,seed,
ets_unet_event_nll_mixture,ETS-U-Net mixture EventNLL,2027,650.0000000000015,0.2809076813823567,seed,
ets_unet_event_nll_mixture,ETS-U-Net mixture EventNLL,2027,660.0000000000015,0.2753017373270365,seed,
ets_unet_event_nll_mixture,ETS-U-Net mixture EventNLL,2027,670.0000000000015,0.27357819606195005,seed,
ets_unet_event_nll_mixture,ETS-U-Net mixture EventNLL,2027,680.0000000000015,0.2756010802763689,seed,
ets_unet_event_nll_mixture,ETS-U-Net mixture EventNLL,2027,690.0000000000015,0.27045673184055463,seed,
ets_unet_event_nll_mixture,ETS-U-Net mixture EventNLL,2027,700.0000000000015,0.2665442212174832,seed,
ets_unet_event_nll_mixture,ETS-U-Net mixture EventNLL,2027,710.0000000000015,0.2665067775893425,seed,
ets_unet_event_nll_mixture,ETS-U-Net mixture EventNLL,2027,720.0000000000015,0.26309671202961615,seed,
ets_unet_event_nll_mixture,ETS-U-Net mixture EventNLL,2027,730.0000000000016,0.26105958552435343,seed,
ets_unet_event_nll_mixture,ETS-U-Net mixture EventNLL,2027,740.0000000000016,0.25976724180377225,seed,
ets_unet_event_nll_mixture,ETS-U-Net mixture EventNLL,2027,750.0000000000016,0.2498901977340219,seed,
ets_unet_event_nll_mixture,ETS-U-Net mixture EventNLL,2027,760.0000000000016,0.24308373323579202,seed,
ets_unet_event_nll_mixture,ETS-U-Net mixture EventNLL,2027,770.0000000000016,0.23571587982211564,seed,
ets_unet_event_nll_mixture,ETS-U-Net mixture EventNLL,2027,780.0000000000016,0.22881782109864635,seed,
ets_unet_event_nll_mixture,ETS-U-Net mixture EventNLL,2027,790.0000000000016,0.2295568558555419,seed,
ets_unet_event_nll_mixture,ETS-U-Net mixture EventNLL,2027,800.0000000000016,0.233158334976451,seed,
ets_unet_event_nll_mixture,ETS-U-Net mixture EventNLL,2027,810.0000000000016,0.2384269970387577,seed,
ets_unet_event_nll_mixture,ETS-U-Net mixture EventNLL,2027,820.0000000000016,0.24639285777858605,seed,
ets_unet_event_nll_mixture,ETS-U-Net mixture EventNLL,2027,830.0000000000016,0.2528816471611852,seed,
ets_unet_event_nll_mixture,ETS-U-Net mixture EventNLL,2027,840.0000000000016,0.2570042946727068,seed,
ets_unet_event_nll_mixture,ETS-U-Net mixture EventNLL,2027,850.0000000000016,0.25403182962684473,seed,
ets_unet_event_nll_mixture,ETS-U-Net mixture EventNLL,2027,860.0000000000017,0.25257384389604576,seed,
ets_unet_event_nll_mixture,ETS-U-Net mixture EventNLL,2027,870.0000000000017,0.25262422966475956,seed,
ets_unet_event_nll_mixture,ETS-U-Net mixture EventNLL,2027,880.0000000000017,0.24644999102223805,seed,
ets_unet_event_nll_mixture,ETS-U-Net mixture EventNLL,2027,890.0000000000017,0.2421233571538727,seed,
ets_unet_event_nll_mixture,ETS-U-Net mixture EventNLL,2027,900.0000000000017,0.24359613361461668,seed,
ets_unet_event_nll_mixture,ETS-U-Net mixture EventNLL,2027,910.0000000000017,0.24356355104687563,seed,
ets_unet_event_nll_mixture,ETS-U-Net mixture EventNLL,2027,920.0000000000017,0.2404700574267085,seed,
ets_unet_event_nll_mixture,ETS-U-Net mixture EventNLL,2027,930.0000000000017,0.23713627529216028,seed,
ets_unet_event_nll_mixture,ETS-U-Net mixture EventNLL,2027,940.0000000000017,0.2351505139638277,seed,
ets_unet_event_nll_mixture,ETS-U-Net mixture EventNLL,2027,950.0000000000017,0.24758153634599245,seed,
ets_unet_event_nll_mixture,ETS-U-Net mixture EventNLL,2027,960.0000000000017,0.2638252572180514,seed,
ets_unet_event_nll_mixture,ETS-U-Net mixture EventNLL,2027,970.0000000000017,0.2715267093714826,seed,
ets_unet_event_nll_mixture,ETS-U-Net mixture EventNLL,2027,980.0000000000017,0.26851397124994364,seed,
ets_unet_event_nll_mixture,ETS-U-Net mixture EventNLL,2027,990.0000000000018,0.2643908853431264,seed,
ets_unet_event_nll_mixture,ETS-U-Net mixture EventNLL,2027,1000.0000000000018,0.25973143502890444,seed,
ets_unet_event_nll_mixture,ETS-U-Net mixture EventNLL,2028,-1000.0,0.108168650634835,seed,
ets_unet_event_nll_mixture,ETS-U-Net mixture EventNLL,2028,-990.0,0.10934249599671607,seed,
ets_unet_event_nll_mixture,ETS-U-Net mixture EventNLL,2028,-980.0,0.11322941416241897,seed,
ets_unet_event_nll_mixture,ETS-U-Net mixture EventNLL,2028,-970.0,0.11373960128947705,seed,
ets_unet_event_nll_mixture,ETS-U-Net mixture EventNLL,2028,-960.0,0.11138260237335505,seed,
ets_unet_event_nll_mixture,ETS-U-Net mixture EventNLL,2028,-950.0,0.11037883549187988,seed,
ets_unet_event_nll_mixture,ETS-U-Net mixture EventNLL,2028,-940.0,0.11541261503604805,seed,
ets_unet_event_nll_mixture,ETS-U-Net mixture EventNLL,2028,-929.9999999999999,0.122080966439808,seed,
ets_unet_event_nll_mixture,ETS-U-Net mixture EventNLL,2028,-919.9999999999999,0.1293031098369862,seed,
ets_unet_event_nll_mixture,ETS-U-Net mixture EventNLL,2028,-909.9999999999999,0.13358435804952143,seed,
ets_unet_event_nll_mixture,ETS-U-Net mixture EventNLL,2028,-899.9999999999999,0.13621693411295116,seed,
ets_unet_event_nll_mixture,ETS-U-Net mixture EventNLL,2028,-889.9999999999999,0.13645609756488952,seed,
ets_unet_event_nll_mixture,ETS-U-Net mixture EventNLL,2028,-879.9999999999999,0.13572317205834702,seed,
ets_unet_event_nll_mixture,ETS-U-Net mixture EventNLL,2028,-869.9999999999999,0.13443917430908506,seed,
ets_unet_event_nll_mixture,ETS-U-Net mixture EventNLL,2028,-859.9999999999999,0.1363459139145893,seed,
ets_unet_event_nll_mixture,ETS-U-Net mixture EventNLL,2028,-849.9999999999999,0.13886716620852083,seed,
ets_unet_event_nll_mixture,ETS-U-Net mixture EventNLL,2028,-839.9999999999999,0.14051744427760413,seed,
ets_unet_event_nll_mixture,ETS-U-Net mixture EventNLL,2028,-829.9999999999999,0.14138059399268385,seed,
ets_unet_event_nll_mixture,ETS-U-Net mixture EventNLL,2028,-819.9999999999999,0.13941207459025282,seed,
ets_unet_event_nll_mixture,ETS-U-Net mixture EventNLL,2028,-809.9999999999999,0.1382679158335914,seed,
ets_unet_event_nll_mixture,ETS-U-Net mixture EventNLL,2028,-799.9999999999998,0.13941237149744073,seed,
ets_unet_event_nll_mixture,ETS-U-Net mixture EventNLL,2028,-789.9999999999998,0.1432143540324862,seed,
ets_unet_event_nll_mixture,ETS-U-Net mixture EventNLL,2028,-779.9999999999998,0.1426481074559968,seed,
ets_unet_event_nll_mixture,ETS-U-Net mixture EventNLL,2028,-769.9999999999998,0.14417895595280364,seed,
ets_unet_event_nll_mixture,ETS-U-Net mixture EventNLL,2028,-759.9999999999998,0.148302920594998,seed,
ets_unet_event_nll_mixture,ETS-U-Net mixture EventNLL,2028,-749.9999999999998,0.1524141005932878,seed,
ets_unet_event_nll_mixture,ETS-U-Net mixture EventNLL,2028,-739.9999999999998,0.15734255511206954,seed,
ets_unet_event_nll_mixture,ETS-U-Net mixture EventNLL,2028,-729.9999999999998,0.16642315927818066,seed,
ets_unet_event_nll_mixture,ETS-U-Net mixture EventNLL,2028,-719.9999999999998,0.1787675693045516,seed,
ets_unet_event_nll_mixture,ETS-U-Net mixture EventNLL,2028,-709.9999999999998,0.18876932406186633,seed,
ets_unet_event_nll_mixture,ETS-U-Net mixture EventNLL,2028,-699.9999999999998,0.19422556179720507,seed,
ets_unet_event_nll_mixture,ETS-U-Net mixture EventNLL,2028,-689.9999999999998,0.1969649861522114,seed,
ets_unet_event_nll_mixture,ETS-U-Net mixture EventNLL,2028,-679.9999999999998,0.1947957103533624,seed,
ets_unet_event_nll_mixture,ETS-U-Net mixture EventNLL,2028,-669.9999999999997,0.19232233676159882,seed,
ets_unet_event_nll_mixture,ETS-U-Net mixture EventNLL,2028,-659.9999999999997,0.19757091512379235,seed,
ets_unet_event_nll_mixture,ETS-U-Net mixture EventNLL,2028,-649.9999999999997,0.20264336371468727,seed,
ets_unet_event_nll_mixture,ETS-U-Net mixture EventNLL,2028,-639.9999999999997,0.20366967363012822,seed,
ets_unet_event_nll_mixture,ETS-U-Net mixture EventNLL,2028,-629.9999999999997,0.2026120519987522,seed,
ets_unet_event_nll_mixture,ETS-U-Net mixture EventNLL,2028,-619.9999999999997,0.20149629172619798,seed,
ets_unet_event_nll_mixture,ETS-U-Net mixture EventNLL,2028,-609.9999999999997,0.20604748658178562,seed,
ets_unet_event_nll_mixture,ETS-U-Net mixture EventNLL,2028,-599.9999999999997,0.21782967731719882,seed,
ets_unet_event_nll_mixture,ETS-U-Net mixture EventNLL,2028,-589.9999999999997,0.23070721632517238,seed,
ets_unet_event_nll_mixture,ETS-U-Net mixture EventNLL,2028,-579.9999999999997,0.24052770944623675,seed,
ets_unet_event_nll_mixture,ETS-U-Net mixture EventNLL,2028,-569.9999999999997,0.2430521697779948,seed,
ets_unet_event_nll_mixture,ETS-U-Net mixture EventNLL,2028,-559.9999999999997,0.24213878941022515,seed,
ets_unet_event_nll_mixture,ETS-U-Net mixture EventNLL,2028,-549.9999999999995,0.23770187543284166,seed,
ets_unet_event_nll_mixture,ETS-U-Net mixture EventNLL,2028,-539.9999999999995,0.2346679729574022,seed,
ets_unet_event_nll_mixture,ETS-U-Net mixture EventNLL,2028,-529.9999999999995,0.2454422434465601,seed,
ets_unet_event_nll_mixture,ETS-U-Net mixture EventNLL,2028,-519.9999999999995,0.25964347171790175,seed,
ets_unet_event_nll_mixture,ETS-U-Net mixture EventNLL,2028,-509.99999999999955,0.27181682691127895,seed,
ets_unet_event_nll_mixture,ETS-U-Net mixture EventNLL,2028,-499.99999999999955,0.2792870144437658,seed,
ets_unet_event_nll_mixture,ETS-U-Net mixture EventNLL,2028,-489.99999999999955,0.2865834192873407,seed,
ets_unet_event_nll_mixture,ETS-U-Net mixture EventNLL,2028,-479.99999999999955,0.2925268862371758,seed,
ets_unet_event_nll_mixture,ETS-U-Net mixture EventNLL,2028,-469.99999999999955,0.2968580038098301,seed,
ets_unet_event_nll_mixture,ETS-U-Net mixture EventNLL,2028,-459.99999999999955,0.30047971641350646,seed,
ets_unet_event_nll_mixture,ETS-U-Net mixture EventNLL,2028,-449.9999999999995,0.2986564151050374,seed,
ets_unet_event_nll_mixture,ETS-U-Net mixture EventNLL,2028,-439.9999999999995,0.3033987628146469,seed,
ets_unet_event_nll_mixture,ETS-U-Net mixture EventNLL,2028,-429.9999999999995,0.31544143325835633,seed,
ets_unet_event_nll_mixture,ETS-U-Net mixture EventNLL,2028,-419.9999999999995,0.3318914845218419,seed,
ets_unet_event_nll_mixture,ETS-U-Net mixture EventNLL,2028,-409.9999999999995,0.34764950626721164,seed,
ets_unet_event_nll_mixture,ETS-U-Net mixture EventNLL,2028,-399.9999999999995,0.37096357250806894,seed,
ets_unet_event_nll_mixture,ETS-U-Net mixture EventNLL,2028,-389.99999999999943,0.38710552935520287,seed,
ets_unet_event_nll_mixture,ETS-U-Net mixture EventNLL,2028,-379.99999999999943,0.3983365385256875,seed,
ets_unet_event_nll_mixture,ETS-U-Net mixture EventNLL,2028,-369.99999999999943,0.3971870190088282,seed,
ets_unet_event_nll_mixture,ETS-U-Net mixture EventNLL,2028,-359.99999999999943,0.4044694871623146,seed,
ets_unet_event_nll_mixture,ETS-U-Net mixture EventNLL,2028,-349.99999999999943,0.42231937603789693,seed,
ets_unet_event_nll_mixture,ETS-U-Net mixture EventNLL,2028,-339.99999999999943,0.43386172805505013,seed,
ets_unet_event_nll_mixture,ETS-U-Net mixture EventNLL,2028,-329.99999999999943,0.43732355909232073,seed,
ets_unet_event_nll_mixture,ETS-U-Net mixture EventNLL,2028,-319.9999999999994,0.45135943909140697,seed,
ets_unet_event_nll_mixture,ETS-U-Net mixture EventNLL,2028,-309.9999999999994,0.4820973910140762,seed,
ets_unet_event_nll_mixture,ETS-U-Net mixture EventNLL,2028,-299.9999999999994,0.5151805270456279,seed,
ets_unet_event_nll_mixture,ETS-U-Net mixture EventNLL,2028,-289.9999999999994,0.5338211783686433,seed,
ets_unet_event_nll_mixture,ETS-U-Net mixture EventNLL,2028,-279.9999999999994,0.5410879334536607,seed,
ets_unet_event_nll_mixture,ETS-U-Net mixture EventNLL,2028,-269.9999999999994,0.54423173724896,seed,
ets_unet_event_nll_mixture,ETS-U-Net mixture EventNLL,2028,-259.9999999999993,0.5406648092099405,seed,
ets_unet_event_nll_mixture,ETS-U-Net mixture EventNLL,2028,-249.99999999999935,0.5394626356796361,seed,
ets_unet_event_nll_mixture,ETS-U-Net mixture EventNLL,2028,-239.99999999999932,0.5444637061741268,seed,
ets_unet_event_nll_mixture,ETS-U-Net mixture EventNLL,2028,-229.99999999999932,0.5548490219057739,seed,
ets_unet_event_nll_mixture,ETS-U-Net mixture EventNLL,2028,-219.99999999999932,0.5770895206044123,seed,
ets_unet_event_nll_mixture,ETS-U-Net mixture EventNLL,2028,-209.9999999999993,0.6161830182138458,seed,
ets_unet_event_nll_mixture,ETS-U-Net mixture EventNLL,2028,-199.9999999999993,0.657345531017671,seed,
ets_unet_event_nll_mixture,ETS-U-Net mixture EventNLL,2028,-189.9999999999993,0.6709009779839564,seed,
ets_unet_event_nll_mixture,ETS-U-Net mixture EventNLL,2028,-179.99999999999926,0.6895000433513429,seed,
ets_unet_event_nll_mixture,ETS-U-Net mixture EventNLL,2028,-169.99999999999926,0.7086876896324213,seed,
ets_unet_event_nll_mixture,ETS-U-Net mixture EventNLL,2028,-159.99999999999926,0.742018150243388,seed,
ets_unet_event_nll_mixture,ETS-U-Net mixture EventNLL,2028,-149.99999999999923,0.7929285943355558,seed,
ets_unet_event_nll_mixture,ETS-U-Net mixture EventNLL,2028,-139.99999999999923,0.8553788270538216,seed,
ets_unet_event_nll_mixture,ETS-U-Net mixture EventNLL,2028,-129.99999999999923,0.9362546561912433,seed,
ets_unet_event_nll_mixture,ETS-U-Net mixture EventNLL,2028,-119.99999999999922,1.0527114583766681,seed,
ets_unet_event_nll_mixture,ETS-U-Net mixture EventNLL,2028,-109.9999999999992,1.2223867167695035,seed,
ets_unet_event_nll_mixture,ETS-U-Net mixture EventNLL,2028,-99.9999999999992,1.4088609040143245,seed,
ets_unet_event_nll_mixture,ETS-U-Net mixture EventNLL,2028,-89.99999999999919,1.5801982795954443,seed,
ets_unet_event_nll_mixture,ETS-U-Net mixture EventNLL,2028,-79.99999999999918,1.7399633074508938,seed,
ets_unet_event_nll_mixture,ETS-U-Net mixture EventNLL,2028,-69.99999999999918,1.935667693635463,seed,
ets_unet_event_nll_mixture,ETS-U-Net mixture EventNLL,2028,-59.99999999999916,2.127142955478473,seed,
ets_unet_event_nll_mixture,ETS-U-Net mixture EventNLL,2028,-49.999999999999154,2.3105398895538434,seed,
ets_unet_event_nll_mixture,ETS-U-Net mixture EventNLL,2028,-39.99999999999915,2.4756669242894853,seed,
ets_unet_event_nll_mixture,ETS-U-Net mixture EventNLL,2028,-29.99999999999914,2.591976114288562,seed,
ets_unet_event_nll_mixture,ETS-U-Net mixture EventNLL,2028,-19.99999999999913,2.6549255195436046,seed,
ets_unet_event_nll_mixture,ETS-U-Net mixture EventNLL,2028,-9.99999999999912,2.6435051677352734,seed,
ets_unet_event_nll_mixture,ETS-U-Net mixture EventNLL,2028,8.881784197001252e-13,2.5859162742831963,seed,
ets_unet_event_nll_mixture,ETS-U-Net mixture EventNLL,2028,10.000000000000897,2.4500185843382973,seed,
ets_unet_event_nll_mixture,ETS-U-Net mixture EventNLL,2028,20.000000000000906,2.2359009075518994,seed,
ets_unet_event_nll_mixture,ETS-U-Net mixture EventNLL,2028,30.000000000000917,2.028341020112767,seed,
ets_unet_event_nll_mixture,ETS-U-Net mixture EventNLL,2028,40.000000000000924,1.8478414801006229,seed,
ets_unet_event_nll_mixture,ETS-U-Net mixture EventNLL,2028,50.00000000000093,1.6517538511626666,seed,
ets_unet_event_nll_mixture,ETS-U-Net mixture EventNLL,2028,60.00000000000094,1.4546942492094939,seed,
ets_unet_event_nll_mixture,ETS-U-Net mixture EventNLL,2028,70.00000000000095,1.2860253204140653,seed,
ets_unet_event_nll_mixture,ETS-U-Net mixture EventNLL,2028,80.00000000000097,1.1595015998307998,seed,
ets_unet_event_nll_mixture,ETS-U-Net mixture EventNLL,2028,90.00000000000097,1.0482727066398212,seed,
ets_unet_event_nll_mixture,ETS-U-Net mixture EventNLL,2028,100.00000000000098,0.95019611448517,seed,
ets_unet_event_nll_mixture,ETS-U-Net mixture EventNLL,2028,110.00000000000098,0.8764319763851903,seed,
ets_unet_event_nll_mixture,ETS-U-Net mixture EventNLL,2028,120.000000000001,0.8288467400763676,seed,
ets_unet_event_nll_mixture,ETS-U-Net mixture EventNLL,2028,130.000000000001,0.7815939667502794,seed,
ets_unet_event_nll_mixture,ETS-U-Net mixture EventNLL,2028,140.00000000000102,0.739314967244254,seed,
ets_unet_event_nll_mixture,ETS-U-Net mixture EventNLL,2028,150.00000000000102,0.7157129767427922,seed,
ets_unet_event_nll_mixture,ETS-U-Net mixture EventNLL,2028,160.00000000000102,0.693246303063033,seed,
ets_unet_event_nll_mixture,ETS-U-Net mixture EventNLL,2028,170.00000000000105,0.6810907429380683,seed,
ets_unet_event_nll_mixture,ETS-U-Net mixture EventNLL,2028,180.00000000000105,0.6744988327918042,seed,
ets_unet_event_nll_mixture,ETS-U-Net mixture EventNLL,2028,190.00000000000105,0.6798417348855876,seed,
ets_unet_event_nll_mixture,ETS-U-Net mixture EventNLL,2028,200.00000000000108,0.6797426205349621,seed,
ets_unet_event_nll_mixture,ETS-U-Net mixture EventNLL,2028,210.00000000000108,0.6686071866185879,seed,
ets_unet_event_nll_mixture,ETS-U-Net mixture EventNLL,2028,220.00000000000108,0.658956235563962,seed,
ets_unet_event_nll_mixture,ETS-U-Net mixture EventNLL,2028,230.00000000000108,0.6597812644135106,seed,
ets_unet_event_nll_mixture,ETS-U-Net mixture EventNLL,2028,240.0000000000011,0.6523824596262188,seed,
ets_unet_event_nll_mixture,ETS-U-Net mixture EventNLL,2028,250.0000000000011,0.6224232018628443,seed,
ets_unet_event_nll_mixture,ETS-U-Net mixture EventNLL,2028,260.00000000000114,0.5896111266314276,seed,
ets_unet_event_nll_mixture,ETS-U-Net mixture EventNLL,2028,270.00000000000114,0.5696428623460084,seed,
ets_unet_event_nll_mixture,ETS-U-Net mixture EventNLL,2028,280.00000000000114,0.556868588420494,seed,
ets_unet_event_nll_mixture,ETS-U-Net mixture EventNLL,2028,290.00000000000114,0.5459345052980854,seed,
ets_unet_event_nll_mixture,ETS-U-Net mixture EventNLL,2028,300.00000000000114,0.5342254786256925,seed,
ets_unet_event_nll_mixture,ETS-U-Net mixture EventNLL,2028,310.00000000000114,0.521031491943697,seed,
ets_unet_event_nll_mixture,ETS-U-Net mixture EventNLL,2028,320.0000000000012,0.5074565775213034,seed,
ets_unet_event_nll_mixture,ETS-U-Net mixture EventNLL,2028,330.0000000000012,0.4922280290374207,seed,
ets_unet_event_nll_mixture,ETS-U-Net mixture EventNLL,2028,340.0000000000012,0.47065947824846277,seed,
ets_unet_event_nll_mixture,ETS-U-Net mixture EventNLL,2028,350.0000000000012,0.45323009327019487,seed,
ets_unet_event_nll_mixture,ETS-U-Net mixture EventNLL,2028,360.0000000000012,0.4350152434288187,seed,
ets_unet_event_nll_mixture,ETS-U-Net mixture EventNLL,2028,370.0000000000012,0.41521717504833355,seed,
ets_unet_event_nll_mixture,ETS-U-Net mixture EventNLL,2028,380.00000000000125,0.40115572747332945,seed,
ets_unet_event_nll_mixture,ETS-U-Net mixture EventNLL,2028,390.00000000000125,0.3990917629519028,seed,
ets_unet_event_nll_mixture,ETS-U-Net mixture EventNLL,2028,400.00000000000125,0.4028256390305936,seed,
ets_unet_event_nll_mixture,ETS-U-Net mixture EventNLL,2028,410.00000000000125,0.40771475645655053,seed,
ets_unet_event_nll_mixture,ETS-U-Net mixture EventNLL,2028,420.00000000000125,0.40618884717859194,seed,
ets_unet_event_nll_mixture,ETS-U-Net mixture EventNLL,2028,430.00000000000125,0.3953899410719405,seed,
ets_unet_event_nll_mixture,ETS-U-Net mixture EventNLL,2028,440.00000000000125,0.375975733995057,seed,
ets_unet_event_nll_mixture,ETS-U-Net mixture EventNLL,2028,450.0000000000013,0.3633696942615914,seed,
ets_unet_event_nll_mixture,ETS-U-Net mixture EventNLL,2028,460.0000000000013,0.3571492965081739,seed,
ets_unet_event_nll_mixture,ETS-U-Net mixture EventNLL,2028,470.0000000000013,0.35182028714720237,seed,
ets_unet_event_nll_mixture,ETS-U-Net mixture EventNLL,2028,480.0000000000013,0.35246913893899207,seed,
ets_unet_event_nll_mixture,ETS-U-Net mixture EventNLL,2028,490.0000000000013,0.3536239233260961,seed,
ets_unet_event_nll_mixture,ETS-U-Net mixture EventNLL,2028,500.0000000000013,0.34164952949151917,seed,
ets_unet_event_nll_mixture,ETS-U-Net mixture EventNLL,2028,510.00000000000136,0.3320604423645106,seed,
ets_unet_event_nll_mixture,ETS-U-Net mixture EventNLL,2028,520.0000000000014,0.323967902416625,seed,
ets_unet_event_nll_mixture,ETS-U-Net mixture EventNLL,2028,530.0000000000014,0.3191068286672155,seed,
ets_unet_event_nll_mixture,ETS-U-Net mixture EventNLL,2028,540.0000000000014,0.3132792558468064,seed,
ets_unet_event_nll_mixture,ETS-U-Net mixture EventNLL,2028,550.0000000000014,0.30658313722790415,seed,
ets_unet_event_nll_mixture,ETS-U-Net mixture EventNLL,2028,560.0000000000014,0.3058245128733459,seed,
ets_unet_event_nll_mixture,ETS-U-Net mixture EventNLL,2028,570.0000000000014,0.30241360731475736,seed,
ets_unet_event_nll_mixture,ETS-U-Net mixture EventNLL,2028,580.0000000000014,0.2953319802503137,seed,
ets_unet_event_nll_mixture,ETS-U-Net mixture EventNLL,2028,590.0000000000014,0.2938491094462929,seed,
ets_unet_event_nll_mixture,ETS-U-Net mixture EventNLL,2028,600.0000000000014,0.2976171936384762,seed,
ets_unet_event_nll_mixture,ETS-U-Net mixture EventNLL,2028,610.0000000000015,0.2970046677922393,seed,
ets_unet_event_nll_mixture,ETS-U-Net mixture EventNLL,2028,620.0000000000015,0.2961015946434397,seed,
ets_unet_event_nll_mixture,ETS-U-Net mixture EventNLL,2028,630.0000000000015,0.29603318223952424,seed,
ets_unet_event_nll_mixture,ETS-U-Net mixture EventNLL,2028,640.0000000000015,0.28732925437949375,seed,
ets_unet_event_nll_mixture,ETS-U-Net mixture EventNLL,2028,650.0000000000015,0.2701642484197734,seed,
ets_unet_event_nll_mixture,ETS-U-Net mixture EventNLL,2028,660.0000000000015,0.25515669128141516,seed,
ets_unet_event_nll_mixture,ETS-U-Net mixture EventNLL,2028,670.0000000000015,0.2521971366800105,seed,
ets_unet_event_nll_mixture,ETS-U-Net mixture EventNLL,2028,680.0000000000015,0.25602304030138906,seed,
ets_unet_event_nll_mixture,ETS-U-Net mixture EventNLL,2028,690.0000000000015,0.2554346674177843,seed,
ets_unet_event_nll_mixture,ETS-U-Net mixture EventNLL,2028,700.0000000000015,0.24924112203692533,seed,
ets_unet_event_nll_mixture,ETS-U-Net mixture EventNLL,2028,710.0000000000015,0.2434470237567218,seed,
ets_unet_event_nll_mixture,ETS-U-Net mixture EventNLL,2028,720.0000000000015,0.23772113402459338,seed,
ets_unet_event_nll_mixture,ETS-U-Net mixture EventNLL,2028,730.0000000000016,0.23916812191821052,seed,
ets_unet_event_nll_mixture,ETS-U-Net mixture EventNLL,2028,740.0000000000016,0.23841129005210238,seed,
ets_unet_event_nll_mixture,ETS-U-Net mixture EventNLL,2028,750.0000000000016,0.23553261358711497,seed,
ets_unet_event_nll_mixture,ETS-U-Net mixture EventNLL,2028,760.0000000000016,0.23628211325632043,seed,
ets_unet_event_nll_mixture,ETS-U-Net mixture EventNLL,2028,770.0000000000016,0.23587057037219336,seed,
ets_unet_event_nll_mixture,ETS-U-Net mixture EventNLL,2028,780.0000000000016,0.23066151904793414,seed,
ets_unet_event_nll_mixture,ETS-U-Net mixture EventNLL,2028,790.0000000000016,0.2267464140822228,seed,
ets_unet_event_nll_mixture,ETS-U-Net mixture EventNLL,2028,800.0000000000016,0.22203072446997124,seed,
ets_unet_event_nll_mixture,ETS-U-Net mixture EventNLL,2028,810.0000000000016,0.22020155904629188,seed,
ets_unet_event_nll_mixture,ETS-U-Net mixture EventNLL,2028,820.0000000000016,0.2179983238377433,seed,
ets_unet_event_nll_mixture,ETS-U-Net mixture EventNLL,2028,830.0000000000016,0.22286549542503645,seed,
ets_unet_event_nll_mixture,ETS-U-Net mixture EventNLL,2028,840.0000000000016,0.2288102389101764,seed,
ets_unet_event_nll_mixture,ETS-U-Net mixture EventNLL,2028,850.0000000000016,0.23200772421571136,seed,
ets_unet_event_nll_mixture,ETS-U-Net mixture EventNLL,2028,860.0000000000017,0.231646793562078,seed,
ets_unet_event_nll_mixture,ETS-U-Net mixture EventNLL,2028,870.0000000000017,0.23330351835120955,seed,
ets_unet_event_nll_mixture,ETS-U-Net mixture EventNLL,2028,880.0000000000017,0.22858221363469358,seed,
ets_unet_event_nll_mixture,ETS-U-Net mixture EventNLL,2028,890.0000000000017,0.21533466435594223,seed,
ets_unet_event_nll_mixture,ETS-U-Net mixture EventNLL,2028,900.0000000000017,0.20528008516161186,seed,
ets_unet_event_nll_mixture,ETS-U-Net mixture EventNLL,2028,910.0000000000017,0.19865678271956988,seed,
ets_unet_event_nll_mixture,ETS-U-Net mixture EventNLL,2028,920.0000000000017,0.1970050127927542,seed,
ets_unet_event_nll_mixture,ETS-U-Net mixture EventNLL,2028,930.0000000000017,0.20536100584546524,seed,
ets_unet_event_nll_mixture,ETS-U-Net mixture EventNLL,2028,940.0000000000017,0.21602163995144,seed,
ets_unet_event_nll_mixture,ETS-U-Net mixture EventNLL,2028,950.0000000000017,0.22438653821979307,seed,
ets_unet_event_nll_mixture,ETS-U-Net mixture EventNLL,2028,960.0000000000017,0.22611608641894906,seed,
ets_unet_event_nll_mixture,ETS-U-Net mixture EventNLL,2028,970.0000000000017,0.22349480476013167,seed,
ets_unet_event_nll_mixture,ETS-U-Net mixture EventNLL,2028,980.0000000000017,0.23288539788285956,seed,
ets_unet_event_nll_mixture,ETS-U-Net mixture EventNLL,2028,990.0000000000018,0.257131902735506,seed,
ets_unet_event_nll_mixture,ETS-U-Net mixture EventNLL,2028,1000.0000000000018,0.260762939202387,seed,
ets_unet_event_nll_mixture,ETS-U-Net mixture EventNLL,2029,-1000.0,0.07966256748208916,seed,
ets_unet_event_nll_mixture,ETS-U-Net mixture EventNLL,2029,-990.0,0.0808657994655076,seed,
ets_unet_event_nll_mixture,ETS-U-Net mixture EventNLL,2029,-980.0,0.08455140551331757,seed,
ets_unet_event_nll_mixture,ETS-U-Net mixture EventNLL,2029,-970.0,0.08783301012646877,seed,
ets_unet_event_nll_mixture,ETS-U-Net mixture EventNLL,2029,-960.0,0.08915347034525452,seed,
ets_unet_event_nll_mixture,ETS-U-Net mixture EventNLL,2029,-950.0,0.09225960505579275,seed,
ets_unet_event_nll_mixture,ETS-U-Net mixture EventNLL,2029,-940.0,0.09874400776020231,seed,
ets_unet_event_nll_mixture,ETS-U-Net mixture EventNLL,2029,-929.9999999999999,0.10272995800015634,seed,
ets_unet_event_nll_mixture,ETS-U-Net mixture EventNLL,2029,-919.9999999999999,0.10149046173790881,seed,
ets_unet_event_nll_mixture,ETS-U-Net mixture EventNLL,2029,-909.9999999999999,0.10251692506814085,seed,
ets_unet_event_nll_mixture,ETS-U-Net mixture EventNLL,2029,-899.9999999999999,0.10879191539616255,seed,
ets_unet_event_nll_mixture,ETS-U-Net mixture EventNLL,2029,-889.9999999999999,0.11761092817064019,seed,
ets_unet_event_nll_mixture,ETS-U-Net mixture EventNLL,2029,-879.9999999999999,0.12346425280400954,seed,
ets_unet_event_nll_mixture,ETS-U-Net mixture EventNLL,2029,-869.9999999999999,0.1232418295381742,seed,
ets_unet_event_nll_mixture,ETS-U-Net mixture EventNLL,2029,-859.9999999999999,0.12107085981768338,seed,
ets_unet_event_nll_mixture,ETS-U-Net mixture EventNLL,2029,-849.9999999999999,0.12053673935788611,seed,
ets_unet_event_nll_mixture,ETS-U-Net mixture EventNLL,2029,-839.9999999999999,0.12375182455708181,seed,
ets_unet_event_nll_mixture,ETS-U-Net mixture EventNLL,2029,-829.9999999999999,0.1253845155580681,seed,
ets_unet_event_nll_mixture,ETS-U-Net mixture EventNLL,2029,-819.9999999999999,0.12253860220687877,seed,
ets_unet_event_nll_mixture,ETS-U-Net mixture EventNLL,2029,-809.9999999999999,0.12270091398395437,seed,
ets_unet_event_nll_mixture,ETS-U-Net mixture EventNLL,2029,-799.9999999999998,0.1277928118771821,seed,
ets_unet_event_nll_mixture,ETS-U-Net mixture EventNLL,2029,-789.9999999999998,0.13281541052357376,seed,
ets_unet_event_nll_mixture,ETS-U-Net mixture EventNLL,2029,-779.9999999999998,0.13857220892763425,seed,
ets_unet_event_nll_mixture,ETS-U-Net mixture EventNLL,2029,-769.9999999999998,0.1464890936395964,seed,
ets_unet_event_nll_mixture,ETS-U-Net mixture EventNLL,2029,-759.9999999999998,0.15557373624654577,seed,
ets_unet_event_nll_mixture,ETS-U-Net mixture EventNLL,2029,-749.9999999999998,0.1637013426087832,seed,
ets_unet_event_nll_mixture,ETS-U-Net mixture EventNLL,2029,-739.9999999999998,0.16966611380625135,seed,
ets_unet_event_nll_mixture,ETS-U-Net mixture EventNLL,2029,-729.9999999999998,0.17449888975813543,seed,
ets_unet_event_nll_mixture,ETS-U-Net mixture EventNLL,2029,-719.9999999999998,0.17412649322348286,seed,
ets_unet_event_nll_mixture,ETS-U-Net mixture EventNLL,2029,-709.9999999999998,0.17427364339878354,seed,
ets_unet_event_nll_mixture,ETS-U-Net mixture EventNLL,2029,-699.9999999999998,0.180013054571264,seed,
ets_unet_event_nll_mixture,ETS-U-Net mixture EventNLL,2029,-689.9999999999998,0.19100234333310256,seed,
ets_unet_event_nll_mixture,ETS-U-Net mixture EventNLL,2029,-679.9999999999998,0.19897307200052786,seed,
ets_unet_event_nll_mixture,ETS-U-Net mixture EventNLL,2029,-669.9999999999997,0.2010242752126651,seed,
ets_unet_event_nll_mixture,ETS-U-Net mixture EventNLL,2029,-659.9999999999997,0.19731750896787695,seed,
ets_unet_event_nll_mixture,ETS-U-Net mixture EventNLL,2029,-649.9999999999997,0.2027779993521141,seed,
ets_unet_event_nll_mixture,ETS-U-Net mixture EventNLL,2029,-639.9999999999997,0.21452796503295335,seed,
ets_unet_event_nll_mixture,ETS-U-Net mixture EventNLL,2029,-629.9999999999997,0.22196620647964524,seed,
ets_unet_event_nll_mixture,ETS-U-Net mixture EventNLL,2029,-619.9999999999997,0.22665116503064636,seed,
ets_unet_event_nll_mixture,ETS-U-Net mixture EventNLL,2029,-609.9999999999997,0.22717422163675835,seed,
ets_unet_event_nll_mixture,ETS-U-Net mixture EventNLL,2029,-599.9999999999997,0.2312669839476574,seed,
ets_unet_event_nll_mixture,ETS-U-Net mixture EventNLL,2029,-589.9999999999997,0.2402971372795022,seed,
ets_unet_event_nll_mixture,ETS-U-Net mixture EventNLL,2029,-579.9999999999997,0.24900688420090028,seed,
ets_unet_event_nll_mixture,ETS-U-Net mixture EventNLL,2029,-569.9999999999997,0.2513658035970478,seed,
ets_unet_event_nll_mixture,ETS-U-Net mixture EventNLL,2029,-559.9999999999997,0.2536931032486382,seed,
ets_unet_event_nll_mixture,ETS-U-Net mixture EventNLL,2029,-549.9999999999995,0.25829825356343317,seed,
ets_unet_event_nll_mixture,ETS-U-Net mixture EventNLL,2029,-539.9999999999995,0.2667148349636076,seed,
ets_unet_event_nll_mixture,ETS-U-Net mixture EventNLL,2029,-529.9999999999995,0.27696287835623357,seed,
ets_unet_event_nll_mixture,ETS-U-Net mixture EventNLL,2029,-519.9999999999995,0.28850045241927624,seed,
ets_unet_event_nll_mixture,ETS-U-Net mixture EventNLL,2029,-509.99999999999955,0.30058677536364553,seed,
ets_unet_event_nll_mixture,ETS-U-Net mixture EventNLL,2029,-499.99999999999955,0.31607109815753737,seed,
ets_unet_event_nll_mixture,ETS-U-Net mixture EventNLL,2029,-489.99999999999955,0.3280001449922555,seed,
ets_unet_event_nll_mixture,ETS-U-Net mixture EventNLL,2029,-479.99999999999955,0.3367355674956113,seed,
ets_unet_event_nll_mixture,ETS-U-Net mixture EventNLL,2029,-469.99999999999955,0.33924934898041487,seed,
ets_unet_event_nll_mixture,ETS-U-Net mixture EventNLL,2029,-459.99999999999955,0.3392472017670417,seed,
ets_unet_event_nll_mixture,ETS-U-Net mixture EventNLL,2029,-449.9999999999995,0.3435064766313417,seed,
ets_unet_event_nll_mixture,ETS-U-Net mixture EventNLL,2029,-439.9999999999995,0.3525372626290961,seed,
ets_unet_event_nll_mixture,ETS-U-Net mixture EventNLL,2029,-429.9999999999995,0.36368820141920877,seed,
ets_unet_event_nll_mixture,ETS-U-Net mixture EventNLL,2029,-419.9999999999995,0.37879908099410003,seed,
ets_unet_event_nll_mixture,ETS-U-Net mixture EventNLL,2029,-409.9999999999995,0.3957936082597224,seed,
ets_unet_event_nll_mixture,ETS-U-Net mixture EventNLL,2029,-399.9999999999995,0.4198701529270344,seed,
ets_unet_event_nll_mixture,ETS-U-Net mixture EventNLL,2029,-389.99999999999943,0.4396512429751247,seed,
ets_unet_event_nll_mixture,ETS-U-Net mixture EventNLL,2029,-379.99999999999943,0.4603321436706007,seed,
ets_unet_event_nll_mixture,ETS-U-Net mixture EventNLL,2029,-369.99999999999943,0.4766600849960942,seed,
ets_unet_event_nll_mixture,ETS-U-Net mixture EventNLL,2029,-359.99999999999943,0.4924566479838686,seed,
ets_unet_event_nll_mixture,ETS-U-Net mixture EventNLL,2029,-349.99999999999943,0.506882810814792,seed,
ets_unet_event_nll_mixture,ETS-U-Net mixture EventNLL,2029,-339.99999999999943,0.5190138704989917,seed,
ets_unet_event_nll_mixture,ETS-U-Net mixture EventNLL,2029,-329.99999999999943,0.532540435263997,seed,
ets_unet_event_nll_mixture,ETS-U-Net mixture EventNLL,2029,-319.9999999999994,0.5547121514499926,seed,
ets_unet_event_nll_mixture,ETS-U-Net mixture EventNLL,2029,-309.9999999999994,0.5794879534550444,seed,
ets_unet_event_nll_mixture,ETS-U-Net mixture EventNLL,2029,-299.9999999999994,0.5968447347755124,seed,
ets_unet_event_nll_mixture,ETS-U-Net mixture EventNLL,2029,-289.9999999999994,0.6119623495202694,seed,
ets_unet_event_nll_mixture,ETS-U-Net mixture EventNLL,2029,-279.9999999999994,0.6230355872917923,seed,
ets_unet_event_nll_mixture,ETS-U-Net mixture EventNLL,2029,-269.9999999999994,0.6326753275749901,seed,
ets_unet_event_nll_mixture,ETS-U-Net mixture EventNLL,2029,-259.9999999999993,0.6399655662993917,seed,
ets_unet_event_nll_mixture,ETS-U-Net mixture EventNLL,2029,-249.99999999999935,0.6348879498038503,seed,
ets_unet_event_nll_mixture,ETS-U-Net mixture EventNLL,2029,-239.99999999999932,0.6237462138679692,seed,
ets_unet_event_nll_mixture,ETS-U-Net mixture EventNLL,2029,-229.99999999999932,0.6199534364573972,seed,
ets_unet_event_nll_mixture,ETS-U-Net mixture EventNLL,2029,-219.99999999999932,0.622584536533919,seed,
ets_unet_event_nll_mixture,ETS-U-Net mixture EventNLL,2029,-209.9999999999993,0.6295513924917081,seed,
ets_unet_event_nll_mixture,ETS-U-Net mixture EventNLL,2029,-199.9999999999993,0.6533536893406575,seed,
ets_unet_event_nll_mixture,ETS-U-Net mixture EventNLL,2029,-189.9999999999993,0.6829388885837592,seed,
ets_unet_event_nll_mixture,ETS-U-Net mixture EventNLL,2029,-179.99999999999926,0.7035639415998707,seed,
ets_unet_event_nll_mixture,ETS-U-Net mixture EventNLL,2029,-169.99999999999926,0.7216225928624295,seed,
ets_unet_event_nll_mixture,ETS-U-Net mixture EventNLL,2029,-159.99999999999926,0.754259345307968,seed,
ets_unet_event_nll_mixture,ETS-U-Net mixture EventNLL,2029,-149.99999999999923,0.7883362618233216,seed,
ets_unet_event_nll_mixture,ETS-U-Net mixture EventNLL,2029,-139.99999999999923,0.8387679406835505,seed,
ets_unet_event_nll_mixture,ETS-U-Net mixture EventNLL,2029,-129.99999999999923,0.9165909629239962,seed,
ets_unet_event_nll_mixture,ETS-U-Net mixture EventNLL,2029,-119.99999999999922,1.0302921587684941,seed,
ets_unet_event_nll_mixture,ETS-U-Net mixture EventNLL,2029,-109.9999999999992,1.1630772668539715,seed,
ets_unet_event_nll_mixture,ETS-U-Net mixture EventNLL,2029,-99.9999999999992,1.308591402355994,seed,
ets_unet_event_nll_mixture,ETS-U-Net mixture EventNLL,2029,-89.99999999999919,1.4522206029616807,seed,
ets_unet_event_nll_mixture,ETS-U-Net mixture EventNLL,2029,-79.99999999999918,1.6036765548955205,seed,
ets_unet_event_nll_mixture,ETS-U-Net mixture EventNLL,2029,-69.99999999999918,1.7915719497861744,seed,
ets_unet_event_nll_mixture,ETS-U-Net mixture EventNLL,2029,-59.99999999999916,1.9791021492221723,seed,
ets_unet_event_nll_mixture,ETS-U-Net mixture EventNLL,2029,-49.999999999999154,2.129857534370667,seed,
ets_unet_event_nll_mixture,ETS-U-Net mixture EventNLL,2029,-39.99999999999915,2.2777398121835626,seed,
ets_unet_event_nll_mixture,ETS-U-Net mixture EventNLL,2029,-29.99999999999914,2.4179963078399225,seed,
ets_unet_event_nll_mixture,ETS-U-Net mixture EventNLL,2029,-19.99999999999913,2.520481780041591,seed,
ets_unet_event_nll_mixture,ETS-U-Net mixture EventNLL,2029,-9.99999999999912,2.532958870907831,seed,
ets_unet_event_nll_mixture,ETS-U-Net mixture EventNLL,2029,8.881784197001252e-13,2.427991954939103,seed,
ets_unet_event_nll_mixture,ETS-U-Net mixture EventNLL,2029,10.000000000000897,2.2820647629064847,seed,
ets_unet_event_nll_mixture,ETS-U-Net mixture EventNLL,2029,20.000000000000906,2.1212612809344464,seed,
ets_unet_event_nll_mixture,ETS-U-Net mixture EventNLL,2029,30.000000000000917,1.9801357016648407,seed,
ets_unet_event_nll_mixture,ETS-U-Net mixture EventNLL,2029,40.000000000000924,1.7785602424232023,seed,
ets_unet_event_nll_mixture,ETS-U-Net mixture EventNLL,2029,50.00000000000093,1.5604373229114166,seed,
ets_unet_event_nll_mixture,ETS-U-Net mixture EventNLL,2029,60.00000000000094,1.387854345247319,seed,
ets_unet_event_nll_mixture,ETS-U-Net mixture EventNLL,2029,70.00000000000095,1.255109299050795,seed,
ets_unet_event_nll_mixture,ETS-U-Net mixture EventNLL,2029,80.00000000000097,1.1506138465091507,seed,
ets_unet_event_nll_mixture,ETS-U-Net mixture EventNLL,2029,90.00000000000097,1.053316326839848,seed,
ets_unet_event_nll_mixture,ETS-U-Net mixture EventNLL,2029,100.00000000000098,0.9722721863000096,seed,
ets_unet_event_nll_mixture,ETS-U-Net mixture EventNLL,2029,110.00000000000098,0.9227422641949281,seed,
ets_unet_event_nll_mixture,ETS-U-Net mixture EventNLL,2029,120.000000000001,0.8812669379759083,seed,
ets_unet_event_nll_mixture,ETS-U-Net mixture EventNLL,2029,130.000000000001,0.8370831555973968,seed,
ets_unet_event_nll_mixture,ETS-U-Net mixture EventNLL,2029,140.00000000000102,0.809460240244135,seed,
ets_unet_event_nll_mixture,ETS-U-Net mixture EventNLL,2029,150.00000000000102,0.7897554525711705,seed,
ets_unet_event_nll_mixture,ETS-U-Net mixture EventNLL,2029,160.00000000000102,0.7684289020229927,seed,
ets_unet_event_nll_mixture,ETS-U-Net mixture EventNLL,2029,170.00000000000105,0.7617158725868518,seed,
ets_unet_event_nll_mixture,ETS-U-Net mixture EventNLL,2029,180.00000000000105,0.7655928624521422,seed,
ets_unet_event_nll_mixture,ETS-U-Net mixture EventNLL,2029,190.00000000000105,0.7712705519053921,seed,
ets_unet_event_nll_mixture,ETS-U-Net mixture EventNLL,2029,200.00000000000108,0.7652390361894233,seed,
ets_unet_event_nll_mixture,ETS-U-Net mixture EventNLL,2029,210.00000000000108,0.7586395156544076,seed,
ets_unet_event_nll_mixture,ETS-U-Net mixture EventNLL,2029,220.00000000000108,0.7524608957026157,seed,
ets_unet_event_nll_mixture,ETS-U-Net mixture EventNLL,2029,230.00000000000108,0.7412890626931451,seed,
ets_unet_event_nll_mixture,ETS-U-Net mixture EventNLL,2029,240.0000000000011,0.7168939001404668,seed,
ets_unet_event_nll_mixture,ETS-U-Net mixture EventNLL,2029,250.0000000000011,0.6787951853546303,seed,
ets_unet_event_nll_mixture,ETS-U-Net mixture EventNLL,2029,260.00000000000114,0.6394631365084202,seed,
ets_unet_event_nll_mixture,ETS-U-Net mixture EventNLL,2029,270.00000000000114,0.6067620136561267,seed,
ets_unet_event_nll_mixture,ETS-U-Net mixture EventNLL,2029,280.00000000000114,0.5848335892023503,seed,
ets_unet_event_nll_mixture,ETS-U-Net mixture EventNLL,2029,290.00000000000114,0.5611032967273256,seed,
ets_unet_event_nll_mixture,ETS-U-Net mixture EventNLL,2029,300.00000000000114,0.5369253852821866,seed,
ets_unet_event_nll_mixture,ETS-U-Net mixture EventNLL,2029,310.00000000000114,0.513690983104957,seed,
ets_unet_event_nll_mixture,ETS-U-Net mixture EventNLL,2029,320.0000000000012,0.49444353589265405,seed,
ets_unet_event_nll_mixture,ETS-U-Net mixture EventNLL,2029,330.0000000000012,0.4760652916232052,seed,
ets_unet_event_nll_mixture,ETS-U-Net mixture EventNLL,2029,340.0000000000012,0.4592779909389081,seed,
ets_unet_event_nll_mixture,ETS-U-Net mixture EventNLL,2029,350.0000000000012,0.4479133300423875,seed,
ets_unet_event_nll_mixture,ETS-U-Net mixture EventNLL,2029,360.0000000000012,0.4355916003790935,seed,
ets_unet_event_nll_mixture,ETS-U-Net mixture EventNLL,2029,370.0000000000012,0.4155767904820351,seed,
ets_unet_event_nll_mixture,ETS-U-Net mixture EventNLL,2029,380.00000000000125,0.39418938554059996,seed,
ets_unet_event_nll_mixture,ETS-U-Net mixture EventNLL,2029,390.00000000000125,0.3751959408308993,seed,
ets_unet_event_nll_mixture,ETS-U-Net mixture EventNLL,2029,400.00000000000125,0.3665936248121134,seed,
ets_unet_event_nll_mixture,ETS-U-Net mixture EventNLL,2029,410.00000000000125,0.3642702244447969,seed,
ets_unet_event_nll_mixture,ETS-U-Net mixture EventNLL,2029,420.00000000000125,0.36599815434815397,seed,
ets_unet_event_nll_mixture,ETS-U-Net mixture EventNLL,2029,430.00000000000125,0.371935220391115,seed,
ets_unet_event_nll_mixture,ETS-U-Net mixture EventNLL,2029,440.00000000000125,0.37139049954522524,seed,
ets_unet_event_nll_mixture,ETS-U-Net mixture EventNLL,2029,450.0000000000013,0.3619972187926995,seed,
ets_unet_event_nll_mixture,ETS-U-Net mixture EventNLL,2029,460.0000000000013,0.359793853681444,seed,
ets_unet_event_nll_mixture,ETS-U-Net mixture EventNLL,2029,470.0000000000013,0.36083967631872177,seed,
ets_unet_event_nll_mixture,ETS-U-Net mixture EventNLL,2029,480.0000000000013,0.3578638575012342,seed,
ets_unet_event_nll_mixture,ETS-U-Net mixture EventNLL,2029,490.0000000000013,0.34949630097347,seed,
ets_unet_event_nll_mixture,ETS-U-Net mixture EventNLL,2029,500.0000000000013,0.33750061526277486,seed,
ets_unet_event_nll_mixture,ETS-U-Net mixture EventNLL,2029,510.00000000000136,0.32966791862834494,seed,
ets_unet_event_nll_mixture,ETS-U-Net mixture EventNLL,2029,520.0000000000014,0.32092810025275176,seed,
ets_unet_event_nll_mixture,ETS-U-Net mixture EventNLL,2029,530.0000000000014,0.31171673711341613,seed,
ets_unet_event_nll_mixture,ETS-U-Net mixture EventNLL,2029,540.0000000000014,0.30605622558728957,seed,
ets_unet_event_nll_mixture,ETS-U-Net mixture EventNLL,2029,550.0000000000014,0.3058262368314136,seed,
ets_unet_event_nll_mixture,ETS-U-Net mixture EventNLL,2029,560.0000000000014,0.3062091509239603,seed,
ets_unet_event_nll_mixture,ETS-U-Net mixture EventNLL,2029,570.0000000000014,0.3029970326706297,seed,
ets_unet_event_nll_mixture,ETS-U-Net mixture EventNLL,2029,580.0000000000014,0.2953176903508437,seed,
ets_unet_event_nll_mixture,ETS-U-Net mixture EventNLL,2029,590.0000000000014,0.2882704728636829,seed,
ets_unet_event_nll_mixture,ETS-U-Net mixture EventNLL,2029,600.0000000000014,0.2806055815088743,seed,
ets_unet_event_nll_mixture,ETS-U-Net mixture EventNLL,2029,610.0000000000015,0.2741361375069255,seed,
ets_unet_event_nll_mixture,ETS-U-Net mixture EventNLL,2029,620.0000000000015,0.27549159140320495,seed,
ets_unet_event_nll_mixture,ETS-U-Net mixture EventNLL,2029,630.0000000000015,0.27675759862935506,seed,
ets_unet_event_nll_mixture,ETS-U-Net mixture EventNLL,2029,640.0000000000015,0.27361995986062226,seed,
ets_unet_event_nll_mixture,ETS-U-Net mixture EventNLL,2029,650.0000000000015,0.2707167577682153,seed,
ets_unet_event_nll_mixture,ETS-U-Net mixture EventNLL,2029,660.0000000000015,0.263460124605061,seed,
ets_unet_event_nll_mixture,ETS-U-Net mixture EventNLL,2029,670.0000000000015,0.26073393340485135,seed,
ets_unet_event_nll_mixture,ETS-U-Net mixture EventNLL,2029,680.0000000000015,0.2588648701569556,seed,
ets_unet_event_nll_mixture,ETS-U-Net mixture EventNLL,2029,690.0000000000015,0.25852913079865986,seed,
ets_unet_event_nll_mixture,ETS-U-Net mixture EventNLL,2029,700.0000000000015,0.2563897656681432,seed,
ets_unet_event_nll_mixture,ETS-U-Net mixture EventNLL,2029,710.0000000000015,0.2532762389869894,seed,
ets_unet_event_nll_mixture,ETS-U-Net mixture EventNLL,2029,720.0000000000015,0.24800573622681255,seed,
ets_unet_event_nll_mixture,ETS-U-Net mixture EventNLL,2029,730.0000000000016,0.24791544118971975,seed,
ets_unet_event_nll_mixture,ETS-U-Net mixture EventNLL,2029,740.0000000000016,0.2521001184588247,seed,
ets_unet_event_nll_mixture,ETS-U-Net mixture EventNLL,2029,750.0000000000016,0.24582505723855405,seed,
ets_unet_event_nll_mixture,ETS-U-Net mixture EventNLL,2029,760.0000000000016,0.230979688621897,seed,
ets_unet_event_nll_mixture,ETS-U-Net mixture EventNLL,2029,770.0000000000016,0.22463901110823248,seed,
ets_unet_event_nll_mixture,ETS-U-Net mixture EventNLL,2029,780.0000000000016,0.22648670963371942,seed,
ets_unet_event_nll_mixture,ETS-U-Net mixture EventNLL,2029,790.0000000000016,0.23065371162295584,seed,
ets_unet_event_nll_mixture,ETS-U-Net mixture EventNLL,2029,800.0000000000016,0.22704504024805305,seed,
ets_unet_event_nll_mixture,ETS-U-Net mixture EventNLL,2029,810.0000000000016,0.22631141345270525,seed,
ets_unet_event_nll_mixture,ETS-U-Net mixture EventNLL,2029,820.0000000000016,0.2255367321760961,seed,
ets_unet_event_nll_mixture,ETS-U-Net mixture EventNLL,2029,830.0000000000016,0.22454605449967482,seed,
ets_unet_event_nll_mixture,ETS-U-Net mixture EventNLL,2029,840.0000000000016,0.23095337733124968,seed,
ets_unet_event_nll_mixture,ETS-U-Net mixture EventNLL,2029,850.0000000000016,0.2330206515790213,seed,
ets_unet_event_nll_mixture,ETS-U-Net mixture EventNLL,2029,860.0000000000017,0.23378103302517284,seed,
ets_unet_event_nll_mixture,ETS-U-Net mixture EventNLL,2029,870.0000000000017,0.2426401222095447,seed,
ets_unet_event_nll_mixture,ETS-U-Net mixture EventNLL,2029,880.0000000000017,0.2437082034072353,seed,
ets_unet_event_nll_mixture,ETS-U-Net mixture EventNLL,2029,890.0000000000017,0.2364413419990729,seed,
ets_unet_event_nll_mixture,ETS-U-Net mixture EventNLL,2029,900.0000000000017,0.22746421008375706,seed,
ets_unet_event_nll_mixture,ETS-U-Net mixture EventNLL,2029,910.0000000000017,0.21621267141358297,seed,
ets_unet_event_nll_mixture,ETS-U-Net mixture EventNLL,2029,920.0000000000017,0.2099881512737314,seed,
ets_unet_event_nll_mixture,ETS-U-Net mixture EventNLL,2029,930.0000000000017,0.21538623787573938,seed,
ets_unet_event_nll_mixture,ETS-U-Net mixture EventNLL,2029,940.0000000000017,0.2282886956820486,seed,
ets_unet_event_nll_mixture,ETS-U-Net mixture EventNLL,2029,950.0000000000017,0.24809926057774861,seed,
ets_unet_event_nll_mixture,ETS-U-Net mixture EventNLL,2029,960.0000000000017,0.26510374528457314,seed,
ets_unet_event_nll_mixture,ETS-U-Net mixture EventNLL,2029,970.0000000000017,0.2633712399863502,seed,
ets_unet_event_nll_mixture,ETS-U-Net mixture EventNLL,2029,980.0000000000017,0.25025083844358065,seed,
ets_unet_event_nll_mixture,ETS-U-Net mixture EventNLL,2029,990.0000000000018,0.24851633839747506,seed,
ets_unet_event_nll_mixture,ETS-U-Net mixture EventNLL,2029,1000.0000000000018,0.24884188615502645,seed,
ets_unet_event_nll_mixture,ETS-U-Net mixture EventNLL,mean,-1000.0,0.10043426603510537,group_mean,0.01223778515569531
ets_unet_event_nll_mixture,ETS-U-Net mixture EventNLL,mean,-990.0,0.10167486428562837,group_mean,0.012275278415113838
ets_unet_event_nll_mixture,ETS-U-Net mixture EventNLL,mean,-980.0,0.10313783562722775,group_mean,0.011359404610474019
ets_unet_event_nll_mixture,ETS-U-Net mixture EventNLL,mean,-970.0,0.10458300894568318,group_mean,0.01033927774147215
ets_unet_event_nll_mixture,ETS-U-Net mixture EventNLL,mean,-960.0,0.10566916281523017,group_mean,0.010170267854315662
ets_unet_event_nll_mixture,ETS-U-Net mixture EventNLL,mean,-950.0,0.1079658481039902,group_mean,0.009783275328858306
ets_unet_event_nll_mixture,ETS-U-Net mixture EventNLL,mean,-940.0,0.11148546237831669,group_mean,0.008121403610161577
ets_unet_event_nll_mixture,ETS-U-Net mixture EventNLL,mean,-929.9999999999999,0.11503875018701795,group_mean,0.007882967009117588
ets_unet_event_nll_mixture,ETS-U-Net mixture EventNLL,mean,-919.9999999999999,0.11748274068052075,group_mean,0.010227768386823889
ets_unet_event_nll_mixture,ETS-U-Net mixture EventNLL,mean,-909.9999999999999,0.11926387030257499,group_mean,0.011347416681697068
ets_unet_event_nll_mixture,ETS-U-Net mixture EventNLL,mean,-899.9999999999999,0.12192093259623463,group_mean,0.009970179327209885
ets_unet_event_nll_mixture,ETS-U-Net mixture EventNLL,mean,-889.9999999999999,0.12627713974447563,group_mean,0.007139120798271247
ets_unet_event_nll_mixture,ETS-U-Net mixture EventNLL,mean,-879.9999999999999,0.12938903594120504,group_mean,0.005998163003064924
ets_unet_event_nll_mixture,ETS-U-Net mixture EventNLL,mean,-869.9999999999999,0.13083290108997897,group_mean,0.007417712071314324
ets_unet_event_nll_mixture,ETS-U-Net mixture EventNLL,mean,-859.9999999999999,0.13405773617430994,group_mean,0.009642203746794477
ets_unet_event_nll_mixture,ETS-U-Net mixture EventNLL,mean,-849.9999999999999,0.1363849662187418,group_mean,0.00982586581526298
ets_unet_event_nll_mixture,ETS-U-Net mixture EventNLL,mean,-839.9999999999999,0.13748864862344956,group_mean,0.007834937921443923
ets_unet_event_nll_mixture,ETS-U-Net mixture EventNLL,mean,-829.9999999999999,0.13696308010878708,group_mean,0.006532768269510696
ets_unet_event_nll_mixture,ETS-U-Net mixture EventNLL,mean,-819.9999999999999,0.1359220741060494,group_mean,0.007927682935641741
ets_unet_event_nll_mixture,ETS-U-Net mixture EventNLL,mean,-809.9999999999999,0.13712584444058526,group_mean,0.008946767729402895
ets_unet_event_nll_mixture,ETS-U-Net mixture EventNLL,mean,-799.9999999999998,0.1407481906841051,group_mean,0.009641586347183142
ets_unet_event_nll_mixture,ETS-U-Net mixture EventNLL,mean,-789.9999999999998,0.1435540871626418,group_mean,0.010318340795087278
ets_unet_event_nll_mixture,ETS-U-Net mixture EventNLL,mean,-779.9999999999998,0.14572639766359996,group_mean,0.011298105661492999
ets_unet_event_nll_mixture,ETS-U-Net mixture EventNLL,mean,-769.9999999999998,0.15162986023766994,group_mean,0.013358335908667843
ets_unet_event_nll_mixture,ETS-U-Net mixture EventNLL,mean,-759.9999999999998,0.1585970918572333,group_mean,0.014347763432376903
ets_unet_event_nll_mixture,ETS-U-Net mixture EventNLL,mean,-749.9999999999998,0.16255994709431737,group_mean,0.011184251297010667
ets_unet_event_nll_mixture,ETS-U-Net mixture EventNLL,mean,-739.9999999999998,0.16852465112193427,group_mean,0.009140583680009615
ets_unet_event_nll_mixture,ETS-U-Net mixture EventNLL,mean,-729.9999999999998,0.1762333479633718,group_mean,0.008259651779036013
ets_unet_event_nll_mixture,ETS-U-Net mixture EventNLL,mean,-719.9999999999998,0.183762805706844,group_mean,0.00793537346161982
ets_unet_event_nll_mixture,ETS-U-Net mixture EventNLL,mean,-709.9999999999998,0.18687293661147333,group_mean,0.008420799871284428
ets_unet_event_nll_mixture,ETS-U-Net mixture EventNLL,mean,-699.9999999999998,0.18835447014335763,group_mean,0.009182018670142143
ets_unet_event_nll_mixture,ETS-U-Net mixture EventNLL,mean,-689.9999999999998,0.19211755296407765,group_mean,0.010948116537246734
ets_unet_event_nll_mixture,ETS-U-Net mixture EventNLL,mean,-679.9999999999998,0.196038067231235,group_mean,0.014378156343833779
ets_unet_event_nll_mixture,ETS-U-Net mixture EventNLL,mean,-669.9999999999997,0.1974436618427247,group_mean,0.015915915164513888
ets_unet_event_nll_mixture,ETS-U-Net mixture EventNLL,mean,-659.9999999999997,0.2001474773533321,group_mean,0.012310330709132445
ets_unet_event_nll_mixture,ETS-U-Net mixture EventNLL,mean,-649.9999999999997,0.2045464552773501,group_mean,0.007912731087446306
ets_unet_event_nll_mixture,ETS-U-Net mixture EventNLL,mean,-639.9999999999997,0.20959714092062748,group_mean,0.007288705417054471
ets_unet_event_nll_mixture,ETS-U-Net mixture EventNLL,mean,-629.9999999999997,0.2132624043050281,group_mean,0.01006498883844129
ets_unet_event_nll_mixture,ETS-U-Net mixture EventNLL,mean,-619.9999999999997,0.2180045070894705,group_mean,0.0125770005643408
ets_unet_event_nll_mixture,ETS-U-Net mixture EventNLL,mean,-609.9999999999997,0.2227976183259472,group_mean,0.013787332928299438
ets_unet_event_nll_mixture,ETS-U-Net mixture EventNLL,mean,-599.9999999999997,0.2293081683396005,group_mean,0.017604261443607945
ets_unet_event_nll_mixture,ETS-U-Net mixture EventNLL,mean,-589.9999999999997,0.23551066479194321,group_mean,0.01748035819770845
ets_unet_event_nll_mixture,ETS-U-Net mixture EventNLL,mean,-579.9999999999997,0.24242279720021703,group_mean,0.014929174103643868
ets_unet_event_nll_mixture,ETS-U-Net mixture EventNLL,mean,-569.9999999999997,0.2462304513289791,group_mean,0.012665381709295327
ets_unet_event_nll_mixture,ETS-U-Net mixture EventNLL,mean,-559.9999999999997,0.25009571647851275,group_mean,0.01186040501061444
ets_unet_event_nll_mixture,ETS-U-Net mixture EventNLL,mean,-549.9999999999995,0.25350014575417185,group_mean,0.014349578757207566
ets_unet_event_nll_mixture,ETS-U-Net mixture EventNLL,mean,-539.9999999999995,0.2574892273316271,group_mean,0.01639581184399434
ets_unet_event_nll_mixture,ETS-U-Net mixture EventNLL,mean,-529.9999999999995,0.26686017415289387,group_mean,0.013607146332907494
ets_unet_event_nll_mixture,ETS-U-Net mixture EventNLL,mean,-519.9999999999995,0.27925663002675416,group_mean,0.012125499141781652
ets_unet_event_nll_mixture,ETS-U-Net mixture EventNLL,mean,-509.99999999999955,0.2900505106366802,group_mean,0.013251764362346413
ets_unet_event_nll_mixture,ETS-U-Net mixture EventNLL,mean,-499.99999999999955,0.2978048707352628,group_mean,0.01704403970949403
ets_unet_event_nll_mixture,ETS-U-Net mixture EventNLL,mean,-489.99999999999955,0.30549096404692033,group_mean,0.019667362075587204
ets_unet_event_nll_mixture,ETS-U-Net mixture EventNLL,mean,-479.99999999999955,0.31293297324670394,group_mean,0.01880990223464279
ets_unet_event_nll_mixture,ETS-U-Net mixture EventNLL,mean,-469.99999999999955,0.3175264983341129,group_mean,0.016209384905339453
ets_unet_event_nll_mixture,ETS-U-Net mixture EventNLL,mean,-459.99999999999955,0.32199200974779335,group_mean,0.01633486047352334
ets_unet_event_nll_mixture,ETS-U-Net mixture EventNLL,mean,-449.9999999999995,0.32428816820211315,group_mean,0.017125170238039635
ets_unet_event_nll_mixture,ETS-U-Net mixture EventNLL,mean,-439.9999999999995,0.3308264858534097,group_mean,0.017697622562331903
ets_unet_event_nll_mixture,ETS-U-Net mixture EventNLL,mean,-429.9999999999995,0.33963660174898064,group_mean,0.018656806569714808
ets_unet_event_nll_mixture,ETS-U-Net mixture EventNLL,mean,-419.9999999999995,0.3498291292653538,group_mean,0.020564489630690096
ets_unet_event_nll_mixture,ETS-U-Net mixture EventNLL,mean,-409.9999999999995,0.36609519579112565,group_mean,0.02304911259048877
ets_unet_event_nll_mixture,ETS-U-Net mixture EventNLL,mean,-399.9999999999995,0.38921039256836354,group_mean,0.025128835875808313
ets_unet_event_nll_mixture,ETS-U-Net mixture EventNLL,mean,-389.99999999999943,0.40899518411911356,group_mean,0.027581745465648094
ets_unet_event_nll_mixture,ETS-U-Net mixture EventNLL,mean,-379.99999999999943,0.4286435071894775,group_mean,0.028742622724521293
ets_unet_event_nll_mixture,ETS-U-Net mixture EventNLL,mean,-369.99999999999943,0.43958858744406265,group_mean,0.03517271429255779
ets_unet_event_nll_mixture,ETS-U-Net mixture EventNLL,mean,-359.99999999999943,0.4520960659077552,group_mean,0.0380956736894823
ets_unet_event_nll_mixture,ETS-U-Net mixture EventNLL,mean,-349.99999999999943,0.4642500633730927,group_mean,0.036457045388010506
ets_unet_event_nll_mixture,ETS-U-Net mixture EventNLL,mean,-339.99999999999943,0.4744990988060932,group_mean,0.03574660076078319
ets_unet_event_nll_mixture,ETS-U-Net mixture EventNLL,mean,-329.99999999999943,0.48423147719534754,group_mean,0.037293315128914914
ets_unet_event_nll_mixture,ETS-U-Net mixture EventNLL,mean,-319.9999999999994,0.49847403376286825,group_mean,0.039897478577350924
ets_unet_event_nll_mixture,ETS-U-Net mixture EventNLL,mean,-309.9999999999994,0.5153975045592067,group_mean,0.04072589957185715
ets_unet_event_nll_mixture,ETS-U-Net mixture EventNLL,mean,-299.9999999999994,0.5302864041037283,group_mean,0.04168304076200176
ets_unet_event_nll_mixture,ETS-U-Net mixture EventNLL,mean,-289.9999999999994,0.5458419039185233,group_mean,0.03930387683742047
ets_unet_event_nll_mixture,ETS-U-Net mixture EventNLL,mean,-279.9999999999994,0.5623886698488535,group_mean,0.034701300231445215
ets_unet_event_nll_mixture,ETS-U-Net mixture EventNLL,mean,-269.9999999999994,0.570912511131098,group_mean,0.03548513047970272
ets_unet_event_nll_mixture,ETS-U-Net mixture EventNLL,mean,-259.9999999999993,0.5739200504028128,group_mean,0.04038980059555903
ets_unet_event_nll_mixture,ETS-U-Net mixture EventNLL,mean,-249.99999999999935,0.5766200112867546,group_mean,0.03790210938439746
ets_unet_event_nll_mixture,ETS-U-Net mixture EventNLL,mean,-239.99999999999932,0.5769093020529038,group_mean,0.03241191997845079
ets_unet_event_nll_mixture,ETS-U-Net mixture EventNLL,mean,-229.99999999999932,0.5819584936829842,group_mean,0.027163407251390846
ets_unet_event_nll_mixture,ETS-U-Net mixture EventNLL,mean,-219.99999999999932,0.5928050383600574,group_mean,0.020427704587782636
ets_unet_event_nll_mixture,ETS-U-Net mixture EventNLL,mean,-209.9999999999993,0.6120396559063151,group_mean,0.01346548534367271
ets_unet_event_nll_mixture,ETS-U-Net mixture EventNLL,mean,-199.9999999999993,0.6371600579426799,group_mean,0.017679454269045977
ets_unet_event_nll_mixture,ETS-U-Net mixture EventNLL,mean,-189.9999999999993,0.662550729814167,group_mean,0.0161006765366603
ets_unet_event_nll_mixture,ETS-U-Net mixture EventNLL,mean,-179.99999999999926,0.6895416117146022,group_mean,0.014835702162302282
ets_unet_event_nll_mixture,ETS-U-Net mixture EventNLL,mean,-169.99999999999926,0.716522946338831,group_mean,0.015901475697102378
ets_unet_event_nll_mixture,ETS-U-Net mixture EventNLL,mean,-159.99999999999926,0.7520385229515381,group_mean,0.014521723601298702
ets_unet_event_nll_mixture,ETS-U-Net mixture EventNLL,mean,-149.99999999999923,0.7977234509411939,group_mean,0.01713463970715284
ets_unet_event_nll_mixture,ETS-U-Net mixture EventNLL,mean,-139.99999999999923,0.866653431316341,group_mean,0.028452121822616517
ets_unet_event_nll_mixture,ETS-U-Net mixture EventNLL,mean,-129.99999999999923,0.9548937377094658,group_mean,0.041739225736707894
ets_unet_event_nll_mixture,ETS-U-Net mixture EventNLL,mean,-119.99999999999922,1.0598457836749202,group_mean,0.052644526309136186
ets_unet_event_nll_mixture,ETS-U-Net mixture EventNLL,mean,-109.9999999999992,1.1940422085106377,group_mean,0.07337357650093759
ets_unet_event_nll_mixture,ETS-U-Net mixture EventNLL,mean,-99.9999999999992,1.3555004629493435,group_mean,0.10757012128740208
ets_unet_event_nll_mixture,ETS-U-Net mixture EventNLL,mean,-89.99999999999919,1.5241198847864994,group_mean,0.1297296926858808
ets_unet_event_nll_mixture,ETS-U-Net mixture EventNLL,mean,-79.99999999999918,1.6959341812784126,group_mean,0.14922406728046464
ets_unet_event_nll_mixture,ETS-U-Net mixture EventNLL,mean,-69.99999999999918,1.8881355008326275,group_mean,0.15634503435936553
ets_unet_event_nll_mixture,ETS-U-Net mixture EventNLL,mean,-59.99999999999916,2.0863382783470055,group_mean,0.16348215484166623
ets_unet_event_nll_mixture,ETS-U-Net mixture EventNLL,mean,-49.999999999999154,2.261324956315266,group_mean,0.17912852137263857
ets_unet_event_nll_mixture,ETS-U-Net mixture EventNLL,mean,-39.99999999999915,2.3951113176735235,group_mean,0.13892151363667773
ets_unet_event_nll_mixture,ETS-U-Net mixture EventNLL,mean,-29.99999999999914,2.513017913517591,group_mean,0.09723856149305514
ets_unet_event_nll_mixture,ETS-U-Net mixture EventNLL,mean,-19.99999999999913,2.589382138493128,group_mean,0.05850227116913902
ets_unet_event_nll_mixture,ETS-U-Net mixture EventNLL,mean,-9.99999999999912,2.5774646144991684,group_mean,0.05800728046815173
ets_unet_event_nll_mixture,ETS-U-Net mixture EventNLL,mean,8.881784197001252e-13,2.491230892249426,group_mean,0.09971565006143396
ets_unet_event_nll_mixture,ETS-U-Net mixture EventNLL,mean,10.000000000000897,2.3467142837019197,group_mean,0.1271983670273753
ets_unet_event_nll_mixture,ETS-U-Net mixture EventNLL,mean,20.000000000000906,2.1686769511564563,group_mean,0.11716431051748487
ets_unet_event_nll_mixture,ETS-U-Net mixture EventNLL,mean,30.000000000000917,1.9930675147928074,group_mean,0.09348240406000671
ets_unet_event_nll_mixture,ETS-U-Net mixture EventNLL,mean,40.000000000000924,1.8100156528387608,group_mean,0.08532671471161493
ets_unet_event_nll_mixture,ETS-U-Net mixture EventNLL,mean,50.00000000000093,1.6151496603239763,group_mean,0.08015460944568688
ets_unet_event_nll_mixture,ETS-U-Net mixture EventNLL,mean,60.00000000000094,1.4318612403435853,group_mean,0.07374529421281421
ets_unet_event_nll_mixture,ETS-U-Net mixture EventNLL,mean,70.00000000000095,1.2767773654393926,group_mean,0.059639024360938465
ets_unet_event_nll_mixture,ETS-U-Net mixture EventNLL,mean,80.00000000000097,1.147410191811048,group_mean,0.04340421091589941
ets_unet_event_nll_mixture,ETS-U-Net mixture EventNLL,mean,90.00000000000097,1.0320458488298152,group_mean,0.03791648548108302
ets_unet_event_nll_mixture,ETS-U-Net mixture EventNLL,mean,100.00000000000098,0.9370308043832116,group_mean,0.037997388811329906
ets_unet_event_nll_mixture,ETS-U-Net mixture EventNLL,mean,110.00000000000098,0.8709064178202933,group_mean,0.04174015553462497
ets_unet_event_nll_mixture,ETS-U-Net mixture EventNLL,mean,120.000000000001,0.8259574096139651,group_mean,0.043240736463532624
ets_unet_event_nll_mixture,ETS-U-Net mixture EventNLL,mean,130.000000000001,0.7900701424197514,group_mean,0.03654473019285075
ets_unet_event_nll_mixture,ETS-U-Net mixture EventNLL,mean,140.00000000000102,0.7621278916175224,group_mean,0.035452541166020264
ets_unet_event_nll_mixture,ETS-U-Net mixture EventNLL,mean,150.00000000000102,0.7439984723657842,group_mean,0.03387950016521684
ets_unet_event_nll_mixture,ETS-U-Net mixture EventNLL,mean,160.00000000000102,0.7253575568125417,group_mean,0.029217001820603036
ets_unet_event_nll_mixture,ETS-U-Net mixture EventNLL,mean,170.00000000000105,0.71467923733078,group_mean,0.030133381945840605
ets_unet_event_nll_mixture,ETS-U-Net mixture EventNLL,mean,180.00000000000105,0.7117832834756802,group_mean,0.033222325339069644
ets_unet_event_nll_mixture,ETS-U-Net mixture EventNLL,mean,190.00000000000105,0.712049690470424,group_mean,0.03609898267302088
ets_unet_event_nll_mixture,ETS-U-Net mixture EventNLL,mean,200.00000000000108,0.7110067730519972,group_mean,0.03600755484441189
ets_unet_event_nll_mixture,ETS-U-Net mixture EventNLL,mean,210.00000000000108,0.7054024229144362,group_mean,0.03718855477752078
ets_unet_event_nll_mixture,ETS-U-Net mixture EventNLL,mean,220.00000000000108,0.6934324055346082,group_mean,0.04125395246400875
ets_unet_event_nll_mixture,ETS-U-Net mixture EventNLL,mean,230.00000000000108,0.6754469135568628,group_mean,0.04487367606242782
ets_unet_event_nll_mixture,ETS-U-Net mixture EventNLL,mean,240.0000000000011,0.6545705115146485,group_mean,0.04307824962602611
ets_unet_event_nll_mixture,ETS-U-Net mixture EventNLL,mean,250.0000000000011,0.6293662170374532,group_mean,0.033420828146314745
ets_unet_event_nll_mixture,ETS-U-Net mixture EventNLL,mean,260.00000000000114,0.6039296791922621,group_mean,0.02526928576410591
ets_unet_event_nll_mixture,ETS-U-Net mixture EventNLL,mean,270.00000000000114,0.5804062514005139,group_mean,0.022605159715034014
ets_unet_event_nll_mixture,ETS-U-Net mixture EventNLL,mean,280.00000000000114,0.5611672396490468,group_mean,0.022105947867644048
ets_unet_event_nll_mixture,ETS-U-Net mixture EventNLL,mean,290.00000000000114,0.5402420483046227,group_mean,0.020382739848099848
ets_unet_event_nll_mixture,ETS-U-Net mixture EventNLL,mean,300.00000000000114,0.5163487322685867,group_mean,0.022021995809335556
ets_unet_event_nll_mixture,ETS-U-Net mixture EventNLL,mean,310.00000000000114,0.49730437976341396,group_mean,0.02192990994346468
ets_unet_event_nll_mixture,ETS-U-Net mixture EventNLL,mean,320.0000000000012,0.48020037828078144,group_mean,0.023060693973981472
ets_unet_event_nll_mixture,ETS-U-Net mixture EventNLL,mean,330.0000000000012,0.4633044807912257,group_mean,0.022944793805495117
ets_unet_event_nll_mixture,ETS-U-Net mixture EventNLL,mean,340.0000000000012,0.4482025611014537,group_mean,0.02115691264958688
ets_unet_event_nll_mixture,ETS-U-Net mixture EventNLL,mean,350.0000000000012,0.4351158107643897,group_mean,0.02358789913531058
ets_unet_event_nll_mixture,ETS-U-Net mixture EventNLL,mean,360.0000000000012,0.4234685460457107,group_mean,0.023448809729222735
ets_unet_event_nll_mixture,ETS-U-Net mixture EventNLL,mean,370.0000000000012,0.41118827538490077,group_mean,0.02131493850195711
ets_unet_event_nll_mixture,ETS-U-Net mixture EventNLL,mean,380.00000000000125,0.39904327169985937,group_mean,0.021686609323931943
ets_unet_event_nll_mixture,ETS-U-Net mixture EventNLL,mean,390.00000000000125,0.3893633424973134,group_mean,0.01749402235693186
ets_unet_event_nll_mixture,ETS-U-Net mixture EventNLL,mean,400.00000000000125,0.3865724058559348,group_mean,0.016385822872874534
ets_unet_event_nll_mixture,ETS-U-Net mixture EventNLL,mean,410.00000000000125,0.3840128974791943,group_mean,0.017277460347174096
ets_unet_event_nll_mixture,ETS-U-Net mixture EventNLL,mean,420.00000000000125,0.380434744415611,group_mean,0.01793949258375413
ets_unet_event_nll_mixture,ETS-U-Net mixture EventNLL,mean,430.00000000000125,0.3775613708167217,group_mean,0.01336871557473878
ets_unet_event_nll_mixture,ETS-U-Net mixture EventNLL,mean,440.00000000000125,0.36966348264918303,group_mean,0.008818868441387864
ets_unet_event_nll_mixture,ETS-U-Net mixture EventNLL,mean,450.0000000000013,0.36083865488724093,group_mean,0.009837326290421153
ets_unet_event_nll_mixture,ETS-U-Net mixture EventNLL,mean,460.0000000000013,0.356953407834516,group_mean,0.011792716480149793
ets_unet_event_nll_mixture,ETS-U-Net mixture EventNLL,mean,470.0000000000013,0.3524567543743527,group_mean,0.013173829953007705
ets_unet_event_nll_mixture,ETS-U-Net mixture EventNLL,mean,480.0000000000013,0.34860788111805413,group_mean,0.013590992159651472
ets_unet_event_nll_mixture,ETS-U-Net mixture EventNLL,mean,490.0000000000013,0.3449659564175003,group_mean,0.013003734019210574
ets_unet_event_nll_mixture,ETS-U-Net mixture EventNLL,mean,500.0000000000013,0.33589549377527705,group_mean,0.008484089912524275
ets_unet_event_nll_mixture,ETS-U-Net mixture EventNLL,mean,510.00000000000136,0.33053631611865175,group_mean,0.003950839037797347
ets_unet_event_nll_mixture,ETS-U-Net mixture EventNLL,mean,520.0000000000014,0.32531331958549425,group_mean,0.0049448122623395605
ets_unet_event_nll_mixture,ETS-U-Net mixture EventNLL,mean,530.0000000000014,0.320433246314315,group_mean,0.009819793008971034
ets_unet_event_nll_mixture,ETS-U-Net mixture EventNLL,mean,540.0000000000014,0.31790039396205866,group_mean,0.01329588552210128
ets_unet_event_nll_mixture,ETS-U-Net mixture EventNLL,mean,550.0000000000014,0.31175540733661783,group_mean,0.009228735595270198
ets_unet_event_nll_mixture,ETS-U-Net mixture EventNLL,mean,560.0000000000014,0.3095437950718877,group_mean,0.004621781924579591
ets_unet_event_nll_mixture,ETS-U-Net mixture EventNLL,mean,570.0000000000014,0.30578293983151206,group_mean,0.005846120312673689
ets_unet_event_nll_mixture,ETS-U-Net mixture EventNLL,mean,580.0000000000014,0.3007622140841514,group_mean,0.007793740478253431
ets_unet_event_nll_mixture,ETS-U-Net mixture EventNLL,mean,590.0000000000014,0.2962931961198306,group_mean,0.0070499190158208385
ets_unet_event_nll_mixture,ETS-U-Net mixture EventNLL,mean,600.0000000000014,0.2923647744408753,group_mean,0.0075323186001995945
ets_unet_event_nll_mixture,ETS-U-Net mixture EventNLL,mean,610.0000000000015,0.2856918112773026,group_mean,0.008887669338988428
ets_unet_event_nll_mixture,ETS-U-Net mixture EventNLL,mean,620.0000000000015,0.28229331823057924,group_mean,0.009717124704350516
ets_unet_event_nll_mixture,ETS-U-Net mixture EventNLL,mean,630.0000000000015,0.28205660933006793,group_mean,0.009453458765764568
ets_unet_event_nll_mixture,ETS-U-Net mixture EventNLL,mean,640.0000000000015,0.2792759299363996,group_mean,0.007758684309102057
ets_unet_event_nll_mixture,ETS-U-Net mixture EventNLL,mean,650.0000000000015,0.2752775981611476,group_mean,0.009182288961471484
ets_unet_event_nll_mixture,ETS-U-Net mixture EventNLL,mean,660.0000000000015,0.2692154562542689,group_mean,0.014059425222947085
ets_unet_event_nll_mixture,ETS-U-Net mixture EventNLL,mean,670.0000000000015,0.2674578726775089,group_mean,0.01837608271722525
ets_unet_event_nll_mixture,ETS-U-Net mixture EventNLL,mean,680.0000000000015,0.26880509954351445,group_mean,0.018373873014790033
ets_unet_event_nll_mixture,ETS-U-Net mixture EventNLL,mean,690.0000000000015,0.2661157580946298,group_mean,0.014844953739287046
ets_unet_event_nll_mixture,ETS-U-Net mixture EventNLL,mean,700.0000000000015,0.2597342457440036,group_mean,0.009217804143262906
ets_unet_event_nll_mixture,ETS-U-Net mixture EventNLL,mean,710.0000000000015,0.2553254123144102,group_mean,0.009006258257746445
ets_unet_event_nll_mixture,ETS-U-Net mixture EventNLL,mean,720.0000000000015,0.24999422644641872,group_mean,0.010045605586051038
ets_unet_event_nll_mixture,ETS-U-Net mixture EventNLL,mean,730.0000000000016,0.24671401271325627,group_mean,0.009671320162449374
ets_unet_event_nll_mixture,ETS-U-Net mixture EventNLL,mean,740.0000000000016,0.24476148484033233,group_mean,0.011210049226753704
ets_unet_event_nll_mixture,ETS-U-Net mixture EventNLL,mean,750.0000000000016,0.24022580875719174,group_mean,0.008393333176097884
ets_unet_event_nll_mixture,ETS-U-Net mixture EventNLL,mean,760.0000000000016,0.23605179846752886,group_mean,0.007151634582612406
ets_unet_event_nll_mixture,ETS-U-Net mixture EventNLL,mean,770.0000000000016,0.23325697425574443,group_mean,0.008046463602593125
ets_unet_event_nll_mixture,ETS-U-Net mixture EventNLL,mean,780.0000000000016,0.22926727716870365,group_mean,0.006417331562686757
ets_unet_event_nll_mixture,ETS-U-Net mixture EventNLL,mean,790.0000000000016,0.22880631044766025,group_mean,0.005798846928949957
ets_unet_event_nll_mixture,ETS-U-Net mixture EventNLL,mean,800.0000000000016,0.22892805769223887,group_mean,0.011002489422956728
ets_unet_event_nll_mixture,ETS-U-Net mixture EventNLL,mean,810.0000000000016,0.2330532886985784,group_mean,0.01527885508532708
ets_unet_event_nll_mixture,ETS-U-Net mixture EventNLL,mean,820.0000000000016,0.23445443062473012,group_mean,0.015286852754921693
ets_unet_event_nll_mixture,ETS-U-Net mixture EventNLL,mean,830.0000000000016,0.23343115073308157,group_mean,0.013255282039322398
ets_unet_event_nll_mixture,ETS-U-Net mixture EventNLL,mean,840.0000000000016,0.23796427223129593,group_mean,0.012304165429465481
ets_unet_event_nll_mixture,ETS-U-Net mixture EventNLL,mean,850.0000000000016,0.24146882081424997,group_mean,0.011058731504730373
ets_unet_event_nll_mixture,ETS-U-Net mixture EventNLL,mean,860.0000000000017,0.2404309991259535,group_mean,0.009211776464136604
ets_unet_event_nll_mixture,ETS-U-Net mixture EventNLL,mean,870.0000000000017,0.24043951788713452,group_mean,0.007627814513953199
ets_unet_event_nll_mixture,ETS-U-Net mixture EventNLL,mean,880.0000000000017,0.23571783290535783,group_mean,0.008629696632453195
ets_unet_event_nll_mixture,ETS-U-Net mixture EventNLL,mean,890.0000000000017,0.2278887235510793,group_mean,0.011022827395095788
ets_unet_event_nll_mixture,ETS-U-Net mixture EventNLL,mean,900.0000000000017,0.22541257663787198,group_mean,0.014464189665507346
ets_unet_event_nll_mixture,ETS-U-Net mixture EventNLL,mean,910.0000000000017,0.22039974672233903,group_mean,0.016713666553101927
ets_unet_event_nll_mixture,ETS-U-Net mixture EventNLL,mean,920.0000000000017,0.21767515625114947,group_mean,0.016224463219581885
ets_unet_event_nll_mixture,ETS-U-Net mixture EventNLL,mean,930.0000000000017,0.22387379819175454,group_mean,0.013090372187653458
ets_unet_event_nll_mixture,ETS-U-Net mixture EventNLL,mean,940.0000000000017,0.231367935840684,group_mean,0.009892285183808604
ets_unet_event_nll_mixture,ETS-U-Net mixture EventNLL,mean,950.0000000000017,0.2436406036720365,group_mean,0.01078302024374111
ets_unet_event_nll_mixture,ETS-U-Net mixture EventNLL,mean,960.0000000000017,0.25195422092728326,group_mean,0.01590339801776533
ets_unet_event_nll_mixture,ETS-U-Net mixture EventNLL,mean,970.0000000000017,0.2500608608137879,group_mean,0.018752862655371526
ets_unet_event_nll_mixture,ETS-U-Net mixture EventNLL,mean,980.0000000000017,0.24872707063269042,group_mean,0.012934079843495374
ets_unet_event_nll_mixture,ETS-U-Net mixture EventNLL,mean,990.0000000000018,0.2544751500186697,group_mean,0.0063847666641921414
ets_unet_event_nll_mixture,ETS-U-Net mixture EventNLL,mean,1000.0000000000018,0.25686610900907125,group_mean,0.004820085920253344
ets_unet_hazard_event_nll,ETS-U-Net hazard EventNLL,2025,-1000.0,0.0881791486487232,seed,
ets_unet_hazard_event_nll,ETS-U-Net hazard EventNLL,2025,-990.0,0.09012083869356378,seed,
ets_unet_hazard_event_nll,ETS-U-Net hazard EventNLL,2025,-980.0,0.09257319734138886,seed,
ets_unet_hazard_event_nll,ETS-U-Net hazard EventNLL,2025,-970.0,0.0939721682938399,seed,
ets_unet_hazard_event_nll,ETS-U-Net hazard EventNLL,2025,-960.0,0.09500314463226481,seed,
ets_unet_hazard_event_nll,ETS-U-Net hazard EventNLL,2025,-950.0,0.09548437910029298,seed,
ets_unet_hazard_event_nll,ETS-U-Net hazard EventNLL,2025,-940.0,0.0957569875930383,seed,
ets_unet_hazard_event_nll,ETS-U-Net hazard EventNLL,2025,-929.9999999999999,0.09505915446539673,seed,
ets_unet_hazard_event_nll,ETS-U-Net hazard EventNLL,2025,-919.9999999999999,0.09581643001471522,seed,
ets_unet_hazard_event_nll,ETS-U-Net hazard EventNLL,2025,-909.9999999999999,0.09809149237643913,seed,
ets_unet_hazard_event_nll,ETS-U-Net hazard EventNLL,2025,-899.9999999999999,0.10194926177600915,seed,
ets_unet_hazard_event_nll,ETS-U-Net hazard EventNLL,2025,-889.9999999999999,0.10419494796079487,seed,
ets_unet_hazard_event_nll,ETS-U-Net hazard EventNLL,2025,-879.9999999999999,0.10691678672914044,seed,
ets_unet_hazard_event_nll,ETS-U-Net hazard EventNLL,2025,-869.9999999999999,0.10996397294402457,seed,
ets_unet_hazard_event_nll,ETS-U-Net hazard EventNLL,2025,-859.9999999999999,0.11728433982092175,seed,
ets_unet_hazard_event_nll,ETS-U-Net hazard EventNLL,2025,-849.9999999999999,0.12209869558045328,seed,
ets_unet_hazard_event_nll,ETS-U-Net hazard EventNLL,2025,-839.9999999999999,0.12223736151799873,seed,
ets_unet_hazard_event_nll,ETS-U-Net hazard EventNLL,2025,-829.9999999999999,0.12290371587357417,seed,
ets_unet_hazard_event_nll,ETS-U-Net hazard EventNLL,2025,-819.9999999999999,0.1234841846381359,seed,
ets_unet_hazard_event_nll,ETS-U-Net hazard EventNLL,2025,-809.9999999999999,0.12369037130590922,seed,
ets_unet_hazard_event_nll,ETS-U-Net hazard EventNLL,2025,-799.9999999999998,0.12468220752780096,seed,
ets_unet_hazard_event_nll,ETS-U-Net hazard EventNLL,2025,-789.9999999999998,0.12952009932813505,seed,
ets_unet_hazard_event_nll,ETS-U-Net hazard EventNLL,2025,-779.9999999999998,0.1331538634952332,seed,
ets_unet_hazard_event_nll,ETS-U-Net hazard EventNLL,2025,-769.9999999999998,0.14020093728531816,seed,
ets_unet_hazard_event_nll,ETS-U-Net hazard EventNLL,2025,-759.9999999999998,0.14827462455986676,seed,
ets_unet_hazard_event_nll,ETS-U-Net hazard EventNLL,2025,-749.9999999999998,0.15194907826769,seed,
ets_unet_hazard_event_nll,ETS-U-Net hazard EventNLL,2025,-739.9999999999998,0.15417594067595344,seed,
ets_unet_hazard_event_nll,ETS-U-Net hazard EventNLL,2025,-729.9999999999998,0.15751435421207985,seed,
ets_unet_hazard_event_nll,ETS-U-Net hazard EventNLL,2025,-719.9999999999998,0.16106564129375586,seed,
ets_unet_hazard_event_nll,ETS-U-Net hazard EventNLL,2025,-709.9999999999998,0.16381267238563732,seed,
ets_unet_hazard_event_nll,ETS-U-Net hazard EventNLL,2025,-699.9999999999998,0.1691858112360601,seed,
ets_unet_hazard_event_nll,ETS-U-Net hazard EventNLL,2025,-689.9999999999998,0.17437546818276192,seed,
ets_unet_hazard_event_nll,ETS-U-Net hazard EventNLL,2025,-679.9999999999998,0.1839473785795095,seed,
ets_unet_hazard_event_nll,ETS-U-Net hazard EventNLL,2025,-669.9999999999997,0.19329101375502997,seed,
ets_unet_hazard_event_nll,ETS-U-Net hazard EventNLL,2025,-659.9999999999997,0.19682293348627303,seed,
ets_unet_hazard_event_nll,ETS-U-Net hazard EventNLL,2025,-649.9999999999997,0.19866192658167134,seed,
ets_unet_hazard_event_nll,ETS-U-Net hazard EventNLL,2025,-639.9999999999997,0.20078371252384308,seed,
ets_unet_hazard_event_nll,ETS-U-Net hazard EventNLL,2025,-629.9999999999997,0.20409984144990126,seed,
ets_unet_hazard_event_nll,ETS-U-Net hazard EventNLL,2025,-619.9999999999997,0.21008352409469208,seed,
ets_unet_hazard_event_nll,ETS-U-Net hazard EventNLL,2025,-609.9999999999997,0.21972614670433605,seed,
ets_unet_hazard_event_nll,ETS-U-Net hazard EventNLL,2025,-599.9999999999997,0.23027593438458635,seed,
ets_unet_hazard_event_nll,ETS-U-Net hazard EventNLL,2025,-589.9999999999997,0.23915888645598968,seed,
ets_unet_hazard_event_nll,ETS-U-Net hazard EventNLL,2025,-579.9999999999997,0.24601814031627353,seed,
ets_unet_hazard_event_nll,ETS-U-Net hazard EventNLL,2025,-569.9999999999997,0.25108270837386953,seed,
ets_unet_hazard_event_nll,ETS-U-Net hazard EventNLL,2025,-559.9999999999997,0.25564279060605694,seed,
ets_unet_hazard_event_nll,ETS-U-Net hazard EventNLL,2025,-549.9999999999995,0.2628847357995327,seed,
ets_unet_hazard_event_nll,ETS-U-Net hazard EventNLL,2025,-539.9999999999995,0.2697340241261269,seed,
ets_unet_hazard_event_nll,ETS-U-Net hazard EventNLL,2025,-529.9999999999995,0.2786489798333991,seed,
ets_unet_hazard_event_nll,ETS-U-Net hazard EventNLL,2025,-519.9999999999995,0.2873362512943788,seed,
ets_unet_hazard_event_nll,ETS-U-Net hazard EventNLL,2025,-509.99999999999955,0.29351224366771433,seed,
ets_unet_hazard_event_nll,ETS-U-Net hazard EventNLL,2025,-499.99999999999955,0.2946184805326307,seed,
ets_unet_hazard_event_nll,ETS-U-Net hazard EventNLL,2025,-489.99999999999955,0.2994972604921068,seed,
ets_unet_hazard_event_nll,ETS-U-Net hazard EventNLL,2025,-479.99999999999955,0.3096668813932645,seed,
ets_unet_hazard_event_nll,ETS-U-Net hazard EventNLL,2025,-469.99999999999955,0.314179475567226,seed,
ets_unet_hazard_event_nll,ETS-U-Net hazard EventNLL,2025,-459.99999999999955,0.31622207680128095,seed,
ets_unet_hazard_event_nll,ETS-U-Net hazard EventNLL,2025,-449.9999999999995,0.31661312593654917,seed,
ets_unet_hazard_event_nll,ETS-U-Net hazard EventNLL,2025,-439.9999999999995,0.32387200866340665,seed,
ets_unet_hazard_event_nll,ETS-U-Net hazard EventNLL,2025,-429.9999999999995,0.3351902588697865,seed,
ets_unet_hazard_event_nll,ETS-U-Net hazard EventNLL,2025,-419.9999999999995,0.34618966089307784,seed,
ets_unet_hazard_event_nll,ETS-U-Net hazard EventNLL,2025,-409.9999999999995,0.35881931592921473,seed,
ets_unet_hazard_event_nll,ETS-U-Net hazard EventNLL,2025,-399.9999999999995,0.36611144390996647,seed,
ets_unet_hazard_event_nll,ETS-U-Net hazard EventNLL,2025,-389.99999999999943,0.36513908239119214,seed,
ets_unet_hazard_event_nll,ETS-U-Net hazard EventNLL,2025,-379.99999999999943,0.3660236662343894,seed,
ets_unet_hazard_event_nll,ETS-U-Net hazard EventNLL,2025,-369.99999999999943,0.36893802314865565,seed,
ets_unet_hazard_event_nll,ETS-U-Net hazard EventNLL,2025,-359.99999999999943,0.37468398204696846,seed,
ets_unet_hazard_event_nll,ETS-U-Net hazard EventNLL,2025,-349.99999999999943,0.38440559651979744,seed,
ets_unet_hazard_event_nll,ETS-U-Net hazard EventNLL,2025,-339.99999999999943,0.38409977983233784,seed,
ets_unet_hazard_event_nll,ETS-U-Net hazard EventNLL,2025,-329.99999999999943,0.38610717064339795,seed,
ets_unet_hazard_event_nll,ETS-U-Net hazard EventNLL,2025,-319.9999999999994,0.39616795228283935,seed,
ets_unet_hazard_event_nll,ETS-U-Net hazard EventNLL,2025,-309.9999999999994,0.40843313324127745,seed,
ets_unet_hazard_event_nll,ETS-U-Net hazard EventNLL,2025,-299.9999999999994,0.42371659507093934,seed,
ets_unet_hazard_event_nll,ETS-U-Net hazard EventNLL,2025,-289.9999999999994,0.43789923951973303,seed,
ets_unet_hazard_event_nll,ETS-U-Net hazard EventNLL,2025,-279.9999999999994,0.45443939228934604,seed,
ets_unet_hazard_event_nll,ETS-U-Net hazard EventNLL,2025,-269.9999999999994,0.47686992996751576,seed,
ets_unet_hazard_event_nll,ETS-U-Net hazard EventNLL,2025,-259.9999999999993,0.49720756928698046,seed,
ets_unet_hazard_event_nll,ETS-U-Net hazard EventNLL,2025,-249.99999999999935,0.514346099603377,seed,
ets_unet_hazard_event_nll,ETS-U-Net hazard EventNLL,2025,-239.99999999999932,0.533642829694883,seed,
ets_unet_hazard_event_nll,ETS-U-Net hazard EventNLL,2025,-229.99999999999932,0.5569996055920265,seed,
ets_unet_hazard_event_nll,ETS-U-Net hazard EventNLL,2025,-219.99999999999932,0.5793317158393156,seed,
ets_unet_hazard_event_nll,ETS-U-Net hazard EventNLL,2025,-209.9999999999993,0.603213267942645,seed,
ets_unet_hazard_event_nll,ETS-U-Net hazard EventNLL,2025,-199.9999999999993,0.6339668780057209,seed,
ets_unet_hazard_event_nll,ETS-U-Net hazard EventNLL,2025,-189.9999999999993,0.6700006908337476,seed,
ets_unet_hazard_event_nll,ETS-U-Net hazard EventNLL,2025,-179.99999999999926,0.7142015462369413,seed,
ets_unet_hazard_event_nll,ETS-U-Net hazard EventNLL,2025,-169.99999999999926,0.774853255850859,seed,
ets_unet_hazard_event_nll,ETS-U-Net hazard EventNLL,2025,-159.99999999999926,0.8522945044304963,seed,
ets_unet_hazard_event_nll,ETS-U-Net hazard EventNLL,2025,-149.99999999999923,0.9370248328516746,seed,
ets_unet_hazard_event_nll,ETS-U-Net hazard EventNLL,2025,-139.99999999999923,1.040136247682885,seed,
ets_unet_hazard_event_nll,ETS-U-Net hazard EventNLL,2025,-129.99999999999923,1.161338352580262,seed,
ets_unet_hazard_event_nll,ETS-U-Net hazard EventNLL,2025,-119.99999999999922,1.2710073406754958,seed,
ets_unet_hazard_event_nll,ETS-U-Net hazard EventNLL,2025,-109.9999999999992,1.3829130378481294,seed,
ets_unet_hazard_event_nll,ETS-U-Net hazard EventNLL,2025,-99.9999999999992,1.5083150724718335,seed,
ets_unet_hazard_event_nll,ETS-U-Net hazard EventNLL,2025,-89.99999999999919,1.651639344021009,seed,
ets_unet_hazard_event_nll,ETS-U-Net hazard EventNLL,2025,-79.99999999999918,1.7937688825752505,seed,
ets_unet_hazard_event_nll,ETS-U-Net hazard EventNLL,2025,-69.99999999999918,1.9155419393383988,seed,
ets_unet_hazard_event_nll,ETS-U-Net hazard EventNLL,2025,-59.99999999999916,2.016610217068474,seed,
ets_unet_hazard_event_nll,ETS-U-Net hazard EventNLL,2025,-49.999999999999154,2.1090587413932806,seed,
ets_unet_hazard_event_nll,ETS-U-Net hazard EventNLL,2025,-39.99999999999915,2.195720813568948,seed,
ets_unet_hazard_event_nll,ETS-U-Net hazard EventNLL,2025,-29.99999999999914,2.2695118242201886,seed,
ets_unet_hazard_event_nll,ETS-U-Net hazard EventNLL,2025,-19.99999999999913,2.318455732636584,seed,
ets_unet_hazard_event_nll,ETS-U-Net hazard EventNLL,2025,-9.99999999999912,2.340471537624684,seed,
ets_unet_hazard_event_nll,ETS-U-Net hazard EventNLL,2025,8.881784197001252e-13,2.3309665589088024,seed,
ets_unet_hazard_event_nll,ETS-U-Net hazard EventNLL,2025,10.000000000000897,2.2982039254713746,seed,
ets_unet_hazard_event_nll,ETS-U-Net hazard EventNLL,2025,20.000000000000906,2.2395728088323357,seed,
ets_unet_hazard_event_nll,ETS-U-Net hazard EventNLL,2025,30.000000000000917,2.1485222539627413,seed,
ets_unet_hazard_event_nll,ETS-U-Net hazard EventNLL,2025,40.000000000000924,2.0372505674255343,seed,
ets_unet_hazard_event_nll,ETS-U-Net hazard EventNLL,2025,50.00000000000093,1.9095522170678119,seed,
ets_unet_hazard_event_nll,ETS-U-Net hazard EventNLL,2025,60.00000000000094,1.7736710266282532,seed,
ets_unet_hazard_event_nll,ETS-U-Net hazard EventNLL,2025,70.00000000000095,1.6360587228072416,seed,
ets_unet_hazard_event_nll,ETS-U-Net hazard EventNLL,2025,80.00000000000097,1.4990344482704585,seed,
ets_unet_hazard_event_nll,ETS-U-Net hazard EventNLL,2025,90.00000000000097,1.3790213068847834,seed,
ets_unet_hazard_event_nll,ETS-U-Net hazard EventNLL,2025,100.00000000000098,1.2797762316514403,seed,
ets_unet_hazard_event_nll,ETS-U-Net hazard EventNLL,2025,110.00000000000098,1.1746140624181691,seed,
ets_unet_hazard_event_nll,ETS-U-Net hazard EventNLL,2025,120.000000000001,1.0716793365762487,seed,
ets_unet_hazard_event_nll,ETS-U-Net hazard EventNLL,2025,130.000000000001,0.9704021852753799,seed,
ets_unet_hazard_event_nll,ETS-U-Net hazard EventNLL,2025,140.00000000000102,0.8856667022731871,seed,
ets_unet_hazard_event_nll,ETS-U-Net hazard EventNLL,2025,150.00000000000102,0.8186827703002317,seed,
ets_unet_hazard_event_nll,ETS-U-Net hazard EventNLL,2025,160.00000000000102,0.7638923721927594,seed,
ets_unet_hazard_event_nll,ETS-U-Net hazard EventNLL,2025,170.00000000000105,0.7220929540450504,seed,
ets_unet_hazard_event_nll,ETS-U-Net hazard EventNLL,2025,180.00000000000105,0.6813685205028356,seed,
ets_unet_hazard_event_nll,ETS-U-Net hazard EventNLL,2025,190.00000000000105,0.6451046234772714,seed,
ets_unet_hazard_event_nll,ETS-U-Net hazard EventNLL,2025,200.00000000000108,0.6122004278111133,seed,
ets_unet_hazard_event_nll,ETS-U-Net hazard EventNLL,2025,210.00000000000108,0.5791563795592006,seed,
ets_unet_hazard_event_nll,ETS-U-Net hazard EventNLL,2025,220.00000000000108,0.5524514010475678,seed,
ets_unet_hazard_event_nll,ETS-U-Net hazard EventNLL,2025,230.00000000000108,0.5331873690066763,seed,
ets_unet_hazard_event_nll,ETS-U-Net hazard EventNLL,2025,240.0000000000011,0.5143934725838504,seed,
ets_unet_hazard_event_nll,ETS-U-Net hazard EventNLL,2025,250.0000000000011,0.49937655520704494,seed,
ets_unet_hazard_event_nll,ETS-U-Net hazard EventNLL,2025,260.00000000000114,0.49224507427253933,seed,
ets_unet_hazard_event_nll,ETS-U-Net hazard EventNLL,2025,270.00000000000114,0.4854162448892291,seed,
ets_unet_hazard_event_nll,ETS-U-Net hazard EventNLL,2025,280.00000000000114,0.47562042511138847,seed,
ets_unet_hazard_event_nll,ETS-U-Net hazard EventNLL,2025,290.00000000000114,0.4606330364505972,seed,
ets_unet_hazard_event_nll,ETS-U-Net hazard EventNLL,2025,300.00000000000114,0.445383588978729,seed,
ets_unet_hazard_event_nll,ETS-U-Net hazard EventNLL,2025,310.00000000000114,0.43248275908799283,seed,
ets_unet_hazard_event_nll,ETS-U-Net hazard EventNLL,2025,320.0000000000012,0.41978981255859027,seed,
ets_unet_hazard_event_nll,ETS-U-Net hazard EventNLL,2025,330.0000000000012,0.4120284135694222,seed,
ets_unet_hazard_event_nll,ETS-U-Net hazard EventNLL,2025,340.0000000000012,0.410666212152639,seed,
ets_unet_hazard_event_nll,ETS-U-Net hazard EventNLL,2025,350.0000000000012,0.4116158835640291,seed,
ets_unet_hazard_event_nll,ETS-U-Net hazard EventNLL,2025,360.0000000000012,0.41161435449285116,seed,
ets_unet_hazard_event_nll,ETS-U-Net hazard EventNLL,2025,370.0000000000012,0.41250940507682504,seed,
ets_unet_hazard_event_nll,ETS-U-Net hazard EventNLL,2025,380.00000000000125,0.4086367508913382,seed,
ets_unet_hazard_event_nll,ETS-U-Net hazard EventNLL,2025,390.00000000000125,0.4030149308059604,seed,
ets_unet_hazard_event_nll,ETS-U-Net hazard EventNLL,2025,400.00000000000125,0.39802530030278305,seed,
ets_unet_hazard_event_nll,ETS-U-Net hazard EventNLL,2025,410.00000000000125,0.3965929457361939,seed,
ets_unet_hazard_event_nll,ETS-U-Net hazard EventNLL,2025,420.00000000000125,0.3960336626444192,seed,
ets_unet_hazard_event_nll,ETS-U-Net hazard EventNLL,2025,430.00000000000125,0.3906870244711751,seed,
ets_unet_hazard_event_nll,ETS-U-Net hazard EventNLL,2025,440.00000000000125,0.38079180671546137,seed,
ets_unet_hazard_event_nll,ETS-U-Net hazard EventNLL,2025,450.0000000000013,0.368051546710933,seed,
ets_unet_hazard_event_nll,ETS-U-Net hazard EventNLL,2025,460.0000000000013,0.36112680759309723,seed,
ets_unet_hazard_event_nll,ETS-U-Net hazard EventNLL,2025,470.0000000000013,0.3515192411433709,seed,
ets_unet_hazard_event_nll,ETS-U-Net hazard EventNLL,2025,480.0000000000013,0.33945092445939123,seed,
ets_unet_hazard_event_nll,ETS-U-Net hazard EventNLL,2025,490.0000000000013,0.3341193247593392,seed,
ets_unet_hazard_event_nll,ETS-U-Net hazard EventNLL,2025,500.0000000000013,0.32321368169829556,seed,
ets_unet_hazard_event_nll,ETS-U-Net hazard EventNLL,2025,510.00000000000136,0.3147131475075164,seed,
ets_unet_hazard_event_nll,ETS-U-Net hazard EventNLL,2025,520.0000000000014,0.3111681741609205,seed,
ets_unet_hazard_event_nll,ETS-U-Net hazard EventNLL,2025,530.0000000000014,0.312510623512739,seed,
ets_unet_hazard_event_nll,ETS-U-Net hazard EventNLL,2025,540.0000000000014,0.30971631488938495,seed,
ets_unet_hazard_event_nll,ETS-U-Net hazard EventNLL,2025,550.0000000000014,0.3047853518801504,seed,
ets_unet_hazard_event_nll,ETS-U-Net hazard EventNLL,2025,560.0000000000014,0.30192438987978565,seed,
ets_unet_hazard_event_nll,ETS-U-Net hazard EventNLL,2025,570.0000000000014,0.29917832009525025,seed,
ets_unet_hazard_event_nll,ETS-U-Net hazard EventNLL,2025,580.0000000000014,0.3009636245698788,seed,
ets_unet_hazard_event_nll,ETS-U-Net hazard EventNLL,2025,590.0000000000014,0.30394935208065615,seed,
ets_unet_hazard_event_nll,ETS-U-Net hazard EventNLL,2025,600.0000000000014,0.30607335015107723,seed,
ets_unet_hazard_event_nll,ETS-U-Net hazard EventNLL,2025,610.0000000000015,0.3047015105889562,seed,
ets_unet_hazard_event_nll,ETS-U-Net hazard EventNLL,2025,620.0000000000015,0.3018555850722166,seed,
ets_unet_hazard_event_nll,ETS-U-Net hazard EventNLL,2025,630.0000000000015,0.29978689650534485,seed,
ets_unet_hazard_event_nll,ETS-U-Net hazard EventNLL,2025,640.0000000000015,0.29280663790495154,seed,
ets_unet_hazard_event_nll,ETS-U-Net hazard EventNLL,2025,650.0000000000015,0.2858034871194736,seed,
ets_unet_hazard_event_nll,ETS-U-Net hazard EventNLL,2025,660.0000000000015,0.2805687378500522,seed,
ets_unet_hazard_event_nll,ETS-U-Net hazard EventNLL,2025,670.0000000000015,0.2726271130733508,seed,
ets_unet_hazard_event_nll,ETS-U-Net hazard EventNLL,2025,680.0000000000015,0.26986400496788676,seed,
ets_unet_hazard_event_nll,ETS-U-Net hazard EventNLL,2025,690.0000000000015,0.26630218698989405,seed,
ets_unet_hazard_event_nll,ETS-U-Net hazard EventNLL,2025,700.0000000000015,0.2625575831944612,seed,
ets_unet_hazard_event_nll,ETS-U-Net hazard EventNLL,2025,710.0000000000015,0.25980903795907123,seed,
ets_unet_hazard_event_nll,ETS-U-Net hazard EventNLL,2025,720.0000000000015,0.2543497327488553,seed,
ets_unet_hazard_event_nll,ETS-U-Net hazard EventNLL,2025,730.0000000000016,0.24993423348080593,seed,
ets_unet_hazard_event_nll,ETS-U-Net hazard EventNLL,2025,740.0000000000016,0.2513481230610483,seed,
ets_unet_hazard_event_nll,ETS-U-Net hazard EventNLL,2025,750.0000000000016,0.2457896727131385,seed,
ets_unet_hazard_event_nll,ETS-U-Net hazard EventNLL,2025,760.0000000000016,0.2425586916050716,seed,
ets_unet_hazard_event_nll,ETS-U-Net hazard EventNLL,2025,770.0000000000016,0.23992182979881874,seed,
ets_unet_hazard_event_nll,ETS-U-Net hazard EventNLL,2025,780.0000000000016,0.23284996662616445,seed,
ets_unet_hazard_event_nll,ETS-U-Net hazard EventNLL,2025,790.0000000000016,0.2340436341767881,seed,
ets_unet_hazard_event_nll,ETS-U-Net hazard EventNLL,2025,800.0000000000016,0.2342433484005984,seed,
ets_unet_hazard_event_nll,ETS-U-Net hazard EventNLL,2025,810.0000000000016,0.24437597875050684,seed,
ets_unet_hazard_event_nll,ETS-U-Net hazard EventNLL,2025,820.0000000000016,0.24965277005758657,seed,
ets_unet_hazard_event_nll,ETS-U-Net hazard EventNLL,2025,830.0000000000016,0.24859620783830985,seed,
ets_unet_hazard_event_nll,ETS-U-Net hazard EventNLL,2025,840.0000000000016,0.24914448786161092,seed,
ets_unet_hazard_event_nll,ETS-U-Net hazard EventNLL,2025,850.0000000000016,0.24230182792657368,seed,
ets_unet_hazard_event_nll,ETS-U-Net hazard EventNLL,2025,860.0000000000017,0.2295699999457225,seed,
ets_unet_hazard_event_nll,ETS-U-Net hazard EventNLL,2025,870.0000000000017,0.22557611964664182,seed,
ets_unet_hazard_event_nll,ETS-U-Net hazard EventNLL,2025,880.0000000000017,0.22018916290040944,seed,
ets_unet_hazard_event_nll,ETS-U-Net hazard EventNLL,2025,890.0000000000017,0.22134658330454413,seed,
ets_unet_hazard_event_nll,ETS-U-Net hazard EventNLL,2025,900.0000000000017,0.23108052251851618,seed,
ets_unet_hazard_event_nll,ETS-U-Net hazard EventNLL,2025,910.0000000000017,0.23550537814044759,seed,
ets_unet_hazard_event_nll,ETS-U-Net hazard EventNLL,2025,920.0000000000017,0.24121645706828318,seed,
ets_unet_hazard_event_nll,ETS-U-Net hazard EventNLL,2025,930.0000000000017,0.24451396180401372,seed,
ets_unet_hazard_event_nll,ETS-U-Net hazard EventNLL,2025,940.0000000000017,0.24228292817602903,seed,
ets_unet_hazard_event_nll,ETS-U-Net hazard EventNLL,2025,950.0000000000017,0.24273814155925852,seed,
ets_unet_hazard_event_nll,ETS-U-Net hazard EventNLL,2025,960.0000000000017,0.25219783830488485,seed,
ets_unet_hazard_event_nll,ETS-U-Net hazard EventNLL,2025,970.0000000000017,0.2582312317778389,seed,
ets_unet_hazard_event_nll,ETS-U-Net hazard EventNLL,2025,980.0000000000017,0.2569192233596309,seed,
ets_unet_hazard_event_nll,ETS-U-Net hazard EventNLL,2025,990.0000000000018,0.2623032805730737,seed,
ets_unet_hazard_event_nll,ETS-U-Net hazard EventNLL,2025,1000.0000000000018,0.2625860977228517,seed,
ets_unet_hazard_event_nll,ETS-U-Net hazard EventNLL,2026,-1000.0,0.08974322758312303,seed,
ets_unet_hazard_event_nll,ETS-U-Net hazard EventNLL,2026,-990.0,0.09220590077594974,seed,
ets_unet_hazard_event_nll,ETS-U-Net hazard EventNLL,2026,-980.0,0.09360648532765556,seed,
ets_unet_hazard_event_nll,ETS-U-Net hazard EventNLL,2026,-970.0,0.09568935094171685,seed,
ets_unet_hazard_event_nll,ETS-U-Net hazard EventNLL,2026,-960.0,0.09520349410496816,seed,
ets_unet_hazard_event_nll,ETS-U-Net hazard EventNLL,2026,-950.0,0.09426317456285566,seed,
ets_unet_hazard_event_nll,ETS-U-Net hazard EventNLL,2026,-940.0,0.09559218667767494,seed,
ets_unet_hazard_event_nll,ETS-U-Net hazard EventNLL,2026,-929.9999999999999,0.09666136329119064,seed,
ets_unet_hazard_event_nll,ETS-U-Net hazard EventNLL,2026,-919.9999999999999,0.09877871584948152,seed,
ets_unet_hazard_event_nll,ETS-U-Net hazard EventNLL,2026,-909.9999999999999,0.09959884882409308,seed,
ets_unet_hazard_event_nll,ETS-U-Net hazard EventNLL,2026,-899.9999999999999,0.10024128767188514,seed,
ets_unet_hazard_event_nll,ETS-U-Net hazard EventNLL,2026,-889.9999999999999,0.10156394235997822,seed,
ets_unet_hazard_event_nll,ETS-U-Net hazard EventNLL,2026,-879.9999999999999,0.1031898045902295,seed,
ets_unet_hazard_event_nll,ETS-U-Net hazard EventNLL,2026,-869.9999999999999,0.10769072923347381,seed,
ets_unet_hazard_event_nll,ETS-U-Net hazard EventNLL,2026,-859.9999999999999,0.11179917535234109,seed,
ets_unet_hazard_event_nll,ETS-U-Net hazard EventNLL,2026,-849.9999999999999,0.11673010134373106,seed,
ets_unet_hazard_event_nll,ETS-U-Net hazard EventNLL,2026,-839.9999999999999,0.1208507480747039,seed,
ets_unet_hazard_event_nll,ETS-U-Net hazard EventNLL,2026,-829.9999999999999,0.12501413022288044,seed,
ets_unet_hazard_event_nll,ETS-U-Net hazard EventNLL,2026,-819.9999999999999,0.12817831109882277,seed,
ets_unet_hazard_event_nll,ETS-U-Net hazard EventNLL,2026,-809.9999999999999,0.12841281695872392,seed,
ets_unet_hazard_event_nll,ETS-U-Net hazard EventNLL,2026,-799.9999999999998,0.13081979501301663,seed,
ets_unet_hazard_event_nll,ETS-U-Net hazard EventNLL,2026,-789.9999999999998,0.13388309114310096,seed,
ets_unet_hazard_event_nll,ETS-U-Net hazard EventNLL,2026,-779.9999999999998,0.13422312890535718,seed,
ets_unet_hazard_event_nll,ETS-U-Net hazard EventNLL,2026,-769.9999999999998,0.1352124479205327,seed,
ets_unet_hazard_event_nll,ETS-U-Net hazard EventNLL,2026,-759.9999999999998,0.13512976423008297,seed,
ets_unet_hazard_event_nll,ETS-U-Net hazard EventNLL,2026,-749.9999999999998,0.13622534282210458,seed,
ets_unet_hazard_event_nll,ETS-U-Net hazard EventNLL,2026,-739.9999999999998,0.13955363838248114,seed,
ets_unet_hazard_event_nll,ETS-U-Net hazard EventNLL,2026,-729.9999999999998,0.1451457603350742,seed,
ets_unet_hazard_event_nll,ETS-U-Net hazard EventNLL,2026,-719.9999999999998,0.15425729484915182,seed,
ets_unet_hazard_event_nll,ETS-U-Net hazard EventNLL,2026,-709.9999999999998,0.16214340177386263,seed,
ets_unet_hazard_event_nll,ETS-U-Net hazard EventNLL,2026,-699.9999999999998,0.17069284058390435,seed,
ets_unet_hazard_event_nll,ETS-U-Net hazard EventNLL,2026,-689.9999999999998,0.18068357544982566,seed,
ets_unet_hazard_event_nll,ETS-U-Net hazard EventNLL,2026,-679.9999999999998,0.18561808178995834,seed,
ets_unet_hazard_event_nll,ETS-U-Net hazard EventNLL,2026,-669.9999999999997,0.18801255096314198,seed,
ets_unet_hazard_event_nll,ETS-U-Net hazard EventNLL,2026,-659.9999999999997,0.1889663839635467,seed,
ets_unet_hazard_event_nll,ETS-U-Net hazard EventNLL,2026,-649.9999999999997,0.19047580974720305,seed,
ets_unet_hazard_event_nll,ETS-U-Net hazard EventNLL,2026,-639.9999999999997,0.192025769047467,seed,
ets_unet_hazard_event_nll,ETS-U-Net hazard EventNLL,2026,-629.9999999999997,0.19555857707214025,seed,
ets_unet_hazard_event_nll,ETS-U-Net hazard EventNLL,2026,-619.9999999999997,0.2058149451201002,seed,
ets_unet_hazard_event_nll,ETS-U-Net hazard EventNLL,2026,-609.9999999999997,0.21478699055455275,seed,
ets_unet_hazard_event_nll,ETS-U-Net hazard EventNLL,2026,-599.9999999999997,0.22246201645558147,seed,
ets_unet_hazard_event_nll,ETS-U-Net hazard EventNLL,2026,-589.9999999999997,0.23087870276135736,seed,
ets_unet_hazard_event_nll,ETS-U-Net hazard EventNLL,2026,-579.9999999999997,0.23918881526885383,seed,
ets_unet_hazard_event_nll,ETS-U-Net hazard EventNLL,2026,-569.9999999999997,0.24743415415525027,seed,
ets_unet_hazard_event_nll,ETS-U-Net hazard EventNLL,2026,-559.9999999999997,0.2565818536448769,seed,
ets_unet_hazard_event_nll,ETS-U-Net hazard EventNLL,2026,-549.9999999999995,0.26445077883171464,seed,
ets_unet_hazard_event_nll,ETS-U-Net hazard EventNLL,2026,-539.9999999999995,0.2721796613330219,seed,
ets_unet_hazard_event_nll,ETS-U-Net hazard EventNLL,2026,-529.9999999999995,0.28434006218757674,seed,
ets_unet_hazard_event_nll,ETS-U-Net hazard EventNLL,2026,-519.9999999999995,0.2974652179078119,seed,
ets_unet_hazard_event_nll,ETS-U-Net hazard EventNLL,2026,-509.99999999999955,0.3075807012999316,seed,
ets_unet_hazard_event_nll,ETS-U-Net hazard EventNLL,2026,-499.99999999999955,0.31415593785257884,seed,
ets_unet_hazard_event_nll,ETS-U-Net hazard EventNLL,2026,-489.99999999999955,0.3157972580527611,seed,
ets_unet_hazard_event_nll,ETS-U-Net hazard EventNLL,2026,-479.99999999999955,0.3198336557417344,seed,
ets_unet_hazard_event_nll,ETS-U-Net hazard EventNLL,2026,-469.99999999999955,0.3270616474350496,seed,
ets_unet_hazard_event_nll,ETS-U-Net hazard EventNLL,2026,-459.99999999999955,0.3332820571087101,seed,
ets_unet_hazard_event_nll,ETS-U-Net hazard EventNLL,2026,-449.9999999999995,0.34345818253970034,seed,
ets_unet_hazard_event_nll,ETS-U-Net hazard EventNLL,2026,-439.9999999999995,0.3506430921995038,seed,
ets_unet_hazard_event_nll,ETS-U-Net hazard EventNLL,2026,-429.9999999999995,0.3544204884378786,seed,
ets_unet_hazard_event_nll,ETS-U-Net hazard EventNLL,2026,-419.9999999999995,0.3549816528891053,seed,
ets_unet_hazard_event_nll,ETS-U-Net hazard EventNLL,2026,-409.9999999999995,0.3580852061869229,seed,
ets_unet_hazard_event_nll,ETS-U-Net hazard EventNLL,2026,-399.9999999999995,0.363843827805037,seed,
ets_unet_hazard_event_nll,ETS-U-Net hazard EventNLL,2026,-389.99999999999943,0.3734172056474053,seed,
ets_unet_hazard_event_nll,ETS-U-Net hazard EventNLL,2026,-379.99999999999943,0.38231159209635474,seed,
ets_unet_hazard_event_nll,ETS-U-Net hazard EventNLL,2026,-369.99999999999943,0.38836679454292433,seed,
ets_unet_hazard_event_nll,ETS-U-Net hazard EventNLL,2026,-359.99999999999943,0.39192858880426235,seed,
ets_unet_hazard_event_nll,ETS-U-Net hazard EventNLL,2026,-349.99999999999943,0.3952212067370511,seed,
ets_unet_hazard_event_nll,ETS-U-Net hazard EventNLL,2026,-339.99999999999943,0.4032882356935053,seed,
ets_unet_hazard_event_nll,ETS-U-Net hazard EventNLL,2026,-329.99999999999943,0.41128936263423355,seed,
ets_unet_hazard_event_nll,ETS-U-Net hazard EventNLL,2026,-319.9999999999994,0.42679207678870074,seed,
ets_unet_hazard_event_nll,ETS-U-Net hazard EventNLL,2026,-309.9999999999994,0.4419448527855816,seed,
ets_unet_hazard_event_nll,ETS-U-Net hazard EventNLL,2026,-299.9999999999994,0.45862201994546525,seed,
ets_unet_hazard_event_nll,ETS-U-Net hazard EventNLL,2026,-289.9999999999994,0.473843983286298,seed,
ets_unet_hazard_event_nll,ETS-U-Net hazard EventNLL,2026,-279.9999999999994,0.4832986455601613,seed,
ets_unet_hazard_event_nll,ETS-U-Net hazard EventNLL,2026,-269.9999999999994,0.4991576295320924,seed,
ets_unet_hazard_event_nll,ETS-U-Net hazard EventNLL,2026,-259.9999999999993,0.5173586003446095,seed,
ets_unet_hazard_event_nll,ETS-U-Net hazard EventNLL,2026,-249.99999999999935,0.5380506052851514,seed,
ets_unet_hazard_event_nll,ETS-U-Net hazard EventNLL,2026,-239.99999999999932,0.5593189753409413,seed,
ets_unet_hazard_event_nll,ETS-U-Net hazard EventNLL,2026,-229.99999999999932,0.5755640981851816,seed,
ets_unet_hazard_event_nll,ETS-U-Net hazard EventNLL,2026,-219.99999999999932,0.59349999972633,seed,
ets_unet_hazard_event_nll,ETS-U-Net hazard EventNLL,2026,-209.9999999999993,0.6189442149580386,seed,
ets_unet_hazard_event_nll,ETS-U-Net hazard EventNLL,2026,-199.9999999999993,0.6514627201758784,seed,
ets_unet_hazard_event_nll,ETS-U-Net hazard EventNLL,2026,-189.9999999999993,0.6894697252049452,seed,
ets_unet_hazard_event_nll,ETS-U-Net hazard EventNLL,2026,-179.99999999999926,0.7326220552645,seed,
ets_unet_hazard_event_nll,ETS-U-Net hazard EventNLL,2026,-169.99999999999926,0.7873013023604164,seed,
ets_unet_hazard_event_nll,ETS-U-Net hazard EventNLL,2026,-159.99999999999926,0.848339471992754,seed,
ets_unet_hazard_event_nll,ETS-U-Net hazard EventNLL,2026,-149.99999999999923,0.9147237800504633,seed,
ets_unet_hazard_event_nll,ETS-U-Net hazard EventNLL,2026,-139.99999999999923,0.9866289369949791,seed,
ets_unet_hazard_event_nll,ETS-U-Net hazard EventNLL,2026,-129.99999999999923,1.057384121231434,seed,
ets_unet_hazard_event_nll,ETS-U-Net hazard EventNLL,2026,-119.99999999999922,1.1420508326246228,seed,
ets_unet_hazard_event_nll,ETS-U-Net hazard EventNLL,2026,-109.9999999999992,1.242961922399095,seed,
ets_unet_hazard_event_nll,ETS-U-Net hazard EventNLL,2026,-99.9999999999992,1.347641457056838,seed,
ets_unet_hazard_event_nll,ETS-U-Net hazard EventNLL,2026,-89.99999999999919,1.4729470970561744,seed,
ets_unet_hazard_event_nll,ETS-U-Net hazard EventNLL,2026,-79.99999999999918,1.5964071765951144,seed,
ets_unet_hazard_event_nll,ETS-U-Net hazard EventNLL,2026,-69.99999999999918,1.692227482560186,seed,
ets_unet_hazard_event_nll,ETS-U-Net hazard EventNLL,2026,-59.99999999999916,1.7778869965724025,seed,
ets_unet_hazard_event_nll,ETS-U-Net hazard EventNLL,2026,-49.999999999999154,1.853467178912543,seed,
ets_unet_hazard_event_nll,ETS-U-Net hazard EventNLL,2026,-39.99999999999915,1.9479627576336422,seed,
ets_unet_hazard_event_nll,ETS-U-Net hazard EventNLL,2026,-29.99999999999914,2.0497594269582518,seed,
ets_unet_hazard_event_nll,ETS-U-Net hazard EventNLL,2026,-19.99999999999913,2.120334437349502,seed,
ets_unet_hazard_event_nll,ETS-U-Net hazard EventNLL,2026,-9.99999999999912,2.1794354313655,seed,
ets_unet_hazard_event_nll,ETS-U-Net hazard EventNLL,2026,8.881784197001252e-13,2.225784102486988,seed,
ets_unet_hazard_event_nll,ETS-U-Net hazard EventNLL,2026,10.000000000000897,2.262460151904927,seed,
ets_unet_hazard_event_nll,ETS-U-Net hazard EventNLL,2026,20.000000000000906,2.259900970416719,seed,
ets_unet_hazard_event_nll,ETS-U-Net hazard EventNLL,2026,30.000000000000917,2.216252469245636,seed,
ets_unet_hazard_event_nll,ETS-U-Net hazard EventNLL,2026,40.000000000000924,2.1477768373602926,seed,
ets_unet_hazard_event_nll,ETS-U-Net hazard EventNLL,2026,50.00000000000093,2.0525158409170188,seed,
ets_unet_hazard_event_nll,ETS-U-Net hazard EventNLL,2026,60.00000000000094,1.9351562616870748,seed,
ets_unet_hazard_event_nll,ETS-U-Net hazard EventNLL,2026,70.00000000000095,1.8111436139226864,seed,
ets_unet_hazard_event_nll,ETS-U-Net hazard EventNLL,2026,80.00000000000097,1.6788458147737262,seed,
ets_unet_hazard_event_nll,ETS-U-Net hazard EventNLL,2026,90.00000000000097,1.5463512980270069,seed,
ets_unet_hazard_event_nll,ETS-U-Net hazard EventNLL,2026,100.00000000000098,1.417616344520633,seed,
ets_unet_hazard_event_nll,ETS-U-Net hazard EventNLL,2026,110.00000000000098,1.3007792358863262,seed,
ets_unet_hazard_event_nll,ETS-U-Net hazard EventNLL,2026,120.000000000001,1.1896057277723333,seed,
ets_unet_hazard_event_nll,ETS-U-Net hazard EventNLL,2026,130.000000000001,1.074333878959859,seed,
ets_unet_hazard_event_nll,ETS-U-Net hazard EventNLL,2026,140.00000000000102,0.977455375481063,seed,
ets_unet_hazard_event_nll,ETS-U-Net hazard EventNLL,2026,150.00000000000102,0.9020117904479904,seed,
ets_unet_hazard_event_nll,ETS-U-Net hazard EventNLL,2026,160.00000000000102,0.8423054736363995,seed,
ets_unet_hazard_event_nll,ETS-U-Net hazard EventNLL,2026,170.00000000000105,0.7955690831342817,seed,
ets_unet_hazard_event_nll,ETS-U-Net hazard EventNLL,2026,180.00000000000105,0.7509042384025242,seed,
ets_unet_hazard_event_nll,ETS-U-Net hazard EventNLL,2026,190.00000000000105,0.7028113462122338,seed,
ets_unet_hazard_event_nll,ETS-U-Net hazard EventNLL,2026,200.00000000000108,0.6575503934002557,seed,
ets_unet_hazard_event_nll,ETS-U-Net hazard EventNLL,2026,210.00000000000108,0.6260696816796465,seed,
ets_unet_hazard_event_nll,ETS-U-Net hazard EventNLL,2026,220.00000000000108,0.5945422349843157,seed,
ets_unet_hazard_event_nll,ETS-U-Net hazard EventNLL,2026,230.00000000000108,0.5664170351228895,seed,
ets_unet_hazard_event_nll,ETS-U-Net hazard EventNLL,2026,240.0000000000011,0.5413950588157171,seed,
ets_unet_hazard_event_nll,ETS-U-Net hazard EventNLL,2026,250.0000000000011,0.5174335726236452,seed,
ets_unet_hazard_event_nll,ETS-U-Net hazard EventNLL,2026,260.00000000000114,0.5024889406396459,seed,
ets_unet_hazard_event_nll,ETS-U-Net hazard EventNLL,2026,270.00000000000114,0.4878488306606301,seed,
ets_unet_hazard_event_nll,ETS-U-Net hazard EventNLL,2026,280.00000000000114,0.4740908596725448,seed,
ets_unet_hazard_event_nll,ETS-U-Net hazard EventNLL,2026,290.00000000000114,0.46221099783001474,seed,
ets_unet_hazard_event_nll,ETS-U-Net hazard EventNLL,2026,300.00000000000114,0.4452431249335773,seed,
ets_unet_hazard_event_nll,ETS-U-Net hazard EventNLL,2026,310.00000000000114,0.43091358846284306,seed,
ets_unet_hazard_event_nll,ETS-U-Net hazard EventNLL,2026,320.0000000000012,0.4191345316326669,seed,
ets_unet_hazard_event_nll,ETS-U-Net hazard EventNLL,2026,330.0000000000012,0.4132669660512578,seed,
ets_unet_hazard_event_nll,ETS-U-Net hazard EventNLL,2026,340.0000000000012,0.41268843296380264,seed,
ets_unet_hazard_event_nll,ETS-U-Net hazard EventNLL,2026,350.0000000000012,0.4131580715145049,seed,
ets_unet_hazard_event_nll,ETS-U-Net hazard EventNLL,2026,360.0000000000012,0.41161518343834036,seed,
ets_unet_hazard_event_nll,ETS-U-Net hazard EventNLL,2026,370.0000000000012,0.40879585322069645,seed,
ets_unet_hazard_event_nll,ETS-U-Net hazard EventNLL,2026,380.00000000000125,0.40900783987545536,seed,
ets_unet_hazard_event_nll,ETS-U-Net hazard EventNLL,2026,390.00000000000125,0.40515970947273344,seed,
ets_unet_hazard_event_nll,ETS-U-Net hazard EventNLL,2026,400.00000000000125,0.40006385276761874,seed,
ets_unet_hazard_event_nll,ETS-U-Net hazard EventNLL,2026,410.00000000000125,0.392434873723688,seed,
ets_unet_hazard_event_nll,ETS-U-Net hazard EventNLL,2026,420.00000000000125,0.3866075549222777,seed,
ets_unet_hazard_event_nll,ETS-U-Net hazard EventNLL,2026,430.00000000000125,0.3832491029308187,seed,
ets_unet_hazard_event_nll,ETS-U-Net hazard EventNLL,2026,440.00000000000125,0.3764935540067802,seed,
ets_unet_hazard_event_nll,ETS-U-Net hazard EventNLL,2026,450.0000000000013,0.3708594807929663,seed,
ets_unet_hazard_event_nll,ETS-U-Net hazard EventNLL,2026,460.0000000000013,0.3648891095206786,seed,
ets_unet_hazard_event_nll,ETS-U-Net hazard EventNLL,2026,470.0000000000013,0.36190342839921436,seed,
ets_unet_hazard_event_nll,ETS-U-Net hazard EventNLL,2026,480.0000000000013,0.355091617007582,seed,
ets_unet_hazard_event_nll,ETS-U-Net hazard EventNLL,2026,490.0000000000013,0.3521711379842186,seed,
ets_unet_hazard_event_nll,ETS-U-Net hazard EventNLL,2026,500.0000000000013,0.3432993358754625,seed,
ets_unet_hazard_event_nll,ETS-U-Net hazard EventNLL,2026,510.00000000000136,0.3329735264383097,seed,
ets_unet_hazard_event_nll,ETS-U-Net hazard EventNLL,2026,520.0000000000014,0.32771187378173894,seed,
ets_unet_hazard_event_nll,ETS-U-Net hazard EventNLL,2026,530.0000000000014,0.32498444274425264,seed,
ets_unet_hazard_event_nll,ETS-U-Net hazard EventNLL,2026,540.0000000000014,0.3209405760199326,seed,
ets_unet_hazard_event_nll,ETS-U-Net hazard EventNLL,2026,550.0000000000014,0.3118488659739879,seed,
ets_unet_hazard_event_nll,ETS-U-Net hazard EventNLL,2026,560.0000000000014,0.30258064793991707,seed,
ets_unet_hazard_event_nll,ETS-U-Net hazard EventNLL,2026,570.0000000000014,0.2935850603922934,seed,
ets_unet_hazard_event_nll,ETS-U-Net hazard EventNLL,2026,580.0000000000014,0.2873264558124877,seed,
ets_unet_hazard_event_nll,ETS-U-Net hazard EventNLL,2026,590.0000000000014,0.28681462561450904,seed,
ets_unet_hazard_event_nll,ETS-U-Net hazard EventNLL,2026,600.0000000000014,0.2891103947278098,seed,
ets_unet_hazard_event_nll,ETS-U-Net hazard EventNLL,2026,610.0000000000015,0.28922225033240717,seed,
ets_unet_hazard_event_nll,ETS-U-Net hazard EventNLL,2026,620.0000000000015,0.2939201033594569,seed,
ets_unet_hazard_event_nll,ETS-U-Net hazard EventNLL,2026,630.0000000000015,0.29761429501212505,seed,
ets_unet_hazard_event_nll,ETS-U-Net hazard EventNLL,2026,640.0000000000015,0.2973951531808149,seed,
ets_unet_hazard_event_nll,ETS-U-Net hazard EventNLL,2026,650.0000000000015,0.2953002887073043,seed,
ets_unet_hazard_event_nll,ETS-U-Net hazard EventNLL,2026,660.0000000000015,0.2834906493494169,seed,
ets_unet_hazard_event_nll,ETS-U-Net hazard EventNLL,2026,670.0000000000015,0.2702831563095138,seed,
ets_unet_hazard_event_nll,ETS-U-Net hazard EventNLL,2026,680.0000000000015,0.26168632464489516,seed,
ets_unet_hazard_event_nll,ETS-U-Net hazard EventNLL,2026,690.0000000000015,0.2540869370680612,seed,
ets_unet_hazard_event_nll,ETS-U-Net hazard EventNLL,2026,700.0000000000015,0.249941946611468,seed,
ets_unet_hazard_event_nll,ETS-U-Net hazard EventNLL,2026,710.0000000000015,0.25066489942078307,seed,
ets_unet_hazard_event_nll,ETS-U-Net hazard EventNLL,2026,720.0000000000015,0.2491299377960747,seed,
ets_unet_hazard_event_nll,ETS-U-Net hazard EventNLL,2026,730.0000000000016,0.2519543691801995,seed,
ets_unet_hazard_event_nll,ETS-U-Net hazard EventNLL,2026,740.0000000000016,0.25162211985705785,seed,
ets_unet_hazard_event_nll,ETS-U-Net hazard EventNLL,2026,750.0000000000016,0.24831687740398173,seed,
ets_unet_hazard_event_nll,ETS-U-Net hazard EventNLL,2026,760.0000000000016,0.24358240254876687,seed,
ets_unet_hazard_event_nll,ETS-U-Net hazard EventNLL,2026,770.0000000000016,0.2441665013415497,seed,
ets_unet_hazard_event_nll,ETS-U-Net hazard EventNLL,2026,780.0000000000016,0.24145624404227448,seed,
ets_unet_hazard_event_nll,ETS-U-Net hazard EventNLL,2026,790.0000000000016,0.23582328907992045,seed,
ets_unet_hazard_event_nll,ETS-U-Net hazard EventNLL,2026,800.0000000000016,0.23119697973665856,seed,
ets_unet_hazard_event_nll,ETS-U-Net hazard EventNLL,2026,810.0000000000016,0.23110617215661905,seed,
ets_unet_hazard_event_nll,ETS-U-Net hazard EventNLL,2026,820.0000000000016,0.22634316214880157,seed,
ets_unet_hazard_event_nll,ETS-U-Net hazard EventNLL,2026,830.0000000000016,0.22317676357925176,seed,
ets_unet_hazard_event_nll,ETS-U-Net hazard EventNLL,2026,840.0000000000016,0.2280089443257867,seed,
ets_unet_hazard_event_nll,ETS-U-Net hazard EventNLL,2026,850.0000000000016,0.23054079994894638,seed,
ets_unet_hazard_event_nll,ETS-U-Net hazard EventNLL,2026,860.0000000000017,0.23331361527927544,seed,
ets_unet_hazard_event_nll,ETS-U-Net hazard EventNLL,2026,870.0000000000017,0.24234400608751885,seed,
ets_unet_hazard_event_nll,ETS-U-Net hazard EventNLL,2026,880.0000000000017,0.24755630022124514,seed,
ets_unet_hazard_event_nll,ETS-U-Net hazard EventNLL,2026,890.0000000000017,0.25175291897498764,seed,
ets_unet_hazard_event_nll,ETS-U-Net hazard EventNLL,2026,900.0000000000017,0.2500908188875131,seed,
ets_unet_hazard_event_nll,ETS-U-Net hazard EventNLL,2026,910.0000000000017,0.2410488301732943,seed,
ets_unet_hazard_event_nll,ETS-U-Net hazard EventNLL,2026,920.0000000000017,0.23311717979602953,seed,
ets_unet_hazard_event_nll,ETS-U-Net hazard EventNLL,2026,930.0000000000017,0.2309183660581865,seed,
ets_unet_hazard_event_nll,ETS-U-Net hazard EventNLL,2026,940.0000000000017,0.22940265625777906,seed,
ets_unet_hazard_event_nll,ETS-U-Net hazard EventNLL,2026,950.0000000000017,0.23540550533798024,seed,
ets_unet_hazard_event_nll,ETS-U-Net hazard EventNLL,2026,960.0000000000017,0.24166057386975284,seed,
ets_unet_hazard_event_nll,ETS-U-Net hazard EventNLL,2026,970.0000000000017,0.2519610766761932,seed,
ets_unet_hazard_event_nll,ETS-U-Net hazard EventNLL,2026,980.0000000000017,0.26278526917479156,seed,
ets_unet_hazard_event_nll,ETS-U-Net hazard EventNLL,2026,990.0000000000018,0.2765614953589495,seed,
ets_unet_hazard_event_nll,ETS-U-Net hazard EventNLL,2026,1000.0000000000018,0.28267804150168657,seed,
ets_unet_hazard_event_nll,ETS-U-Net hazard EventNLL,2027,-1000.0,0.09449494250864804,seed,
ets_unet_hazard_event_nll,ETS-U-Net hazard EventNLL,2027,-990.0,0.09780696888579829,seed,
ets_unet_hazard_event_nll,ETS-U-Net hazard EventNLL,2027,-980.0,0.10276612016683981,seed,
ets_unet_hazard_event_nll,ETS-U-Net hazard EventNLL,2027,-970.0,0.10387210010479536,seed,
ets_unet_hazard_event_nll,ETS-U-Net hazard EventNLL,2027,-960.0,0.10103288103284398,seed,
ets_unet_hazard_event_nll,ETS-U-Net hazard EventNLL,2027,-950.0,0.09928220384783586,seed,
ets_unet_hazard_event_nll,ETS-U-Net hazard EventNLL,2027,-940.0,0.09993951518118872,seed,
ets_unet_hazard_event_nll,ETS-U-Net hazard EventNLL,2027,-929.9999999999999,0.10109848370021535,seed,
ets_unet_hazard_event_nll,ETS-U-Net hazard EventNLL,2027,-919.9999999999999,0.10366530175686191,seed,
ets_unet_hazard_event_nll,ETS-U-Net hazard EventNLL,2027,-909.9999999999999,0.10931359735600948,seed,
ets_unet_hazard_event_nll,ETS-U-Net hazard EventNLL,2027,-899.9999999999999,0.11260542664522585,seed,
ets_unet_hazard_event_nll,ETS-U-Net hazard EventNLL,2027,-889.9999999999999,0.11243575944487615,seed,
ets_unet_hazard_event_nll,ETS-U-Net hazard EventNLL,2027,-879.9999999999999,0.1131034609790139,seed,
ets_unet_hazard_event_nll,ETS-U-Net hazard EventNLL,2027,-869.9999999999999,0.11931790425328061,seed,
ets_unet_hazard_event_nll,ETS-U-Net hazard EventNLL,2027,-859.9999999999999,0.12735397584925884,seed,
ets_unet_hazard_event_nll,ETS-U-Net hazard EventNLL,2027,-849.9999999999999,0.13211805654893694,seed,
ets_unet_hazard_event_nll,ETS-U-Net hazard EventNLL,2027,-839.9999999999999,0.13443019584867658,seed,
ets_unet_hazard_event_nll,ETS-U-Net hazard EventNLL,2027,-829.9999999999999,0.1359386009432368,seed,
ets_unet_hazard_event_nll,ETS-U-Net hazard EventNLL,2027,-819.9999999999999,0.13498075775834403,seed,
ets_unet_hazard_event_nll,ETS-U-Net hazard EventNLL,2027,-809.9999999999999,0.1322294709291101,seed,
ets_unet_hazard_event_nll,ETS-U-Net hazard EventNLL,2027,-799.9999999999998,0.12895334054341073,seed,
ets_unet_hazard_event_nll,ETS-U-Net hazard EventNLL,2027,-789.9999999999998,0.12854368277197295,seed,
ets_unet_hazard_event_nll,ETS-U-Net hazard EventNLL,2027,-779.9999999999998,0.13112540606203488,seed,
ets_unet_hazard_event_nll,ETS-U-Net hazard EventNLL,2027,-769.9999999999998,0.13561105119334746,seed,
ets_unet_hazard_event_nll,ETS-U-Net hazard EventNLL,2027,-759.9999999999998,0.14074636945892424,seed,
ets_unet_hazard_event_nll,ETS-U-Net hazard EventNLL,2027,-749.9999999999998,0.14538478602244512,seed,
ets_unet_hazard_event_nll,ETS-U-Net hazard EventNLL,2027,-739.9999999999998,0.15219030597190994,seed,
ets_unet_hazard_event_nll,ETS-U-Net hazard EventNLL,2027,-729.9999999999998,0.15948431831835233,seed,
ets_unet_hazard_event_nll,ETS-U-Net hazard EventNLL,2027,-719.9999999999998,0.16629844881336764,seed,
ets_unet_hazard_event_nll,ETS-U-Net hazard EventNLL,2027,-709.9999999999998,0.16955968284364958,seed,
ets_unet_hazard_event_nll,ETS-U-Net hazard EventNLL,2027,-699.9999999999998,0.17233730398660563,seed,
ets_unet_hazard_event_nll,ETS-U-Net hazard EventNLL,2027,-689.9999999999998,0.17634131909789738,seed,
ets_unet_hazard_event_nll,ETS-U-Net hazard EventNLL,2027,-679.9999999999998,0.1810383695694975,seed,
ets_unet_hazard_event_nll,ETS-U-Net hazard EventNLL,2027,-669.9999999999997,0.1845606367987898,seed,
ets_unet_hazard_event_nll,ETS-U-Net hazard EventNLL,2027,-659.9999999999997,0.18737930395302327,seed,
ets_unet_hazard_event_nll,ETS-U-Net hazard EventNLL,2027,-649.9999999999997,0.19057024283576787,seed,
ets_unet_hazard_event_nll,ETS-U-Net hazard EventNLL,2027,-639.9999999999997,0.19567913600928866,seed,
ets_unet_hazard_event_nll,ETS-U-Net hazard EventNLL,2027,-629.9999999999997,0.1999589190818363,seed,
ets_unet_hazard_event_nll,ETS-U-Net hazard EventNLL,2027,-619.9999999999997,0.20285379815788573,seed,
ets_unet_hazard_event_nll,ETS-U-Net hazard EventNLL,2027,-609.9999999999997,0.20412690292245708,seed,
ets_unet_hazard_event_nll,ETS-U-Net hazard EventNLL,2027,-599.9999999999997,0.20649755874754658,seed,
ets_unet_hazard_event_nll,ETS-U-Net hazard EventNLL,2027,-589.9999999999997,0.21050730676166685,seed,
ets_unet_hazard_event_nll,ETS-U-Net hazard EventNLL,2027,-579.9999999999997,0.21641936960562422,seed,
ets_unet_hazard_event_nll,ETS-U-Net hazard EventNLL,2027,-569.9999999999997,0.22301552336325858,seed,
ets_unet_hazard_event_nll,ETS-U-Net hazard EventNLL,2027,-559.9999999999997,0.2296133154659726,seed,
ets_unet_hazard_event_nll,ETS-U-Net hazard EventNLL,2027,-549.9999999999995,0.2358803949143298,seed,
ets_unet_hazard_event_nll,ETS-U-Net hazard EventNLL,2027,-539.9999999999995,0.2447484783034521,seed,
ets_unet_hazard_event_nll,ETS-U-Net hazard EventNLL,2027,-529.9999999999995,0.25527509202957965,seed,
ets_unet_hazard_event_nll,ETS-U-Net hazard EventNLL,2027,-519.9999999999995,0.26471241258090566,seed,
ets_unet_hazard_event_nll,ETS-U-Net hazard EventNLL,2027,-509.99999999999955,0.27238293471064623,seed,
ets_unet_hazard_event_nll,ETS-U-Net hazard EventNLL,2027,-499.99999999999955,0.280053532750493,seed,
ets_unet_hazard_event_nll,ETS-U-Net hazard EventNLL,2027,-489.99999999999955,0.2877896041161405,seed,
ets_unet_hazard_event_nll,ETS-U-Net hazard EventNLL,2027,-479.99999999999955,0.29619065675066836,seed,
ets_unet_hazard_event_nll,ETS-U-Net hazard EventNLL,2027,-469.99999999999955,0.30747091279375294,seed,
ets_unet_hazard_event_nll,ETS-U-Net hazard EventNLL,2027,-459.99999999999955,0.3141418373838478,seed,
ets_unet_hazard_event_nll,ETS-U-Net hazard EventNLL,2027,-449.9999999999995,0.31829609931666425,seed,
ets_unet_hazard_event_nll,ETS-U-Net hazard EventNLL,2027,-439.9999999999995,0.3231374390411919,seed,
ets_unet_hazard_event_nll,ETS-U-Net hazard EventNLL,2027,-429.9999999999995,0.32672520427113977,seed,
ets_unet_hazard_event_nll,ETS-U-Net hazard EventNLL,2027,-419.9999999999995,0.33455578858392054,seed,
ets_unet_hazard_event_nll,ETS-U-Net hazard EventNLL,2027,-409.9999999999995,0.34426197341895226,seed,
ets_unet_hazard_event_nll,ETS-U-Net hazard EventNLL,2027,-399.9999999999995,0.3520292039967811,seed,
ets_unet_hazard_event_nll,ETS-U-Net hazard EventNLL,2027,-389.99999999999943,0.3586988702013329,seed,
ets_unet_hazard_event_nll,ETS-U-Net hazard EventNLL,2027,-379.99999999999943,0.36075125724470897,seed,
ets_unet_hazard_event_nll,ETS-U-Net hazard EventNLL,2027,-369.99999999999943,0.3653788446566283,seed,
ets_unet_hazard_event_nll,ETS-U-Net hazard EventNLL,2027,-359.99999999999943,0.370727159906285,seed,
ets_unet_hazard_event_nll,ETS-U-Net hazard EventNLL,2027,-349.99999999999943,0.3760765669423298,seed,
ets_unet_hazard_event_nll,ETS-U-Net hazard EventNLL,2027,-339.99999999999943,0.38505998149380055,seed,
ets_unet_hazard_event_nll,ETS-U-Net hazard EventNLL,2027,-329.99999999999943,0.39118561305366767,seed,
ets_unet_hazard_event_nll,ETS-U-Net hazard EventNLL,2027,-319.9999999999994,0.3994078397558212,seed,
ets_unet_hazard_event_nll,ETS-U-Net hazard EventNLL,2027,-309.9999999999994,0.4054218135477647,seed,
ets_unet_hazard_event_nll,ETS-U-Net hazard EventNLL,2027,-299.9999999999994,0.40840376419271385,seed,
ets_unet_hazard_event_nll,ETS-U-Net hazard EventNLL,2027,-289.9999999999994,0.4178149708250935,seed,
ets_unet_hazard_event_nll,ETS-U-Net hazard EventNLL,2027,-279.9999999999994,0.4438550842428659,seed,
ets_unet_hazard_event_nll,ETS-U-Net hazard EventNLL,2027,-269.9999999999994,0.4826467485995185,seed,
ets_unet_hazard_event_nll,ETS-U-Net hazard EventNLL,2027,-259.9999999999993,0.5149026091122577,seed,
ets_unet_hazard_event_nll,ETS-U-Net hazard EventNLL,2027,-249.99999999999935,0.530358232460763,seed,
ets_unet_hazard_event_nll,ETS-U-Net hazard EventNLL,2027,-239.99999999999932,0.548130429911512,seed,
ets_unet_hazard_event_nll,ETS-U-Net hazard EventNLL,2027,-229.99999999999932,0.5693937551777509,seed,
ets_unet_hazard_event_nll,ETS-U-Net hazard EventNLL,2027,-219.99999999999932,0.5953348526929837,seed,
ets_unet_hazard_event_nll,ETS-U-Net hazard EventNLL,2027,-209.9999999999993,0.626122071469972,seed,
ets_unet_hazard_event_nll,ETS-U-Net hazard EventNLL,2027,-199.9999999999993,0.6592750526763613,seed,
ets_unet_hazard_event_nll,ETS-U-Net hazard EventNLL,2027,-189.9999999999993,0.69623119395758,seed,
ets_unet_hazard_event_nll,ETS-U-Net hazard EventNLL,2027,-179.99999999999926,0.7421311312940989,seed,
ets_unet_hazard_event_nll,ETS-U-Net hazard EventNLL,2027,-169.99999999999926,0.7967347245208628,seed,
ets_unet_hazard_event_nll,ETS-U-Net hazard EventNLL,2027,-159.99999999999926,0.8540989112373321,seed,
ets_unet_hazard_event_nll,ETS-U-Net hazard EventNLL,2027,-149.99999999999923,0.9105948717984977,seed,
ets_unet_hazard_event_nll,ETS-U-Net hazard EventNLL,2027,-139.99999999999923,0.9735062395971289,seed,
ets_unet_hazard_event_nll,ETS-U-Net hazard EventNLL,2027,-129.99999999999923,1.0596349370798044,seed,
ets_unet_hazard_event_nll,ETS-U-Net hazard EventNLL,2027,-119.99999999999922,1.181615891123203,seed,
ets_unet_hazard_event_nll,ETS-U-Net hazard EventNLL,2027,-109.9999999999992,1.3225898849274287,seed,
ets_unet_hazard_event_nll,ETS-U-Net hazard EventNLL,2027,-99.9999999999992,1.4500889798634458,seed,
ets_unet_hazard_event_nll,ETS-U-Net hazard EventNLL,2027,-89.99999999999919,1.5826679653903677,seed,
ets_unet_hazard_event_nll,ETS-U-Net hazard EventNLL,2027,-79.99999999999918,1.7163819875751816,seed,
ets_unet_hazard_event_nll,ETS-U-Net hazard EventNLL,2027,-69.99999999999918,1.8315051311905843,seed,
ets_unet_hazard_event_nll,ETS-U-Net hazard EventNLL,2027,-59.99999999999916,1.9380441203395171,seed,
ets_unet_hazard_event_nll,ETS-U-Net hazard EventNLL,2027,-49.999999999999154,2.0506117839636078,seed,
ets_unet_hazard_event_nll,ETS-U-Net hazard EventNLL,2027,-39.99999999999915,2.164457250517735,seed,
ets_unet_hazard_event_nll,ETS-U-Net hazard EventNLL,2027,-29.99999999999914,2.2530243163104724,seed,
ets_unet_hazard_event_nll,ETS-U-Net hazard EventNLL,2027,-19.99999999999913,2.3167432962726804,seed,
ets_unet_hazard_event_nll,ETS-U-Net hazard EventNLL,2027,-9.99999999999912,2.3671168889410286,seed,
ets_unet_hazard_event_nll,ETS-U-Net hazard EventNLL,2027,8.881784197001252e-13,2.3942590727214963,seed,
ets_unet_hazard_event_nll,ETS-U-Net hazard EventNLL,2027,10.000000000000897,2.3851939508493722,seed,
ets_unet_hazard_event_nll,ETS-U-Net hazard EventNLL,2027,20.000000000000906,2.3274842077871196,seed,
ets_unet_hazard_event_nll,ETS-U-Net hazard EventNLL,2027,30.000000000000917,2.2317988738130756,seed,
ets_unet_hazard_event_nll,ETS-U-Net hazard EventNLL,2027,40.000000000000924,2.106753335582239,seed,
ets_unet_hazard_event_nll,ETS-U-Net hazard EventNLL,2027,50.00000000000093,1.9505952613414868,seed,
ets_unet_hazard_event_nll,ETS-U-Net hazard EventNLL,2027,60.00000000000094,1.7881168790720807,seed,
ets_unet_hazard_event_nll,ETS-U-Net hazard EventNLL,2027,70.00000000000095,1.6440317661294381,seed,
ets_unet_hazard_event_nll,ETS-U-Net hazard EventNLL,2027,80.00000000000097,1.5352085004469396,seed,
ets_unet_hazard_event_nll,ETS-U-Net hazard EventNLL,2027,90.00000000000097,1.4365581638839415,seed,
ets_unet_hazard_event_nll,ETS-U-Net hazard EventNLL,2027,100.00000000000098,1.3094665860830759,seed,
ets_unet_hazard_event_nll,ETS-U-Net hazard EventNLL,2027,110.00000000000098,1.1731458311615215,seed,
ets_unet_hazard_event_nll,ETS-U-Net hazard EventNLL,2027,120.000000000001,1.0471872495880172,seed,
ets_unet_hazard_event_nll,ETS-U-Net hazard EventNLL,2027,130.000000000001,0.9413832839753982,seed,
ets_unet_hazard_event_nll,ETS-U-Net hazard EventNLL,2027,140.00000000000102,0.8622005847680918,seed,
ets_unet_hazard_event_nll,ETS-U-Net hazard EventNLL,2027,150.00000000000102,0.8103773211354781,seed,
ets_unet_hazard_event_nll,ETS-U-Net hazard EventNLL,2027,160.00000000000102,0.7746935931608409,seed,
ets_unet_hazard_event_nll,ETS-U-Net hazard EventNLL,2027,170.00000000000105,0.745497019363453,seed,
ets_unet_hazard_event_nll,ETS-U-Net hazard EventNLL,2027,180.00000000000105,0.707676738920838,seed,
ets_unet_hazard_event_nll,ETS-U-Net hazard EventNLL,2027,190.00000000000105,0.664968645994879,seed,
ets_unet_hazard_event_nll,ETS-U-Net hazard EventNLL,2027,200.00000000000108,0.630027772700448,seed,
ets_unet_hazard_event_nll,ETS-U-Net hazard EventNLL,2027,210.00000000000108,0.5988337501216838,seed,
ets_unet_hazard_event_nll,ETS-U-Net hazard EventNLL,2027,220.00000000000108,0.5603387017412759,seed,
ets_unet_hazard_event_nll,ETS-U-Net hazard EventNLL,2027,230.00000000000108,0.5237555684789685,seed,
ets_unet_hazard_event_nll,ETS-U-Net hazard EventNLL,2027,240.0000000000011,0.4954223547340404,seed,
ets_unet_hazard_event_nll,ETS-U-Net hazard EventNLL,2027,250.0000000000011,0.4764768934067999,seed,
ets_unet_hazard_event_nll,ETS-U-Net hazard EventNLL,2027,260.00000000000114,0.4635098642721647,seed,
ets_unet_hazard_event_nll,ETS-U-Net hazard EventNLL,2027,270.00000000000114,0.45090227848360737,seed,
ets_unet_hazard_event_nll,ETS-U-Net hazard EventNLL,2027,280.00000000000114,0.4383194817443238,seed,
ets_unet_hazard_event_nll,ETS-U-Net hazard EventNLL,2027,290.00000000000114,0.43340024168790503,seed,
ets_unet_hazard_event_nll,ETS-U-Net hazard EventNLL,2027,300.00000000000114,0.42437129522476846,seed,
ets_unet_hazard_event_nll,ETS-U-Net hazard EventNLL,2027,310.00000000000114,0.4148020499003951,seed,
ets_unet_hazard_event_nll,ETS-U-Net hazard EventNLL,2027,320.0000000000012,0.40654054337994266,seed,
ets_unet_hazard_event_nll,ETS-U-Net hazard EventNLL,2027,330.0000000000012,0.39870367532275874,seed,
ets_unet_hazard_event_nll,ETS-U-Net hazard EventNLL,2027,340.0000000000012,0.39200169440820326,seed,
ets_unet_hazard_event_nll,ETS-U-Net hazard EventNLL,2027,350.0000000000012,0.39096409587493175,seed,
ets_unet_hazard_event_nll,ETS-U-Net hazard EventNLL,2027,360.0000000000012,0.39753491753233455,seed,
ets_unet_hazard_event_nll,ETS-U-Net hazard EventNLL,2027,370.0000000000012,0.40333545175809543,seed,
ets_unet_hazard_event_nll,ETS-U-Net hazard EventNLL,2027,380.00000000000125,0.40365239114166823,seed,
ets_unet_hazard_event_nll,ETS-U-Net hazard EventNLL,2027,390.00000000000125,0.40143313669434844,seed,
ets_unet_hazard_event_nll,ETS-U-Net hazard EventNLL,2027,400.00000000000125,0.3977902772644854,seed,
ets_unet_hazard_event_nll,ETS-U-Net hazard EventNLL,2027,410.00000000000125,0.3873381633024551,seed,
ets_unet_hazard_event_nll,ETS-U-Net hazard EventNLL,2027,420.00000000000125,0.37642629288741136,seed,
ets_unet_hazard_event_nll,ETS-U-Net hazard EventNLL,2027,430.00000000000125,0.3677900366593627,seed,
ets_unet_hazard_event_nll,ETS-U-Net hazard EventNLL,2027,440.00000000000125,0.36616168384461023,seed,
ets_unet_hazard_event_nll,ETS-U-Net hazard EventNLL,2027,450.0000000000013,0.3681840697637517,seed,
ets_unet_hazard_event_nll,ETS-U-Net hazard EventNLL,2027,460.0000000000013,0.36808352900400493,seed,
ets_unet_hazard_event_nll,ETS-U-Net hazard EventNLL,2027,470.0000000000013,0.3604350784115234,seed,
ets_unet_hazard_event_nll,ETS-U-Net hazard EventNLL,2027,480.0000000000013,0.3500348982460549,seed,
ets_unet_hazard_event_nll,ETS-U-Net hazard EventNLL,2027,490.0000000000013,0.3448573887497927,seed,
ets_unet_hazard_event_nll,ETS-U-Net hazard EventNLL,2027,500.0000000000013,0.3376517375778227,seed,
ets_unet_hazard_event_nll,ETS-U-Net hazard EventNLL,2027,510.00000000000136,0.33058599697931723,seed,
ets_unet_hazard_event_nll,ETS-U-Net hazard EventNLL,2027,520.0000000000014,0.3256149112163748,seed,
ets_unet_hazard_event_nll,ETS-U-Net hazard EventNLL,2027,530.0000000000014,0.32090479876639455,seed,
ets_unet_hazard_event_nll,ETS-U-Net hazard EventNLL,2027,540.0000000000014,0.3192044724558563,seed,
ets_unet_hazard_event_nll,ETS-U-Net hazard EventNLL,2027,550.0000000000014,0.3169868497414286,seed,
ets_unet_hazard_event_nll,ETS-U-Net hazard EventNLL,2027,560.0000000000014,0.3156350924367653,seed,
ets_unet_hazard_event_nll,ETS-U-Net hazard EventNLL,2027,570.0000000000014,0.31421489982106204,seed,
ets_unet_hazard_event_nll,ETS-U-Net hazard EventNLL,2027,580.0000000000014,0.31505534453554146,seed,
ets_unet_hazard_event_nll,ETS-U-Net hazard EventNLL,2027,590.0000000000014,0.3172949935710401,seed,
ets_unet_hazard_event_nll,ETS-U-Net hazard EventNLL,2027,600.0000000000014,0.3104407057020084,seed,
ets_unet_hazard_event_nll,ETS-U-Net hazard EventNLL,2027,610.0000000000015,0.3015628462570027,seed,
ets_unet_hazard_event_nll,ETS-U-Net hazard EventNLL,2027,620.0000000000015,0.29465077296492476,seed,
ets_unet_hazard_event_nll,ETS-U-Net hazard EventNLL,2027,630.0000000000015,0.2894224968381167,seed,
ets_unet_hazard_event_nll,ETS-U-Net hazard EventNLL,2027,640.0000000000015,0.2849669040009333,seed,
ets_unet_hazard_event_nll,ETS-U-Net hazard EventNLL,2027,650.0000000000015,0.2875622474277883,seed,
ets_unet_hazard_event_nll,ETS-U-Net hazard EventNLL,2027,660.0000000000015,0.29529563854119917,seed,
ets_unet_hazard_event_nll,ETS-U-Net hazard EventNLL,2027,670.0000000000015,0.2998964157353458,seed,
ets_unet_hazard_event_nll,ETS-U-Net hazard EventNLL,2027,680.0000000000015,0.300233807580925,seed,
ets_unet_hazard_event_nll,ETS-U-Net hazard EventNLL,2027,690.0000000000015,0.2904628458131616,seed,
ets_unet_hazard_event_nll,ETS-U-Net hazard EventNLL,2027,700.0000000000015,0.2769852322427346,seed,
ets_unet_hazard_event_nll,ETS-U-Net hazard EventNLL,2027,710.0000000000015,0.26225950252685754,seed,
ets_unet_hazard_event_nll,ETS-U-Net hazard EventNLL,2027,720.0000000000015,0.25076438359915443,seed,
ets_unet_hazard_event_nll,ETS-U-Net hazard EventNLL,2027,730.0000000000016,0.2435640776784577,seed,
ets_unet_hazard_event_nll,ETS-U-Net hazard EventNLL,2027,740.0000000000016,0.23949854415616303,seed,
ets_unet_hazard_event_nll,ETS-U-Net hazard EventNLL,2027,750.0000000000016,0.2393391020344184,seed,
ets_unet_hazard_event_nll,ETS-U-Net hazard EventNLL,2027,760.0000000000016,0.244350104670075,seed,
ets_unet_hazard_event_nll,ETS-U-Net hazard EventNLL,2027,770.0000000000016,0.25039066487358685,seed,
ets_unet_hazard_event_nll,ETS-U-Net hazard EventNLL,2027,780.0000000000016,0.2540080934826741,seed,
ets_unet_hazard_event_nll,ETS-U-Net hazard EventNLL,2027,790.0000000000016,0.2564390927128355,seed,
ets_unet_hazard_event_nll,ETS-U-Net hazard EventNLL,2027,800.0000000000016,0.2543374712261218,seed,
ets_unet_hazard_event_nll,ETS-U-Net hazard EventNLL,2027,810.0000000000016,0.2533547257504118,seed,
ets_unet_hazard_event_nll,ETS-U-Net hazard EventNLL,2027,820.0000000000016,0.24881366472206876,seed,
ets_unet_hazard_event_nll,ETS-U-Net hazard EventNLL,2027,830.0000000000016,0.24314986311703968,seed,
ets_unet_hazard_event_nll,ETS-U-Net hazard EventNLL,2027,840.0000000000016,0.24696033331819822,seed,
ets_unet_hazard_event_nll,ETS-U-Net hazard EventNLL,2027,850.0000000000016,0.24916054965734935,seed,
ets_unet_hazard_event_nll,ETS-U-Net hazard EventNLL,2027,860.0000000000017,0.2464062714480195,seed,
ets_unet_hazard_event_nll,ETS-U-Net hazard EventNLL,2027,870.0000000000017,0.2468511098191298,seed,
ets_unet_hazard_event_nll,ETS-U-Net hazard EventNLL,2027,880.0000000000017,0.24191952545591486,seed,
ets_unet_hazard_event_nll,ETS-U-Net hazard EventNLL,2027,890.0000000000017,0.23997529850000157,seed,
ets_unet_hazard_event_nll,ETS-U-Net hazard EventNLL,2027,900.0000000000017,0.24255055279067342,seed,
ets_unet_hazard_event_nll,ETS-U-Net hazard EventNLL,2027,910.0000000000017,0.2424588703653541,seed,
ets_unet_hazard_event_nll,ETS-U-Net hazard EventNLL,2027,920.0000000000017,0.2411860786062888,seed,
ets_unet_hazard_event_nll,ETS-U-Net hazard EventNLL,2027,930.0000000000017,0.24288614696916067,seed,
ets_unet_hazard_event_nll,ETS-U-Net hazard EventNLL,2027,940.0000000000017,0.24064642276272682,seed,
ets_unet_hazard_event_nll,ETS-U-Net hazard EventNLL,2027,950.0000000000017,0.24592505125675126,seed,
ets_unet_hazard_event_nll,ETS-U-Net hazard EventNLL,2027,960.0000000000017,0.2469031052652382,seed,
ets_unet_hazard_event_nll,ETS-U-Net hazard EventNLL,2027,970.0000000000017,0.24463881349716216,seed,
ets_unet_hazard_event_nll,ETS-U-Net hazard EventNLL,2027,980.0000000000017,0.2450443977086104,seed,
ets_unet_hazard_event_nll,ETS-U-Net hazard EventNLL,2027,990.0000000000018,0.25534655631895975,seed,
ets_unet_hazard_event_nll,ETS-U-Net hazard EventNLL,2027,1000.0000000000018,0.26410569794599376,seed,
ets_unet_hazard_event_nll,ETS-U-Net hazard EventNLL,2028,-1000.0,0.10148597959963944,seed,
ets_unet_hazard_event_nll,ETS-U-Net hazard EventNLL,2028,-990.0,0.10012143402860468,seed,
ets_unet_hazard_event_nll,ETS-U-Net hazard EventNLL,2028,-980.0,0.10029989566674838,seed,
ets_unet_hazard_event_nll,ETS-U-Net hazard EventNLL,2028,-970.0,0.1047917875447202,seed,
ets_unet_hazard_event_nll,ETS-U-Net hazard EventNLL,2028,-960.0,0.11005070459528375,seed,
ets_unet_hazard_event_nll,ETS-U-Net hazard EventNLL,2028,-950.0,0.11130255459193202,seed,
ets_unet_hazard_event_nll,ETS-U-Net hazard EventNLL,2028,-940.0,0.11037430296236278,seed,
ets_unet_hazard_event_nll,ETS-U-Net hazard EventNLL,2028,-929.9999999999999,0.10708406090091743,seed,
ets_unet_hazard_event_nll,ETS-U-Net hazard EventNLL,2028,-919.9999999999999,0.11009271579445294,seed,
ets_unet_hazard_event_nll,ETS-U-Net hazard EventNLL,2028,-909.9999999999999,0.11700793313887602,seed,
ets_unet_hazard_event_nll,ETS-U-Net hazard EventNLL,2028,-899.9999999999999,0.12031300592700478,seed,
ets_unet_hazard_event_nll,ETS-U-Net hazard EventNLL,2028,-889.9999999999999,0.12233024854876194,seed,
ets_unet_hazard_event_nll,ETS-U-Net hazard EventNLL,2028,-879.9999999999999,0.12126169804085003,seed,
ets_unet_hazard_event_nll,ETS-U-Net hazard EventNLL,2028,-869.9999999999999,0.12395619253433564,seed,
ets_unet_hazard_event_nll,ETS-U-Net hazard EventNLL,2028,-859.9999999999999,0.12864405128566062,seed,
ets_unet_hazard_event_nll,ETS-U-Net hazard EventNLL,2028,-849.9999999999999,0.13509674773489724,seed,
ets_unet_hazard_event_nll,ETS-U-Net hazard EventNLL,2028,-839.9999999999999,0.1381561361817942,seed,
ets_unet_hazard_event_nll,ETS-U-Net hazard EventNLL,2028,-829.9999999999999,0.139319223052067,seed,
ets_unet_hazard_event_nll,ETS-U-Net hazard EventNLL,2028,-819.9999999999999,0.14205686889172567,seed,
ets_unet_hazard_event_nll,ETS-U-Net hazard EventNLL,2028,-809.9999999999999,0.1439501010215904,seed,
ets_unet_hazard_event_nll,ETS-U-Net hazard EventNLL,2028,-799.9999999999998,0.1444866745132673,seed,
ets_unet_hazard_event_nll,ETS-U-Net hazard EventNLL,2028,-789.9999999999998,0.1434852909671051,seed,
ets_unet_hazard_event_nll,ETS-U-Net hazard EventNLL,2028,-779.9999999999998,0.13951280472361507,seed,
ets_unet_hazard_event_nll,ETS-U-Net hazard EventNLL,2028,-769.9999999999998,0.14190612440326106,seed,
ets_unet_hazard_event_nll,ETS-U-Net hazard EventNLL,2028,-759.9999999999998,0.1478606542718542,seed,
ets_unet_hazard_event_nll,ETS-U-Net hazard EventNLL,2028,-749.9999999999998,0.15233229044395333,seed,
ets_unet_hazard_event_nll,ETS-U-Net hazard EventNLL,2028,-739.9999999999998,0.1584259689604898,seed,
ets_unet_hazard_event_nll,ETS-U-Net hazard EventNLL,2028,-729.9999999999998,0.16693663621237584,seed,
ets_unet_hazard_event_nll,ETS-U-Net hazard EventNLL,2028,-719.9999999999998,0.17593800420806735,seed,
ets_unet_hazard_event_nll,ETS-U-Net hazard EventNLL,2028,-709.9999999999998,0.18276064603546543,seed,
ets_unet_hazard_event_nll,ETS-U-Net hazard EventNLL,2028,-699.9999999999998,0.1925992332533496,seed,
ets_unet_hazard_event_nll,ETS-U-Net hazard EventNLL,2028,-689.9999999999998,0.20184937770593472,seed,
ets_unet_hazard_event_nll,ETS-U-Net hazard EventNLL,2028,-679.9999999999998,0.20454343109816595,seed,
ets_unet_hazard_event_nll,ETS-U-Net hazard EventNLL,2028,-669.9999999999997,0.20039758685232015,seed,
ets_unet_hazard_event_nll,ETS-U-Net hazard EventNLL,2028,-659.9999999999997,0.19622779299138368,seed,
ets_unet_hazard_event_nll,ETS-U-Net hazard EventNLL,2028,-649.9999999999997,0.1970764181190751,seed,
ets_unet_hazard_event_nll,ETS-U-Net hazard EventNLL,2028,-639.9999999999997,0.20120726135926464,seed,
ets_unet_hazard_event_nll,ETS-U-Net hazard EventNLL,2028,-629.9999999999997,0.20355668149454312,seed,
ets_unet_hazard_event_nll,ETS-U-Net hazard EventNLL,2028,-619.9999999999997,0.20693170771503253,seed,
ets_unet_hazard_event_nll,ETS-U-Net hazard EventNLL,2028,-609.9999999999997,0.2139288414090769,seed,
ets_unet_hazard_event_nll,ETS-U-Net hazard EventNLL,2028,-599.9999999999997,0.22107634372848045,seed,
ets_unet_hazard_event_nll,ETS-U-Net hazard EventNLL,2028,-589.9999999999997,0.22794114542899593,seed,
ets_unet_hazard_event_nll,ETS-U-Net hazard EventNLL,2028,-579.9999999999997,0.23436302751309768,seed,
ets_unet_hazard_event_nll,ETS-U-Net hazard EventNLL,2028,-569.9999999999997,0.24075650041536653,seed,
ets_unet_hazard_event_nll,ETS-U-Net hazard EventNLL,2028,-559.9999999999997,0.24536015078906553,seed,
ets_unet_hazard_event_nll,ETS-U-Net hazard EventNLL,2028,-549.9999999999995,0.24762318485875898,seed,
ets_unet_hazard_event_nll,ETS-U-Net hazard EventNLL,2028,-539.9999999999995,0.2521732642997106,seed,
ets_unet_hazard_event_nll,ETS-U-Net hazard EventNLL,2028,-529.9999999999995,0.2625795759125973,seed,
ets_unet_hazard_event_nll,ETS-U-Net hazard EventNLL,2028,-519.9999999999995,0.27500795297196917,seed,
ets_unet_hazard_event_nll,ETS-U-Net hazard EventNLL,2028,-509.99999999999955,0.2825511379265207,seed,
ets_unet_hazard_event_nll,ETS-U-Net hazard EventNLL,2028,-499.99999999999955,0.2867995036508533,seed,
ets_unet_hazard_event_nll,ETS-U-Net hazard EventNLL,2028,-489.99999999999955,0.28900555381701376,seed,
ets_unet_hazard_event_nll,ETS-U-Net hazard EventNLL,2028,-479.99999999999955,0.28713010197477024,seed,
ets_unet_hazard_event_nll,ETS-U-Net hazard EventNLL,2028,-469.99999999999955,0.28939479976052473,seed,
ets_unet_hazard_event_nll,ETS-U-Net hazard EventNLL,2028,-459.99999999999955,0.29008212556270524,seed,
ets_unet_hazard_event_nll,ETS-U-Net hazard EventNLL,2028,-449.9999999999995,0.2888579823724843,seed,
ets_unet_hazard_event_nll,ETS-U-Net hazard EventNLL,2028,-439.9999999999995,0.2928884333717725,seed,
ets_unet_hazard_event_nll,ETS-U-Net hazard EventNLL,2028,-429.9999999999995,0.30022546002385536,seed,
ets_unet_hazard_event_nll,ETS-U-Net hazard EventNLL,2028,-419.9999999999995,0.3108661312866769,seed,
ets_unet_hazard_event_nll,ETS-U-Net hazard EventNLL,2028,-409.9999999999995,0.31921681510598493,seed,
ets_unet_hazard_event_nll,ETS-U-Net hazard EventNLL,2028,-399.9999999999995,0.32642043392891845,seed,
ets_unet_hazard_event_nll,ETS-U-Net hazard EventNLL,2028,-389.99999999999943,0.3320207941503953,seed,
ets_unet_hazard_event_nll,ETS-U-Net hazard EventNLL,2028,-379.99999999999943,0.34258160444076197,seed,
ets_unet_hazard_event_nll,ETS-U-Net hazard EventNLL,2028,-369.99999999999943,0.35415797560827933,seed,
ets_unet_hazard_event_nll,ETS-U-Net hazard EventNLL,2028,-359.99999999999943,0.3597989348628832,seed,
ets_unet_hazard_event_nll,ETS-U-Net hazard EventNLL,2028,-349.99999999999943,0.3646796885856681,seed,
ets_unet_hazard_event_nll,ETS-U-Net hazard EventNLL,2028,-339.99999999999943,0.37185427245414293,seed,
ets_unet_hazard_event_nll,ETS-U-Net hazard EventNLL,2028,-329.99999999999943,0.3798432752161057,seed,
ets_unet_hazard_event_nll,ETS-U-Net hazard EventNLL,2028,-319.9999999999994,0.38334782970139986,seed,
ets_unet_hazard_event_nll,ETS-U-Net hazard EventNLL,2028,-309.9999999999994,0.39051511279949547,seed,
ets_unet_hazard_event_nll,ETS-U-Net hazard EventNLL,2028,-299.9999999999994,0.3986600190563368,seed,
ets_unet_hazard_event_nll,ETS-U-Net hazard EventNLL,2028,-289.9999999999994,0.40923076429000704,seed,
ets_unet_hazard_event_nll,ETS-U-Net hazard EventNLL,2028,-279.9999999999994,0.4223845735963979,seed,
ets_unet_hazard_event_nll,ETS-U-Net hazard EventNLL,2028,-269.9999999999994,0.4366009183849104,seed,
ets_unet_hazard_event_nll,ETS-U-Net hazard EventNLL,2028,-259.9999999999993,0.45080796954712077,seed,
ets_unet_hazard_event_nll,ETS-U-Net hazard EventNLL,2028,-249.99999999999935,0.46823773142944586,seed,
ets_unet_hazard_event_nll,ETS-U-Net hazard EventNLL,2028,-239.99999999999932,0.4915936766441619,seed,
ets_unet_hazard_event_nll,ETS-U-Net hazard EventNLL,2028,-229.99999999999932,0.5280090784131679,seed,
ets_unet_hazard_event_nll,ETS-U-Net hazard EventNLL,2028,-219.99999999999932,0.5689957873128056,seed,
ets_unet_hazard_event_nll,ETS-U-Net hazard EventNLL,2028,-209.9999999999993,0.6046672839783195,seed,
ets_unet_hazard_event_nll,ETS-U-Net hazard EventNLL,2028,-199.9999999999993,0.6526261233161995,seed,
ets_unet_hazard_event_nll,ETS-U-Net hazard EventNLL,2028,-189.9999999999993,0.7041432650962433,seed,
ets_unet_hazard_event_nll,ETS-U-Net hazard EventNLL,2028,-179.99999999999926,0.7595110697118328,seed,
ets_unet_hazard_event_nll,ETS-U-Net hazard EventNLL,2028,-169.99999999999926,0.8269146603681365,seed,
ets_unet_hazard_event_nll,ETS-U-Net hazard EventNLL,2028,-159.99999999999926,0.9031801542866285,seed,
ets_unet_hazard_event_nll,ETS-U-Net hazard EventNLL,2028,-149.99999999999923,0.9762309289290746,seed,
ets_unet_hazard_event_nll,ETS-U-Net hazard EventNLL,2028,-139.99999999999923,1.0489228980976015,seed,
ets_unet_hazard_event_nll,ETS-U-Net hazard EventNLL,2028,-129.99999999999923,1.1348072778558442,seed,
ets_unet_hazard_event_nll,ETS-U-Net hazard EventNLL,2028,-119.99999999999922,1.2396487415486181,seed,
ets_unet_hazard_event_nll,ETS-U-Net hazard EventNLL,2028,-109.9999999999992,1.361661664103691,seed,
ets_unet_hazard_event_nll,ETS-U-Net hazard EventNLL,2028,-99.9999999999992,1.5106228115602627,seed,
ets_unet_hazard_event_nll,ETS-U-Net hazard EventNLL,2028,-89.99999999999919,1.6763050191617708,seed,
ets_unet_hazard_event_nll,ETS-U-Net hazard EventNLL,2028,-79.99999999999918,1.8256882558901284,seed,
ets_unet_hazard_event_nll,ETS-U-Net hazard EventNLL,2028,-69.99999999999918,1.9792969844987138,seed,
ets_unet_hazard_event_nll,ETS-U-Net hazard EventNLL,2028,-59.99999999999916,2.1069293521365995,seed,
ets_unet_hazard_event_nll,ETS-U-Net hazard EventNLL,2028,-49.999999999999154,2.204245924124716,seed,
ets_unet_hazard_event_nll,ETS-U-Net hazard EventNLL,2028,-39.99999999999915,2.276509398719297,seed,
ets_unet_hazard_event_nll,ETS-U-Net hazard EventNLL,2028,-29.99999999999914,2.3236662761550297,seed,
ets_unet_hazard_event_nll,ETS-U-Net hazard EventNLL,2028,-19.99999999999913,2.3539168056531974,seed,
ets_unet_hazard_event_nll,ETS-U-Net hazard EventNLL,2028,-9.99999999999912,2.3629610162764774,seed,
ets_unet_hazard_event_nll,ETS-U-Net hazard EventNLL,2028,8.881784197001252e-13,2.3633078392892783,seed,
ets_unet_hazard_event_nll,ETS-U-Net hazard EventNLL,2028,10.000000000000897,2.3318231509235154,seed,
ets_unet_hazard_event_nll,ETS-U-Net hazard EventNLL,2028,20.000000000000906,2.2552803092416256,seed,
ets_unet_hazard_event_nll,ETS-U-Net hazard EventNLL,2028,30.000000000000917,2.157305339333368,seed,
ets_unet_hazard_event_nll,ETS-U-Net hazard EventNLL,2028,40.000000000000924,2.0277724802690877,seed,
ets_unet_hazard_event_nll,ETS-U-Net hazard EventNLL,2028,50.00000000000093,1.8791921066874797,seed,
ets_unet_hazard_event_nll,ETS-U-Net hazard EventNLL,2028,60.00000000000094,1.7251787967170333,seed,
ets_unet_hazard_event_nll,ETS-U-Net hazard EventNLL,2028,70.00000000000095,1.5547428456797139,seed,
ets_unet_hazard_event_nll,ETS-U-Net hazard EventNLL,2028,80.00000000000097,1.4054751800049827,seed,
ets_unet_hazard_event_nll,ETS-U-Net hazard EventNLL,2028,90.00000000000097,1.295471183553051,seed,
ets_unet_hazard_event_nll,ETS-U-Net hazard EventNLL,2028,100.00000000000098,1.1938980073241792,seed,
ets_unet_hazard_event_nll,ETS-U-Net hazard EventNLL,2028,110.00000000000098,1.0994270133089947,seed,
ets_unet_hazard_event_nll,ETS-U-Net hazard EventNLL,2028,120.000000000001,1.0148853668486504,seed,
ets_unet_hazard_event_nll,ETS-U-Net hazard EventNLL,2028,130.000000000001,0.9270672317333963,seed,
ets_unet_hazard_event_nll,ETS-U-Net hazard EventNLL,2028,140.00000000000102,0.8524846945054608,seed,
ets_unet_hazard_event_nll,ETS-U-Net hazard EventNLL,2028,150.00000000000102,0.7946658621891814,seed,
ets_unet_hazard_event_nll,ETS-U-Net hazard EventNLL,2028,160.00000000000102,0.7552793634935248,seed,
ets_unet_hazard_event_nll,ETS-U-Net hazard EventNLL,2028,170.00000000000105,0.7191493541741261,seed,
ets_unet_hazard_event_nll,ETS-U-Net hazard EventNLL,2028,180.00000000000105,0.6905644395869105,seed,
ets_unet_hazard_event_nll,ETS-U-Net hazard EventNLL,2028,190.00000000000105,0.6637021424979248,seed,
ets_unet_hazard_event_nll,ETS-U-Net hazard EventNLL,2028,200.00000000000108,0.6379009247357018,seed,
ets_unet_hazard_event_nll,ETS-U-Net hazard EventNLL,2028,210.00000000000108,0.615856117380499,seed,
ets_unet_hazard_event_nll,ETS-U-Net hazard EventNLL,2028,220.00000000000108,0.5945311016721729,seed,
ets_unet_hazard_event_nll,ETS-U-Net hazard EventNLL,2028,230.00000000000108,0.5708484262773047,seed,
ets_unet_hazard_event_nll,ETS-U-Net hazard EventNLL,2028,240.0000000000011,0.5499556497527182,seed,
ets_unet_hazard_event_nll,ETS-U-Net hazard EventNLL,2028,250.0000000000011,0.5367071182217096,seed,
ets_unet_hazard_event_nll,ETS-U-Net hazard EventNLL,2028,260.00000000000114,0.5311206700700132,seed,
ets_unet_hazard_event_nll,ETS-U-Net hazard EventNLL,2028,270.00000000000114,0.5174104106552228,seed,
ets_unet_hazard_event_nll,ETS-U-Net hazard EventNLL,2028,280.00000000000114,0.4929184335460795,seed,
ets_unet_hazard_event_nll,ETS-U-Net hazard EventNLL,2028,290.00000000000114,0.4713369627270176,seed,
ets_unet_hazard_event_nll,ETS-U-Net hazard EventNLL,2028,300.00000000000114,0.455514350853086,seed,
ets_unet_hazard_event_nll,ETS-U-Net hazard EventNLL,2028,310.00000000000114,0.44230268127620437,seed,
ets_unet_hazard_event_nll,ETS-U-Net hazard EventNLL,2028,320.0000000000012,0.43447277814717117,seed,
ets_unet_hazard_event_nll,ETS-U-Net hazard EventNLL,2028,330.0000000000012,0.4287099424861892,seed,
ets_unet_hazard_event_nll,ETS-U-Net hazard EventNLL,2028,340.0000000000012,0.4217509509176679,seed,
ets_unet_hazard_event_nll,ETS-U-Net hazard EventNLL,2028,350.0000000000012,0.41618010104180997,seed,
ets_unet_hazard_event_nll,ETS-U-Net hazard EventNLL,2028,360.0000000000012,0.41338078240182013,seed,
ets_unet_hazard_event_nll,ETS-U-Net hazard EventNLL,2028,370.0000000000012,0.41671702608416233,seed,
ets_unet_hazard_event_nll,ETS-U-Net hazard EventNLL,2028,380.00000000000125,0.42020200733653196,seed,
ets_unet_hazard_event_nll,ETS-U-Net hazard EventNLL,2028,390.00000000000125,0.41338475834818,seed,
ets_unet_hazard_event_nll,ETS-U-Net hazard EventNLL,2028,400.00000000000125,0.4057991176558077,seed,
ets_unet_hazard_event_nll,ETS-U-Net hazard EventNLL,2028,410.00000000000125,0.40001846876062686,seed,
ets_unet_hazard_event_nll,ETS-U-Net hazard EventNLL,2028,420.00000000000125,0.3930650305769916,seed,
ets_unet_hazard_event_nll,ETS-U-Net hazard EventNLL,2028,430.00000000000125,0.38551262059788904,seed,
ets_unet_hazard_event_nll,ETS-U-Net hazard EventNLL,2028,440.00000000000125,0.3732381837192311,seed,
ets_unet_hazard_event_nll,ETS-U-Net hazard EventNLL,2028,450.0000000000013,0.3628695387956513,seed,
ets_unet_hazard_event_nll,ETS-U-Net hazard EventNLL,2028,460.0000000000013,0.3545328537841113,seed,
ets_unet_hazard_event_nll,ETS-U-Net hazard EventNLL,2028,470.0000000000013,0.3477056496637738,seed,
ets_unet_hazard_event_nll,ETS-U-Net hazard EventNLL,2028,480.0000000000013,0.33567835525691897,seed,
ets_unet_hazard_event_nll,ETS-U-Net hazard EventNLL,2028,490.0000000000013,0.32985391339922715,seed,
ets_unet_hazard_event_nll,ETS-U-Net hazard EventNLL,2028,500.0000000000013,0.3222512241713035,seed,
ets_unet_hazard_event_nll,ETS-U-Net hazard EventNLL,2028,510.00000000000136,0.31894455375888037,seed,
ets_unet_hazard_event_nll,ETS-U-Net hazard EventNLL,2028,520.0000000000014,0.31378078945752075,seed,
ets_unet_hazard_event_nll,ETS-U-Net hazard EventNLL,2028,530.0000000000014,0.31193942624005583,seed,
ets_unet_hazard_event_nll,ETS-U-Net hazard EventNLL,2028,540.0000000000014,0.31084310048028113,seed,
ets_unet_hazard_event_nll,ETS-U-Net hazard EventNLL,2028,550.0000000000014,0.3091682616571329,seed,
ets_unet_hazard_event_nll,ETS-U-Net hazard EventNLL,2028,560.0000000000014,0.3084964095350391,seed,
ets_unet_hazard_event_nll,ETS-U-Net hazard EventNLL,2028,570.0000000000014,0.3007076484851967,seed,
ets_unet_hazard_event_nll,ETS-U-Net hazard EventNLL,2028,580.0000000000014,0.29258578442442545,seed,
ets_unet_hazard_event_nll,ETS-U-Net hazard EventNLL,2028,590.0000000000014,0.28930212998863625,seed,
ets_unet_hazard_event_nll,ETS-U-Net hazard EventNLL,2028,600.0000000000014,0.28681690804729315,seed,
ets_unet_hazard_event_nll,ETS-U-Net hazard EventNLL,2028,610.0000000000015,0.2828231617415818,seed,
ets_unet_hazard_event_nll,ETS-U-Net hazard EventNLL,2028,620.0000000000015,0.2804494459999305,seed,
ets_unet_hazard_event_nll,ETS-U-Net hazard EventNLL,2028,630.0000000000015,0.2764348988150595,seed,
ets_unet_hazard_event_nll,ETS-U-Net hazard EventNLL,2028,640.0000000000015,0.2731991779538386,seed,
ets_unet_hazard_event_nll,ETS-U-Net hazard EventNLL,2028,650.0000000000015,0.26831748036250735,seed,
ets_unet_hazard_event_nll,ETS-U-Net hazard EventNLL,2028,660.0000000000015,0.2627059979636191,seed,
ets_unet_hazard_event_nll,ETS-U-Net hazard EventNLL,2028,670.0000000000015,0.258878092203145,seed,
ets_unet_hazard_event_nll,ETS-U-Net hazard EventNLL,2028,680.0000000000015,0.2569911013956115,seed,
ets_unet_hazard_event_nll,ETS-U-Net hazard EventNLL,2028,690.0000000000015,0.2599109864886798,seed,
ets_unet_hazard_event_nll,ETS-U-Net hazard EventNLL,2028,700.0000000000015,0.26464318633880307,seed,
ets_unet_hazard_event_nll,ETS-U-Net hazard EventNLL,2028,710.0000000000015,0.26657170328630675,seed,
ets_unet_hazard_event_nll,ETS-U-Net hazard EventNLL,2028,720.0000000000015,0.25987509693893684,seed,
ets_unet_hazard_event_nll,ETS-U-Net hazard EventNLL,2028,730.0000000000016,0.25431073019586337,seed,
ets_unet_hazard_event_nll,ETS-U-Net hazard EventNLL,2028,740.0000000000016,0.25086253481311305,seed,
ets_unet_hazard_event_nll,ETS-U-Net hazard EventNLL,2028,750.0000000000016,0.24561996075555112,seed,
ets_unet_hazard_event_nll,ETS-U-Net hazard EventNLL,2028,760.0000000000016,0.24472529104341698,seed,
ets_unet_hazard_event_nll,ETS-U-Net hazard EventNLL,2028,770.0000000000016,0.2439036608764028,seed,
ets_unet_hazard_event_nll,ETS-U-Net hazard EventNLL,2028,780.0000000000016,0.23545875550171994,seed,
ets_unet_hazard_event_nll,ETS-U-Net hazard EventNLL,2028,790.0000000000016,0.22729707828600654,seed,
ets_unet_hazard_event_nll,ETS-U-Net hazard EventNLL,2028,800.0000000000016,0.22041477844156174,seed,
ets_unet_hazard_event_nll,ETS-U-Net hazard EventNLL,2028,810.0000000000016,0.22554609166696338,seed,
ets_unet_hazard_event_nll,ETS-U-Net hazard EventNLL,2028,820.0000000000016,0.23221857963064801,seed,
ets_unet_hazard_event_nll,ETS-U-Net hazard EventNLL,2028,830.0000000000016,0.23699833311390162,seed,
ets_unet_hazard_event_nll,ETS-U-Net hazard EventNLL,2028,840.0000000000016,0.24210497809608142,seed,
ets_unet_hazard_event_nll,ETS-U-Net hazard EventNLL,2028,850.0000000000016,0.24581485527658611,seed,
ets_unet_hazard_event_nll,ETS-U-Net hazard EventNLL,2028,860.0000000000017,0.24497421514222184,seed,
ets_unet_hazard_event_nll,ETS-U-Net hazard EventNLL,2028,870.0000000000017,0.24769895683151077,seed,
ets_unet_hazard_event_nll,ETS-U-Net hazard EventNLL,2028,880.0000000000017,0.24052295302490345,seed,
ets_unet_hazard_event_nll,ETS-U-Net hazard EventNLL,2028,890.0000000000017,0.23134631013030796,seed,
ets_unet_hazard_event_nll,ETS-U-Net hazard EventNLL,2028,900.0000000000017,0.22365535910993886,seed,
ets_unet_hazard_event_nll,ETS-U-Net hazard EventNLL,2028,910.0000000000017,0.21930652637050266,seed,
ets_unet_hazard_event_nll,ETS-U-Net hazard EventNLL,2028,920.0000000000017,0.2187523018975504,seed,
ets_unet_hazard_event_nll,ETS-U-Net hazard EventNLL,2028,930.0000000000017,0.2206192918347106,seed,
ets_unet_hazard_event_nll,ETS-U-Net hazard EventNLL,2028,940.0000000000017,0.21988981224186166,seed,
ets_unet_hazard_event_nll,ETS-U-Net hazard EventNLL,2028,950.0000000000017,0.2237000740716144,seed,
ets_unet_hazard_event_nll,ETS-U-Net hazard EventNLL,2028,960.0000000000017,0.2314840971831439,seed,
ets_unet_hazard_event_nll,ETS-U-Net hazard EventNLL,2028,970.0000000000017,0.23673625114090577,seed,
ets_unet_hazard_event_nll,ETS-U-Net hazard EventNLL,2028,980.0000000000017,0.23632109273539004,seed,
ets_unet_hazard_event_nll,ETS-U-Net hazard EventNLL,2028,990.0000000000018,0.2496871762286848,seed,
ets_unet_hazard_event_nll,ETS-U-Net hazard EventNLL,2028,1000.0000000000018,0.2604462862003986,seed,
ets_unet_hazard_event_nll,ETS-U-Net hazard EventNLL,2029,-1000.0,0.09663190255041733,seed,
ets_unet_hazard_event_nll,ETS-U-Net hazard EventNLL,2029,-990.0,0.09964617520870156,seed,
ets_unet_hazard_event_nll,ETS-U-Net hazard EventNLL,2029,-980.0,0.10084761089228643,seed,
ets_unet_hazard_event_nll,ETS-U-Net hazard EventNLL,2029,-970.0,0.1030517937419749,seed,
ets_unet_hazard_event_nll,ETS-U-Net hazard EventNLL,2029,-960.0,0.10585787562252028,seed,
ets_unet_hazard_event_nll,ETS-U-Net hazard EventNLL,2029,-950.0,0.10822804650010691,seed,
ets_unet_hazard_event_nll,ETS-U-Net hazard EventNLL,2029,-940.0,0.10992153578990929,seed,
ets_unet_hazard_event_nll,ETS-U-Net hazard EventNLL,2029,-929.9999999999999,0.10961615967021078,seed,
ets_unet_hazard_event_nll,ETS-U-Net hazard EventNLL,2029,-919.9999999999999,0.11004177115744666,seed,
ets_unet_hazard_event_nll,ETS-U-Net hazard EventNLL,2029,-909.9999999999999,0.11408992823731899,seed,
ets_unet_hazard_event_nll,ETS-U-Net hazard EventNLL,2029,-899.9999999999999,0.11713424900227667,seed,
ets_unet_hazard_event_nll,ETS-U-Net hazard EventNLL,2029,-889.9999999999999,0.1198057091333808,seed,
ets_unet_hazard_event_nll,ETS-U-Net hazard EventNLL,2029,-879.9999999999999,0.12204229909737196,seed,
ets_unet_hazard_event_nll,ETS-U-Net hazard EventNLL,2029,-869.9999999999999,0.12652028106688792,seed,
ets_unet_hazard_event_nll,ETS-U-Net hazard EventNLL,2029,-859.9999999999999,0.13313822104063264,seed,
ets_unet_hazard_event_nll,ETS-U-Net hazard EventNLL,2029,-849.9999999999999,0.13761225942187558,seed,
ets_unet_hazard_event_nll,ETS-U-Net hazard EventNLL,2029,-839.9999999999999,0.13481562610625705,seed,
ets_unet_hazard_event_nll,ETS-U-Net hazard EventNLL,2029,-829.9999999999999,0.13211859116135993,seed,
ets_unet_hazard_event_nll,ETS-U-Net hazard EventNLL,2029,-819.9999999999999,0.13151124365565842,seed,
ets_unet_hazard_event_nll,ETS-U-Net hazard EventNLL,2029,-809.9999999999999,0.13442659241449692,seed,
ets_unet_hazard_event_nll,ETS-U-Net hazard EventNLL,2029,-799.9999999999998,0.1405769588103809,seed,
ets_unet_hazard_event_nll,ETS-U-Net hazard EventNLL,2029,-789.9999999999998,0.14770523009791828,seed,
ets_unet_hazard_event_nll,ETS-U-Net hazard EventNLL,2029,-779.9999999999998,0.1504172552283077,seed,
ets_unet_hazard_event_nll,ETS-U-Net hazard EventNLL,2029,-769.9999999999998,0.1513573197226039,seed,
ets_unet_hazard_event_nll,ETS-U-Net hazard EventNLL,2029,-759.9999999999998,0.15716993566844278,seed,
ets_unet_hazard_event_nll,ETS-U-Net hazard EventNLL,2029,-749.9999999999998,0.16177754597309033,seed,
ets_unet_hazard_event_nll,ETS-U-Net hazard EventNLL,2029,-739.9999999999998,0.1633889590735288,seed,
ets_unet_hazard_event_nll,ETS-U-Net hazard EventNLL,2029,-729.9999999999998,0.16218443868719415,seed,
ets_unet_hazard_event_nll,ETS-U-Net hazard EventNLL,2029,-719.9999999999998,0.16531737060340432,seed,
ets_unet_hazard_event_nll,ETS-U-Net hazard EventNLL,2029,-709.9999999999998,0.16657703022983408,seed,
ets_unet_hazard_event_nll,ETS-U-Net hazard EventNLL,2029,-699.9999999999998,0.17179480553315551,seed,
ets_unet_hazard_event_nll,ETS-U-Net hazard EventNLL,2029,-689.9999999999998,0.17898377667683535,seed,
ets_unet_hazard_event_nll,ETS-U-Net hazard EventNLL,2029,-679.9999999999998,0.1893126353303919,seed,
ets_unet_hazard_event_nll,ETS-U-Net hazard EventNLL,2029,-669.9999999999997,0.1964979216349818,seed,
ets_unet_hazard_event_nll,ETS-U-Net hazard EventNLL,2029,-659.9999999999997,0.19992561778240336,seed,
ets_unet_hazard_event_nll,ETS-U-Net hazard EventNLL,2029,-649.9999999999997,0.2047226702341028,seed,
ets_unet_hazard_event_nll,ETS-U-Net hazard EventNLL,2029,-639.9999999999997,0.21333081419745484,seed,
ets_unet_hazard_event_nll,ETS-U-Net hazard EventNLL,2029,-629.9999999999997,0.2226237907993355,seed,
ets_unet_hazard_event_nll,ETS-U-Net hazard EventNLL,2029,-619.9999999999997,0.22646641565326572,seed,
ets_unet_hazard_event_nll,ETS-U-Net hazard EventNLL,2029,-609.9999999999997,0.23176578461141203,seed,
ets_unet_hazard_event_nll,ETS-U-Net hazard EventNLL,2029,-599.9999999999997,0.24097117847716856,seed,
ets_unet_hazard_event_nll,ETS-U-Net hazard EventNLL,2029,-589.9999999999997,0.2489911644592745,seed,
ets_unet_hazard_event_nll,ETS-U-Net hazard EventNLL,2029,-579.9999999999997,0.25143991525054954,seed,
ets_unet_hazard_event_nll,ETS-U-Net hazard EventNLL,2029,-569.9999999999997,0.2525051246609205,seed,
ets_unet_hazard_event_nll,ETS-U-Net hazard EventNLL,2029,-559.9999999999997,0.2529016772011853,seed,
ets_unet_hazard_event_nll,ETS-U-Net hazard EventNLL,2029,-549.9999999999995,0.2577563971779987,seed,
ets_unet_hazard_event_nll,ETS-U-Net hazard EventNLL,2029,-539.9999999999995,0.26535053585951746,seed,
ets_unet_hazard_event_nll,ETS-U-Net hazard EventNLL,2029,-529.9999999999995,0.2748049836430193,seed,
ets_unet_hazard_event_nll,ETS-U-Net hazard EventNLL,2029,-519.9999999999995,0.2848068917332353,seed,
ets_unet_hazard_event_nll,ETS-U-Net hazard EventNLL,2029,-509.99999999999955,0.2882037079986911,seed,
ets_unet_hazard_event_nll,ETS-U-Net hazard EventNLL,2029,-499.99999999999955,0.29074908509150144,seed,
ets_unet_hazard_event_nll,ETS-U-Net hazard EventNLL,2029,-489.99999999999955,0.29538208062218707,seed,
ets_unet_hazard_event_nll,ETS-U-Net hazard EventNLL,2029,-479.99999999999955,0.30246528044791493,seed,
ets_unet_hazard_event_nll,ETS-U-Net hazard EventNLL,2029,-469.99999999999955,0.3109864704881486,seed,
ets_unet_hazard_event_nll,ETS-U-Net hazard EventNLL,2029,-459.99999999999955,0.3200008580181513,seed,
ets_unet_hazard_event_nll,ETS-U-Net hazard EventNLL,2029,-449.9999999999995,0.3308455594044278,seed,
ets_unet_hazard_event_nll,ETS-U-Net hazard EventNLL,2029,-439.9999999999995,0.33974212159562794,seed,
ets_unet_hazard_event_nll,ETS-U-Net hazard EventNLL,2029,-429.9999999999995,0.34664313183269974,seed,
ets_unet_hazard_event_nll,ETS-U-Net hazard EventNLL,2029,-419.9999999999995,0.3500201386917021,seed,
ets_unet_hazard_event_nll,ETS-U-Net hazard EventNLL,2029,-409.9999999999995,0.3519646061086292,seed,
ets_unet_hazard_event_nll,ETS-U-Net hazard EventNLL,2029,-399.9999999999995,0.35665076783282634,seed,
ets_unet_hazard_event_nll,ETS-U-Net hazard EventNLL,2029,-389.99999999999943,0.3650554221278706,seed,
ets_unet_hazard_event_nll,ETS-U-Net hazard EventNLL,2029,-379.99999999999943,0.3751342464702297,seed,
ets_unet_hazard_event_nll,ETS-U-Net hazard EventNLL,2029,-369.99999999999943,0.38382221660289473,seed,
ets_unet_hazard_event_nll,ETS-U-Net hazard EventNLL,2029,-359.99999999999943,0.39090497623670933,seed,
ets_unet_hazard_event_nll,ETS-U-Net hazard EventNLL,2029,-349.99999999999943,0.3990980719615901,seed,
ets_unet_hazard_event_nll,ETS-U-Net hazard EventNLL,2029,-339.99999999999943,0.406588678466362,seed,
ets_unet_hazard_event_nll,ETS-U-Net hazard EventNLL,2029,-329.99999999999943,0.4130458022565327,seed,
ets_unet_hazard_event_nll,ETS-U-Net hazard EventNLL,2029,-319.9999999999994,0.41820782660251804,seed,
ets_unet_hazard_event_nll,ETS-U-Net hazard EventNLL,2029,-309.9999999999994,0.427681389892322,seed,
ets_unet_hazard_event_nll,ETS-U-Net hazard EventNLL,2029,-299.9999999999994,0.4399224560098342,seed,
ets_unet_hazard_event_nll,ETS-U-Net hazard EventNLL,2029,-289.9999999999994,0.45863805606208763,seed,
ets_unet_hazard_event_nll,ETS-U-Net hazard EventNLL,2029,-279.9999999999994,0.47651933818170294,seed,
ets_unet_hazard_event_nll,ETS-U-Net hazard EventNLL,2029,-269.9999999999994,0.5010161539261982,seed,
ets_unet_hazard_event_nll,ETS-U-Net hazard EventNLL,2029,-259.9999999999993,0.5314127678608634,seed,
ets_unet_hazard_event_nll,ETS-U-Net hazard EventNLL,2029,-249.99999999999935,0.5520522198638113,seed,
ets_unet_hazard_event_nll,ETS-U-Net hazard EventNLL,2029,-239.99999999999932,0.5677374288728589,seed,
ets_unet_hazard_event_nll,ETS-U-Net hazard EventNLL,2029,-229.99999999999932,0.581931307142027,seed,
ets_unet_hazard_event_nll,ETS-U-Net hazard EventNLL,2029,-219.99999999999932,0.6087488360198573,seed,
ets_unet_hazard_event_nll,ETS-U-Net hazard EventNLL,2029,-209.9999999999993,0.6459905472691907,seed,
ets_unet_hazard_event_nll,ETS-U-Net hazard EventNLL,2029,-199.9999999999993,0.6880756107404498,seed,
ets_unet_hazard_event_nll,ETS-U-Net hazard EventNLL,2029,-189.9999999999993,0.7385459510726616,seed,
ets_unet_hazard_event_nll,ETS-U-Net hazard EventNLL,2029,-179.99999999999926,0.7924713746694352,seed,
ets_unet_hazard_event_nll,ETS-U-Net hazard EventNLL,2029,-169.99999999999926,0.8437645219878065,seed,
ets_unet_hazard_event_nll,ETS-U-Net hazard EventNLL,2029,-159.99999999999926,0.9055049221160895,seed,
ets_unet_hazard_event_nll,ETS-U-Net hazard EventNLL,2029,-149.99999999999923,0.9767992105863477,seed,
ets_unet_hazard_event_nll,ETS-U-Net hazard EventNLL,2029,-139.99999999999923,1.0694308579672758,seed,
ets_unet_hazard_event_nll,ETS-U-Net hazard EventNLL,2029,-129.99999999999923,1.18499140103977,seed,
ets_unet_hazard_event_nll,ETS-U-Net hazard EventNLL,2029,-119.99999999999922,1.3148806395977635,seed,
ets_unet_hazard_event_nll,ETS-U-Net hazard EventNLL,2029,-109.9999999999992,1.4425490619125967,seed,
ets_unet_hazard_event_nll,ETS-U-Net hazard EventNLL,2029,-99.9999999999992,1.5619764521299382,seed,
ets_unet_hazard_event_nll,ETS-U-Net hazard EventNLL,2029,-89.99999999999919,1.6971006184829025,seed,
ets_unet_hazard_event_nll,ETS-U-Net hazard EventNLL,2029,-79.99999999999918,1.8575474678899166,seed,
ets_unet_hazard_event_nll,ETS-U-Net hazard EventNLL,2029,-69.99999999999918,2.020900559016777,seed,
ets_unet_hazard_event_nll,ETS-U-Net hazard EventNLL,2029,-59.99999999999916,2.1547854969965603,seed,
ets_unet_hazard_event_nll,ETS-U-Net hazard EventNLL,2029,-49.999999999999154,2.2652518888381694,seed,
ets_unet_hazard_event_nll,ETS-U-Net hazard EventNLL,2029,-39.99999999999915,2.3572893687541523,seed,
ets_unet_hazard_event_nll,ETS-U-Net hazard EventNLL,2029,-29.99999999999914,2.413091335807083,seed,
ets_unet_hazard_event_nll,ETS-U-Net hazard EventNLL,2029,-19.99999999999913,2.4349955951849918,seed,
ets_unet_hazard_event_nll,ETS-U-Net hazard EventNLL,2029,-9.99999999999912,2.4437180668177123,seed,
ets_unet_hazard_event_nll,ETS-U-Net hazard EventNLL,2029,8.881784197001252e-13,2.4289313595350697,seed,
ets_unet_hazard_event_nll,ETS-U-Net hazard EventNLL,2029,10.000000000000897,2.3729106360029766,seed,
ets_unet_hazard_event_nll,ETS-U-Net hazard EventNLL,2029,20.000000000000906,2.2566100181658704,seed,
ets_unet_hazard_event_nll,ETS-U-Net hazard EventNLL,2029,30.000000000000917,2.100120649280209,seed,
ets_unet_hazard_event_nll,ETS-U-Net hazard EventNLL,2029,40.000000000000924,1.931561036271411,seed,
ets_unet_hazard_event_nll,ETS-U-Net hazard EventNLL,2029,50.00000000000093,1.7758959963310967,seed,
ets_unet_hazard_event_nll,ETS-U-Net hazard EventNLL,2029,60.00000000000094,1.6443208913201044,seed,
ets_unet_hazard_event_nll,ETS-U-Net hazard EventNLL,2029,70.00000000000095,1.5207331386026883,seed,
ets_unet_hazard_event_nll,ETS-U-Net hazard EventNLL,2029,80.00000000000097,1.3988393523589069,seed,
ets_unet_hazard_event_nll,ETS-U-Net hazard EventNLL,2029,90.00000000000097,1.2898812448900496,seed,
ets_unet_hazard_event_nll,ETS-U-Net hazard EventNLL,2029,100.00000000000098,1.189881765162052,seed,
ets_unet_hazard_event_nll,ETS-U-Net hazard EventNLL,2029,110.00000000000098,1.098617973877447,seed,
ets_unet_hazard_event_nll,ETS-U-Net hazard EventNLL,2029,120.000000000001,1.0053539992393805,seed,
ets_unet_hazard_event_nll,ETS-U-Net hazard EventNLL,2029,130.000000000001,0.9111335731970766,seed,
ets_unet_hazard_event_nll,ETS-U-Net hazard EventNLL,2029,140.00000000000102,0.8331829330536836,seed,
ets_unet_hazard_event_nll,ETS-U-Net hazard EventNLL,2029,150.00000000000102,0.7720518426032601,seed,
ets_unet_hazard_event_nll,ETS-U-Net hazard EventNLL,2029,160.00000000000102,0.7226292869739176,seed,
ets_unet_hazard_event_nll,ETS-U-Net hazard EventNLL,2029,170.00000000000105,0.6846605666525243,seed,
ets_unet_hazard_event_nll,ETS-U-Net hazard EventNLL,2029,180.00000000000105,0.6551407591559351,seed,
ets_unet_hazard_event_nll,ETS-U-Net hazard EventNLL,2029,190.00000000000105,0.6329990034787907,seed,
ets_unet_hazard_event_nll,ETS-U-Net hazard EventNLL,2029,200.00000000000108,0.6085145899092137,seed,
ets_unet_hazard_event_nll,ETS-U-Net hazard EventNLL,2029,210.00000000000108,0.5810975285414094,seed,
ets_unet_hazard_event_nll,ETS-U-Net hazard EventNLL,2029,220.00000000000108,0.5522085464583776,seed,
ets_unet_hazard_event_nll,ETS-U-Net hazard EventNLL,2029,230.00000000000108,0.5230567987309824,seed,
ets_unet_hazard_event_nll,ETS-U-Net hazard EventNLL,2029,240.0000000000011,0.4978644111177429,seed,
ets_unet_hazard_event_nll,ETS-U-Net hazard EventNLL,2029,250.0000000000011,0.47755335579523084,seed,
ets_unet_hazard_event_nll,ETS-U-Net hazard EventNLL,2029,260.00000000000114,0.46224941649315127,seed,
ets_unet_hazard_event_nll,ETS-U-Net hazard EventNLL,2029,270.00000000000114,0.44879517258661333,seed,
ets_unet_hazard_event_nll,ETS-U-Net hazard EventNLL,2029,280.00000000000114,0.43702883612158183,seed,
ets_unet_hazard_event_nll,ETS-U-Net hazard EventNLL,2029,290.00000000000114,0.4270779524564775,seed,
ets_unet_hazard_event_nll,ETS-U-Net hazard EventNLL,2029,300.00000000000114,0.42086643257295914,seed,
ets_unet_hazard_event_nll,ETS-U-Net hazard EventNLL,2029,310.00000000000114,0.4192571051992797,seed,
ets_unet_hazard_event_nll,ETS-U-Net hazard EventNLL,2029,320.0000000000012,0.41210557260376995,seed,
ets_unet_hazard_event_nll,ETS-U-Net hazard EventNLL,2029,330.0000000000012,0.4000868588119035,seed,
ets_unet_hazard_event_nll,ETS-U-Net hazard EventNLL,2029,340.0000000000012,0.3890926894841767,seed,
ets_unet_hazard_event_nll,ETS-U-Net hazard EventNLL,2029,350.0000000000012,0.38337580538611277,seed,
ets_unet_hazard_event_nll,ETS-U-Net hazard EventNLL,2029,360.0000000000012,0.37949190814078804,seed,
ets_unet_hazard_event_nll,ETS-U-Net hazard EventNLL,2029,370.0000000000012,0.37656406054484665,seed,
ets_unet_hazard_event_nll,ETS-U-Net hazard EventNLL,2029,380.00000000000125,0.37354271877781436,seed,
ets_unet_hazard_event_nll,ETS-U-Net hazard EventNLL,2029,390.00000000000125,0.36658662893540683,seed,
ets_unet_hazard_event_nll,ETS-U-Net hazard EventNLL,2029,400.00000000000125,0.36693057301019594,seed,
ets_unet_hazard_event_nll,ETS-U-Net hazard EventNLL,2029,410.00000000000125,0.36895153612929577,seed,
ets_unet_hazard_event_nll,ETS-U-Net hazard EventNLL,2029,420.00000000000125,0.365519851053048,seed,
ets_unet_hazard_event_nll,ETS-U-Net hazard EventNLL,2029,430.00000000000125,0.3571694238080332,seed,
ets_unet_hazard_event_nll,ETS-U-Net hazard EventNLL,2029,440.00000000000125,0.34182296521344213,seed,
ets_unet_hazard_event_nll,ETS-U-Net hazard EventNLL,2029,450.0000000000013,0.3283605352173014,seed,
ets_unet_hazard_event_nll,ETS-U-Net hazard EventNLL,2029,460.0000000000013,0.3219051272170985,seed,
ets_unet_hazard_event_nll,ETS-U-Net hazard EventNLL,2029,470.0000000000013,0.320425801934902,seed,
ets_unet_hazard_event_nll,ETS-U-Net hazard EventNLL,2029,480.0000000000013,0.31835072680502075,seed,
ets_unet_hazard_event_nll,ETS-U-Net hazard EventNLL,2029,490.0000000000013,0.32008442409377225,seed,
ets_unet_hazard_event_nll,ETS-U-Net hazard EventNLL,2029,500.0000000000013,0.31528659729264313,seed,
ets_unet_hazard_event_nll,ETS-U-Net hazard EventNLL,2029,510.00000000000136,0.31018037898030293,seed,
ets_unet_hazard_event_nll,ETS-U-Net hazard EventNLL,2029,520.0000000000014,0.3032584192384625,seed,
ets_unet_hazard_event_nll,ETS-U-Net hazard EventNLL,2029,530.0000000000014,0.29838936199785726,seed,
ets_unet_hazard_event_nll,ETS-U-Net hazard EventNLL,2029,540.0000000000014,0.2968743293258818,seed,
ets_unet_hazard_event_nll,ETS-U-Net hazard EventNLL,2029,550.0000000000014,0.29273052169177244,seed,
ets_unet_hazard_event_nll,ETS-U-Net hazard EventNLL,2029,560.0000000000014,0.2869291582142607,seed,
ets_unet_hazard_event_nll,ETS-U-Net hazard EventNLL,2029,570.0000000000014,0.27962076358061133,seed,
ets_unet_hazard_event_nll,ETS-U-Net hazard EventNLL,2029,580.0000000000014,0.280056709183176,seed,
ets_unet_hazard_event_nll,ETS-U-Net hazard EventNLL,2029,590.0000000000014,0.2856225803785274,seed,
ets_unet_hazard_event_nll,ETS-U-Net hazard EventNLL,2029,600.0000000000014,0.281550394172917,seed,
ets_unet_hazard_event_nll,ETS-U-Net hazard EventNLL,2029,610.0000000000015,0.27095108150908664,seed,
ets_unet_hazard_event_nll,ETS-U-Net hazard EventNLL,2029,620.0000000000015,0.2656822735680562,seed,
ets_unet_hazard_event_nll,ETS-U-Net hazard EventNLL,2029,630.0000000000015,0.2613085831248166,seed,
ets_unet_hazard_event_nll,ETS-U-Net hazard EventNLL,2029,640.0000000000015,0.25728487933535266,seed,
ets_unet_hazard_event_nll,ETS-U-Net hazard EventNLL,2029,650.0000000000015,0.25396730896665637,seed,
ets_unet_hazard_event_nll,ETS-U-Net hazard EventNLL,2029,660.0000000000015,0.24857718192885217,seed,
ets_unet_hazard_event_nll,ETS-U-Net hazard EventNLL,2029,670.0000000000015,0.2433804485696086,seed,
ets_unet_hazard_event_nll,ETS-U-Net hazard EventNLL,2029,680.0000000000015,0.23761560035208412,seed,
ets_unet_hazard_event_nll,ETS-U-Net hazard EventNLL,2029,690.0000000000015,0.23113681667747174,seed,
ets_unet_hazard_event_nll,ETS-U-Net hazard EventNLL,2029,700.0000000000015,0.23128483440433698,seed,
ets_unet_hazard_event_nll,ETS-U-Net hazard EventNLL,2029,710.0000000000015,0.23292845369271867,seed,
ets_unet_hazard_event_nll,ETS-U-Net hazard EventNLL,2029,720.0000000000015,0.2298151073881323,seed,
ets_unet_hazard_event_nll,ETS-U-Net hazard EventNLL,2029,730.0000000000016,0.23116576191495652,seed,
ets_unet_hazard_event_nll,ETS-U-Net hazard EventNLL,2029,740.0000000000016,0.2332657134286804,seed,
ets_unet_hazard_event_nll,ETS-U-Net hazard EventNLL,2029,750.0000000000016,0.23521636401761048,seed,
ets_unet_hazard_event_nll,ETS-U-Net hazard EventNLL,2029,760.0000000000016,0.23775589980490383,seed,
ets_unet_hazard_event_nll,ETS-U-Net hazard EventNLL,2029,770.0000000000016,0.23486905751183226,seed,
ets_unet_hazard_event_nll,ETS-U-Net hazard EventNLL,2029,780.0000000000016,0.22512048506112967,seed,
ets_unet_hazard_event_nll,ETS-U-Net hazard EventNLL,2029,790.0000000000016,0.2206165421764009,seed,
ets_unet_hazard_event_nll,ETS-U-Net hazard EventNLL,2029,800.0000000000016,0.21660673336823413,seed,
ets_unet_hazard_event_nll,ETS-U-Net hazard EventNLL,2029,810.0000000000016,0.22125554134369702,seed,
ets_unet_hazard_event_nll,ETS-U-Net hazard EventNLL,2029,820.0000000000016,0.22433357387731342,seed,
ets_unet_hazard_event_nll,ETS-U-Net hazard EventNLL,2029,830.0000000000016,0.22865530224305033,seed,
ets_unet_hazard_event_nll,ETS-U-Net hazard EventNLL,2029,840.0000000000016,0.24014526322242702,seed,
ets_unet_hazard_event_nll,ETS-U-Net hazard EventNLL,2029,850.0000000000016,0.24274849035752555,seed,
ets_unet_hazard_event_nll,ETS-U-Net hazard EventNLL,2029,860.0000000000017,0.23494562721116913,seed,
ets_unet_hazard_event_nll,ETS-U-Net hazard EventNLL,2029,870.0000000000017,0.22424903324197476,seed,
ets_unet_hazard_event_nll,ETS-U-Net hazard EventNLL,2029,880.0000000000017,0.2138940456456381,seed,
ets_unet_hazard_event_nll,ETS-U-Net hazard EventNLL,2029,890.0000000000017,0.20985934560073363,seed,
ets_unet_hazard_event_nll,ETS-U-Net hazard EventNLL,2029,900.0000000000017,0.20729100213782453,seed,
ets_unet_hazard_event_nll,ETS-U-Net hazard EventNLL,2029,910.0000000000017,0.20404186216872186,seed,
ets_unet_hazard_event_nll,ETS-U-Net hazard EventNLL,2029,920.0000000000017,0.20193175474424646,seed,
ets_unet_hazard_event_nll,ETS-U-Net hazard EventNLL,2029,930.0000000000017,0.20356904174377088,seed,
ets_unet_hazard_event_nll,ETS-U-Net hazard EventNLL,2029,940.0000000000017,0.2084868256448555,seed,
ets_unet_hazard_event_nll,ETS-U-Net hazard EventNLL,2029,950.0000000000017,0.21646415103748026,seed,
ets_unet_hazard_event_nll,ETS-U-Net hazard EventNLL,2029,960.0000000000017,0.2270562597955064,seed,
ets_unet_hazard_event_nll,ETS-U-Net hazard EventNLL,2029,970.0000000000017,0.23333081882596987,seed,
ets_unet_hazard_event_nll,ETS-U-Net hazard EventNLL,2029,980.0000000000017,0.23655119320674678,seed,
ets_unet_hazard_event_nll,ETS-U-Net hazard EventNLL,2029,990.0000000000018,0.23866445427322266,seed,
ets_unet_hazard_event_nll,ETS-U-Net hazard EventNLL,2029,1000.0000000000018,0.23035108930149953,seed,
ets_unet_hazard_event_nll,ETS-U-Net hazard EventNLL,mean,-1000.0,0.0941070401781102,group_mean,0.005365559233483359
ets_unet_hazard_event_nll,ETS-U-Net hazard EventNLL,mean,-990.0,0.09598026351852361,group_mean,0.004541578128923464
ets_unet_hazard_event_nll,ETS-U-Net hazard EventNLL,mean,-980.0,0.09801866187898381,group_mean,0.004606129781593551
ets_unet_hazard_event_nll,ETS-U-Net hazard EventNLL,mean,-970.0,0.10027544012540943,group_mean,0.005044921857840999
ets_unet_hazard_event_nll,ETS-U-Net hazard EventNLL,mean,-960.0,0.1014296199975762,group_mean,0.006598374394090838
ets_unet_hazard_event_nll,ETS-U-Net hazard EventNLL,mean,-950.0,0.10171207172060467,group_mean,0.007658488283454714
ets_unet_hazard_event_nll,ETS-U-Net hazard EventNLL,mean,-940.0,0.1023169056408348,group_mean,0.007359660430788965
ets_unet_hazard_event_nll,ETS-U-Net hazard EventNLL,mean,-929.9999999999999,0.1019038444055862,group_mean,0.0063501268522239696
ets_unet_hazard_event_nll,ETS-U-Net hazard EventNLL,mean,-919.9999999999999,0.10367898691459165,group_mean,0.00647019293113395
ets_unet_hazard_event_nll,ETS-U-Net hazard EventNLL,mean,-909.9999999999999,0.10762035998654733,group_mean,0.008485176119141628
ets_unet_hazard_event_nll,ETS-U-Net hazard EventNLL,mean,-899.9999999999999,0.11044864620448032,group_mean,0.008987272712713374
ets_unet_hazard_event_nll,ETS-U-Net hazard EventNLL,mean,-889.9999999999999,0.11206612148955841,group_mean,0.009187509082874306
ets_unet_hazard_event_nll,ETS-U-Net hazard EventNLL,mean,-879.9999999999999,0.11330280988732118,group_mean,0.008408574198341304
ets_unet_hazard_event_nll,ETS-U-Net hazard EventNLL,mean,-869.9999999999999,0.11748981600640052,group_mean,0.008357117425149573
ets_unet_hazard_event_nll,ETS-U-Net hazard EventNLL,mean,-859.9999999999999,0.12364395266976298,group_mean,0.008798434737861795
ets_unet_hazard_event_nll,ETS-U-Net hazard EventNLL,mean,-849.9999999999999,0.12873117212597882,group_mean,0.00892861545162714
ets_unet_hazard_event_nll,ETS-U-Net hazard EventNLL,mean,-839.9999999999999,0.1300980135458861,group_mean,0.007957053179220365
ets_unet_hazard_event_nll,ETS-U-Net hazard EventNLL,mean,-829.9999999999999,0.1310588522506237,group_mean,0.007003813842476931
ets_unet_hazard_event_nll,ETS-U-Net hazard EventNLL,mean,-819.9999999999999,0.13204227320853734,group_mean,0.007024597741105238
ets_unet_hazard_event_nll,ETS-U-Net hazard EventNLL,mean,-809.9999999999999,0.13254187052596614,group_mean,0.007569603935318181
ets_unet_hazard_event_nll,ETS-U-Net hazard EventNLL,mean,-799.9999999999998,0.1339037952815753,group_mean,0.008300364220719563
ets_unet_hazard_event_nll,ETS-U-Net hazard EventNLL,mean,-789.9999999999998,0.13662747886164647,group_mean,0.008560672087064748
ets_unet_hazard_event_nll,ETS-U-Net hazard EventNLL,mean,-779.9999999999998,0.1376864916829096,group_mean,0.007762010118400252
ets_unet_hazard_event_nll,ETS-U-Net hazard EventNLL,mean,-769.9999999999998,0.14085757610501265,group_mean,0.006541573586996696
ets_unet_hazard_event_nll,ETS-U-Net hazard EventNLL,mean,-759.9999999999998,0.1458362696378342,group_mean,0.008352126008434943
ets_unet_hazard_event_nll,ETS-U-Net hazard EventNLL,mean,-749.9999999999998,0.1495338087058567,group_mean,0.009459172569129424
ets_unet_hazard_event_nll,ETS-U-Net hazard EventNLL,mean,-739.9999999999998,0.15354696261287262,group_mean,0.008926349350852002
ets_unet_hazard_event_nll,ETS-U-Net hazard EventNLL,mean,-729.9999999999998,0.15825310155301525,group_mean,0.008135158603300446
ets_unet_hazard_event_nll,ETS-U-Net hazard EventNLL,mean,-719.9999999999998,0.1645753519535494,group_mean,0.007927955159548198
ets_unet_hazard_event_nll,ETS-U-Net hazard EventNLL,mean,-709.9999999999998,0.1689706866536898,group_mean,0.008207563849249427
ets_unet_hazard_event_nll,ETS-U-Net hazard EventNLL,mean,-699.9999999999998,0.17532199891861505,group_mean,0.00973311652858789
ets_unet_hazard_event_nll,ETS-U-Net hazard EventNLL,mean,-689.9999999999998,0.18244670342265099,group_mean,0.01111288449603903
ets_unet_hazard_event_nll,ETS-U-Net hazard EventNLL,mean,-679.9999999999998,0.18889197927350462,group_mean,0.009246506933385612
ets_unet_hazard_event_nll,ETS-U-Net hazard EventNLL,mean,-669.9999999999997,0.19255194200085274,group_mean,0.006366674078588989
ets_unet_hazard_event_nll,ETS-U-Net hazard EventNLL,mean,-659.9999999999997,0.19386440643532601,group_mean,0.00541119071135233
ets_unet_hazard_event_nll,ETS-U-Net hazard EventNLL,mean,-649.9999999999997,0.19630141350356403,group_mean,0.00599737849850161
ets_unet_hazard_event_nll,ETS-U-Net hazard EventNLL,mean,-639.9999999999997,0.20060533862746363,group_mean,0.008065487324361268
ets_unet_hazard_event_nll,ETS-U-Net hazard EventNLL,mean,-629.9999999999997,0.2051595619795513,group_mean,0.010343078838791804
ets_unet_hazard_event_nll,ETS-U-Net hazard EventNLL,mean,-619.9999999999997,0.21043007814819523,group_mean,0.009330357540506347
ets_unet_hazard_event_nll,ETS-U-Net hazard EventNLL,mean,-609.9999999999997,0.21686693324036693,group_mean,0.010067494617526027
ets_unet_hazard_event_nll,ETS-U-Net hazard EventNLL,mean,-599.9999999999997,0.2242566063586727,group_mean,0.012691804701848625
ets_unet_hazard_event_nll,ETS-U-Net hazard EventNLL,mean,-589.9999999999997,0.23149544117345683,group_mean,0.014303355353619759
ets_unet_hazard_event_nll,ETS-U-Net hazard EventNLL,mean,-579.9999999999997,0.2374858535908798,group_mean,0.013453295342182424
ets_unet_hazard_event_nll,ETS-U-Net hazard EventNLL,mean,-569.9999999999997,0.2429588021937331,group_mean,0.012038930632366098
ets_unet_hazard_event_nll,ETS-U-Net hazard EventNLL,mean,-559.9999999999997,0.2480199575414314,group_mean,0.011192898196041008
ets_unet_hazard_event_nll,ETS-U-Net hazard EventNLL,mean,-549.9999999999995,0.25371909831646694,group_mean,0.011946308626547962
ets_unet_hazard_event_nll,ETS-U-Net hazard EventNLL,mean,-539.9999999999995,0.2608371927843658,group_mean,0.011854174969716337
ets_unet_hazard_event_nll,ETS-U-Net hazard EventNLL,mean,-529.9999999999995,0.2711297387212344,group_mean,0.011927218493793603
ets_unet_hazard_event_nll,ETS-U-Net hazard EventNLL,mean,-519.9999999999995,0.2818657452976602,group_mean,0.012481851453254953
ets_unet_hazard_event_nll,ETS-U-Net hazard EventNLL,mean,-509.99999999999955,0.28884614512070084,group_mean,0.013075102379326147
ets_unet_hazard_event_nll,ETS-U-Net hazard EventNLL,mean,-499.99999999999955,0.29327530797561147,group_mean,0.012854357241740501
ets_unet_hazard_event_nll,ETS-U-Net hazard EventNLL,mean,-489.99999999999955,0.2974943514200419,group_mean,0.011288395909718795
ets_unet_hazard_event_nll,ETS-U-Net hazard EventNLL,mean,-479.99999999999955,0.30305731526167046,group_mean,0.012513089064703145
ets_unet_hazard_event_nll,ETS-U-Net hazard EventNLL,mean,-469.99999999999955,0.3098186612089404,group_mean,0.0136046599871048
ets_unet_hazard_event_nll,ETS-U-Net hazard EventNLL,mean,-459.99999999999955,0.31474579097493904,group_mean,0.01566883421922729
ets_unet_hazard_event_nll,ETS-U-Net hazard EventNLL,mean,-449.9999999999995,0.3196141899139652,group_mean,0.020318511849550466
ets_unet_hazard_event_nll,ETS-U-Net hazard EventNLL,mean,-439.9999999999995,0.32605661897430055,group_mean,0.021824357479133673
ets_unet_hazard_event_nll,ETS-U-Net hazard EventNLL,mean,-429.9999999999995,0.33264090868707197,group_mean,0.02099207233856461
ets_unet_hazard_event_nll,ETS-U-Net hazard EventNLL,mean,-419.9999999999995,0.3393226744688965,group_mean,0.01760179606911305
ets_unet_hazard_event_nll,ETS-U-Net hazard EventNLL,mean,-409.9999999999995,0.3464695833499408,group_mean,0.016318860119163288
ets_unet_hazard_event_nll,ETS-U-Net hazard EventNLL,mean,-399.9999999999995,0.3530111354947059,group_mean,0.01589215078308576
ets_unet_hazard_event_nll,ETS-U-Net hazard EventNLL,mean,-389.99999999999943,0.35886627490363926,group_mean,0.01589096523072255
ets_unet_hazard_event_nll,ETS-U-Net hazard EventNLL,mean,-379.99999999999943,0.36536047329728893,group_mean,0.01519398429025591
ets_unet_hazard_event_nll,ETS-U-Net hazard EventNLL,mean,-369.99999999999943,0.3721327709118764,group_mean,0.013956198113695209
ets_unet_hazard_event_nll,ETS-U-Net hazard EventNLL,mean,-359.99999999999943,0.3776087283714217,group_mean,0.01373815381092695
ets_unet_hazard_event_nll,ETS-U-Net hazard EventNLL,mean,-349.99999999999943,0.3838962261492873,group_mean,0.014053764136660587
ets_unet_hazard_event_nll,ETS-U-Net hazard EventNLL,mean,-339.99999999999943,0.39017818958802974,group_mean,0.014492122968159596
ets_unet_hazard_event_nll,ETS-U-Net hazard EventNLL,mean,-329.99999999999943,0.3962942447607875,group_mean,0.015049727859034726
ets_unet_hazard_event_nll,ETS-U-Net hazard EventNLL,mean,-319.9999999999994,0.40478470502625585,group_mean,0.0175157310467803
ets_unet_hazard_event_nll,ETS-U-Net hazard EventNLL,mean,-309.9999999999994,0.4147992604532883,group_mean,0.020130923695720667
ets_unet_hazard_event_nll,ETS-U-Net hazard EventNLL,mean,-299.9999999999994,0.4258649708550578,group_mean,0.024084516877932838
ets_unet_hazard_event_nll,ETS-U-Net hazard EventNLL,mean,-289.9999999999994,0.43948540279664383,group_mean,0.027086910433418945
ets_unet_hazard_event_nll,ETS-U-Net hazard EventNLL,mean,-279.9999999999994,0.4560994067740948,group_mean,0.024729240019515108
ets_unet_hazard_event_nll,ETS-U-Net hazard EventNLL,mean,-269.9999999999994,0.4792582760820471,group_mean,0.026010697918725473
ets_unet_hazard_event_nll,ETS-U-Net hazard EventNLL,mean,-259.9999999999993,0.5023379032303664,group_mean,0.03126697667167527
ets_unet_hazard_event_nll,ETS-U-Net hazard EventNLL,mean,-249.99999999999935,0.5206089777285097,group_mean,0.032287408137560536
ets_unet_hazard_event_nll,ETS-U-Net hazard EventNLL,mean,-239.99999999999932,0.5400846680928714,group_mean,0.029967655776417013
ets_unet_hazard_event_nll,ETS-U-Net hazard EventNLL,mean,-229.99999999999932,0.5623795689020308,group_mean,0.0213047865009022
ets_unet_hazard_event_nll,ETS-U-Net hazard EventNLL,mean,-219.99999999999932,0.5891822383182584,group_mean,0.015361274931959795
ets_unet_hazard_event_nll,ETS-U-Net hazard EventNLL,mean,-209.9999999999993,0.6197874771236331,group_mean,0.0175411210616108
ets_unet_hazard_event_nll,ETS-U-Net hazard EventNLL,mean,-199.9999999999993,0.657081276982922,group_mean,0.01969234236785629
ets_unet_hazard_event_nll,ETS-U-Net hazard EventNLL,mean,-189.9999999999993,0.6996781652330356,group_mean,0.02513706545305548
ets_unet_hazard_event_nll,ETS-U-Net hazard EventNLL,mean,-179.99999999999926,0.7481874354353616,group_mean,0.029678664523680235
ets_unet_hazard_event_nll,ETS-U-Net hazard EventNLL,mean,-169.99999999999926,0.8059136930176163,group_mean,0.02858824578834325
ets_unet_hazard_event_nll,ETS-U-Net hazard EventNLL,mean,-159.99999999999926,0.8726835928126601,group_mean,0.028987158586975616
ets_unet_hazard_event_nll,ETS-U-Net hazard EventNLL,mean,-149.99999999999923,0.9430747248432116,group_mean,0.03214028984615462
ets_unet_hazard_event_nll,ETS-U-Net hazard EventNLL,mean,-139.99999999999923,1.023725036067974,group_mean,0.04150701855842529
ets_unet_hazard_event_nll,ETS-U-Net hazard EventNLL,mean,-129.99999999999923,1.1196312179574228,group_mean,0.05855767706929367
ets_unet_hazard_event_nll,ETS-U-Net hazard EventNLL,mean,-119.99999999999922,1.2298406891139408,group_mean,0.06902060256783002
ets_unet_hazard_event_nll,ETS-U-Net hazard EventNLL,mean,-109.9999999999992,1.350535114238188,group_mean,0.07414786588215258
ets_unet_hazard_event_nll,ETS-U-Net hazard EventNLL,mean,-99.9999999999992,1.4757289546164636,group_mean,0.08182585546918783
ets_unet_hazard_event_nll,ETS-U-Net hazard EventNLL,mean,-89.99999999999919,1.616132008822445,group_mean,0.09091099897273978
ets_unet_hazard_event_nll,ETS-U-Net hazard EventNLL,mean,-79.99999999999918,1.7579587541051183,group_mean,0.10442114529330157
ets_unet_hazard_event_nll,ETS-U-Net hazard EventNLL,mean,-69.99999999999918,1.8878944193209322,group_mean,0.13064718657338806
ets_unet_hazard_event_nll,ETS-U-Net hazard EventNLL,mean,-59.99999999999916,1.9988512366227105,group_mean,0.14902554711318297
ets_unet_hazard_event_nll,ETS-U-Net hazard EventNLL,mean,-49.999999999999154,2.0965271034464634,group_mean,0.15922843885520946
ets_unet_hazard_event_nll,ETS-U-Net hazard EventNLL,mean,-39.99999999999915,2.188387917838755,group_mean,0.15388616033596025
ets_unet_hazard_event_nll,ETS-U-Net hazard EventNLL,mean,-29.99999999999914,2.261810635890205,group_mean,0.13399085166800184
ets_unet_hazard_event_nll,ETS-U-Net hazard EventNLL,mean,-19.99999999999913,2.308889173419391,group_mean,0.11579768140008524
ets_unet_hazard_event_nll,ETS-U-Net hazard EventNLL,mean,-9.99999999999912,2.3387405882050807,group_mean,0.097202422522359
ets_unet_hazard_event_nll,ETS-U-Net hazard EventNLL,mean,8.881784197001252e-13,2.3486497865883273,group_mean,0.07769953236059439
ets_unet_hazard_event_nll,ETS-U-Net hazard EventNLL,mean,10.000000000000897,2.330118363030433,group_mean,0.05114579689215264
ets_unet_hazard_event_nll,ETS-U-Net hazard EventNLL,mean,20.000000000000906,2.267769662888734,group_mean,0.03429040462425809
ets_unet_hazard_event_nll,ETS-U-Net hazard EventNLL,mean,30.000000000000917,2.170799917127006,group_mean,0.05352747897139844
ets_unet_hazard_event_nll,ETS-U-Net hazard EventNLL,mean,40.000000000000924,2.050222851381713,group_mean,0.08286344414707346
ets_unet_hazard_event_nll,ETS-U-Net hazard EventNLL,mean,50.00000000000093,1.913550284468979,group_mean,0.10103084696833248
ets_unet_hazard_event_nll,ETS-U-Net hazard EventNLL,mean,60.00000000000094,1.7732887710849092,group_mean,0.10649928058950517
ets_unet_hazard_event_nll,ETS-U-Net hazard EventNLL,mean,70.00000000000095,1.633342017428354,group_mean,0.11246515940646584
ets_unet_hazard_event_nll,ETS-U-Net hazard EventNLL,mean,80.00000000000097,1.5034806591710028,group_mean,0.11438338990088871
ets_unet_hazard_event_nll,ETS-U-Net hazard EventNLL,mean,90.00000000000097,1.3894566394477665,group_mean,0.10687832893256537
ets_unet_hazard_event_nll,ETS-U-Net hazard EventNLL,mean,100.00000000000098,1.2781277869482761,group_mean,0.09397328281403458
ets_unet_hazard_event_nll,ETS-U-Net hazard EventNLL,mean,110.00000000000098,1.1693168233304916,group_mean,0.08247423963994413
ets_unet_hazard_event_nll,ETS-U-Net hazard EventNLL,mean,120.000000000001,1.065742336004926,group_mean,0.07408586497591893
ets_unet_hazard_event_nll,ETS-U-Net hazard EventNLL,mean,130.000000000001,0.9648640306282219,group_mean,0.06496388299755025
ets_unet_hazard_event_nll,ETS-U-Net hazard EventNLL,mean,140.00000000000102,0.8821980580162974,group_mean,0.05650498519180508
ets_unet_hazard_event_nll,ETS-U-Net hazard EventNLL,mean,150.00000000000102,0.8195579173352284,group_mean,0.04939669008659485
ets_unet_hazard_event_nll,ETS-U-Net hazard EventNLL,mean,160.00000000000102,0.7717600178914885,group_mean,0.043967623681632956
ets_unet_hazard_event_nll,ETS-U-Net hazard EventNLL,mean,170.00000000000105,0.733393795473887,group_mean,0.04098107837914691
ets_unet_hazard_event_nll,ETS-U-Net hazard EventNLL,mean,180.00000000000105,0.6971309393138088,group_mean,0.035558155110194584
ets_unet_hazard_event_nll,ETS-U-Net hazard EventNLL,mean,190.00000000000105,0.6619171523322199,group_mean,0.02647524011302187
ets_unet_hazard_event_nll,ETS-U-Net hazard EventNLL,mean,200.00000000000108,0.6292388217113464,group_mean,0.01998124254427155
ets_unet_hazard_event_nll,ETS-U-Net hazard EventNLL,mean,210.00000000000108,0.6002026914564879,group_mean,0.02076029516427455
ets_unet_hazard_event_nll,ETS-U-Net hazard EventNLL,mean,220.00000000000108,0.5708143971807419,group_mean,0.021900969509344156
ets_unet_hazard_event_nll,ETS-U-Net hazard EventNLL,mean,230.00000000000108,0.5434530395233643,group_mean,0.0233839330762375
ets_unet_hazard_event_nll,ETS-U-Net hazard EventNLL,mean,240.0000000000011,0.5198061894008138,group_mean,0.024901705628056003
ets_unet_hazard_event_nll,ETS-U-Net hazard EventNLL,mean,250.0000000000011,0.5015094990508862,group_mean,0.025968856871759677
ets_unet_hazard_event_nll,ETS-U-Net hazard EventNLL,mean,260.00000000000114,0.4903227931495029,group_mean,0.02882370856846663
ets_unet_hazard_event_nll,ETS-U-Net hazard EventNLL,mean,270.00000000000114,0.4780745874550606,group_mean,0.028689550627517185
ets_unet_hazard_event_nll,ETS-U-Net hazard EventNLL,mean,280.00000000000114,0.4635956072391837,group_mean,0.024795415699131764
ets_unet_hazard_event_nll,ETS-U-Net hazard EventNLL,mean,290.00000000000114,0.45093183823040245,group_mean,0.019455503962553668
ets_unet_hazard_event_nll,ETS-U-Net hazard EventNLL,mean,300.00000000000114,0.43827575851262396,group_mean,0.014938651576164459
ets_unet_hazard_event_nll,ETS-U-Net hazard EventNLL,mean,310.00000000000114,0.42795163678534304,group_mean,0.010997308986587859
ets_unet_hazard_event_nll,ETS-U-Net hazard EventNLL,mean,320.0000000000012,0.4184086476644282,group_mean,0.0105008507595161
ets_unet_hazard_event_nll,ETS-U-Net hazard EventNLL,mean,330.0000000000012,0.4105591712483062,group_mean,0.012136344524086717
ets_unet_hazard_event_nll,ETS-U-Net hazard EventNLL,mean,340.0000000000012,0.40523999598529786,group_mean,0.014084768404055155
ets_unet_hazard_event_nll,ETS-U-Net hazard EventNLL,mean,350.0000000000012,0.4030587914762777,group_mean,0.014841577157753184
ets_unet_hazard_event_nll,ETS-U-Net hazard EventNLL,mean,360.0000000000012,0.4027274292012269,group_mean,0.014476836388836052
ets_unet_hazard_event_nll,ETS-U-Net hazard EventNLL,mean,370.0000000000012,0.4035843593369252,group_mean,0.01588585493174571
ets_unet_hazard_event_nll,ETS-U-Net hazard EventNLL,mean,380.00000000000125,0.4030083416045616,group_mean,0.017549450420732818
ets_unet_hazard_event_nll,ETS-U-Net hazard EventNLL,mean,390.00000000000125,0.3979158328513258,group_mean,0.018108372709976835
ets_unet_hazard_event_nll,ETS-U-Net hazard EventNLL,mean,400.00000000000125,0.39372182420017815,group_mean,0.01532094726828689
ets_unet_hazard_event_nll,ETS-U-Net hazard EventNLL,mean,410.00000000000125,0.38906719753045194,group_mean,0.012201822236075268
ets_unet_hazard_event_nll,ETS-U-Net hazard EventNLL,mean,420.00000000000125,0.3835304784168295,group_mean,0.012565407381156305
ets_unet_hazard_event_nll,ETS-U-Net hazard EventNLL,mean,430.00000000000125,0.3768816416934558,group_mean,0.01393606624155254
ets_unet_hazard_event_nll,ETS-U-Net hazard EventNLL,mean,440.00000000000125,0.367701638699905,group_mean,0.015422230760861804
ets_unet_hazard_event_nll,ETS-U-Net hazard EventNLL,mean,450.0000000000013,0.35966503425612073,group_mean,0.017737415960453515
ets_unet_hazard_event_nll,ETS-U-Net hazard EventNLL,mean,460.0000000000013,0.3541074854237981,group_mean,0.01869503214996725
ets_unet_hazard_event_nll,ETS-U-Net hazard EventNLL,mean,470.0000000000013,0.3483978399105569,group_mean,0.016732851017232098
ets_unet_hazard_event_nll,ETS-U-Net hazard EventNLL,mean,480.0000000000013,0.33972130435499354,group_mean,0.014280553713923599
ets_unet_hazard_event_nll,ETS-U-Net hazard EventNLL,mean,490.0000000000013,0.33621723779727,group_mean,0.012593053185771814
ets_unet_hazard_event_nll,ETS-U-Net hazard EventNLL,mean,500.0000000000013,0.3283405153231055,group_mean,0.011664409949589028
ets_unet_hazard_event_nll,ETS-U-Net hazard EventNLL,mean,510.00000000000136,0.32147952073286534,group_mean,0.00993630395711092
ets_unet_hazard_event_nll,ETS-U-Net hazard EventNLL,mean,520.0000000000014,0.31630683357100353,group_mean,0.010244060323554703
ets_unet_hazard_event_nll,ETS-U-Net hazard EventNLL,mean,530.0000000000014,0.31374573065225986,group_mean,0.010224568319433915
ets_unet_hazard_event_nll,ETS-U-Net hazard EventNLL,mean,540.0000000000014,0.31151575863426734,group_mean,0.009565634087176375
ets_unet_hazard_event_nll,ETS-U-Net hazard EventNLL,mean,550.0000000000014,0.30710397018889446,group_mean,0.009170859502906472
ets_unet_hazard_event_nll,ETS-U-Net hazard EventNLL,mean,560.0000000000014,0.3031131396011536,group_mean,0.010599490846250524
ets_unet_hazard_event_nll,ETS-U-Net hazard EventNLL,mean,570.0000000000014,0.29746133847488276,group_mean,0.012524775613554997
ets_unet_hazard_event_nll,ETS-U-Net hazard EventNLL,mean,580.0000000000014,0.2951975837051019,group_mean,0.013468482872305558
ets_unet_hazard_event_nll,ETS-U-Net hazard EventNLL,mean,590.0000000000014,0.29659673632667377,group_mean,0.013709594101995633
ets_unet_hazard_event_nll,ETS-U-Net hazard EventNLL,mean,600.0000000000014,0.2947983505602211,group_mean,0.012682404195716911
ets_unet_hazard_event_nll,ETS-U-Net hazard EventNLL,mean,610.0000000000015,0.2898521700858069,group_mean,0.013826584505482712
ets_unet_hazard_event_nll,ETS-U-Net hazard EventNLL,mean,620.0000000000015,0.287311636192917,group_mean,0.014352527631532353
ets_unet_hazard_event_nll,ETS-U-Net hazard EventNLL,mean,630.0000000000015,0.28491343405909253,group_mean,0.016061895504167804
ets_unet_hazard_event_nll,ETS-U-Net hazard EventNLL,mean,640.0000000000015,0.28113055047517815,group_mean,0.016179528959424767
ets_unet_hazard_event_nll,ETS-U-Net hazard EventNLL,mean,650.0000000000015,0.278190162516746,group_mean,0.016753892028203664
ets_unet_hazard_event_nll,ETS-U-Net hazard EventNLL,mean,660.0000000000015,0.2741276411266279,group_mean,0.018442597853096283
ets_unet_hazard_event_nll,ETS-U-Net hazard EventNLL,mean,670.0000000000015,0.2690130451781928,group_mean,0.020785839691434015
ets_unet_hazard_event_nll,ETS-U-Net hazard EventNLL,mean,680.0000000000015,0.2652781677882805,group_mean,0.022856733688763748
ets_unet_hazard_event_nll,ETS-U-Net hazard EventNLL,mean,690.0000000000015,0.26037995460745367,group_mean,0.021418661819343206
ets_unet_hazard_event_nll,ETS-U-Net hazard EventNLL,mean,700.0000000000015,0.25708255655836076,group_mean,0.017318821535327964
ets_unet_hazard_event_nll,ETS-U-Net hazard EventNLL,mean,710.0000000000015,0.25444671937714747,group_mean,0.013361766314412103
ets_unet_hazard_event_nll,ETS-U-Net hazard EventNLL,mean,720.0000000000015,0.2487868516942307,group_mean,0.01137816165686374
ets_unet_hazard_event_nll,ETS-U-Net hazard EventNLL,mean,730.0000000000016,0.24618583449005663,group_mean,0.009298072470086316
ets_unet_hazard_event_nll,ETS-U-Net hazard EventNLL,mean,740.0000000000016,0.24531940706321254,group_mean,0.00845532148433465
ets_unet_hazard_event_nll,ETS-U-Net hazard EventNLL,mean,750.0000000000016,0.24285639538494008,group_mean,0.00540369561340766
ets_unet_hazard_event_nll,ETS-U-Net hazard EventNLL,mean,760.0000000000016,0.24259447793444683,group_mean,0.0028289443155023767
ets_unet_hazard_event_nll,ETS-U-Net hazard EventNLL,mean,770.0000000000016,0.24265034288043807,group_mean,0.005739671433542143
ets_unet_hazard_event_nll,ETS-U-Net hazard EventNLL,mean,780.0000000000016,0.23777870894279252,group_mean,0.010803037808667917
ets_unet_hazard_event_nll,ETS-U-Net hazard EventNLL,mean,790.0000000000016,0.2348439272863903,group_mean,0.013484474454738483
ets_unet_hazard_event_nll,ETS-U-Net hazard EventNLL,mean,800.0000000000016,0.23135986223463495,group_mean,0.014779726052342202
ets_unet_hazard_event_nll,ETS-U-Net hazard EventNLL,mean,810.0000000000016,0.2351277019336396,group_mean,0.013399363956748836
ets_unet_hazard_event_nll,ETS-U-Net hazard EventNLL,mean,820.0000000000016,0.23627235008728364,group_mean,0.012184789870725072
ets_unet_hazard_event_nll,ETS-U-Net hazard EventNLL,mean,830.0000000000016,0.23611529397831066,group_mean,0.01035730632742881
ets_unet_hazard_event_nll,ETS-U-Net hazard EventNLL,mean,840.0000000000016,0.24127280136482082,group_mean,0.008249321668340012
ets_unet_hazard_event_nll,ETS-U-Net hazard EventNLL,mean,850.0000000000016,0.24211330463339623,group_mean,0.0070307717606169174
ets_unet_hazard_event_nll,ETS-U-Net hazard EventNLL,mean,860.0000000000017,0.23784194580528167,group_mean,0.007442050568632843
ets_unet_hazard_event_nll,ETS-U-Net hazard EventNLL,mean,870.0000000000017,0.2373438451253552,group_mean,0.011538755254093489
ets_unet_hazard_event_nll,ETS-U-Net hazard EventNLL,mean,880.0000000000017,0.23281639744962218,group_mean,0.01480730497259139
ets_unet_hazard_event_nll,ETS-U-Net hazard EventNLL,mean,890.0000000000017,0.23085609130211499,group_mean,0.016212431446359133
ets_unet_hazard_event_nll,ETS-U-Net hazard EventNLL,mean,900.0000000000017,0.23093365108889322,group_mean,0.016687715826203736
ets_unet_hazard_event_nll,ETS-U-Net hazard EventNLL,mean,910.0000000000017,0.2284722934436641,group_mean,0.016462951958635372
ets_unet_hazard_event_nll,ETS-U-Net hazard EventNLL,mean,920.0000000000017,0.2272407544224797,group_mean,0.01685915179648088
ets_unet_hazard_event_nll,ETS-U-Net hazard EventNLL,mean,930.0000000000017,0.2285013616819685,group_mean,0.016977300456488202
ets_unet_hazard_event_nll,ETS-U-Net hazard EventNLL,mean,940.0000000000017,0.2281417290166504,group_mean,0.014250790976893432
ets_unet_hazard_event_nll,ETS-U-Net hazard EventNLL,mean,950.0000000000017,0.23284658465261693,group_mean,0.012524775934018913
ets_unet_hazard_event_nll,ETS-U-Net hazard EventNLL,mean,960.0000000000017,0.23986037488370524,group_mean,0.010478086211160436
ets_unet_hazard_event_nll,ETS-U-Net hazard EventNLL,mean,970.0000000000017,0.24497963838361397,group_mean,0.010345407194040005
ets_unet_hazard_event_nll,ETS-U-Net hazard EventNLL,mean,980.0000000000017,0.24752423523703393,group_mean,0.01197113827243565
ets_unet_hazard_event_nll,ETS-U-Net hazard EventNLL,mean,990.0000000000018,0.2565125925505781,group_mean,0.01415973657966147
ets_unet_hazard_event_nll,ETS-U-Net hazard EventNLL,mean,1000.0000000000018,0.260033442534486,group_mean,0.018822125998229133
ets_unet_time_only,Soft-argmax RT loss,2025,-1000.0,0.1672987560900724,seed,
ets_unet_time_only,Soft-argmax RT loss,2025,-990.0,0.17227597506970063,seed,
ets_unet_time_only,Soft-argmax RT loss,2025,-980.0,0.17460821071232777,seed,
ets_unet_time_only,Soft-argmax RT loss,2025,-970.0,0.1765707159298868,seed,
ets_unet_time_only,Soft-argmax RT loss,2025,-960.0,0.17627379318841452,seed,
ets_unet_time_only,Soft-argmax RT loss,2025,-950.0,0.17683045914106763,seed,
ets_unet_time_only,Soft-argmax RT loss,2025,-940.0,0.18098235441204993,seed,
ets_unet_time_only,Soft-argmax RT loss,2025,-929.9999999999999,0.18595065466470612,seed,
ets_unet_time_only,Soft-argmax RT loss,2025,-919.9999999999999,0.18999366636079404,seed,
ets_unet_time_only,Soft-argmax RT loss,2025,-909.9999999999999,0.1922658423376274,seed,
ets_unet_time_only,Soft-argmax RT loss,2025,-899.9999999999999,0.19314462539728136,seed,
ets_unet_time_only,Soft-argmax RT loss,2025,-889.9999999999999,0.19537547830948027,seed,
ets_unet_time_only,Soft-argmax RT loss,2025,-879.9999999999999,0.19630642903540255,seed,
ets_unet_time_only,Soft-argmax RT loss,2025,-869.9999999999999,0.19845993783620097,seed,
ets_unet_time_only,Soft-argmax RT loss,2025,-859.9999999999999,0.20389019081370713,seed,
ets_unet_time_only,Soft-argmax RT loss,2025,-849.9999999999999,0.20796456078315265,seed,
ets_unet_time_only,Soft-argmax RT loss,2025,-839.9999999999999,0.21169829852806685,seed,
ets_unet_time_only,Soft-argmax RT loss,2025,-829.9999999999999,0.21296256454733026,seed,
ets_unet_time_only,Soft-argmax RT loss,2025,-819.9999999999999,0.2150737955998074,seed,
ets_unet_time_only,Soft-argmax RT loss,2025,-809.9999999999999,0.21776285888034627,seed,
ets_unet_time_only,Soft-argmax RT loss,2025,-799.9999999999998,0.22163273996171282,seed,
ets_unet_time_only,Soft-argmax RT loss,2025,-789.9999999999998,0.22313439999617302,seed,
ets_unet_time_only,Soft-argmax RT loss,2025,-779.9999999999998,0.22513315317410346,seed,
ets_unet_time_only,Soft-argmax RT loss,2025,-769.9999999999998,0.22932726204132536,seed,
ets_unet_time_only,Soft-argmax RT loss,2025,-759.9999999999998,0.23184753931020924,seed,
ets_unet_time_only,Soft-argmax RT loss,2025,-749.9999999999998,0.23362513902394183,seed,
ets_unet_time_only,Soft-argmax RT loss,2025,-739.9999999999998,0.2381767077924036,seed,
ets_unet_time_only,Soft-argmax RT loss,2025,-729.9999999999998,0.24327218164152875,seed,
ets_unet_time_only,Soft-argmax RT loss,2025,-719.9999999999998,0.24746221248667633,seed,
ets_unet_time_only,Soft-argmax RT loss,2025,-709.9999999999998,0.25256447194260956,seed,
ets_unet_time_only,Soft-argmax RT loss,2025,-699.9999999999998,0.25436017554650553,seed,
ets_unet_time_only,Soft-argmax RT loss,2025,-689.9999999999998,0.2582986503269727,seed,
ets_unet_time_only,Soft-argmax RT loss,2025,-679.9999999999998,0.2639795952581032,seed,
ets_unet_time_only,Soft-argmax RT loss,2025,-669.9999999999997,0.2723110623350034,seed,
ets_unet_time_only,Soft-argmax RT loss,2025,-659.9999999999997,0.2775303791615561,seed,
ets_unet_time_only,Soft-argmax RT loss,2025,-649.9999999999997,0.28198246758778234,seed,
ets_unet_time_only,Soft-argmax RT loss,2025,-639.9999999999997,0.2874765264404391,seed,
ets_unet_time_only,Soft-argmax RT loss,2025,-629.9999999999997,0.29469064157997477,seed,
ets_unet_time_only,Soft-argmax RT loss,2025,-619.9999999999997,0.2982103439483536,seed,
ets_unet_time_only,Soft-argmax RT loss,2025,-609.9999999999997,0.3017879402062035,seed,
ets_unet_time_only,Soft-argmax RT loss,2025,-599.9999999999997,0.30893242155176004,seed,
ets_unet_time_only,Soft-argmax RT loss,2025,-589.9999999999997,0.3158952380598186,seed,
ets_unet_time_only,Soft-argmax RT loss,2025,-579.9999999999997,0.3217234559840428,seed,
ets_unet_time_only,Soft-argmax RT loss,2025,-569.9999999999997,0.32716846071672223,seed,
ets_unet_time_only,Soft-argmax RT loss,2025,-559.9999999999997,0.333911624734083,seed,
ets_unet_time_only,Soft-argmax RT loss,2025,-549.9999999999995,0.34148216600633996,seed,
ets_unet_time_only,Soft-argmax RT loss,2025,-539.9999999999995,0.3471629869776503,seed,
ets_unet_time_only,Soft-argmax RT loss,2025,-529.9999999999995,0.35083559950362625,seed,
ets_unet_time_only,Soft-argmax RT loss,2025,-519.9999999999995,0.3551317653596672,seed,
ets_unet_time_only,Soft-argmax RT loss,2025,-509.99999999999955,0.36146963647017677,seed,
ets_unet_time_only,Soft-argmax RT loss,2025,-499.99999999999955,0.36925646041764487,seed,
ets_unet_time_only,Soft-argmax RT loss,2025,-489.99999999999955,0.3767012763123169,seed,
ets_unet_time_only,Soft-argmax RT loss,2025,-479.99999999999955,0.38462071470099457,seed,
ets_unet_time_only,Soft-argmax RT loss,2025,-469.99999999999955,0.3968578332464647,seed,
ets_unet_time_only,Soft-argmax RT loss,2025,-459.99999999999955,0.40956486470659625,seed,
ets_unet_time_only,Soft-argmax RT loss,2025,-449.9999999999995,0.41590916540324296,seed,
ets_unet_time_only,Soft-argmax RT loss,2025,-439.9999999999995,0.42059666062679635,seed,
ets_unet_time_only,Soft-argmax RT loss,2025,-429.9999999999995,0.42237353773544123,seed,
ets_unet_time_only,Soft-argmax RT loss,2025,-419.9999999999995,0.4274967247569174,seed,
ets_unet_time_only,Soft-argmax RT loss,2025,-409.9999999999995,0.4355385127463262,seed,
ets_unet_time_only,Soft-argmax RT loss,2025,-399.9999999999995,0.4458613791506001,seed,
ets_unet_time_only,Soft-argmax RT loss,2025,-389.99999999999943,0.4596569027194585,seed,
ets_unet_time_only,Soft-argmax RT loss,2025,-379.99999999999943,0.4734328905453617,seed,
ets_unet_time_only,Soft-argmax RT loss,2025,-369.99999999999943,0.4840130579544518,seed,
ets_unet_time_only,Soft-argmax RT loss,2025,-359.99999999999943,0.48974781670473616,seed,
ets_unet_time_only,Soft-argmax RT loss,2025,-349.99999999999943,0.49611646616401855,seed,
ets_unet_time_only,Soft-argmax RT loss,2025,-339.99999999999943,0.5062637739038403,seed,
ets_unet_time_only,Soft-argmax RT loss,2025,-329.99999999999943,0.517770482391439,seed,
ets_unet_time_only,Soft-argmax RT loss,2025,-319.9999999999994,0.5325299789865751,seed,
ets_unet_time_only,Soft-argmax RT loss,2025,-309.9999999999994,0.5434910125001271,seed,
ets_unet_time_only,Soft-argmax RT loss,2025,-299.9999999999994,0.558815182395474,seed,
ets_unet_time_only,Soft-argmax RT loss,2025,-289.9999999999994,0.5761004352921669,seed,
ets_unet_time_only,Soft-argmax RT loss,2025,-279.9999999999994,0.5934101914322307,seed,
ets_unet_time_only,Soft-argmax RT loss,2025,-269.9999999999994,0.605125745624156,seed,
ets_unet_time_only,Soft-argmax RT loss,2025,-259.9999999999993,0.6174288555497957,seed,
ets_unet_time_only,Soft-argmax RT loss,2025,-249.99999999999935,0.6316121416271941,seed,
ets_unet_time_only,Soft-argmax RT loss,2025,-239.99999999999932,0.6485438412252797,seed,
ets_unet_time_only,Soft-argmax RT loss,2025,-229.99999999999932,0.6701357608954837,seed,
ets_unet_time_only,Soft-argmax RT loss,2025,-219.99999999999932,0.6919350202240685,seed,
ets_unet_time_only,Soft-argmax RT loss,2025,-209.9999999999993,0.7151816739017641,seed,
ets_unet_time_only,Soft-argmax RT loss,2025,-199.9999999999993,0.7397104591172592,seed,
ets_unet_time_only,Soft-argmax RT loss,2025,-189.9999999999993,0.76331591292415,seed,
ets_unet_time_only,Soft-argmax RT loss,2025,-179.99999999999926,0.7819053852118405,seed,
ets_unet_time_only,Soft-argmax RT loss,2025,-169.99999999999926,0.8014565130628034,seed,
ets_unet_time_only,Soft-argmax RT loss,2025,-159.99999999999926,0.8242738627307085,seed,
ets_unet_time_only,Soft-argmax RT loss,2025,-149.99999999999923,0.8546812817542923,seed,
ets_unet_time_only,Soft-argmax RT loss,2025,-139.99999999999923,0.8843568913101608,seed,
ets_unet_time_only,Soft-argmax RT loss,2025,-129.99999999999923,0.9096943775369549,seed,
ets_unet_time_only,Soft-argmax RT loss,2025,-119.99999999999922,0.9374444285984653,seed,
ets_unet_time_only,Soft-argmax RT loss,2025,-109.9999999999992,0.9670435824563847,seed,
ets_unet_time_only,Soft-argmax RT loss,2025,-99.9999999999992,0.9956384826539838,seed,
ets_unet_time_only,Soft-argmax RT loss,2025,-89.99999999999919,1.0306408373494058,seed,
ets_unet_time_only,Soft-argmax RT loss,2025,-79.99999999999918,1.067608033757399,seed,
ets_unet_time_only,Soft-argmax RT loss,2025,-69.99999999999918,1.10047223888076,seed,
ets_unet_time_only,Soft-argmax RT loss,2025,-59.99999999999916,1.14110552591027,seed,
ets_unet_time_only,Soft-argmax RT loss,2025,-49.999999999999154,1.1829339756811075,seed,
ets_unet_time_only,Soft-argmax RT loss,2025,-39.99999999999915,1.2180634181523642,seed,
ets_unet_time_only,Soft-argmax RT loss,2025,-29.99999999999914,1.2607788590727402,seed,
ets_unet_time_only,Soft-argmax RT loss,2025,-19.99999999999913,1.2950220043621046,seed,
ets_unet_time_only,Soft-argmax RT loss,2025,-9.99999999999912,1.3227328870902257,seed,
ets_unet_time_only,Soft-argmax RT loss,2025,8.881784197001252e-13,1.3520936576158877,seed,
ets_unet_time_only,Soft-argmax RT loss,2025,10.000000000000897,1.37407275570126,seed,
ets_unet_time_only,Soft-argmax RT loss,2025,20.000000000000906,1.3918472778457018,seed,
ets_unet_time_only,Soft-argmax RT loss,2025,30.000000000000917,1.4070920192644993,seed,
ets_unet_time_only,Soft-argmax RT loss,2025,40.000000000000924,1.4145971481044435,seed,
ets_unet_time_only,Soft-argmax RT loss,2025,50.00000000000093,1.41130206688978,seed,
ets_unet_time_only,Soft-argmax RT loss,2025,60.00000000000094,1.3998119629036083,seed,
ets_unet_time_only,Soft-argmax RT loss,2025,70.00000000000095,1.3839454988005175,seed,
ets_unet_time_only,Soft-argmax RT loss,2025,80.00000000000097,1.3683432440780539,seed,
ets_unet_time_only,Soft-argmax RT loss,2025,90.00000000000097,1.3303177353334408,seed,
ets_unet_time_only,Soft-argmax RT loss,2025,100.00000000000098,1.2753233290662183,seed,
ets_unet_time_only,Soft-argmax RT loss,2025,110.00000000000098,1.2265403732356523,seed,
ets_unet_time_only,Soft-argmax RT loss,2025,120.000000000001,1.184322291599884,seed,
ets_unet_time_only,Soft-argmax RT loss,2025,130.000000000001,1.1385280378187341,seed,
ets_unet_time_only,Soft-argmax RT loss,2025,140.00000000000102,1.0923241196266709,seed,
ets_unet_time_only,Soft-argmax RT loss,2025,150.00000000000102,1.0511136507738386,seed,
ets_unet_time_only,Soft-argmax RT loss,2025,160.00000000000102,1.0057187483070358,seed,
ets_unet_time_only,Soft-argmax RT loss,2025,170.00000000000105,0.9593323651792347,seed,
ets_unet_time_only,Soft-argmax RT loss,2025,180.00000000000105,0.9056609106745414,seed,
ets_unet_time_only,Soft-argmax RT loss,2025,190.00000000000105,0.8570527639014042,seed,
ets_unet_time_only,Soft-argmax RT loss,2025,200.00000000000108,0.8112146233452777,seed,
ets_unet_time_only,Soft-argmax RT loss,2025,210.00000000000108,0.7783909976354202,seed,
ets_unet_time_only,Soft-argmax RT loss,2025,220.00000000000108,0.7469320057443014,seed,
ets_unet_time_only,Soft-argmax RT loss,2025,230.00000000000108,0.7126430246373348,seed,
ets_unet_time_only,Soft-argmax RT loss,2025,240.0000000000011,0.6816226798442173,seed,
ets_unet_time_only,Soft-argmax RT loss,2025,250.0000000000011,0.6571560395538276,seed,
ets_unet_time_only,Soft-argmax RT loss,2025,260.00000000000114,0.635978111322729,seed,
ets_unet_time_only,Soft-argmax RT loss,2025,270.00000000000114,0.6166136265544164,seed,
ets_unet_time_only,Soft-argmax RT loss,2025,280.00000000000114,0.6039618585028085,seed,
ets_unet_time_only,Soft-argmax RT loss,2025,290.00000000000114,0.5920340686382642,seed,
ets_unet_time_only,Soft-argmax RT loss,2025,300.00000000000114,0.5750035149254183,seed,
ets_unet_time_only,Soft-argmax RT loss,2025,310.00000000000114,0.5569784352120771,seed,
ets_unet_time_only,Soft-argmax RT loss,2025,320.0000000000012,0.5416911430429219,seed,
ets_unet_time_only,Soft-argmax RT loss,2025,330.0000000000012,0.5278943059181836,seed,
ets_unet_time_only,Soft-argmax RT loss,2025,340.0000000000012,0.514933163589526,seed,
ets_unet_time_only,Soft-argmax RT loss,2025,350.0000000000012,0.5023371335186846,seed,
ets_unet_time_only,Soft-argmax RT loss,2025,360.0000000000012,0.4863431513448759,seed,
ets_unet_time_only,Soft-argmax RT loss,2025,370.0000000000012,0.4742687014498913,seed,
ets_unet_time_only,Soft-argmax RT loss,2025,380.00000000000125,0.4626893728651357,seed,
ets_unet_time_only,Soft-argmax RT loss,2025,390.00000000000125,0.4512897903227947,seed,
ets_unet_time_only,Soft-argmax RT loss,2025,400.00000000000125,0.43971383268297454,seed,
ets_unet_time_only,Soft-argmax RT loss,2025,410.00000000000125,0.428714514298251,seed,
ets_unet_time_only,Soft-argmax RT loss,2025,420.00000000000125,0.4156835311400607,seed,
ets_unet_time_only,Soft-argmax RT loss,2025,430.00000000000125,0.4030439192894265,seed,
ets_unet_time_only,Soft-argmax RT loss,2025,440.00000000000125,0.3961678473247042,seed,
ets_unet_time_only,Soft-argmax RT loss,2025,450.0000000000013,0.38993462792001155,seed,
ets_unet_time_only,Soft-argmax RT loss,2025,460.0000000000013,0.3840567090516412,seed,
ets_unet_time_only,Soft-argmax RT loss,2025,470.0000000000013,0.3755451215490261,seed,
ets_unet_time_only,Soft-argmax RT loss,2025,480.0000000000013,0.368535201052709,seed,
ets_unet_time_only,Soft-argmax RT loss,2025,490.0000000000013,0.3635889499575531,seed,
ets_unet_time_only,Soft-argmax RT loss,2025,500.0000000000013,0.35703050376411827,seed,
ets_unet_time_only,Soft-argmax RT loss,2025,510.00000000000136,0.3511173680686247,seed,
ets_unet_time_only,Soft-argmax RT loss,2025,520.0000000000014,0.34440898974504325,seed,
ets_unet_time_only,Soft-argmax RT loss,2025,530.0000000000014,0.3406808217019165,seed,
ets_unet_time_only,Soft-argmax RT loss,2025,540.0000000000014,0.33736806236508093,seed,
ets_unet_time_only,Soft-argmax RT loss,2025,550.0000000000014,0.33147916980494496,seed,
ets_unet_time_only,Soft-argmax RT loss,2025,560.0000000000014,0.3286310653956976,seed,
ets_unet_time_only,Soft-argmax RT loss,2025,570.0000000000014,0.3283549631723782,seed,
ets_unet_time_only,Soft-argmax RT loss,2025,580.0000000000014,0.32444893245684514,seed,
ets_unet_time_only,Soft-argmax RT loss,2025,590.0000000000014,0.319284686298977,seed,
ets_unet_time_only,Soft-argmax RT loss,2025,600.0000000000014,0.3159838772236809,seed,
ets_unet_time_only,Soft-argmax RT loss,2025,610.0000000000015,0.31458551941088114,seed,
ets_unet_time_only,Soft-argmax RT loss,2025,620.0000000000015,0.31272156980158794,seed,
ets_unet_time_only,Soft-argmax RT loss,2025,630.0000000000015,0.31048192595371843,seed,
ets_unet_time_only,Soft-argmax RT loss,2025,640.0000000000015,0.30891529531083645,seed,
ets_unet_time_only,Soft-argmax RT loss,2025,650.0000000000015,0.3071047169343685,seed,
ets_unet_time_only,Soft-argmax RT loss,2025,660.0000000000015,0.3052814604167308,seed,
ets_unet_time_only,Soft-argmax RT loss,2025,670.0000000000015,0.3055991163576329,seed,
ets_unet_time_only,Soft-argmax RT loss,2025,680.0000000000015,0.305993075191037,seed,
ets_unet_time_only,Soft-argmax RT loss,2025,690.0000000000015,0.30519960839089977,seed,
ets_unet_time_only,Soft-argmax RT loss,2025,700.0000000000015,0.30110740727105945,seed,
ets_unet_time_only,Soft-argmax RT loss,2025,710.0000000000015,0.2972560001830087,seed,
ets_unet_time_only,Soft-argmax RT loss,2025,720.0000000000015,0.2972937258503475,seed,
ets_unet_time_only,Soft-argmax RT loss,2025,730.0000000000016,0.2963964726167438,seed,
ets_unet_time_only,Soft-argmax RT loss,2025,740.0000000000016,0.2978901071015864,seed,
ets_unet_time_only,Soft-argmax RT loss,2025,750.0000000000016,0.2981056146860008,seed,
ets_unet_time_only,Soft-argmax RT loss,2025,760.0000000000016,0.29660273662610315,seed,
ets_unet_time_only,Soft-argmax RT loss,2025,770.0000000000016,0.2910525432918955,seed,
ets_unet_time_only,Soft-argmax RT loss,2025,780.0000000000016,0.29040955740965885,seed,
ets_unet_time_only,Soft-argmax RT loss,2025,790.0000000000016,0.28640529776244394,seed,
ets_unet_time_only,Soft-argmax RT loss,2025,800.0000000000016,0.28759053124268824,seed,
ets_unet_time_only,Soft-argmax RT loss,2025,810.0000000000016,0.28760888722724187,seed,
ets_unet_time_only,Soft-argmax RT loss,2025,820.0000000000016,0.28742512122301916,seed,
ets_unet_time_only,Soft-argmax RT loss,2025,830.0000000000016,0.28783697494859706,seed,
ets_unet_time_only,Soft-argmax RT loss,2025,840.0000000000016,0.2890726320827163,seed,
ets_unet_time_only,Soft-argmax RT loss,2025,850.0000000000016,0.28980913461113594,seed,
ets_unet_time_only,Soft-argmax RT loss,2025,860.0000000000017,0.28960470419221385,seed,
ets_unet_time_only,Soft-argmax RT loss,2025,870.0000000000017,0.28670794162958346,seed,
ets_unet_time_only,Soft-argmax RT loss,2025,880.0000000000017,0.28737602749603136,seed,
ets_unet_time_only,Soft-argmax RT loss,2025,890.0000000000017,0.2896747721318491,seed,
ets_unet_time_only,Soft-argmax RT loss,2025,900.0000000000017,0.29180033785587617,seed,
ets_unet_time_only,Soft-argmax RT loss,2025,910.0000000000017,0.2923903014347671,seed,
ets_unet_time_only,Soft-argmax RT loss,2025,920.0000000000017,0.29315674801202274,seed,
ets_unet_time_only,Soft-argmax RT loss,2025,930.0000000000017,0.29602024829830426,seed,
ets_unet_time_only,Soft-argmax RT loss,2025,940.0000000000017,0.2995217824598826,seed,
ets_unet_time_only,Soft-argmax RT loss,2025,950.0000000000017,0.29878848504814803,seed,
ets_unet_time_only,Soft-argmax RT loss,2025,960.0000000000017,0.29658878298779895,seed,
ets_unet_time_only,Soft-argmax RT loss,2025,970.0000000000017,0.2969693309749654,seed,
ets_unet_time_only,Soft-argmax RT loss,2025,980.0000000000017,0.29690924418013026,seed,
ets_unet_time_only,Soft-argmax RT loss,2025,990.0000000000018,0.2994257583776607,seed,
ets_unet_time_only,Soft-argmax RT loss,2025,1000.0000000000018,0.3019717711990434,seed,
ets_unet_time_only,Soft-argmax RT loss,2026,-1000.0,0.1435231231248018,seed,
ets_unet_time_only,Soft-argmax RT loss,2026,-990.0,0.1453723932413407,seed,
ets_unet_time_only,Soft-argmax RT loss,2026,-980.0,0.1491927712210425,seed,
ets_unet_time_only,Soft-argmax RT loss,2026,-970.0,0.15260054367538367,seed,
ets_unet_time_only,Soft-argmax RT loss,2026,-960.0,0.15369674604535977,seed,
ets_unet_time_only,Soft-argmax RT loss,2026,-950.0,0.15626724617355223,seed,
ets_unet_time_only,Soft-argmax RT loss,2026,-940.0,0.1596004844898656,seed,
ets_unet_time_only,Soft-argmax RT loss,2026,-929.9999999999999,0.16091091912833058,seed,
ets_unet_time_only,Soft-argmax RT loss,2026,-919.9999999999999,0.162068233123334,seed,
ets_unet_time_only,Soft-argmax RT loss,2026,-909.9999999999999,0.1649596469876498,seed,
ets_unet_time_only,Soft-argmax RT loss,2026,-899.9999999999999,0.16698217404055532,seed,
ets_unet_time_only,Soft-argmax RT loss,2026,-889.9999999999999,0.16979386291941045,seed,
ets_unet_time_only,Soft-argmax RT loss,2026,-879.9999999999999,0.17275908955009087,seed,
ets_unet_time_only,Soft-argmax RT loss,2026,-869.9999999999999,0.17618367859857884,seed,
ets_unet_time_only,Soft-argmax RT loss,2026,-859.9999999999999,0.17934265998745716,seed,
ets_unet_time_only,Soft-argmax RT loss,2026,-849.9999999999999,0.1826224493406355,seed,
ets_unet_time_only,Soft-argmax RT loss,2026,-839.9999999999999,0.18486712024639257,seed,
ets_unet_time_only,Soft-argmax RT loss,2026,-829.9999999999999,0.1865293250693939,seed,
ets_unet_time_only,Soft-argmax RT loss,2026,-819.9999999999999,0.18762882960642246,seed,
ets_unet_time_only,Soft-argmax RT loss,2026,-809.9999999999999,0.18860030373277362,seed,
ets_unet_time_only,Soft-argmax RT loss,2026,-799.9999999999998,0.19306099093494067,seed,
ets_unet_time_only,Soft-argmax RT loss,2026,-789.9999999999998,0.19801869687286636,seed,
ets_unet_time_only,Soft-argmax RT loss,2026,-779.9999999999998,0.2021956126419213,seed,
ets_unet_time_only,Soft-argmax RT loss,2026,-769.9999999999998,0.20847044937501477,seed,
ets_unet_time_only,Soft-argmax RT loss,2026,-759.9999999999998,0.2134030160265324,seed,
ets_unet_time_only,Soft-argmax RT loss,2026,-749.9999999999998,0.2172704531962265,seed,
ets_unet_time_only,Soft-argmax RT loss,2026,-739.9999999999998,0.2209697956928838,seed,
ets_unet_time_only,Soft-argmax RT loss,2026,-729.9999999999998,0.22585825711913568,seed,
ets_unet_time_only,Soft-argmax RT loss,2026,-719.9999999999998,0.23183420572541377,seed,
ets_unet_time_only,Soft-argmax RT loss,2026,-709.9999999999998,0.2325176659548549,seed,
ets_unet_time_only,Soft-argmax RT loss,2026,-699.9999999999998,0.23379817730516403,seed,
ets_unet_time_only,Soft-argmax RT loss,2026,-689.9999999999998,0.2381487709998214,seed,
ets_unet_time_only,Soft-argmax RT loss,2026,-679.9999999999998,0.2427648367433457,seed,
ets_unet_time_only,Soft-argmax RT loss,2026,-669.9999999999997,0.24687117623414867,seed,
ets_unet_time_only,Soft-argmax RT loss,2026,-659.9999999999997,0.2520508867349696,seed,
ets_unet_time_only,Soft-argmax RT loss,2026,-649.9999999999997,0.258662102509091,seed,
ets_unet_time_only,Soft-argmax RT loss,2026,-639.9999999999997,0.2623088130606413,seed,
ets_unet_time_only,Soft-argmax RT loss,2026,-629.9999999999997,0.26694302807569575,seed,
ets_unet_time_only,Soft-argmax RT loss,2026,-619.9999999999997,0.2713778848787136,seed,
ets_unet_time_only,Soft-argmax RT loss,2026,-609.9999999999997,0.27739347351959914,seed,
ets_unet_time_only,Soft-argmax RT loss,2026,-599.9999999999997,0.28416623497884536,seed,
ets_unet_time_only,Soft-argmax RT loss,2026,-589.9999999999997,0.29040875003529365,seed,
ets_unet_time_only,Soft-argmax RT loss,2026,-579.9999999999997,0.29699320580517213,seed,
ets_unet_time_only,Soft-argmax RT loss,2026,-569.9999999999997,0.300996158818119,seed,
ets_unet_time_only,Soft-argmax RT loss,2026,-559.9999999999997,0.3043918202861426,seed,
ets_unet_time_only,Soft-argmax RT loss,2026,-549.9999999999995,0.3095210333272129,seed,
ets_unet_time_only,Soft-argmax RT loss,2026,-539.9999999999995,0.3158008570110354,seed,
ets_unet_time_only,Soft-argmax RT loss,2026,-529.9999999999995,0.32284354955762484,seed,
ets_unet_time_only,Soft-argmax RT loss,2026,-519.9999999999995,0.33024450050971743,seed,
ets_unet_time_only,Soft-argmax RT loss,2026,-509.99999999999955,0.3395903342531088,seed,
ets_unet_time_only,Soft-argmax RT loss,2026,-499.99999999999955,0.3484260990942659,seed,
ets_unet_time_only,Soft-argmax RT loss,2026,-489.99999999999955,0.35404043353152637,seed,
ets_unet_time_only,Soft-argmax RT loss,2026,-479.99999999999955,0.36118856918927383,seed,
ets_unet_time_only,Soft-argmax RT loss,2026,-469.99999999999955,0.37117132664307506,seed,
ets_unet_time_only,Soft-argmax RT loss,2026,-459.99999999999955,0.3785127790129121,seed,
ets_unet_time_only,Soft-argmax RT loss,2026,-449.9999999999995,0.3838259341688783,seed,
ets_unet_time_only,Soft-argmax RT loss,2026,-439.9999999999995,0.3930310742999783,seed,
ets_unet_time_only,Soft-argmax RT loss,2026,-429.9999999999995,0.4030637201720871,seed,
ets_unet_time_only,Soft-argmax RT loss,2026,-419.9999999999995,0.41269255922027,seed,
ets_unet_time_only,Soft-argmax RT loss,2026,-409.9999999999995,0.42406216199811914,seed,
ets_unet_time_only,Soft-argmax RT loss,2026,-399.9999999999995,0.4316251634609118,seed,
ets_unet_time_only,Soft-argmax RT loss,2026,-389.99999999999943,0.4399197958433296,seed,
ets_unet_time_only,Soft-argmax RT loss,2026,-379.99999999999943,0.4492396920105005,seed,
ets_unet_time_only,Soft-argmax RT loss,2026,-369.99999999999943,0.46343238998308944,seed,
ets_unet_time_only,Soft-argmax RT loss,2026,-359.99999999999943,0.47952721208890664,seed,
ets_unet_time_only,Soft-argmax RT loss,2026,-349.99999999999943,0.4949676945855867,seed,
ets_unet_time_only,Soft-argmax RT loss,2026,-339.99999999999943,0.5071463666517223,seed,
ets_unet_time_only,Soft-argmax RT loss,2026,-329.99999999999943,0.5197389435697153,seed,
ets_unet_time_only,Soft-argmax RT loss,2026,-319.9999999999994,0.5387573277829274,seed,
ets_unet_time_only,Soft-argmax RT loss,2026,-309.9999999999994,0.557690459266472,seed,
ets_unet_time_only,Soft-argmax RT loss,2026,-299.9999999999994,0.572440157663524,seed,
ets_unet_time_only,Soft-argmax RT loss,2026,-289.9999999999994,0.5886127560560122,seed,
ets_unet_time_only,Soft-argmax RT loss,2026,-279.9999999999994,0.6053006911783383,seed,
ets_unet_time_only,Soft-argmax RT loss,2026,-269.9999999999994,0.6211704085155313,seed,
ets_unet_time_only,Soft-argmax RT loss,2026,-259.9999999999993,0.6430156035000077,seed,
ets_unet_time_only,Soft-argmax RT loss,2026,-249.99999999999935,0.6671283621857833,seed,
ets_unet_time_only,Soft-argmax RT loss,2026,-239.99999999999932,0.6885663273481856,seed,
ets_unet_time_only,Soft-argmax RT loss,2026,-229.99999999999932,0.7108733703983486,seed,
ets_unet_time_only,Soft-argmax RT loss,2026,-219.99999999999932,0.7375088110808838,seed,
ets_unet_time_only,Soft-argmax RT loss,2026,-209.9999999999993,0.7690399752564805,seed,
ets_unet_time_only,Soft-argmax RT loss,2026,-199.9999999999993,0.795896663551085,seed,
ets_unet_time_only,Soft-argmax RT loss,2026,-189.9999999999993,0.8249347430897345,seed,
ets_unet_time_only,Soft-argmax RT loss,2026,-179.99999999999926,0.862628854683819,seed,
ets_unet_time_only,Soft-argmax RT loss,2026,-169.99999999999926,0.8924755457243844,seed,
ets_unet_time_only,Soft-argmax RT loss,2026,-159.99999999999926,0.9265845410560658,seed,
ets_unet_time_only,Soft-argmax RT loss,2026,-149.99999999999923,0.9661867420242866,seed,
ets_unet_time_only,Soft-argmax RT loss,2026,-139.99999999999923,0.9981950723817058,seed,
ets_unet_time_only,Soft-argmax RT loss,2026,-129.99999999999923,1.0198029545805907,seed,
ets_unet_time_only,Soft-argmax RT loss,2026,-119.99999999999922,1.0407858867317978,seed,
ets_unet_time_only,Soft-argmax RT loss,2026,-109.9999999999992,1.0641107770111147,seed,
ets_unet_time_only,Soft-argmax RT loss,2026,-99.9999999999992,1.092232696864562,seed,
ets_unet_time_only,Soft-argmax RT loss,2026,-89.99999999999919,1.124496275755526,seed,
ets_unet_time_only,Soft-argmax RT loss,2026,-79.99999999999918,1.1568986941007604,seed,
ets_unet_time_only,Soft-argmax RT loss,2026,-69.99999999999918,1.1911638658743802,seed,
ets_unet_time_only,Soft-argmax RT loss,2026,-59.99999999999916,1.2288839948365704,seed,
ets_unet_time_only,Soft-argmax RT loss,2026,-49.999999999999154,1.2657385911938863,seed,
ets_unet_time_only,Soft-argmax RT loss,2026,-39.99999999999915,1.3006048313766316,seed,
ets_unet_time_only,Soft-argmax RT loss,2026,-29.99999999999914,1.336745036071085,seed,
ets_unet_time_only,Soft-argmax RT loss,2026,-19.99999999999913,1.379924194666449,seed,
ets_unet_time_only,Soft-argmax RT loss,2026,-9.99999999999912,1.4105006472613641,seed,
ets_unet_time_only,Soft-argmax RT loss,2026,8.881784197001252e-13,1.4406691896194719,seed,
ets_unet_time_only,Soft-argmax RT loss,2026,10.000000000000897,1.4664202710187915,seed,
ets_unet_time_only,Soft-argmax RT loss,2026,20.000000000000906,1.4863147662675193,seed,
ets_unet_time_only,Soft-argmax RT loss,2026,30.000000000000917,1.4859522087047703,seed,
ets_unet_time_only,Soft-argmax RT loss,2026,40.000000000000924,1.4823172530389894,seed,
ets_unet_time_only,Soft-argmax RT loss,2026,50.00000000000093,1.4675663093885354,seed,
ets_unet_time_only,Soft-argmax RT loss,2026,60.00000000000094,1.4369108827274326,seed,
ets_unet_time_only,Soft-argmax RT loss,2026,70.00000000000095,1.3990269104261701,seed,
ets_unet_time_only,Soft-argmax RT loss,2026,80.00000000000097,1.3730871641547386,seed,
ets_unet_time_only,Soft-argmax RT loss,2026,90.00000000000097,1.3332938595251298,seed,
ets_unet_time_only,Soft-argmax RT loss,2026,100.00000000000098,1.2819276114563913,seed,
ets_unet_time_only,Soft-argmax RT loss,2026,110.00000000000098,1.2300514309220023,seed,
ets_unet_time_only,Soft-argmax RT loss,2026,120.000000000001,1.1866171009948803,seed,
ets_unet_time_only,Soft-argmax RT loss,2026,130.000000000001,1.1406037008916214,seed,
ets_unet_time_only,Soft-argmax RT loss,2026,140.00000000000102,1.09543198729846,seed,
ets_unet_time_only,Soft-argmax RT loss,2026,150.00000000000102,1.046755648014653,seed,
ets_unet_time_only,Soft-argmax RT loss,2026,160.00000000000102,0.9917620312745018,seed,
ets_unet_time_only,Soft-argmax RT loss,2026,170.00000000000105,0.9350868025347288,seed,
ets_unet_time_only,Soft-argmax RT loss,2026,180.00000000000105,0.8820581634424811,seed,
ets_unet_time_only,Soft-argmax RT loss,2026,190.00000000000105,0.8345707136352174,seed,
ets_unet_time_only,Soft-argmax RT loss,2026,200.00000000000108,0.7923954731425867,seed,
ets_unet_time_only,Soft-argmax RT loss,2026,210.00000000000108,0.7542297079390479,seed,
ets_unet_time_only,Soft-argmax RT loss,2026,220.00000000000108,0.7302146574270626,seed,
ets_unet_time_only,Soft-argmax RT loss,2026,230.00000000000108,0.7081011206311014,seed,
ets_unet_time_only,Soft-argmax RT loss,2026,240.0000000000011,0.6865718855553531,seed,
ets_unet_time_only,Soft-argmax RT loss,2026,250.0000000000011,0.6621991847178638,seed,
ets_unet_time_only,Soft-argmax RT loss,2026,260.00000000000114,0.6379559524857286,seed,
ets_unet_time_only,Soft-argmax RT loss,2026,270.00000000000114,0.6200677740847096,seed,
ets_unet_time_only,Soft-argmax RT loss,2026,280.00000000000114,0.5985808734308866,seed,
ets_unet_time_only,Soft-argmax RT loss,2026,290.00000000000114,0.5780753726297985,seed,
ets_unet_time_only,Soft-argmax RT loss,2026,300.00000000000114,0.56067211573704,seed,
ets_unet_time_only,Soft-argmax RT loss,2026,310.00000000000114,0.5424910043436797,seed,
ets_unet_time_only,Soft-argmax RT loss,2026,320.0000000000012,0.5242648303916784,seed,
ets_unet_time_only,Soft-argmax RT loss,2026,330.0000000000012,0.5117787726131825,seed,
ets_unet_time_only,Soft-argmax RT loss,2026,340.0000000000012,0.4992313751314796,seed,
ets_unet_time_only,Soft-argmax RT loss,2026,350.0000000000012,0.48640646319321307,seed,
ets_unet_time_only,Soft-argmax RT loss,2026,360.0000000000012,0.47304564313607766,seed,
ets_unet_time_only,Soft-argmax RT loss,2026,370.0000000000012,0.4599009013414747,seed,
ets_unet_time_only,Soft-argmax RT loss,2026,380.00000000000125,0.44596831394573755,seed,
ets_unet_time_only,Soft-argmax RT loss,2026,390.00000000000125,0.4354264144124629,seed,
ets_unet_time_only,Soft-argmax RT loss,2026,400.00000000000125,0.4258280367744562,seed,
ets_unet_time_only,Soft-argmax RT loss,2026,410.00000000000125,0.4148176140885734,seed,
ets_unet_time_only,Soft-argmax RT loss,2026,420.00000000000125,0.4000833489064135,seed,
ets_unet_time_only,Soft-argmax RT loss,2026,430.00000000000125,0.38872973648467135,seed,
ets_unet_time_only,Soft-argmax RT loss,2026,440.00000000000125,0.3802694944489828,seed,
ets_unet_time_only,Soft-argmax RT loss,2026,450.0000000000013,0.37292418497799185,seed,
ets_unet_time_only,Soft-argmax RT loss,2026,460.0000000000013,0.3663191090599248,seed,
ets_unet_time_only,Soft-argmax RT loss,2026,470.0000000000013,0.36272559317439296,seed,
ets_unet_time_only,Soft-argmax RT loss,2026,480.0000000000013,0.3560780182525221,seed,
ets_unet_time_only,Soft-argmax RT loss,2026,490.0000000000013,0.34962440464704797,seed,
ets_unet_time_only,Soft-argmax RT loss,2026,500.0000000000013,0.3448404189907653,seed,
ets_unet_time_only,Soft-argmax RT loss,2026,510.00000000000136,0.3400955406494331,seed,
ets_unet_time_only,Soft-argmax RT loss,2026,520.0000000000014,0.3373533230410835,seed,
ets_unet_time_only,Soft-argmax RT loss,2026,530.0000000000014,0.3352577880625579,seed,
ets_unet_time_only,Soft-argmax RT loss,2026,540.0000000000014,0.3290845435326204,seed,
ets_unet_time_only,Soft-argmax RT loss,2026,550.0000000000014,0.32433666056660576,seed,
ets_unet_time_only,Soft-argmax RT loss,2026,560.0000000000014,0.32443941303243834,seed,
ets_unet_time_only,Soft-argmax RT loss,2026,570.0000000000014,0.3268337116251426,seed,
ets_unet_time_only,Soft-argmax RT loss,2026,580.0000000000014,0.3239312945341055,seed,
ets_unet_time_only,Soft-argmax RT loss,2026,590.0000000000014,0.32044881258328783,seed,
ets_unet_time_only,Soft-argmax RT loss,2026,600.0000000000014,0.31989523738188597,seed,
ets_unet_time_only,Soft-argmax RT loss,2026,610.0000000000015,0.31875542112322597,seed,
ets_unet_time_only,Soft-argmax RT loss,2026,620.0000000000015,0.32022396942551784,seed,
ets_unet_time_only,Soft-argmax RT loss,2026,630.0000000000015,0.31648514150438317,seed,
ets_unet_time_only,Soft-argmax RT loss,2026,640.0000000000015,0.3104040535167566,seed,
ets_unet_time_only,Soft-argmax RT loss,2026,650.0000000000015,0.3072468057927939,seed,
ets_unet_time_only,Soft-argmax RT loss,2026,660.0000000000015,0.3049963035903064,seed,
ets_unet_time_only,Soft-argmax RT loss,2026,670.0000000000015,0.3040654227628836,seed,
ets_unet_time_only,Soft-argmax RT loss,2026,680.0000000000015,0.30533276212618415,seed,
ets_unet_time_only,Soft-argmax RT loss,2026,690.0000000000015,0.3082338358514904,seed,
ets_unet_time_only,Soft-argmax RT loss,2026,700.0000000000015,0.3037917884632029,seed,
ets_unet_time_only,Soft-argmax RT loss,2026,710.0000000000015,0.2999221506000011,seed,
ets_unet_time_only,Soft-argmax RT loss,2026,720.0000000000015,0.2980672501556972,seed,
ets_unet_time_only,Soft-argmax RT loss,2026,730.0000000000016,0.2941644951360881,seed,
ets_unet_time_only,Soft-argmax RT loss,2026,740.0000000000016,0.2924179443983808,seed,
ets_unet_time_only,Soft-argmax RT loss,2026,750.0000000000016,0.29256154905027587,seed,
ets_unet_time_only,Soft-argmax RT loss,2026,760.0000000000016,0.2919041453862301,seed,
ets_unet_time_only,Soft-argmax RT loss,2026,770.0000000000016,0.2912292616794642,seed,
ets_unet_time_only,Soft-argmax RT loss,2026,780.0000000000016,0.29121702137245076,seed,
ets_unet_time_only,Soft-argmax RT loss,2026,790.0000000000016,0.291876406100646,seed,
ets_unet_time_only,Soft-argmax RT loss,2026,800.0000000000016,0.2937485224132088,seed,
ets_unet_time_only,Soft-argmax RT loss,2026,810.0000000000016,0.2967532576284983,seed,
ets_unet_time_only,Soft-argmax RT loss,2026,820.0000000000016,0.2954813828516353,seed,
ets_unet_time_only,Soft-argmax RT loss,2026,830.0000000000016,0.2905604612966458,seed,
ets_unet_time_only,Soft-argmax RT loss,2026,840.0000000000016,0.291754699649831,seed,
ets_unet_time_only,Soft-argmax RT loss,2026,850.0000000000016,0.29100285944989024,seed,
ets_unet_time_only,Soft-argmax RT loss,2026,860.0000000000017,0.2889225412357792,seed,
ets_unet_time_only,Soft-argmax RT loss,2026,870.0000000000017,0.28751499183811174,seed,
ets_unet_time_only,Soft-argmax RT loss,2026,880.0000000000017,0.2887808899638249,seed,
ets_unet_time_only,Soft-argmax RT loss,2026,890.0000000000017,0.2877336756722863,seed,
ets_unet_time_only,Soft-argmax RT loss,2026,900.0000000000017,0.28845377589002746,seed,
ets_unet_time_only,Soft-argmax RT loss,2026,910.0000000000017,0.28595846856234797,seed,
ets_unet_time_only,Soft-argmax RT loss,2026,920.0000000000017,0.28414651982118555,seed,
ets_unet_time_only,Soft-argmax RT loss,2026,930.0000000000017,0.28322650462318505,seed,
ets_unet_time_only,Soft-argmax RT loss,2026,940.0000000000017,0.2836652751486341,seed,
ets_unet_time_only,Soft-argmax RT loss,2026,950.0000000000017,0.2850565762048677,seed,
ets_unet_time_only,Soft-argmax RT loss,2026,960.0000000000017,0.28628468168604526,seed,
ets_unet_time_only,Soft-argmax RT loss,2026,970.0000000000017,0.2891694216009633,seed,
ets_unet_time_only,Soft-argmax RT loss,2026,980.0000000000017,0.2937321367921456,seed,
ets_unet_time_only,Soft-argmax RT loss,2026,990.0000000000018,0.3058711568620646,seed,
ets_unet_time_only,Soft-argmax RT loss,2026,1000.0000000000018,0.3089425382619547,seed,
ets_unet_time_only,Soft-argmax RT loss,2027,-1000.0,0.15272731394176786,seed,
ets_unet_time_only,Soft-argmax RT loss,2027,-990.0,0.15393452077029993,seed,
ets_unet_time_only,Soft-argmax RT loss,2027,-980.0,0.15597638018589147,seed,
ets_unet_time_only,Soft-argmax RT loss,2027,-970.0,0.15789001300047018,seed,
ets_unet_time_only,Soft-argmax RT loss,2027,-960.0,0.15987242827986922,seed,
ets_unet_time_only,Soft-argmax RT loss,2027,-950.0,0.16177581017837758,seed,
ets_unet_time_only,Soft-argmax RT loss,2027,-940.0,0.16441794377909327,seed,
ets_unet_time_only,Soft-argmax RT loss,2027,-929.9999999999999,0.16828657598035338,seed,
ets_unet_time_only,Soft-argmax RT loss,2027,-919.9999999999999,0.17215810893399877,seed,
ets_unet_time_only,Soft-argmax RT loss,2027,-909.9999999999999,0.17324466855875242,seed,
ets_unet_time_only,Soft-argmax RT loss,2027,-899.9999999999999,0.17582265867064625,seed,
ets_unet_time_only,Soft-argmax RT loss,2027,-889.9999999999999,0.17756506224830684,seed,
ets_unet_time_only,Soft-argmax RT loss,2027,-879.9999999999999,0.17781485239700884,seed,
ets_unet_time_only,Soft-argmax RT loss,2027,-869.9999999999999,0.18030986108394897,seed,
ets_unet_time_only,Soft-argmax RT loss,2027,-859.9999999999999,0.181493305165239,seed,
ets_unet_time_only,Soft-argmax RT loss,2027,-849.9999999999999,0.18263249164618744,seed,
ets_unet_time_only,Soft-argmax RT loss,2027,-839.9999999999999,0.18447115186917595,seed,
ets_unet_time_only,Soft-argmax RT loss,2027,-829.9999999999999,0.1870326756737653,seed,
ets_unet_time_only,Soft-argmax RT loss,2027,-819.9999999999999,0.19136242302919915,seed,
ets_unet_time_only,Soft-argmax RT loss,2027,-809.9999999999999,0.19433073409426566,seed,
ets_unet_time_only,Soft-argmax RT loss,2027,-799.9999999999998,0.19687412321431028,seed,
ets_unet_time_only,Soft-argmax RT loss,2027,-789.9999999999998,0.2011497896823344,seed,
ets_unet_time_only,Soft-argmax RT loss,2027,-779.9999999999998,0.20451383965828895,seed,
ets_unet_time_only,Soft-argmax RT loss,2027,-769.9999999999998,0.20834229825057912,seed,
ets_unet_time_only,Soft-argmax RT loss,2027,-759.9999999999998,0.211938679751293,seed,
ets_unet_time_only,Soft-argmax RT loss,2027,-749.9999999999998,0.21487707261780856,seed,
ets_unet_time_only,Soft-argmax RT loss,2027,-739.9999999999998,0.21873125863742368,seed,
ets_unet_time_only,Soft-argmax RT loss,2027,-729.9999999999998,0.22460992946881034,seed,
ets_unet_time_only,Soft-argmax RT loss,2027,-719.9999999999998,0.2282620315670132,seed,
ets_unet_time_only,Soft-argmax RT loss,2027,-709.9999999999998,0.23255750304933565,seed,
ets_unet_time_only,Soft-argmax RT loss,2027,-699.9999999999998,0.23844257742790576,seed,
ets_unet_time_only,Soft-argmax RT loss,2027,-689.9999999999998,0.24339679464757455,seed,
ets_unet_time_only,Soft-argmax RT loss,2027,-679.9999999999998,0.2488280372601502,seed,
ets_unet_time_only,Soft-argmax RT loss,2027,-669.9999999999997,0.2530056232044944,seed,
ets_unet_time_only,Soft-argmax RT loss,2027,-659.9999999999997,0.2570698392727329,seed,
ets_unet_time_only,Soft-argmax RT loss,2027,-649.9999999999997,0.26035975621744445,seed,
ets_unet_time_only,Soft-argmax RT loss,2027,-639.9999999999997,0.26352537563202433,seed,
ets_unet_time_only,Soft-argmax RT loss,2027,-629.9999999999997,0.26718570864103963,seed,
ets_unet_time_only,Soft-argmax RT loss,2027,-619.9999999999997,0.2726199358795899,seed,
ets_unet_time_only,Soft-argmax RT loss,2027,-609.9999999999997,0.2782274206412262,seed,
ets_unet_time_only,Soft-argmax RT loss,2027,-599.9999999999997,0.2829982750112213,seed,
ets_unet_time_only,Soft-argmax RT loss,2027,-589.9999999999997,0.28764422383496924,seed,
ets_unet_time_only,Soft-argmax RT loss,2027,-579.9999999999997,0.29253068414145345,seed,
ets_unet_time_only,Soft-argmax RT loss,2027,-569.9999999999997,0.2990828807282572,seed,
ets_unet_time_only,Soft-argmax RT loss,2027,-559.9999999999997,0.3051654775445078,seed,
ets_unet_time_only,Soft-argmax RT loss,2027,-549.9999999999995,0.3121340182004085,seed,
ets_unet_time_only,Soft-argmax RT loss,2027,-539.9999999999995,0.32024746711104435,seed,
ets_unet_time_only,Soft-argmax RT loss,2027,-529.9999999999995,0.32675638353523284,seed,
ets_unet_time_only,Soft-argmax RT loss,2027,-519.9999999999995,0.33469480980985533,seed,
ets_unet_time_only,Soft-argmax RT loss,2027,-509.99999999999955,0.3436056507923173,seed,
ets_unet_time_only,Soft-argmax RT loss,2027,-499.99999999999955,0.3517799296238294,seed,
ets_unet_time_only,Soft-argmax RT loss,2027,-489.99999999999955,0.3597539880982715,seed,
ets_unet_time_only,Soft-argmax RT loss,2027,-479.99999999999955,0.36839166013032976,seed,
ets_unet_time_only,Soft-argmax RT loss,2027,-469.99999999999955,0.3774350810439239,seed,
ets_unet_time_only,Soft-argmax RT loss,2027,-459.99999999999955,0.3863004350907368,seed,
ets_unet_time_only,Soft-argmax RT loss,2027,-449.9999999999995,0.39279787940627203,seed,
ets_unet_time_only,Soft-argmax RT loss,2027,-439.9999999999995,0.4009430462387938,seed,
ets_unet_time_only,Soft-argmax RT loss,2027,-429.9999999999995,0.4105802926502466,seed,
ets_unet_time_only,Soft-argmax RT loss,2027,-419.9999999999995,0.41948628233189006,seed,
ets_unet_time_only,Soft-argmax RT loss,2027,-409.9999999999995,0.4278460220766008,seed,
ets_unet_time_only,Soft-argmax RT loss,2027,-399.9999999999995,0.4374562277093949,seed,
ets_unet_time_only,Soft-argmax RT loss,2027,-389.99999999999943,0.44884430563574135,seed,
ets_unet_time_only,Soft-argmax RT loss,2027,-379.99999999999943,0.45867925574134555,seed,
ets_unet_time_only,Soft-argmax RT loss,2027,-369.99999999999943,0.46770465610918704,seed,
ets_unet_time_only,Soft-argmax RT loss,2027,-359.99999999999943,0.4795528468553531,seed,
ets_unet_time_only,Soft-argmax RT loss,2027,-349.99999999999943,0.49390938615110186,seed,
ets_unet_time_only,Soft-argmax RT loss,2027,-339.99999999999943,0.5085164319503976,seed,
ets_unet_time_only,Soft-argmax RT loss,2027,-329.99999999999943,0.5249347094639185,seed,
ets_unet_time_only,Soft-argmax RT loss,2027,-319.9999999999994,0.5403402843401598,seed,
ets_unet_time_only,Soft-argmax RT loss,2027,-309.9999999999994,0.5540429884109637,seed,
ets_unet_time_only,Soft-argmax RT loss,2027,-299.9999999999994,0.570394379645537,seed,
ets_unet_time_only,Soft-argmax RT loss,2027,-289.9999999999994,0.5896559798376261,seed,
ets_unet_time_only,Soft-argmax RT loss,2027,-279.9999999999994,0.6083952724087851,seed,
ets_unet_time_only,Soft-argmax RT loss,2027,-269.9999999999994,0.6266947225412539,seed,
ets_unet_time_only,Soft-argmax RT loss,2027,-259.9999999999993,0.6456809186014651,seed,
ets_unet_time_only,Soft-argmax RT loss,2027,-249.99999999999935,0.6664902039680022,seed,
ets_unet_time_only,Soft-argmax RT loss,2027,-239.99999999999932,0.6836924825824346,seed,
ets_unet_time_only,Soft-argmax RT loss,2027,-229.99999999999932,0.7052685843039362,seed,
ets_unet_time_only,Soft-argmax RT loss,2027,-219.99999999999932,0.7297943064022336,seed,
ets_unet_time_only,Soft-argmax RT loss,2027,-209.9999999999993,0.7548549385818956,seed,
ets_unet_time_only,Soft-argmax RT loss,2027,-199.9999999999993,0.7798213282650407,seed,
ets_unet_time_only,Soft-argmax RT loss,2027,-189.9999999999993,0.8030119575097324,seed,
ets_unet_time_only,Soft-argmax RT loss,2027,-179.99999999999926,0.8300166888135575,seed,
ets_unet_time_only,Soft-argmax RT loss,2027,-169.99999999999926,0.8609190667677045,seed,
ets_unet_time_only,Soft-argmax RT loss,2027,-159.99999999999926,0.8929466817976154,seed,
ets_unet_time_only,Soft-argmax RT loss,2027,-149.99999999999923,0.9260582059639745,seed,
ets_unet_time_only,Soft-argmax RT loss,2027,-139.99999999999923,0.960602163605484,seed,
ets_unet_time_only,Soft-argmax RT loss,2027,-129.99999999999923,0.9931840638221587,seed,
ets_unet_time_only,Soft-argmax RT loss,2027,-119.99999999999922,1.0258665368869422,seed,
ets_unet_time_only,Soft-argmax RT loss,2027,-109.9999999999992,1.060155573210612,seed,
ets_unet_time_only,Soft-argmax RT loss,2027,-99.9999999999992,1.0897080542489739,seed,
ets_unet_time_only,Soft-argmax RT loss,2027,-89.99999999999919,1.1237163875305565,seed,
ets_unet_time_only,Soft-argmax RT loss,2027,-79.99999999999918,1.1562452228414097,seed,
ets_unet_time_only,Soft-argmax RT loss,2027,-69.99999999999918,1.1850600804376605,seed,
ets_unet_time_only,Soft-argmax RT loss,2027,-59.99999999999916,1.2184589736270532,seed,
ets_unet_time_only,Soft-argmax RT loss,2027,-49.999999999999154,1.246189291512243,seed,
ets_unet_time_only,Soft-argmax RT loss,2027,-39.99999999999915,1.2720466901351288,seed,
ets_unet_time_only,Soft-argmax RT loss,2027,-29.99999999999914,1.3011285785620117,seed,
ets_unet_time_only,Soft-argmax RT loss,2027,-19.99999999999913,1.3309933995992769,seed,
ets_unet_time_only,Soft-argmax RT loss,2027,-9.99999999999912,1.351308599224574,seed,
ets_unet_time_only,Soft-argmax RT loss,2027,8.881784197001252e-13,1.3645942076297992,seed,
ets_unet_time_only,Soft-argmax RT loss,2027,10.000000000000897,1.3747505485039864,seed,
ets_unet_time_only,Soft-argmax RT loss,2027,20.000000000000906,1.376343981122783,seed,
ets_unet_time_only,Soft-argmax RT loss,2027,30.000000000000917,1.3747369576916455,seed,
ets_unet_time_only,Soft-argmax RT loss,2027,40.000000000000924,1.365242054597688,seed,
ets_unet_time_only,Soft-argmax RT loss,2027,50.00000000000093,1.3415822773348125,seed,
ets_unet_time_only,Soft-argmax RT loss,2027,60.00000000000094,1.3128603176423495,seed,
ets_unet_time_only,Soft-argmax RT loss,2027,70.00000000000095,1.290225032991743,seed,
ets_unet_time_only,Soft-argmax RT loss,2027,80.00000000000097,1.262999402988164,seed,
ets_unet_time_only,Soft-argmax RT loss,2027,90.00000000000097,1.2299303861792559,seed,
ets_unet_time_only,Soft-argmax RT loss,2027,100.00000000000098,1.1922346480330228,seed,
ets_unet_time_only,Soft-argmax RT loss,2027,110.00000000000098,1.1540243735787499,seed,
ets_unet_time_only,Soft-argmax RT loss,2027,120.000000000001,1.1146453957094764,seed,
ets_unet_time_only,Soft-argmax RT loss,2027,130.000000000001,1.0693214082338218,seed,
ets_unet_time_only,Soft-argmax RT loss,2027,140.00000000000102,1.028541015147634,seed,
ets_unet_time_only,Soft-argmax RT loss,2027,150.00000000000102,0.9850925032321423,seed,
ets_unet_time_only,Soft-argmax RT loss,2027,160.00000000000102,0.9443267034460149,seed,
ets_unet_time_only,Soft-argmax RT loss,2027,170.00000000000105,0.9041489783944257,seed,
ets_unet_time_only,Soft-argmax RT loss,2027,180.00000000000105,0.8653552597251079,seed,
ets_unet_time_only,Soft-argmax RT loss,2027,190.00000000000105,0.8324672741445537,seed,
ets_unet_time_only,Soft-argmax RT loss,2027,200.00000000000108,0.8016766996066268,seed,
ets_unet_time_only,Soft-argmax RT loss,2027,210.00000000000108,0.7715806058210342,seed,
ets_unet_time_only,Soft-argmax RT loss,2027,220.00000000000108,0.7458513747190818,seed,
ets_unet_time_only,Soft-argmax RT loss,2027,230.00000000000108,0.7190128735305552,seed,
ets_unet_time_only,Soft-argmax RT loss,2027,240.0000000000011,0.695306865225297,seed,
ets_unet_time_only,Soft-argmax RT loss,2027,250.0000000000011,0.6697930976606975,seed,
ets_unet_time_only,Soft-argmax RT loss,2027,260.00000000000114,0.6463561663340451,seed,
ets_unet_time_only,Soft-argmax RT loss,2027,270.00000000000114,0.6217439905972304,seed,
ets_unet_time_only,Soft-argmax RT loss,2027,280.00000000000114,0.5998867385254825,seed,
ets_unet_time_only,Soft-argmax RT loss,2027,290.00000000000114,0.5819817431728634,seed,
ets_unet_time_only,Soft-argmax RT loss,2027,300.00000000000114,0.5658250026775794,seed,
ets_unet_time_only,Soft-argmax RT loss,2027,310.00000000000114,0.5482089100838736,seed,
ets_unet_time_only,Soft-argmax RT loss,2027,320.0000000000012,0.5308044960882652,seed,
ets_unet_time_only,Soft-argmax RT loss,2027,330.0000000000012,0.515740949894418,seed,
ets_unet_time_only,Soft-argmax RT loss,2027,340.0000000000012,0.5001506024851067,seed,
ets_unet_time_only,Soft-argmax RT loss,2027,350.0000000000012,0.48782477868704444,seed,
ets_unet_time_only,Soft-argmax RT loss,2027,360.0000000000012,0.4767489501851152,seed,
ets_unet_time_only,Soft-argmax RT loss,2027,370.0000000000012,0.4643094497554158,seed,
ets_unet_time_only,Soft-argmax RT loss,2027,380.00000000000125,0.45561254365100157,seed,
ets_unet_time_only,Soft-argmax RT loss,2027,390.00000000000125,0.44818740320511036,seed,
ets_unet_time_only,Soft-argmax RT loss,2027,400.00000000000125,0.43773809165150807,seed,
ets_unet_time_only,Soft-argmax RT loss,2027,410.00000000000125,0.4321441972000148,seed,
ets_unet_time_only,Soft-argmax RT loss,2027,420.00000000000125,0.42420071515277935,seed,
ets_unet_time_only,Soft-argmax RT loss,2027,430.00000000000125,0.4139333874792481,seed,
ets_unet_time_only,Soft-argmax RT loss,2027,440.00000000000125,0.40805382198141193,seed,
ets_unet_time_only,Soft-argmax RT loss,2027,450.0000000000013,0.3995126407934543,seed,
ets_unet_time_only,Soft-argmax RT loss,2027,460.0000000000013,0.38971839204919245,seed,
ets_unet_time_only,Soft-argmax RT loss,2027,470.0000000000013,0.38400445679699535,seed,
ets_unet_time_only,Soft-argmax RT loss,2027,480.0000000000013,0.3789250321549654,seed,
ets_unet_time_only,Soft-argmax RT loss,2027,490.0000000000013,0.3734970432981673,seed,
ets_unet_time_only,Soft-argmax RT loss,2027,500.0000000000013,0.36839808531922386,seed,
ets_unet_time_only,Soft-argmax RT loss,2027,510.00000000000136,0.36150196531899814,seed,
ets_unet_time_only,Soft-argmax RT loss,2027,520.0000000000014,0.354351273495573,seed,
ets_unet_time_only,Soft-argmax RT loss,2027,530.0000000000014,0.34785044065467746,seed,
ets_unet_time_only,Soft-argmax RT loss,2027,540.0000000000014,0.3438737106808034,seed,
ets_unet_time_only,Soft-argmax RT loss,2027,550.0000000000014,0.34005489666620436,seed,
ets_unet_time_only,Soft-argmax RT loss,2027,560.0000000000014,0.3378518985683456,seed,
ets_unet_time_only,Soft-argmax RT loss,2027,570.0000000000014,0.3374756249410553,seed,
ets_unet_time_only,Soft-argmax RT loss,2027,580.0000000000014,0.33766709753525187,seed,
ets_unet_time_only,Soft-argmax RT loss,2027,590.0000000000014,0.3357398661229107,seed,
ets_unet_time_only,Soft-argmax RT loss,2027,600.0000000000014,0.33501221493876243,seed,
ets_unet_time_only,Soft-argmax RT loss,2027,610.0000000000015,0.3335539567264507,seed,
ets_unet_time_only,Soft-argmax RT loss,2027,620.0000000000015,0.32951241391467523,seed,
ets_unet_time_only,Soft-argmax RT loss,2027,630.0000000000015,0.3262513777577646,seed,
ets_unet_time_only,Soft-argmax RT loss,2027,640.0000000000015,0.32513318311876854,seed,
ets_unet_time_only,Soft-argmax RT loss,2027,650.0000000000015,0.31946374329413424,seed,
ets_unet_time_only,Soft-argmax RT loss,2027,660.0000000000015,0.3173866546318378,seed,
ets_unet_time_only,Soft-argmax RT loss,2027,670.0000000000015,0.31662299591335724,seed,
ets_unet_time_only,Soft-argmax RT loss,2027,680.0000000000015,0.3141657003173194,seed,
ets_unet_time_only,Soft-argmax RT loss,2027,690.0000000000015,0.31246942724021937,seed,
ets_unet_time_only,Soft-argmax RT loss,2027,700.0000000000015,0.3116023320330201,seed,
ets_unet_time_only,Soft-argmax RT loss,2027,710.0000000000015,0.3071853414753351,seed,
ets_unet_time_only,Soft-argmax RT loss,2027,720.0000000000015,0.3081071675902345,seed,
ets_unet_time_only,Soft-argmax RT loss,2027,730.0000000000016,0.3091831516444059,seed,
ets_unet_time_only,Soft-argmax RT loss,2027,740.0000000000016,0.30629226904034795,seed,
ets_unet_time_only,Soft-argmax RT loss,2027,750.0000000000016,0.30627059422776476,seed,
ets_unet_time_only,Soft-argmax RT loss,2027,760.0000000000016,0.30459991124762664,seed,
ets_unet_time_only,Soft-argmax RT loss,2027,770.0000000000016,0.30002237272909493,seed,
ets_unet_time_only,Soft-argmax RT loss,2027,780.0000000000016,0.29958193396602023,seed,
ets_unet_time_only,Soft-argmax RT loss,2027,790.0000000000016,0.2999898931168984,seed,
ets_unet_time_only,Soft-argmax RT loss,2027,800.0000000000016,0.30143373521165806,seed,
ets_unet_time_only,Soft-argmax RT loss,2027,810.0000000000016,0.29773346207483686,seed,
ets_unet_time_only,Soft-argmax RT loss,2027,820.0000000000016,0.30047973705713416,seed,
ets_unet_time_only,Soft-argmax RT loss,2027,830.0000000000016,0.3058561345669459,seed,
ets_unet_time_only,Soft-argmax RT loss,2027,840.0000000000016,0.31124275515960326,seed,
ets_unet_time_only,Soft-argmax RT loss,2027,850.0000000000016,0.31374779019628274,seed,
ets_unet_time_only,Soft-argmax RT loss,2027,860.0000000000017,0.31065975084898895,seed,
ets_unet_time_only,Soft-argmax RT loss,2027,870.0000000000017,0.31037673103571906,seed,
ets_unet_time_only,Soft-argmax RT loss,2027,880.0000000000017,0.3148043949764585,seed,
ets_unet_time_only,Soft-argmax RT loss,2027,890.0000000000017,0.322107309242912,seed,
ets_unet_time_only,Soft-argmax RT loss,2027,900.0000000000017,0.3225574046484059,seed,
ets_unet_time_only,Soft-argmax RT loss,2027,910.0000000000017,0.32040129869643424,seed,
ets_unet_time_only,Soft-argmax RT loss,2027,920.0000000000017,0.316097326018713,seed,
ets_unet_time_only,Soft-argmax RT loss,2027,930.0000000000017,0.3124117640510123,seed,
ets_unet_time_only,Soft-argmax RT loss,2027,940.0000000000017,0.312830967615291,seed,
ets_unet_time_only,Soft-argmax RT loss,2027,950.0000000000017,0.30861612328792376,seed,
ets_unet_time_only,Soft-argmax RT loss,2027,960.0000000000017,0.3017025948678155,seed,
ets_unet_time_only,Soft-argmax RT loss,2027,970.0000000000017,0.30476560617879905,seed,
ets_unet_time_only,Soft-argmax RT loss,2027,980.0000000000017,0.30948663808365984,seed,
ets_unet_time_only,Soft-argmax RT loss,2027,990.0000000000018,0.31415935390570615,seed,
ets_unet_time_only,Soft-argmax RT loss,2027,1000.0000000000018,0.3229683645031075,seed,
ets_unet_time_only,Soft-argmax RT loss,2028,-1000.0,0.16456080387835548,seed,
ets_unet_time_only,Soft-argmax RT loss,2028,-990.0,0.16627513625217782,seed,
ets_unet_time_only,Soft-argmax RT loss,2028,-980.0,0.16675768573854627,seed,
ets_unet_time_only,Soft-argmax RT loss,2028,-970.0,0.1688854735387794,seed,
ets_unet_time_only,Soft-argmax RT loss,2028,-960.0,0.17136472868425662,seed,
ets_unet_time_only,Soft-argmax RT loss,2028,-950.0,0.1740257216006645,seed,
ets_unet_time_only,Soft-argmax RT loss,2028,-940.0,0.17856186900940918,seed,
ets_unet_time_only,Soft-argmax RT loss,2028,-929.9999999999999,0.18144389592314802,seed,
ets_unet_time_only,Soft-argmax RT loss,2028,-919.9999999999999,0.18555602322774606,seed,
ets_unet_time_only,Soft-argmax RT loss,2028,-909.9999999999999,0.18955983443042057,seed,
ets_unet_time_only,Soft-argmax RT loss,2028,-899.9999999999999,0.1925230679169396,seed,
ets_unet_time_only,Soft-argmax RT loss,2028,-889.9999999999999,0.1951224949160664,seed,
ets_unet_time_only,Soft-argmax RT loss,2028,-879.9999999999999,0.19597297381867787,seed,
ets_unet_time_only,Soft-argmax RT loss,2028,-869.9999999999999,0.19745606245182032,seed,
ets_unet_time_only,Soft-argmax RT loss,2028,-859.9999999999999,0.19962856836816956,seed,
ets_unet_time_only,Soft-argmax RT loss,2028,-849.9999999999999,0.2015385083343928,seed,
ets_unet_time_only,Soft-argmax RT loss,2028,-839.9999999999999,0.2043075241660136,seed,
ets_unet_time_only,Soft-argmax RT loss,2028,-829.9999999999999,0.20575176084846325,seed,
ets_unet_time_only,Soft-argmax RT loss,2028,-819.9999999999999,0.2075623130372623,seed,
ets_unet_time_only,Soft-argmax RT loss,2028,-809.9999999999999,0.21163753648737865,seed,
ets_unet_time_only,Soft-argmax RT loss,2028,-799.9999999999998,0.21593648043350136,seed,
ets_unet_time_only,Soft-argmax RT loss,2028,-789.9999999999998,0.21910543064547866,seed,
ets_unet_time_only,Soft-argmax RT loss,2028,-779.9999999999998,0.2204304854182688,seed,
ets_unet_time_only,Soft-argmax RT loss,2028,-769.9999999999998,0.22394583501329585,seed,
ets_unet_time_only,Soft-argmax RT loss,2028,-759.9999999999998,0.22622438079469764,seed,
ets_unet_time_only,Soft-argmax RT loss,2028,-749.9999999999998,0.2291455059781063,seed,
ets_unet_time_only,Soft-argmax RT loss,2028,-739.9999999999998,0.23286829483368432,seed,
ets_unet_time_only,Soft-argmax RT loss,2028,-729.9999999999998,0.23762829788944562,seed,
ets_unet_time_only,Soft-argmax RT loss,2028,-719.9999999999998,0.2414442645758356,seed,
ets_unet_time_only,Soft-argmax RT loss,2028,-709.9999999999998,0.2446014552637553,seed,
ets_unet_time_only,Soft-argmax RT loss,2028,-699.9999999999998,0.24689513773262137,seed,
ets_unet_time_only,Soft-argmax RT loss,2028,-689.9999999999998,0.24990806062556076,seed,
ets_unet_time_only,Soft-argmax RT loss,2028,-679.9999999999998,0.254104503670099,seed,
ets_unet_time_only,Soft-argmax RT loss,2028,-669.9999999999997,0.25905740868851196,seed,
ets_unet_time_only,Soft-argmax RT loss,2028,-659.9999999999997,0.2647174875143291,seed,
ets_unet_time_only,Soft-argmax RT loss,2028,-649.9999999999997,0.26849653850697275,seed,
ets_unet_time_only,Soft-argmax RT loss,2028,-639.9999999999997,0.27201128374998634,seed,
ets_unet_time_only,Soft-argmax RT loss,2028,-629.9999999999997,0.2785904230137947,seed,
ets_unet_time_only,Soft-argmax RT loss,2028,-619.9999999999997,0.2867301696302402,seed,
ets_unet_time_only,Soft-argmax RT loss,2028,-609.9999999999997,0.2938973411919938,seed,
ets_unet_time_only,Soft-argmax RT loss,2028,-599.9999999999997,0.29962295290841734,seed,
ets_unet_time_only,Soft-argmax RT loss,2028,-589.9999999999997,0.30608917431375027,seed,
ets_unet_time_only,Soft-argmax RT loss,2028,-579.9999999999997,0.31060868890272003,seed,
ets_unet_time_only,Soft-argmax RT loss,2028,-569.9999999999997,0.31577807808621705,seed,
ets_unet_time_only,Soft-argmax RT loss,2028,-559.9999999999997,0.3197804693820131,seed,
ets_unet_time_only,Soft-argmax RT loss,2028,-549.9999999999995,0.32435531598041273,seed,
ets_unet_time_only,Soft-argmax RT loss,2028,-539.9999999999995,0.3314061511271157,seed,
ets_unet_time_only,Soft-argmax RT loss,2028,-529.9999999999995,0.3357054772461631,seed,
ets_unet_time_only,Soft-argmax RT loss,2028,-519.9999999999995,0.34212134322417803,seed,
ets_unet_time_only,Soft-argmax RT loss,2028,-509.99999999999955,0.3510255229752905,seed,
ets_unet_time_only,Soft-argmax RT loss,2028,-499.99999999999955,0.35897873173289174,seed,
ets_unet_time_only,Soft-argmax RT loss,2028,-489.99999999999955,0.3677962962806939,seed,
ets_unet_time_only,Soft-argmax RT loss,2028,-479.99999999999955,0.37634614962404533,seed,
ets_unet_time_only,Soft-argmax RT loss,2028,-469.99999999999955,0.38593102744765956,seed,
ets_unet_time_only,Soft-argmax RT loss,2028,-459.99999999999955,0.3931539975278229,seed,
ets_unet_time_only,Soft-argmax RT loss,2028,-449.9999999999995,0.4003852406802096,seed,
ets_unet_time_only,Soft-argmax RT loss,2028,-439.9999999999995,0.40790296924800035,seed,
ets_unet_time_only,Soft-argmax RT loss,2028,-429.9999999999995,0.4143269273769545,seed,
ets_unet_time_only,Soft-argmax RT loss,2028,-419.9999999999995,0.4259780466110868,seed,
ets_unet_time_only,Soft-argmax RT loss,2028,-409.9999999999995,0.43589741866243503,seed,
ets_unet_time_only,Soft-argmax RT loss,2028,-399.9999999999995,0.4476442518549031,seed,
ets_unet_time_only,Soft-argmax RT loss,2028,-389.99999999999943,0.4597216093139989,seed,
ets_unet_time_only,Soft-argmax RT loss,2028,-379.99999999999943,0.4659958493856046,seed,
ets_unet_time_only,Soft-argmax RT loss,2028,-369.99999999999943,0.4768361042763329,seed,
ets_unet_time_only,Soft-argmax RT loss,2028,-359.99999999999943,0.48845795576920975,seed,
ets_unet_time_only,Soft-argmax RT loss,2028,-349.99999999999943,0.5019815330020884,seed,
ets_unet_time_only,Soft-argmax RT loss,2028,-339.99999999999943,0.5122319004821395,seed,
ets_unet_time_only,Soft-argmax RT loss,2028,-329.99999999999943,0.5221623283411967,seed,
ets_unet_time_only,Soft-argmax RT loss,2028,-319.9999999999994,0.5352074657350323,seed,
ets_unet_time_only,Soft-argmax RT loss,2028,-309.9999999999994,0.5505410462958954,seed,
ets_unet_time_only,Soft-argmax RT loss,2028,-299.9999999999994,0.5684975100597316,seed,
ets_unet_time_only,Soft-argmax RT loss,2028,-289.9999999999994,0.5847855327360822,seed,
ets_unet_time_only,Soft-argmax RT loss,2028,-279.9999999999994,0.602122167747252,seed,
ets_unet_time_only,Soft-argmax RT loss,2028,-269.9999999999994,0.6170416923565054,seed,
ets_unet_time_only,Soft-argmax RT loss,2028,-259.9999999999993,0.6317550538934413,seed,
ets_unet_time_only,Soft-argmax RT loss,2028,-249.99999999999935,0.6477510394384806,seed,
ets_unet_time_only,Soft-argmax RT loss,2028,-239.99999999999932,0.6632545618281435,seed,
ets_unet_time_only,Soft-argmax RT loss,2028,-229.99999999999932,0.684225478164134,seed,
ets_unet_time_only,Soft-argmax RT loss,2028,-219.99999999999932,0.7056598043756497,seed,
ets_unet_time_only,Soft-argmax RT loss,2028,-209.9999999999993,0.7240218341017779,seed,
ets_unet_time_only,Soft-argmax RT loss,2028,-199.9999999999993,0.7414136242468178,seed,
ets_unet_time_only,Soft-argmax RT loss,2028,-189.9999999999993,0.7626600270581527,seed,
ets_unet_time_only,Soft-argmax RT loss,2028,-179.99999999999926,0.7865003721887256,seed,
ets_unet_time_only,Soft-argmax RT loss,2028,-169.99999999999926,0.8070851279973709,seed,
ets_unet_time_only,Soft-argmax RT loss,2028,-159.99999999999926,0.8260464481205667,seed,
ets_unet_time_only,Soft-argmax RT loss,2028,-149.99999999999923,0.8545074113591522,seed,
ets_unet_time_only,Soft-argmax RT loss,2028,-139.99999999999923,0.8860251254112488,seed,
ets_unet_time_only,Soft-argmax RT loss,2028,-129.99999999999923,0.9163752329941427,seed,
ets_unet_time_only,Soft-argmax RT loss,2028,-119.99999999999922,0.9467115510397673,seed,
ets_unet_time_only,Soft-argmax RT loss,2028,-109.9999999999992,0.9731668299268998,seed,
ets_unet_time_only,Soft-argmax RT loss,2028,-99.9999999999992,1.0014097117058938,seed,
ets_unet_time_only,Soft-argmax RT loss,2028,-89.99999999999919,1.0324890186719546,seed,
ets_unet_time_only,Soft-argmax RT loss,2028,-79.99999999999918,1.0576882451976442,seed,
ets_unet_time_only,Soft-argmax RT loss,2028,-69.99999999999918,1.0914752532054175,seed,
ets_unet_time_only,Soft-argmax RT loss,2028,-59.99999999999916,1.1322097192459954,seed,
ets_unet_time_only,Soft-argmax RT loss,2028,-49.999999999999154,1.1739206348448976,seed,
ets_unet_time_only,Soft-argmax RT loss,2028,-39.99999999999915,1.2136477318399332,seed,
ets_unet_time_only,Soft-argmax RT loss,2028,-29.99999999999914,1.2532799247517625,seed,
ets_unet_time_only,Soft-argmax RT loss,2028,-19.99999999999913,1.2953771423841554,seed,
ets_unet_time_only,Soft-argmax RT loss,2028,-9.99999999999912,1.3262338978886339,seed,
ets_unet_time_only,Soft-argmax RT loss,2028,8.881784197001252e-13,1.353434535071259,seed,
ets_unet_time_only,Soft-argmax RT loss,2028,10.000000000000897,1.3713992983145447,seed,
ets_unet_time_only,Soft-argmax RT loss,2028,20.000000000000906,1.3838651654478256,seed,
ets_unet_time_only,Soft-argmax RT loss,2028,30.000000000000917,1.3791102942877513,seed,
ets_unet_time_only,Soft-argmax RT loss,2028,40.000000000000924,1.3595699736895461,seed,
ets_unet_time_only,Soft-argmax RT loss,2028,50.00000000000093,1.3246730310904282,seed,
ets_unet_time_only,Soft-argmax RT loss,2028,60.00000000000094,1.2944125951928183,seed,
ets_unet_time_only,Soft-argmax RT loss,2028,70.00000000000095,1.2478500344366648,seed,
ets_unet_time_only,Soft-argmax RT loss,2028,80.00000000000097,1.1990790913087788,seed,
ets_unet_time_only,Soft-argmax RT loss,2028,90.00000000000097,1.1392256908381224,seed,
ets_unet_time_only,Soft-argmax RT loss,2028,100.00000000000098,1.083689923515272,seed,
ets_unet_time_only,Soft-argmax RT loss,2028,110.00000000000098,1.0385589926002472,seed,
ets_unet_time_only,Soft-argmax RT loss,2028,120.000000000001,0.9984967904643868,seed,
ets_unet_time_only,Soft-argmax RT loss,2028,130.000000000001,0.9582035966580073,seed,
ets_unet_time_only,Soft-argmax RT loss,2028,140.00000000000102,0.925950527738898,seed,
ets_unet_time_only,Soft-argmax RT loss,2028,150.00000000000102,0.9006710538546464,seed,
ets_unet_time_only,Soft-argmax RT loss,2028,160.00000000000102,0.8801215965021273,seed,
ets_unet_time_only,Soft-argmax RT loss,2028,170.00000000000105,0.8520866281522553,seed,
ets_unet_time_only,Soft-argmax RT loss,2028,180.00000000000105,0.8289743665238999,seed,
ets_unet_time_only,Soft-argmax RT loss,2028,190.00000000000105,0.8095431041422116,seed,
ets_unet_time_only,Soft-argmax RT loss,2028,200.00000000000108,0.7882868693241727,seed,
ets_unet_time_only,Soft-argmax RT loss,2028,210.00000000000108,0.7728341130927971,seed,
ets_unet_time_only,Soft-argmax RT loss,2028,220.00000000000108,0.754943735457245,seed,
ets_unet_time_only,Soft-argmax RT loss,2028,230.00000000000108,0.7365119008024381,seed,
ets_unet_time_only,Soft-argmax RT loss,2028,240.0000000000011,0.71972383919414,seed,
ets_unet_time_only,Soft-argmax RT loss,2028,250.0000000000011,0.7029736183096584,seed,
ets_unet_time_only,Soft-argmax RT loss,2028,260.00000000000114,0.6825342909672487,seed,
ets_unet_time_only,Soft-argmax RT loss,2028,270.00000000000114,0.6580743118844664,seed,
ets_unet_time_only,Soft-argmax RT loss,2028,280.00000000000114,0.634418825762879,seed,
ets_unet_time_only,Soft-argmax RT loss,2028,290.00000000000114,0.6168807277604743,seed,
ets_unet_time_only,Soft-argmax RT loss,2028,300.00000000000114,0.5935882888129571,seed,
ets_unet_time_only,Soft-argmax RT loss,2028,310.00000000000114,0.5689271552883893,seed,
ets_unet_time_only,Soft-argmax RT loss,2028,320.0000000000012,0.5497636848040588,seed,
ets_unet_time_only,Soft-argmax RT loss,2028,330.0000000000012,0.5353758045076693,seed,
ets_unet_time_only,Soft-argmax RT loss,2028,340.0000000000012,0.5227705145202883,seed,
ets_unet_time_only,Soft-argmax RT loss,2028,350.0000000000012,0.5117372183177259,seed,
ets_unet_time_only,Soft-argmax RT loss,2028,360.0000000000012,0.49912236601790616,seed,
ets_unet_time_only,Soft-argmax RT loss,2028,370.0000000000012,0.486092205928246,seed,
ets_unet_time_only,Soft-argmax RT loss,2028,380.00000000000125,0.47487923871109244,seed,
ets_unet_time_only,Soft-argmax RT loss,2028,390.00000000000125,0.46543255128271843,seed,
ets_unet_time_only,Soft-argmax RT loss,2028,400.00000000000125,0.45392536738704126,seed,
ets_unet_time_only,Soft-argmax RT loss,2028,410.00000000000125,0.44295237203319904,seed,
ets_unet_time_only,Soft-argmax RT loss,2028,420.00000000000125,0.4347855002003565,seed,
ets_unet_time_only,Soft-argmax RT loss,2028,430.00000000000125,0.4271536707374561,seed,
ets_unet_time_only,Soft-argmax RT loss,2028,440.00000000000125,0.4241935474112684,seed,
ets_unet_time_only,Soft-argmax RT loss,2028,450.0000000000013,0.4201924064311798,seed,
ets_unet_time_only,Soft-argmax RT loss,2028,460.0000000000013,0.41424416924972096,seed,
ets_unet_time_only,Soft-argmax RT loss,2028,470.0000000000013,0.4106467527184478,seed,
ets_unet_time_only,Soft-argmax RT loss,2028,480.0000000000013,0.40612880609827234,seed,
ets_unet_time_only,Soft-argmax RT loss,2028,490.0000000000013,0.4005040819293708,seed,
ets_unet_time_only,Soft-argmax RT loss,2028,500.0000000000013,0.3961282349981258,seed,
ets_unet_time_only,Soft-argmax RT loss,2028,510.00000000000136,0.38843056582902824,seed,
ets_unet_time_only,Soft-argmax RT loss,2028,520.0000000000014,0.38257971427913406,seed,
ets_unet_time_only,Soft-argmax RT loss,2028,530.0000000000014,0.3772760414852537,seed,
ets_unet_time_only,Soft-argmax RT loss,2028,540.0000000000014,0.37520740555973736,seed,
ets_unet_time_only,Soft-argmax RT loss,2028,550.0000000000014,0.37156338110557485,seed,
ets_unet_time_only,Soft-argmax RT loss,2028,560.0000000000014,0.368542086373985,seed,
ets_unet_time_only,Soft-argmax RT loss,2028,570.0000000000014,0.36683610860253857,seed,
ets_unet_time_only,Soft-argmax RT loss,2028,580.0000000000014,0.3668499260992543,seed,
ets_unet_time_only,Soft-argmax RT loss,2028,590.0000000000014,0.36509726584618674,seed,
ets_unet_time_only,Soft-argmax RT loss,2028,600.0000000000014,0.3678330007607675,seed,
ets_unet_time_only,Soft-argmax RT loss,2028,610.0000000000015,0.37020545079576456,seed,
ets_unet_time_only,Soft-argmax RT loss,2028,620.0000000000015,0.3678178372357903,seed,
ets_unet_time_only,Soft-argmax RT loss,2028,630.0000000000015,0.36477784285169057,seed,
ets_unet_time_only,Soft-argmax RT loss,2028,640.0000000000015,0.3645656101618829,seed,
ets_unet_time_only,Soft-argmax RT loss,2028,650.0000000000015,0.3581822437684763,seed,
ets_unet_time_only,Soft-argmax RT loss,2028,660.0000000000015,0.3571054475681515,seed,
ets_unet_time_only,Soft-argmax RT loss,2028,670.0000000000015,0.3557686208787552,seed,
ets_unet_time_only,Soft-argmax RT loss,2028,680.0000000000015,0.34983528828470345,seed,
ets_unet_time_only,Soft-argmax RT loss,2028,690.0000000000015,0.34816306069091857,seed,
ets_unet_time_only,Soft-argmax RT loss,2028,700.0000000000015,0.34808425437804946,seed,
ets_unet_time_only,Soft-argmax RT loss,2028,710.0000000000015,0.34470540453463755,seed,
ets_unet_time_only,Soft-argmax RT loss,2028,720.0000000000015,0.34736026426395283,seed,
ets_unet_time_only,Soft-argmax RT loss,2028,730.0000000000016,0.346804908275687,seed,
ets_unet_time_only,Soft-argmax RT loss,2028,740.0000000000016,0.3469697885063172,seed,
ets_unet_time_only,Soft-argmax RT loss,2028,750.0000000000016,0.34697493615286096,seed,
ets_unet_time_only,Soft-argmax RT loss,2028,760.0000000000016,0.34710456082785834,seed,
ets_unet_time_only,Soft-argmax RT loss,2028,770.0000000000016,0.34376179443232024,seed,
ets_unet_time_only,Soft-argmax RT loss,2028,780.0000000000016,0.3422761530628225,seed,
ets_unet_time_only,Soft-argmax RT loss,2028,790.0000000000016,0.34091287347234217,seed,
ets_unet_time_only,Soft-argmax RT loss,2028,800.0000000000016,0.34382690702074953,seed,
ets_unet_time_only,Soft-argmax RT loss,2028,810.0000000000016,0.34374631399166056,seed,
ets_unet_time_only,Soft-argmax RT loss,2028,820.0000000000016,0.3479544765695862,seed,
ets_unet_time_only,Soft-argmax RT loss,2028,830.0000000000016,0.34990502563582093,seed,
ets_unet_time_only,Soft-argmax RT loss,2028,840.0000000000016,0.3516866840265301,seed,
ets_unet_time_only,Soft-argmax RT loss,2028,850.0000000000016,0.35186546958324894,seed,
ets_unet_time_only,Soft-argmax RT loss,2028,860.0000000000017,0.3507147999358417,seed,
ets_unet_time_only,Soft-argmax RT loss,2028,870.0000000000017,0.3515797047059142,seed,
ets_unet_time_only,Soft-argmax RT loss,2028,880.0000000000017,0.35629094473121886,seed,
ets_unet_time_only,Soft-argmax RT loss,2028,890.0000000000017,0.36145083661328214,seed,
ets_unet_time_only,Soft-argmax RT loss,2028,900.0000000000017,0.36060294990221275,seed,
ets_unet_time_only,Soft-argmax RT loss,2028,910.0000000000017,0.3661266839955559,seed,
ets_unet_time_only,Soft-argmax RT loss,2028,920.0000000000017,0.3623987271607466,seed,
ets_unet_time_only,Soft-argmax RT loss,2028,930.0000000000017,0.35781076331732203,seed,
ets_unet_time_only,Soft-argmax RT loss,2028,940.0000000000017,0.35593757092461964,seed,
ets_unet_time_only,Soft-argmax RT loss,2028,950.0000000000017,0.35032370408762853,seed,
ets_unet_time_only,Soft-argmax RT loss,2028,960.0000000000017,0.3471096201852563,seed,
ets_unet_time_only,Soft-argmax RT loss,2028,970.0000000000017,0.35288870813272605,seed,
ets_unet_time_only,Soft-argmax RT loss,2028,980.0000000000017,0.3556896125839903,seed,
ets_unet_time_only,Soft-argmax RT loss,2028,990.0000000000018,0.3596924084346841,seed,
ets_unet_time_only,Soft-argmax RT loss,2028,1000.0000000000018,0.3680746517505441,seed,
ets_unet_time_only,Soft-argmax RT loss,2029,-1000.0,0.1559489661238214,seed,
ets_unet_time_only,Soft-argmax RT loss,2029,-990.0,0.1597534139389665,seed,
ets_unet_time_only,Soft-argmax RT loss,2029,-980.0,0.16177271801233212,seed,
ets_unet_time_only,Soft-argmax RT loss,2029,-970.0,0.16610148287353907,seed,
ets_unet_time_only,Soft-argmax RT loss,2029,-960.0,0.16744948831982687,seed,
ets_unet_time_only,Soft-argmax RT loss,2029,-950.0,0.16791808795292684,seed,
ets_unet_time_only,Soft-argmax RT loss,2029,-940.0,0.170658575707488,seed,
ets_unet_time_only,Soft-argmax RT loss,2029,-929.9999999999999,0.17131500034540964,seed,
ets_unet_time_only,Soft-argmax RT loss,2029,-919.9999999999999,0.17385609509022826,seed,
ets_unet_time_only,Soft-argmax RT loss,2029,-909.9999999999999,0.1775082921296011,seed,
ets_unet_time_only,Soft-argmax RT loss,2029,-899.9999999999999,0.1793492174720958,seed,
ets_unet_time_only,Soft-argmax RT loss,2029,-889.9999999999999,0.18108143069178637,seed,
ets_unet_time_only,Soft-argmax RT loss,2029,-879.9999999999999,0.18510998131243925,seed,
ets_unet_time_only,Soft-argmax RT loss,2029,-869.9999999999999,0.18703361592458784,seed,
ets_unet_time_only,Soft-argmax RT loss,2029,-859.9999999999999,0.18987616193510265,seed,
ets_unet_time_only,Soft-argmax RT loss,2029,-849.9999999999999,0.1912939214180246,seed,
ets_unet_time_only,Soft-argmax RT loss,2029,-839.9999999999999,0.19374992005315594,seed,
ets_unet_time_only,Soft-argmax RT loss,2029,-829.9999999999999,0.198171647896645,seed,
ets_unet_time_only,Soft-argmax RT loss,2029,-819.9999999999999,0.20210456649297645,seed,
ets_unet_time_only,Soft-argmax RT loss,2029,-809.9999999999999,0.20514851290264333,seed,
ets_unet_time_only,Soft-argmax RT loss,2029,-799.9999999999998,0.20890180171542294,seed,
ets_unet_time_only,Soft-argmax RT loss,2029,-789.9999999999998,0.21178614858700873,seed,
ets_unet_time_only,Soft-argmax RT loss,2029,-779.9999999999998,0.21482109501572946,seed,
ets_unet_time_only,Soft-argmax RT loss,2029,-769.9999999999998,0.22035359205838603,seed,
ets_unet_time_only,Soft-argmax RT loss,2029,-759.9999999999998,0.226091478919027,seed,
ets_unet_time_only,Soft-argmax RT loss,2029,-749.9999999999998,0.22891862833372476,seed,
ets_unet_time_only,Soft-argmax RT loss,2029,-739.9999999999998,0.2336790763897736,seed,
ets_unet_time_only,Soft-argmax RT loss,2029,-729.9999999999998,0.23839082760373367,seed,
ets_unet_time_only,Soft-argmax RT loss,2029,-719.9999999999998,0.24309726783035282,seed,
ets_unet_time_only,Soft-argmax RT loss,2029,-709.9999999999998,0.24803986392470478,seed,
ets_unet_time_only,Soft-argmax RT loss,2029,-699.9999999999998,0.2505714738404481,seed,
ets_unet_time_only,Soft-argmax RT loss,2029,-689.9999999999998,0.2554032694542988,seed,
ets_unet_time_only,Soft-argmax RT loss,2029,-679.9999999999998,0.26050903760723,seed,
ets_unet_time_only,Soft-argmax RT loss,2029,-669.9999999999997,0.2652149565836156,seed,
ets_unet_time_only,Soft-argmax RT loss,2029,-659.9999999999997,0.27166891138785887,seed,
ets_unet_time_only,Soft-argmax RT loss,2029,-649.9999999999997,0.27696078695130705,seed,
ets_unet_time_only,Soft-argmax RT loss,2029,-639.9999999999997,0.2809746597533774,seed,
ets_unet_time_only,Soft-argmax RT loss,2029,-629.9999999999997,0.2862142580969272,seed,
ets_unet_time_only,Soft-argmax RT loss,2029,-619.9999999999997,0.29086365750195126,seed,
ets_unet_time_only,Soft-argmax RT loss,2029,-609.9999999999997,0.29761189813047484,seed,
ets_unet_time_only,Soft-argmax RT loss,2029,-599.9999999999997,0.3030085785353622,seed,
ets_unet_time_only,Soft-argmax RT loss,2029,-589.9999999999997,0.30887723074340717,seed,
ets_unet_time_only,Soft-argmax RT loss,2029,-579.9999999999997,0.3153289284690129,seed,
ets_unet_time_only,Soft-argmax RT loss,2029,-569.9999999999997,0.3200587711361397,seed,
ets_unet_time_only,Soft-argmax RT loss,2029,-559.9999999999997,0.3280457470286244,seed,
ets_unet_time_only,Soft-argmax RT loss,2029,-549.9999999999995,0.3338507562197837,seed,
ets_unet_time_only,Soft-argmax RT loss,2029,-539.9999999999995,0.3381738094286109,seed,
ets_unet_time_only,Soft-argmax RT loss,2029,-529.9999999999995,0.3440756101792225,seed,
ets_unet_time_only,Soft-argmax RT loss,2029,-519.9999999999995,0.35340858777196127,seed,
ets_unet_time_only,Soft-argmax RT loss,2029,-509.99999999999955,0.36058572606449596,seed,
ets_unet_time_only,Soft-argmax RT loss,2029,-499.99999999999955,0.3655887600833962,seed,
ets_unet_time_only,Soft-argmax RT loss,2029,-489.99999999999955,0.374820010663744,seed,
ets_unet_time_only,Soft-argmax RT loss,2029,-479.99999999999955,0.3844019688176719,seed,
ets_unet_time_only,Soft-argmax RT loss,2029,-469.99999999999955,0.3934091959962404,seed,
ets_unet_time_only,Soft-argmax RT loss,2029,-459.99999999999955,0.4033687742197803,seed,
ets_unet_time_only,Soft-argmax RT loss,2029,-449.9999999999995,0.41264356291539805,seed,
ets_unet_time_only,Soft-argmax RT loss,2029,-439.9999999999995,0.4226016225119315,seed,
ets_unet_time_only,Soft-argmax RT loss,2029,-429.9999999999995,0.4299545350578145,seed,
ets_unet_time_only,Soft-argmax RT loss,2029,-419.9999999999995,0.4391405034936954,seed,
ets_unet_time_only,Soft-argmax RT loss,2029,-409.9999999999995,0.4486410746446119,seed,
ets_unet_time_only,Soft-argmax RT loss,2029,-399.9999999999995,0.4606979586205255,seed,
ets_unet_time_only,Soft-argmax RT loss,2029,-389.99999999999943,0.47295786045019006,seed,
ets_unet_time_only,Soft-argmax RT loss,2029,-379.99999999999943,0.4849954234532685,seed,
ets_unet_time_only,Soft-argmax RT loss,2029,-369.99999999999943,0.4928759315198965,seed,
ets_unet_time_only,Soft-argmax RT loss,2029,-359.99999999999943,0.501122995128705,seed,
ets_unet_time_only,Soft-argmax RT loss,2029,-349.99999999999943,0.5147460260257034,seed,
ets_unet_time_only,Soft-argmax RT loss,2029,-339.99999999999943,0.5264917098490342,seed,
ets_unet_time_only,Soft-argmax RT loss,2029,-329.99999999999943,0.5376836958814334,seed,
ets_unet_time_only,Soft-argmax RT loss,2029,-319.9999999999994,0.5515402771714968,seed,
ets_unet_time_only,Soft-argmax RT loss,2029,-309.9999999999994,0.567921400247897,seed,
ets_unet_time_only,Soft-argmax RT loss,2029,-299.9999999999994,0.5818410854845079,seed,
ets_unet_time_only,Soft-argmax RT loss,2029,-289.9999999999994,0.5986306900523092,seed,
ets_unet_time_only,Soft-argmax RT loss,2029,-279.9999999999994,0.6143748744570903,seed,
ets_unet_time_only,Soft-argmax RT loss,2029,-269.9999999999994,0.6301378013880823,seed,
ets_unet_time_only,Soft-argmax RT loss,2029,-259.9999999999993,0.6446281161990652,seed,
ets_unet_time_only,Soft-argmax RT loss,2029,-249.99999999999935,0.660504108066291,seed,
ets_unet_time_only,Soft-argmax RT loss,2029,-239.99999999999932,0.6736229036811868,seed,
ets_unet_time_only,Soft-argmax RT loss,2029,-229.99999999999932,0.6950756876253384,seed,
ets_unet_time_only,Soft-argmax RT loss,2029,-219.99999999999932,0.716012056191898,seed,
ets_unet_time_only,Soft-argmax RT loss,2029,-209.9999999999993,0.7364301160337035,seed,
ets_unet_time_only,Soft-argmax RT loss,2029,-199.9999999999993,0.7606365319829962,seed,
ets_unet_time_only,Soft-argmax RT loss,2029,-189.9999999999993,0.7845898703156415,seed,
ets_unet_time_only,Soft-argmax RT loss,2029,-179.99999999999926,0.8067841739586206,seed,
ets_unet_time_only,Soft-argmax RT loss,2029,-169.99999999999926,0.8276123436389939,seed,
ets_unet_time_only,Soft-argmax RT loss,2029,-159.99999999999926,0.8548737657142479,seed,
ets_unet_time_only,Soft-argmax RT loss,2029,-149.99999999999923,0.8853073714670694,seed,
ets_unet_time_only,Soft-argmax RT loss,2029,-139.99999999999923,0.9110349269204714,seed,
ets_unet_time_only,Soft-argmax RT loss,2029,-129.99999999999923,0.934619582320379,seed,
ets_unet_time_only,Soft-argmax RT loss,2029,-119.99999999999922,0.9585026942329924,seed,
ets_unet_time_only,Soft-argmax RT loss,2029,-109.9999999999992,0.9833620179206513,seed,
ets_unet_time_only,Soft-argmax RT loss,2029,-99.9999999999992,1.010360677162976,seed,
ets_unet_time_only,Soft-argmax RT loss,2029,-89.99999999999919,1.0385164753726897,seed,
ets_unet_time_only,Soft-argmax RT loss,2029,-79.99999999999918,1.0693184201278685,seed,
ets_unet_time_only,Soft-argmax RT loss,2029,-69.99999999999918,1.1007026921733443,seed,
ets_unet_time_only,Soft-argmax RT loss,2029,-59.99999999999916,1.1323473238638562,seed,
ets_unet_time_only,Soft-argmax RT loss,2029,-49.999999999999154,1.1658095899232948,seed,
ets_unet_time_only,Soft-argmax RT loss,2029,-39.99999999999915,1.1925412138272244,seed,
ets_unet_time_only,Soft-argmax RT loss,2029,-29.99999999999914,1.2279820310883147,seed,
ets_unet_time_only,Soft-argmax RT loss,2029,-19.99999999999913,1.2567335830291109,seed,
ets_unet_time_only,Soft-argmax RT loss,2029,-9.99999999999912,1.2834308027634518,seed,
ets_unet_time_only,Soft-argmax RT loss,2029,8.881784197001252e-13,1.3064711165736427,seed,
ets_unet_time_only,Soft-argmax RT loss,2029,10.000000000000897,1.324689599618015,seed,
ets_unet_time_only,Soft-argmax RT loss,2029,20.000000000000906,1.33566885039736,seed,
ets_unet_time_only,Soft-argmax RT loss,2029,30.000000000000917,1.346110228041181,seed,
ets_unet_time_only,Soft-argmax RT loss,2029,40.000000000000924,1.3428184975565667,seed,
ets_unet_time_only,Soft-argmax RT loss,2029,50.00000000000093,1.3303753693797002,seed,
ets_unet_time_only,Soft-argmax RT loss,2029,60.00000000000094,1.3091800950838564,seed,
ets_unet_time_only,Soft-argmax RT loss,2029,70.00000000000095,1.2797830466414197,seed,
ets_unet_time_only,Soft-argmax RT loss,2029,80.00000000000097,1.250569725597265,seed,
ets_unet_time_only,Soft-argmax RT loss,2029,90.00000000000097,1.2085621031165958,seed,
ets_unet_time_only,Soft-argmax RT loss,2029,100.00000000000098,1.1579664038613038,seed,
ets_unet_time_only,Soft-argmax RT loss,2029,110.00000000000098,1.1115224867272169,seed,
ets_unet_time_only,Soft-argmax RT loss,2029,120.000000000001,1.0671090996910118,seed,
ets_unet_time_only,Soft-argmax RT loss,2029,130.000000000001,1.0193682409107978,seed,
ets_unet_time_only,Soft-argmax RT loss,2029,140.00000000000102,0.9807122891987679,seed,
ets_unet_time_only,Soft-argmax RT loss,2029,150.00000000000102,0.9462004453730679,seed,
ets_unet_time_only,Soft-argmax RT loss,2029,160.00000000000102,0.9107867218126103,seed,
ets_unet_time_only,Soft-argmax RT loss,2029,170.00000000000105,0.8812595338991219,seed,
ets_unet_time_only,Soft-argmax RT loss,2029,180.00000000000105,0.8529007695586367,seed,
ets_unet_time_only,Soft-argmax RT loss,2029,190.00000000000105,0.8221099329666487,seed,
ets_unet_time_only,Soft-argmax RT loss,2029,200.00000000000108,0.7910270658405972,seed,
ets_unet_time_only,Soft-argmax RT loss,2029,210.00000000000108,0.7631726999642248,seed,
ets_unet_time_only,Soft-argmax RT loss,2029,220.00000000000108,0.739476648324203,seed,
ets_unet_time_only,Soft-argmax RT loss,2029,230.00000000000108,0.715485734718475,seed,
ets_unet_time_only,Soft-argmax RT loss,2029,240.0000000000011,0.6910128293953828,seed,
ets_unet_time_only,Soft-argmax RT loss,2029,250.0000000000011,0.6680311315205247,seed,
ets_unet_time_only,Soft-argmax RT loss,2029,260.00000000000114,0.6435986797135417,seed,
ets_unet_time_only,Soft-argmax RT loss,2029,270.00000000000114,0.622702189717156,seed,
ets_unet_time_only,Soft-argmax RT loss,2029,280.00000000000114,0.6047103926524208,seed,
ets_unet_time_only,Soft-argmax RT loss,2029,290.00000000000114,0.5897494407446771,seed,
ets_unet_time_only,Soft-argmax RT loss,2029,300.00000000000114,0.5722783172316361,seed,
ets_unet_time_only,Soft-argmax RT loss,2029,310.00000000000114,0.5543349958561286,seed,
ets_unet_time_only,Soft-argmax RT loss,2029,320.0000000000012,0.5368440140767541,seed,
ets_unet_time_only,Soft-argmax RT loss,2029,330.0000000000012,0.5205529684317481,seed,
ets_unet_time_only,Soft-argmax RT loss,2029,340.0000000000012,0.5063239384799821,seed,
ets_unet_time_only,Soft-argmax RT loss,2029,350.0000000000012,0.495617967509816,seed,
ets_unet_time_only,Soft-argmax RT loss,2029,360.0000000000012,0.48381764869856697,seed,
ets_unet_time_only,Soft-argmax RT loss,2029,370.0000000000012,0.47172732099727893,seed,
ets_unet_time_only,Soft-argmax RT loss,2029,380.00000000000125,0.4606679465079431,seed,
ets_unet_time_only,Soft-argmax RT loss,2029,390.00000000000125,0.4512364684637985,seed,
ets_unet_time_only,Soft-argmax RT loss,2029,400.00000000000125,0.4431212777695185,seed,
ets_unet_time_only,Soft-argmax RT loss,2029,410.00000000000125,0.4378498168142637,seed,
ets_unet_time_only,Soft-argmax RT loss,2029,420.00000000000125,0.4290895019028352,seed,
ets_unet_time_only,Soft-argmax RT loss,2029,430.00000000000125,0.4185243373118417,seed,
ets_unet_time_only,Soft-argmax RT loss,2029,440.00000000000125,0.4124518439800611,seed,
ets_unet_time_only,Soft-argmax RT loss,2029,450.0000000000013,0.4058887320231608,seed,
ets_unet_time_only,Soft-argmax RT loss,2029,460.0000000000013,0.4032498169610046,seed,
ets_unet_time_only,Soft-argmax RT loss,2029,470.0000000000013,0.4018133437564566,seed,
ets_unet_time_only,Soft-argmax RT loss,2029,480.0000000000013,0.39659014435270734,seed,
ets_unet_time_only,Soft-argmax RT loss,2029,490.0000000000013,0.390930123637892,seed,
ets_unet_time_only,Soft-argmax RT loss,2029,500.0000000000013,0.387541327683329,seed,
ets_unet_time_only,Soft-argmax RT loss,2029,510.00000000000136,0.3825442750707365,seed,
ets_unet_time_only,Soft-argmax RT loss,2029,520.0000000000014,0.3779655463929677,seed,
ets_unet_time_only,Soft-argmax RT loss,2029,530.0000000000014,0.3735007682737067,seed,
ets_unet_time_only,Soft-argmax RT loss,2029,540.0000000000014,0.3714273309491136,seed,
ets_unet_time_only,Soft-argmax RT loss,2029,550.0000000000014,0.3687103454751361,seed,
ets_unet_time_only,Soft-argmax RT loss,2029,560.0000000000014,0.36741082307358697,seed,
ets_unet_time_only,Soft-argmax RT loss,2029,570.0000000000014,0.37048944066174216,seed,
ets_unet_time_only,Soft-argmax RT loss,2029,580.0000000000014,0.3698281660225672,seed,
ets_unet_time_only,Soft-argmax RT loss,2029,590.0000000000014,0.3676616409946881,seed,
ets_unet_time_only,Soft-argmax RT loss,2029,600.0000000000014,0.366556251071633,seed,
ets_unet_time_only,Soft-argmax RT loss,2029,610.0000000000015,0.3659320982187859,seed,
ets_unet_time_only,Soft-argmax RT loss,2029,620.0000000000015,0.3634070364832484,seed,
ets_unet_time_only,Soft-argmax RT loss,2029,630.0000000000015,0.3621041749354595,seed,
ets_unet_time_only,Soft-argmax RT loss,2029,640.0000000000015,0.3621760038875621,seed,
ets_unet_time_only,Soft-argmax RT loss,2029,650.0000000000015,0.36181998719438596,seed,
ets_unet_time_only,Soft-argmax RT loss,2029,660.0000000000015,0.3627762574327687,seed,
ets_unet_time_only,Soft-argmax RT loss,2029,670.0000000000015,0.3638686331517865,seed,
ets_unet_time_only,Soft-argmax RT loss,2029,680.0000000000015,0.3648001303847851,seed,
ets_unet_time_only,Soft-argmax RT loss,2029,690.0000000000015,0.3633028375124759,seed,
ets_unet_time_only,Soft-argmax RT loss,2029,700.0000000000015,0.36226680137553785,seed,
ets_unet_time_only,Soft-argmax RT loss,2029,710.0000000000015,0.3584671384805152,seed,
ets_unet_time_only,Soft-argmax RT loss,2029,720.0000000000015,0.35787326023613175,seed,
ets_unet_time_only,Soft-argmax RT loss,2029,730.0000000000016,0.35833655215138455,seed,
ets_unet_time_only,Soft-argmax RT loss,2029,740.0000000000016,0.35505010245058277,seed,
ets_unet_time_only,Soft-argmax RT loss,2029,750.0000000000016,0.35485403393006176,seed,
ets_unet_time_only,Soft-argmax RT loss,2029,760.0000000000016,0.35404796004438044,seed,
ets_unet_time_only,Soft-argmax RT loss,2029,770.0000000000016,0.3523110495389909,seed,
ets_unet_time_only,Soft-argmax RT loss,2029,780.0000000000016,0.35387982981710264,seed,
ets_unet_time_only,Soft-argmax RT loss,2029,790.0000000000016,0.3547476200355863,seed,
ets_unet_time_only,Soft-argmax RT loss,2029,800.0000000000016,0.35553457577029796,seed,
ets_unet_time_only,Soft-argmax RT loss,2029,810.0000000000016,0.35584715790260607,seed,
ets_unet_time_only,Soft-argmax RT loss,2029,820.0000000000016,0.3541929938717087,seed,
ets_unet_time_only,Soft-argmax RT loss,2029,830.0000000000016,0.35601021953522766,seed,
ets_unet_time_only,Soft-argmax RT loss,2029,840.0000000000016,0.35615326777922496,seed,
ets_unet_time_only,Soft-argmax RT loss,2029,850.0000000000016,0.35669166737907804,seed,
ets_unet_time_only,Soft-argmax RT loss,2029,860.0000000000017,0.35527773334139395,seed,
ets_unet_time_only,Soft-argmax RT loss,2029,870.0000000000017,0.35565389957228727,seed,
ets_unet_time_only,Soft-argmax RT loss,2029,880.0000000000017,0.3600237742198727,seed,
ets_unet_time_only,Soft-argmax RT loss,2029,890.0000000000017,0.3612424803428218,seed,
ets_unet_time_only,Soft-argmax RT loss,2029,900.0000000000017,0.3583538290561384,seed,
ets_unet_time_only,Soft-argmax RT loss,2029,910.0000000000017,0.35823594672104425,seed,
ets_unet_time_only,Soft-argmax RT loss,2029,920.0000000000017,0.35862944043449957,seed,
ets_unet_time_only,Soft-argmax RT loss,2029,930.0000000000017,0.35610160985232364,seed,
ets_unet_time_only,Soft-argmax RT loss,2029,940.0000000000017,0.35876887165924437,seed,
ets_unet_time_only,Soft-argmax RT loss,2029,950.0000000000017,0.3607030902735783,seed,
ets_unet_time_only,Soft-argmax RT loss,2029,960.0000000000017,0.357781672166736,seed,
ets_unet_time_only,Soft-argmax RT loss,2029,970.0000000000017,0.356066781344215,seed,
ets_unet_time_only,Soft-argmax RT loss,2029,980.0000000000017,0.35651376290102776,seed,
ets_unet_time_only,Soft-argmax RT loss,2029,990.0000000000018,0.36537449566633023,seed,
ets_unet_time_only,Soft-argmax RT loss,2029,1000.0000000000018,0.3653663676009993,seed,
ets_unet_time_only,Soft-argmax RT loss,mean,-1000.0,0.15681179263176376,group_mean,0.009539912878176671
ets_unet_time_only,Soft-argmax RT loss,mean,-990.0,0.15952228785449712,group_mean,0.01048515113008507
ets_unet_time_only,Soft-argmax RT loss,mean,-980.0,0.16166155317402803,group_mean,0.009764611889964794
ets_unet_time_only,Soft-argmax RT loss,mean,-970.0,0.16440964580361184,group_mean,0.009390786417614023
ets_unet_time_only,Soft-argmax RT loss,mean,-960.0,0.1657314369035454,group_mean,0.009013721749326737
ets_unet_time_only,Soft-argmax RT loss,mean,-950.0,0.16736346500931776,group_mean,0.008495075137249142
ets_unet_time_only,Soft-argmax RT loss,mean,-940.0,0.17084424547958119,group_mean,0.009084285245391765
ets_unet_time_only,Soft-argmax RT loss,mean,-929.9999999999999,0.17358140920838955,group_mean,0.010106063989186691
ets_unet_time_only,Soft-argmax RT loss,mean,-919.9999999999999,0.17672642534722022,group_mean,0.011157423456514865
ets_unet_time_only,Soft-argmax RT loss,mean,-909.9999999999999,0.17950765688881026,group_mean,0.011387324571881827
ets_unet_time_only,Soft-argmax RT loss,mean,-899.9999999999999,0.1815643486995037,group_mean,0.011232875453438962
ets_unet_time_only,Soft-argmax RT loss,mean,-889.9999999999999,0.18378766581701006,group_mean,0.011231949656321499
ets_unet_time_only,Soft-argmax RT loss,mean,-879.9999999999999,0.18559266522272388,group_mean,0.010582574854866397
ets_unet_time_only,Soft-argmax RT loss,mean,-869.9999999999999,0.1878886311790274,group_mean,0.009980768855022481
ets_unet_time_only,Soft-argmax RT loss,mean,-859.9999999999999,0.1908461772539351,group_mean,0.010816939712290821
ets_unet_time_only,Soft-argmax RT loss,mean,-849.9999999999999,0.1932103863044786,group_mean,0.011343636798945138
ets_unet_time_only,Soft-argmax RT loss,mean,-839.9999999999999,0.195818802972561,group_mean,0.012012551594379516
ets_unet_time_only,Soft-argmax RT loss,mean,-829.9999999999999,0.19808959480711955,group_mean,0.011573850344400899
ets_unet_time_only,Soft-argmax RT loss,mean,-819.9999999999999,0.20074638555313357,group_mean,0.01133253312641845
ets_unet_time_only,Soft-argmax RT loss,mean,-809.9999999999999,0.2034959892194815,group_mean,0.012025416250468558
ets_unet_time_only,Soft-argmax RT loss,mean,-799.9999999999998,0.20728122725197765,group_mean,0.012186350167797858
ets_unet_time_only,Soft-argmax RT loss,mean,-789.9999999999998,0.21063889315677226,group_mean,0.01093673377014694
ets_unet_time_only,Soft-argmax RT loss,mean,-779.9999999999998,0.2134188371816624,group_mean,0.009919859968248072
ets_unet_time_only,Soft-argmax RT loss,mean,-769.9999999999998,0.21808788734772025,group_mean,0.009397395014057884
ets_unet_time_only,Soft-argmax RT loss,mean,-759.9999999999998,0.22190101896035186,group_mean,0.008755697226172516
ets_unet_time_only,Soft-argmax RT loss,mean,-749.9999999999998,0.2247673598299616,group_mean,0.008198823640437366
ets_unet_time_only,Soft-argmax RT loss,mean,-739.9999999999998,0.2288850266692338,group_mean,0.008528402000673724
ets_unet_time_only,Soft-argmax RT loss,mean,-729.9999999999998,0.23395189874453082,group_mean,0.008259344678585292
ets_unet_time_only,Soft-argmax RT loss,mean,-719.9999999999998,0.23841999643705836,group_mean,0.008052043624887699
ets_unet_time_only,Soft-argmax RT loss,mean,-709.9999999999998,0.24205619202705203,group_mean,0.009136673533512584
ets_unet_time_only,Soft-argmax RT loss,mean,-699.9999999999998,0.24481350837052895,group_mean,0.008522800022264429
ets_unet_time_only,Soft-argmax RT loss,mean,-689.9999999999998,0.24903110921084562,group_mean,0.008328138655007616
ets_unet_time_only,Soft-argmax RT loss,mean,-679.9999999999998,0.25403720210778563,group_mean,0.008586937537721256
ets_unet_time_only,Soft-argmax RT loss,mean,-669.9999999999997,0.2592920454091548,group_mean,0.009980328502667437
ets_unet_time_only,Soft-argmax RT loss,mean,-659.9999999999997,0.2646075008142893,group_mean,0.010384619634259483
ets_unet_time_only,Soft-argmax RT loss,mean,-649.9999999999997,0.26929233035451955,group_mean,0.010164530473668542
ets_unet_time_only,Soft-argmax RT loss,mean,-639.9999999999997,0.27325933172729366,group_mean,0.010930190942391591
ets_unet_time_only,Soft-argmax RT loss,mean,-629.9999999999997,0.2787248118814864,group_mean,0.01207247816505535
ets_unet_time_only,Soft-argmax RT loss,mean,-619.9999999999997,0.2839603983677697,group_mean,0.011675972162070308
ets_unet_time_only,Soft-argmax RT loss,mean,-609.9999999999997,0.2897836147378995,group_mean,0.011284611397517973
ets_unet_time_only,Soft-argmax RT loss,mean,-599.9999999999997,0.29574569259712125,group_mean,0.011600139805615682
ets_unet_time_only,Soft-argmax RT loss,mean,-589.9999999999997,0.3017829233974477,group_mean,0.012219912681697278
ets_unet_time_only,Soft-argmax RT loss,mean,-579.9999999999997,0.30743699266048025,group_mean,0.012325948844795405
ets_unet_time_only,Soft-argmax RT loss,mean,-569.9999999999997,0.31261686989709103,group_mean,0.012199730688131816
ets_unet_time_only,Soft-argmax RT loss,mean,-559.9999999999997,0.3182590277950742,group_mean,0.013293221496817016
ets_unet_time_only,Soft-argmax RT loss,mean,-549.9999999999995,0.3242686579468316,group_mean,0.013719246429183984
ets_unet_time_only,Soft-argmax RT loss,mean,-539.9999999999995,0.3305582543310913,group_mean,0.012830879387661283
ets_unet_time_only,Soft-argmax RT loss,mean,-529.9999999999995,0.3360433240043739,group_mean,0.011661094339671751
ets_unet_time_only,Soft-argmax RT loss,mean,-519.9999999999995,0.34312020133507587,group_mean,0.011044197315951078
ets_unet_time_only,Soft-argmax RT loss,mean,-509.99999999999955,0.3512553741110779,group_mean,0.009823834236200448
ets_unet_time_only,Soft-argmax RT loss,mean,-499.99999999999955,0.3588059961904056,group_mean,0.008836795251743008
ets_unet_time_only,Soft-argmax RT loss,mean,-489.99999999999955,0.3666224009773106,group_mean,0.009690763167273445
ets_unet_time_only,Soft-argmax RT loss,mean,-479.99999999999955,0.37498981249246305,group_mean,0.010212645907926185
ets_unet_time_only,Soft-argmax RT loss,mean,-469.99999999999955,0.38496089287547275,group_mean,0.010731287871232243
ets_unet_time_only,Soft-argmax RT loss,mean,-459.99999999999955,0.39418017011156964,group_mean,0.012547207570293617
ets_unet_time_only,Soft-argmax RT loss,mean,-449.9999999999995,0.40111235651480015,group_mean,0.013420077299339856
ets_unet_time_only,Soft-argmax RT loss,mean,-439.9999999999995,0.4090150745851,group_mean,0.012655138332199814
ets_unet_time_only,Soft-argmax RT loss,mean,-429.9999999999995,0.41605980259850883,group_mean,0.010426563260920967
ets_unet_time_only,Soft-argmax RT loss,mean,-419.9999999999995,0.4249588232827719,group_mean,0.00986166507493099
ets_unet_time_only,Soft-argmax RT loss,mean,-409.9999999999995,0.43439703802561863,group_mean,0.00943626194878882
ets_unet_time_only,Soft-argmax RT loss,mean,-399.9999999999995,0.44465699615926707,group_mean,0.01106081418127775
ets_unet_time_only,Soft-argmax RT loss,mean,-389.99999999999943,0.45622009479254366,group_mean,0.012493268821650584
ets_unet_time_only,Soft-argmax RT loss,mean,-379.99999999999943,0.46646862222721613,group_mean,0.013688290412796332
ets_unet_time_only,Soft-argmax RT loss,mean,-369.99999999999943,0.4769724279685915,group_mean,0.011955487274051662
ets_unet_time_only,Soft-argmax RT loss,mean,-359.99999999999943,0.48768176530938206,group_mean,0.008917871838502806
ets_unet_time_only,Soft-argmax RT loss,mean,-349.99999999999943,0.5003442211856999,group_mean,0.008635404237225967
ets_unet_time_only,Soft-argmax RT loss,mean,-339.99999999999943,0.5121300365674268,group_mean,0.00834530073604087
ets_unet_time_only,Soft-argmax RT loss,mean,-329.99999999999943,0.5244580319295407,group_mean,0.007864616601877586
ets_unet_time_only,Soft-argmax RT loss,mean,-319.9999999999994,0.5396750668032382,group_mean,0.0072986251372488395
ets_unet_time_only,Soft-argmax RT loss,mean,-309.9999999999994,0.5547373813442711,group_mean,0.009043108498026831
ets_unet_time_only,Soft-argmax RT loss,mean,-299.9999999999994,0.5703976630497548,group_mean,0.008259663303375506
ets_unet_time_only,Soft-argmax RT loss,mean,-289.9999999999994,0.5875570787948393,group_mean,0.00817130427550996
ets_unet_time_only,Soft-argmax RT loss,mean,-279.9999999999994,0.6047206394447393,group_mean,0.007773704562724713
ets_unet_time_only,Soft-argmax RT loss,mean,-269.9999999999994,0.6200340740851058,group_mean,0.009733362793971806
ets_unet_time_only,Soft-argmax RT loss,mean,-259.9999999999993,0.6365017095487551,group_mean,0.01203153853278406
ets_unet_time_only,Soft-argmax RT loss,mean,-249.99999999999935,0.6546971710571502,group_mean,0.015070650150101296
ets_unet_time_only,Soft-argmax RT loss,mean,-239.99999999999932,0.6715360233330461,group_mean,0.016119777205745207
ets_unet_time_only,Soft-argmax RT loss,mean,-229.99999999999932,0.6931157762774482,group_mean,0.01638583726791084
ets_unet_time_only,Soft-argmax RT loss,mean,-219.99999999999932,0.7161819996549468,group_mean,0.01829473466859687
ets_unet_time_only,Soft-argmax RT loss,mean,-209.9999999999993,0.7399057075751243,group_mean,0.022067737056528067
ets_unet_time_only,Soft-argmax RT loss,mean,-199.9999999999993,0.7634957214326398,group_mean,0.024381751231471658
ets_unet_time_only,Soft-argmax RT loss,mean,-189.9999999999993,0.7877025021794821,group_mean,0.026702710342484313
ets_unet_time_only,Soft-argmax RT loss,mean,-179.99999999999926,0.8135670949713125,group_mean,0.03338684160043228
ets_unet_time_only,Soft-argmax RT loss,mean,-169.99999999999926,0.8379097194382513,group_mean,0.03837931442755065
ets_unet_time_only,Soft-argmax RT loss,mean,-159.99999999999926,0.8649450598838408,group_mean,0.04430630798828882
ets_unet_time_only,Soft-argmax RT loss,mean,-149.99999999999923,0.8973482025137549,group_mean,0.04838333893551587
ets_unet_time_only,Soft-argmax RT loss,mean,-139.99999999999923,0.9280428359258142,group_mean,0.04986147014804421
ets_unet_time_only,Soft-argmax RT loss,mean,-129.99999999999923,0.9547352422508452,group_mean,0.04903297014977944
ets_unet_time_only,Soft-argmax RT loss,mean,-119.99999999999922,0.981862219497993,group_mean,0.04786061943604576
ets_unet_time_only,Soft-argmax RT loss,mean,-109.9999999999992,1.0095677561051324,group_mean,0.048358406337428654
ets_unet_time_only,Soft-argmax RT loss,mean,-99.9999999999992,1.037869924527278,group_mean,0.04876500589938225
ets_unet_time_only,Soft-argmax RT loss,mean,-89.99999999999919,1.0699717989360267,group_mean,0.04950434352600424
ets_unet_time_only,Soft-argmax RT loss,mean,-79.99999999999918,1.1015517232050163,group_mean,0.05042278917635677
ets_unet_time_only,Soft-argmax RT loss,mean,-69.99999999999918,1.1337748261143126,group_mean,0.049788958172786064
ets_unet_time_only,Soft-argmax RT loss,mean,-59.99999999999916,1.170601107496749,group_mean,0.0487198888914716
ets_unet_time_only,Soft-argmax RT loss,mean,-49.999999999999154,1.2069184166310858,group_mean,0.045705735945592525
ets_unet_time_only,Soft-argmax RT loss,mean,-39.99999999999915,1.2393807770662566,group_mean,0.04507219429684413
ets_unet_time_only,Soft-argmax RT loss,mean,-29.99999999999914,1.2759828859091829,group_mean,0.042938949952754865
ets_unet_time_only,Soft-argmax RT loss,mean,-19.99999999999913,1.3116100648082194,group_mean,0.046348230220127504
ets_unet_time_only,Soft-argmax RT loss,mean,-9.99999999999912,1.33884136684565,group_mean,0.04684881630929557
ets_unet_time_only,Soft-argmax RT loss,mean,8.881784197001252e-13,1.3634525413020122,group_mean,0.04857978394068722
ets_unet_time_only,Soft-argmax RT loss,mean,10.000000000000897,1.3822664946313197,group_mean,0.05157198774353183
ets_unet_time_only,Soft-argmax RT loss,mean,20.000000000000906,1.394808008216238,group_mean,0.055543583754721314
ets_unet_time_only,Soft-argmax RT loss,mean,30.000000000000917,1.3986003415979695,group_mean,0.05340176105114917
ets_unet_time_only,Soft-argmax RT loss,mean,40.000000000000924,1.3929089853974468,group_mean,0.056679406440837084
ets_unet_time_only,Soft-argmax RT loss,mean,50.00000000000093,1.3750998108166512,group_mean,0.062304128131768076
ets_unet_time_only,Soft-argmax RT loss,mean,60.00000000000094,1.350635170710013,group_mean,0.06357730764943846
ets_unet_time_only,Soft-argmax RT loss,mean,70.00000000000095,1.3201661046593032,group_mean,0.06716344050736078
ets_unet_time_only,Soft-argmax RT loss,mean,80.00000000000097,1.2908157256254,group_mean,0.0767922589102871
ets_unet_time_only,Soft-argmax RT loss,mean,90.00000000000097,1.2482659549985091,group_mean,0.08331357535040942
ets_unet_time_only,Soft-argmax RT loss,mean,100.00000000000098,1.1982283831864415,group_mean,0.08325443243050511
ets_unet_time_only,Soft-argmax RT loss,mean,110.00000000000098,1.1521395314127738,group_mean,0.08086962516144759
ets_unet_time_only,Soft-argmax RT loss,mean,120.000000000001,1.1102381356919278,group_mean,0.08013718615261435
ets_unet_time_only,Soft-argmax RT loss,mean,130.000000000001,1.0652049969025965,group_mean,0.07846732694060712
ets_unet_time_only,Soft-argmax RT loss,mean,140.00000000000102,1.024591987802086,group_mean,0.07293337305383703
ets_unet_time_only,Soft-argmax RT loss,mean,150.00000000000102,0.9859666602496697,group_mean,0.06480140406319435
ets_unet_time_only,Soft-argmax RT loss,mean,160.00000000000102,0.946543160268458,group_mean,0.053013574251860276
ets_unet_time_only,Soft-argmax RT loss,mean,170.00000000000105,0.9063828616319534,group_mean,0.042461214508141505
ets_unet_time_only,Soft-argmax RT loss,mean,180.00000000000105,0.8669898939849332,group_mean,0.029020923747603473
ets_unet_time_only,Soft-argmax RT loss,mean,190.00000000000105,0.8311487577580072,group_mean,0.017556839290849946
ets_unet_time_only,Soft-argmax RT loss,mean,200.00000000000108,0.7969201462518523,group_mean,0.009443137841582568
ets_unet_time_only,Soft-argmax RT loss,mean,210.00000000000108,0.7680416248905048,group_mean,0.009448244879614596
ets_unet_time_only,Soft-argmax RT loss,mean,220.00000000000108,0.7434836843343788,group_mean,0.009232457185069693
ets_unet_time_only,Soft-argmax RT loss,mean,230.00000000000108,0.7183509308639808,group_mean,0.010909939842339034
ets_unet_time_only,Soft-argmax RT loss,mean,240.0000000000011,0.694847619842878,group_mean,0.014808187171928444
ets_unet_time_only,Soft-argmax RT loss,mean,250.0000000000011,0.6720306143525143,group_mean,0.018002651345455933
ets_unet_time_only,Soft-argmax RT loss,mean,260.00000000000114,0.6492846401646586,group_mean,0.019051563309019297
ets_unet_time_only,Soft-argmax RT loss,mean,270.00000000000114,0.6278403785675958,group_mean,0.017059535427216277
ets_unet_time_only,Soft-argmax RT loss,mean,280.00000000000114,0.6083117377748954,group_mean,0.014825160309582919
ets_unet_time_only,Soft-argmax RT loss,mean,290.00000000000114,0.5917442705892155,group_mean,0.015149674263168192
ets_unet_time_only,Soft-argmax RT loss,mean,300.00000000000114,0.5734734478769262,group_mean,0.01255735926496005
ets_unet_time_only,Soft-argmax RT loss,mean,310.00000000000114,0.5541881001568296,group_mean,0.009970206349779293
ets_unet_time_only,Soft-argmax RT loss,mean,320.0000000000012,0.5366736336807356,group_mean,0.009810441417643449
ets_unet_time_only,Soft-argmax RT loss,mean,330.0000000000012,0.5222685602730404,group_mean,0.009474141956662562
ets_unet_time_only,Soft-argmax RT loss,mean,340.0000000000012,0.5086819188412766,group_mean,0.01006507321971965
ets_unet_time_only,Soft-argmax RT loss,mean,350.0000000000012,0.49678471224529674,group_mean,0.010532765257475646
ets_unet_time_only,Soft-argmax RT loss,mean,360.0000000000012,0.4838155518765084,group_mean,0.010082349879498036
ets_unet_time_only,Soft-argmax RT loss,mean,370.0000000000012,0.47125971589446136,group_mean,0.010082215488918982
ets_unet_time_only,Soft-argmax RT loss,mean,380.00000000000125,0.4599634831361821,group_mean,0.010549904536296856
ets_unet_time_only,Soft-argmax RT loss,mean,390.00000000000125,0.450314525537377,group_mean,0.010683355335313432
ets_unet_time_only,Soft-argmax RT loss,mean,400.00000000000125,0.4400653212530997,group_mean,0.010120271244197301
ets_unet_time_only,Soft-argmax RT loss,mean,410.00000000000125,0.4312957028868604,group_mean,0.010697479055065245
ets_unet_time_only,Soft-argmax RT loss,mean,420.00000000000125,0.420768519460489,group_mean,0.013520612525029244
ets_unet_time_only,Soft-argmax RT loss,mean,430.00000000000125,0.41027701026052876,group_mean,0.014856074337441587
ets_unet_time_only,Soft-argmax RT loss,mean,440.00000000000125,0.40422731102928566,group_mean,0.016732211853840825
ets_unet_time_only,Soft-argmax RT loss,mean,450.0000000000013,0.3976905184291596,group_mean,0.01768043346402395
ets_unet_time_only,Soft-argmax RT loss,mean,460.0000000000013,0.39151763927429684,group_mean,0.01835761322534425
ets_unet_time_only,Soft-argmax RT loss,mean,470.0000000000013,0.3869470535990638,group_mean,0.01941664490141282
ets_unet_time_only,Soft-argmax RT loss,mean,480.0000000000013,0.38125144038223524,group_mean,0.02034069359750095
ets_unet_time_only,Soft-argmax RT loss,mean,490.0000000000013,0.3756289206940062,group_mean,0.02048561147133159
ets_unet_time_only,Soft-argmax RT loss,mean,500.0000000000013,0.3707877141511125,group_mean,0.021160451630985917
ets_unet_time_only,Soft-argmax RT loss,mean,510.00000000000136,0.36473794298736417,group_mean,0.020503935262238725
ets_unet_time_only,Soft-argmax RT loss,mean,520.0000000000014,0.3593317693907603,group_mean,0.020113623384183436
ets_unet_time_only,Soft-argmax RT loss,mean,530.0000000000014,0.35491317203562245,group_mean,0.019263779182968108
ets_unet_time_only,Soft-argmax RT loss,mean,540.0000000000014,0.35139221061747117,group_mean,0.020732861254013888
ets_unet_time_only,Soft-argmax RT loss,mean,550.0000000000014,0.34722889072369323,group_mean,0.02166330088943386
ets_unet_time_only,Soft-argmax RT loss,mean,560.0000000000014,0.3453750572888107,group_mean,0.021198741663328472
ets_unet_time_only,Soft-argmax RT loss,mean,570.0000000000014,0.3459979698005714,group_mean,0.021126020743830968
ets_unet_time_only,Soft-argmax RT loss,mean,580.0000000000014,0.3445450833296048,group_mean,0.0224322899991923
ets_unet_time_only,Soft-argmax RT loss,mean,590.0000000000014,0.34164645436921004,group_mean,0.023510672934380496
ets_unet_time_only,Soft-argmax RT loss,mean,600.0000000000014,0.34105611627534593,group_mean,0.024900738580152067
ets_unet_time_only,Soft-argmax RT loss,mean,610.0000000000015,0.3406064892550217,group_mean,0.026085356327221563
ets_unet_time_only,Soft-argmax RT loss,mean,620.0000000000015,0.33873656537216396,group_mean,0.02529295203896017
ets_unet_time_only,Soft-argmax RT loss,mean,630.0000000000015,0.3360200926006033,group_mean,0.025674051153119267
ets_unet_time_only,Soft-argmax RT loss,mean,640.0000000000015,0.33423882919916126,group_mean,0.027351828385393975
ets_unet_time_only,Soft-argmax RT loss,mean,650.0000000000015,0.33076349939683175,group_mean,0.02718800439021787
ets_unet_time_only,Soft-argmax RT loss,mean,660.0000000000015,0.329509224727959,group_mean,0.028297842461860102
ets_unet_time_only,Soft-argmax RT loss,mean,670.0000000000015,0.3291849578128831,group_mean,0.028525139447773785
ets_unet_time_only,Soft-argmax RT loss,mean,680.0000000000015,0.3280253912608059,group_mean,0.02747963995087264
ets_unet_time_only,Soft-argmax RT loss,mean,690.0000000000015,0.32747375393720074,group_mean,0.026472686259548146
ets_unet_time_only,Soft-argmax RT loss,mean,700.0000000000015,0.32537051670417394,group_mean,0.027933638335651517
ets_unet_time_only,Soft-argmax RT loss,mean,710.0000000000015,0.32150720705469954,group_mean,0.02812180838725813
ets_unet_time_only,Soft-argmax RT loss,mean,720.0000000000015,0.3217403336192728,group_mean,0.028748408478531245
ets_unet_time_only,Soft-argmax RT loss,mean,730.0000000000016,0.3209771159648619,group_mean,0.029685958740341953
ets_unet_time_only,Soft-argmax RT loss,mean,740.0000000000016,0.31972404229944307,group_mean,0.02912480666829258
ets_unet_time_only,Soft-argmax RT loss,mean,750.0000000000016,0.3197533456093928,group_mean,0.02899515455797641
ets_unet_time_only,Soft-argmax RT loss,mean,760.0000000000016,0.31885186282643974,group_mean,0.02941641301830838
ets_unet_time_only,Soft-argmax RT loss,mean,770.0000000000016,0.31567540433435315,group_mean,0.02991626808005074
ets_unet_time_only,Soft-argmax RT loss,mean,780.0000000000016,0.31547289912561094,group_mean,0.03025949530318482
ets_unet_time_only,Soft-argmax RT loss,mean,790.0000000000016,0.31478641809758334,group_mean,0.030938580782982856
ets_unet_time_only,Soft-argmax RT loss,mean,800.0000000000016,0.3164268543317205,group_mean,0.03102745015437363
ets_unet_time_only,Soft-argmax RT loss,mean,810.0000000000016,0.3163378157649687,group_mean,0.03109357698844564
ets_unet_time_only,Soft-argmax RT loss,mean,820.0000000000016,0.31710674231461666,group_mean,0.03143280479682735
ets_unet_time_only,Soft-argmax RT loss,mean,830.0000000000016,0.3180337631966475,group_mean,0.03268375583654636
ets_unet_time_only,Soft-argmax RT loss,mean,840.0000000000016,0.3199820077395811,group_mean,0.03217954129747374
ets_unet_time_only,Soft-argmax RT loss,mean,850.0000000000016,0.32062338424392717,group_mean,0.032214733460332275
ets_unet_time_only,Soft-argmax RT loss,mean,860.0000000000017,0.3190359059108435,group_mean,0.0322497779931474
ets_unet_time_only,Soft-argmax RT loss,mean,870.0000000000017,0.3183666537563231,group_mean,0.033583416352572296
ets_unet_time_only,Soft-argmax RT loss,mean,880.0000000000017,0.32145520627748125,group_mean,0.035264350875525784
ets_unet_time_only,Soft-argmax RT loss,mean,890.0000000000017,0.3244418148006303,group_mean,0.0363512081308012
ets_unet_time_only,Soft-argmax RT loss,mean,900.0000000000017,0.32435365947053213,group_mean,0.0347194812363223
ets_unet_time_only,Soft-argmax RT loss,mean,910.0000000000017,0.3246225398820299,group_mean,0.036756297356381876
ets_unet_time_only,Soft-argmax RT loss,mean,920.0000000000017,0.3228857522894335,group_mean,0.036295698726505565
ets_unet_time_only,Soft-argmax RT loss,mean,930.0000000000017,0.32111417802842945,group_mean,0.03432081318928021
ets_unet_time_only,Soft-argmax RT loss,mean,940.0000000000017,0.3221448935615343,group_mean,0.033773126227517485
ets_unet_time_only,Soft-argmax RT loss,mean,950.0000000000017,0.3206975957804293,group_mean,0.033069620764847645
ets_unet_time_only,Soft-argmax RT loss,mean,960.0000000000017,0.3178934703787304,group_mean,0.0322482624673489
ets_unet_time_only,Soft-argmax RT loss,mean,970.0000000000017,0.3199719696463338,group_mean,0.0319980426976663
ets_unet_time_only,Soft-argmax RT loss,mean,980.0000000000017,0.3224662789081908,group_mean,0.03126621615236727
ets_unet_time_only,Soft-argmax RT loss,mean,990.0000000000018,0.3289046346492892,group_mean,0.031204592317007472
ets_unet_time_only,Soft-argmax RT loss,mean,1000.0000000000018,0.3334647386631298,group_mean,0.03130047601684543
ets_unet_wasserstein,ETS-U-Net Wasserstein,2025,-1000.0,0.0542947747268492,seed,
ets_unet_wasserstein,ETS-U-Net Wasserstein,2025,-990.0,0.05638817795925193,seed,
ets_unet_wasserstein,ETS-U-Net Wasserstein,2025,-980.0,0.0586535798379768,seed,
ets_unet_wasserstein,ETS-U-Net Wasserstein,2025,-970.0,0.061011302114936244,seed,
ets_unet_wasserstein,ETS-U-Net Wasserstein,2025,-960.0,0.06308114968953567,seed,
ets_unet_wasserstein,ETS-U-Net Wasserstein,2025,-950.0,0.0654923429170884,seed,
ets_unet_wasserstein,ETS-U-Net Wasserstein,2025,-940.0,0.0683702521209913,seed,
ets_unet_wasserstein,ETS-U-Net Wasserstein,2025,-929.9999999999999,0.07081676485395294,seed,
ets_unet_wasserstein,ETS-U-Net Wasserstein,2025,-919.9999999999999,0.07338996818036835,seed,
ets_unet_wasserstein,ETS-U-Net Wasserstein,2025,-909.9999999999999,0.07636611960783395,seed,
ets_unet_wasserstein,ETS-U-Net Wasserstein,2025,-899.9999999999999,0.07924539027108717,seed,
ets_unet_wasserstein,ETS-U-Net Wasserstein,2025,-889.9999999999999,0.08264538054123075,seed,
ets_unet_wasserstein,ETS-U-Net Wasserstein,2025,-879.9999999999999,0.08640916546557523,seed,
ets_unet_wasserstein,ETS-U-Net Wasserstein,2025,-869.9999999999999,0.0898139605840797,seed,
ets_unet_wasserstein,ETS-U-Net Wasserstein,2025,-859.9999999999999,0.09366486198397188,seed,
ets_unet_wasserstein,ETS-U-Net Wasserstein,2025,-849.9999999999999,0.09776208790699897,seed,
ets_unet_wasserstein,ETS-U-Net Wasserstein,2025,-839.9999999999999,0.1015599020441362,seed,
ets_unet_wasserstein,ETS-U-Net Wasserstein,2025,-829.9999999999999,0.10603464088058889,seed,
ets_unet_wasserstein,ETS-U-Net Wasserstein,2025,-819.9999999999999,0.11053464632391101,seed,
ets_unet_wasserstein,ETS-U-Net Wasserstein,2025,-809.9999999999999,0.1150753376474007,seed,
ets_unet_wasserstein,ETS-U-Net Wasserstein,2025,-799.9999999999998,0.11988000057349747,seed,
ets_unet_wasserstein,ETS-U-Net Wasserstein,2025,-789.9999999999998,0.12471392165783152,seed,
ets_unet_wasserstein,ETS-U-Net Wasserstein,2025,-779.9999999999998,0.1294841647481963,seed,
ets_unet_wasserstein,ETS-U-Net Wasserstein,2025,-769.9999999999998,0.13512078653148962,seed,
ets_unet_wasserstein,ETS-U-Net Wasserstein,2025,-759.9999999999998,0.14096142190425565,seed,
ets_unet_wasserstein,ETS-U-Net Wasserstein,2025,-749.9999999999998,0.14634823776995123,seed,
ets_unet_wasserstein,ETS-U-Net Wasserstein,2025,-739.9999999999998,0.15278939009918543,seed,
ets_unet_wasserstein,ETS-U-Net Wasserstein,2025,-729.9999999999998,0.15959355883020807,seed,
ets_unet_wasserstein,ETS-U-Net Wasserstein,2025,-719.9999999999998,0.1663485912924149,seed,
ets_unet_wasserstein,ETS-U-Net Wasserstein,2025,-709.9999999999998,0.17298939853029285,seed,
ets_unet_wasserstein,ETS-U-Net Wasserstein,2025,-699.9999999999998,0.18045975663141903,seed,
ets_unet_wasserstein,ETS-U-Net Wasserstein,2025,-689.9999999999998,0.18807172729215743,seed,
ets_unet_wasserstein,ETS-U-Net Wasserstein,2025,-679.9999999999998,0.1951576126934039,seed,
ets_unet_wasserstein,ETS-U-Net Wasserstein,2025,-669.9999999999997,0.2032879740477384,seed,
ets_unet_wasserstein,ETS-U-Net Wasserstein,2025,-659.9999999999997,0.21225964460681682,seed,
ets_unet_wasserstein,ETS-U-Net Wasserstein,2025,-649.9999999999997,0.22099357174212603,seed,
ets_unet_wasserstein,ETS-U-Net Wasserstein,2025,-639.9999999999997,0.2304040974261364,seed,
ets_unet_wasserstein,ETS-U-Net Wasserstein,2025,-629.9999999999997,0.24061190193976545,seed,
ets_unet_wasserstein,ETS-U-Net Wasserstein,2025,-619.9999999999997,0.2506520317739173,seed,
ets_unet_wasserstein,ETS-U-Net Wasserstein,2025,-609.9999999999997,0.26164959105353264,seed,
ets_unet_wasserstein,ETS-U-Net Wasserstein,2025,-599.9999999999997,0.2728923681841769,seed,
ets_unet_wasserstein,ETS-U-Net Wasserstein,2025,-589.9999999999997,0.2845729993083501,seed,
ets_unet_wasserstein,ETS-U-Net Wasserstein,2025,-579.9999999999997,0.2966995232089469,seed,
ets_unet_wasserstein,ETS-U-Net Wasserstein,2025,-569.9999999999997,0.30912952449257947,seed,
ets_unet_wasserstein,ETS-U-Net Wasserstein,2025,-559.9999999999997,0.32203245260227453,seed,
ets_unet_wasserstein,ETS-U-Net Wasserstein,2025,-549.9999999999995,0.33600740188548583,seed,
ets_unet_wasserstein,ETS-U-Net Wasserstein,2025,-539.9999999999995,0.3506975483083226,seed,
ets_unet_wasserstein,ETS-U-Net Wasserstein,2025,-529.9999999999995,0.3660590311246832,seed,
ets_unet_wasserstein,ETS-U-Net Wasserstein,2025,-519.9999999999995,0.3818879663897213,seed,
ets_unet_wasserstein,ETS-U-Net Wasserstein,2025,-509.99999999999955,0.3979840104470847,seed,
ets_unet_wasserstein,ETS-U-Net Wasserstein,2025,-499.99999999999955,0.41409017163373696,seed,
ets_unet_wasserstein,ETS-U-Net Wasserstein,2025,-489.99999999999955,0.4315537527380393,seed,
ets_unet_wasserstein,ETS-U-Net Wasserstein,2025,-479.99999999999955,0.44972829723323104,seed,
ets_unet_wasserstein,ETS-U-Net Wasserstein,2025,-469.99999999999955,0.4686200636762455,seed,
ets_unet_wasserstein,ETS-U-Net Wasserstein,2025,-459.99999999999955,0.48653767645414897,seed,
ets_unet_wasserstein,ETS-U-Net Wasserstein,2025,-449.9999999999995,0.5053817787770859,seed,
ets_unet_wasserstein,ETS-U-Net Wasserstein,2025,-439.9999999999995,0.5246964958528003,seed,
ets_unet_wasserstein,ETS-U-Net Wasserstein,2025,-429.9999999999995,0.5439689093961949,seed,
ets_unet_wasserstein,ETS-U-Net Wasserstein,2025,-419.9999999999995,0.564459168282254,seed,
ets_unet_wasserstein,ETS-U-Net Wasserstein,2025,-409.9999999999995,0.5847815921485855,seed,
ets_unet_wasserstein,ETS-U-Net Wasserstein,2025,-399.9999999999995,0.6051419342293155,seed,
ets_unet_wasserstein,ETS-U-Net Wasserstein,2025,-389.99999999999943,0.6261859226073603,seed,
ets_unet_wasserstein,ETS-U-Net Wasserstein,2025,-379.99999999999943,0.6475164650281767,seed,
ets_unet_wasserstein,ETS-U-Net Wasserstein,2025,-369.99999999999943,0.6685137757653268,seed,
ets_unet_wasserstein,ETS-U-Net Wasserstein,2025,-359.99999999999943,0.6898768272855078,seed,
ets_unet_wasserstein,ETS-U-Net Wasserstein,2025,-349.99999999999943,0.7114850747904009,seed,
ets_unet_wasserstein,ETS-U-Net Wasserstein,2025,-339.99999999999943,0.7330747182923572,seed,
ets_unet_wasserstein,ETS-U-Net Wasserstein,2025,-329.99999999999943,0.7549133116257537,seed,
ets_unet_wasserstein,ETS-U-Net Wasserstein,2025,-319.9999999999994,0.7770734806646974,seed,
ets_unet_wasserstein,ETS-U-Net Wasserstein,2025,-309.9999999999994,0.7984137709055681,seed,
ets_unet_wasserstein,ETS-U-Net Wasserstein,2025,-299.9999999999994,0.82007409981994,seed,
ets_unet_wasserstein,ETS-U-Net Wasserstein,2025,-289.9999999999994,0.8416568705528237,seed,
ets_unet_wasserstein,ETS-U-Net Wasserstein,2025,-279.9999999999994,0.8627669797600672,seed,
ets_unet_wasserstein,ETS-U-Net Wasserstein,2025,-269.9999999999994,0.8842647291462963,seed,
ets_unet_wasserstein,ETS-U-Net Wasserstein,2025,-259.9999999999993,0.9054470071293793,seed,
ets_unet_wasserstein,ETS-U-Net Wasserstein,2025,-249.99999999999935,0.9270425711042454,seed,
ets_unet_wasserstein,ETS-U-Net Wasserstein,2025,-239.99999999999932,0.9477608201751009,seed,
ets_unet_wasserstein,ETS-U-Net Wasserstein,2025,-229.99999999999932,0.9683666394138831,seed,
ets_unet_wasserstein,ETS-U-Net Wasserstein,2025,-219.99999999999932,0.9880909890342918,seed,
ets_unet_wasserstein,ETS-U-Net Wasserstein,2025,-209.9999999999993,1.0069753434399669,seed,
ets_unet_wasserstein,ETS-U-Net Wasserstein,2025,-199.9999999999993,1.0249883176731969,seed,
ets_unet_wasserstein,ETS-U-Net Wasserstein,2025,-189.9999999999993,1.042247986894405,seed,
ets_unet_wasserstein,ETS-U-Net Wasserstein,2025,-179.99999999999926,1.0590649362694318,seed,
ets_unet_wasserstein,ETS-U-Net Wasserstein,2025,-169.99999999999926,1.0752608426486008,seed,
ets_unet_wasserstein,ETS-U-Net Wasserstein,2025,-159.99999999999926,1.0908280944642417,seed,
ets_unet_wasserstein,ETS-U-Net Wasserstein,2025,-149.99999999999923,1.1051858978850577,seed,
ets_unet_wasserstein,ETS-U-Net Wasserstein,2025,-139.99999999999923,1.119234789281558,seed,
ets_unet_wasserstein,ETS-U-Net Wasserstein,2025,-129.99999999999923,1.1319845517031013,seed,
ets_unet_wasserstein,ETS-U-Net Wasserstein,2025,-119.99999999999922,1.1436695682201565,seed,
ets_unet_wasserstein,ETS-U-Net Wasserstein,2025,-109.9999999999992,1.154694524944324,seed,
ets_unet_wasserstein,ETS-U-Net Wasserstein,2025,-99.9999999999992,1.164715247642229,seed,
ets_unet_wasserstein,ETS-U-Net Wasserstein,2025,-89.99999999999919,1.1734751511858235,seed,
ets_unet_wasserstein,ETS-U-Net Wasserstein,2025,-79.99999999999918,1.1809486623944054,seed,
ets_unet_wasserstein,ETS-U-Net Wasserstein,2025,-69.99999999999918,1.1867713322100522,seed,
ets_unet_wasserstein,ETS-U-Net Wasserstein,2025,-59.99999999999916,1.1910083470266304,seed,
ets_unet_wasserstein,ETS-U-Net Wasserstein,2025,-49.999999999999154,1.1946746946725981,seed,
ets_unet_wasserstein,ETS-U-Net Wasserstein,2025,-39.99999999999915,1.1970290185983925,seed,
ets_unet_wasserstein,ETS-U-Net Wasserstein,2025,-29.99999999999914,1.1983280700600483,seed,
ets_unet_wasserstein,ETS-U-Net Wasserstein,2025,-19.99999999999913,1.1987073972396958,seed,
ets_unet_wasserstein,ETS-U-Net Wasserstein,2025,-9.99999999999912,1.1977175333758396,seed,
ets_unet_wasserstein,ETS-U-Net Wasserstein,2025,8.881784197001252e-13,1.1952929529622152,seed,
ets_unet_wasserstein,ETS-U-Net Wasserstein,2025,10.000000000000897,1.1922293330960492,seed,
ets_unet_wasserstein,ETS-U-Net Wasserstein,2025,20.000000000000906,1.187548663694121,seed,
ets_unet_wasserstein,ETS-U-Net Wasserstein,2025,30.000000000000917,1.1818967564113607,seed,
ets_unet_wasserstein,ETS-U-Net Wasserstein,2025,40.000000000000924,1.1752040514223172,seed,
ets_unet_wasserstein,ETS-U-Net Wasserstein,2025,50.00000000000093,1.1668392477789107,seed,
ets_unet_wasserstein,ETS-U-Net Wasserstein,2025,60.00000000000094,1.1567774240964621,seed,
ets_unet_wasserstein,ETS-U-Net Wasserstein,2025,70.00000000000095,1.1453561338488265,seed,
ets_unet_wasserstein,ETS-U-Net Wasserstein,2025,80.00000000000097,1.1332064462422544,seed,
ets_unet_wasserstein,ETS-U-Net Wasserstein,2025,90.00000000000097,1.1211179062973733,seed,
ets_unet_wasserstein,ETS-U-Net Wasserstein,2025,100.00000000000098,1.1080366430839337,seed,
ets_unet_wasserstein,ETS-U-Net Wasserstein,2025,110.00000000000098,1.0934970671247874,seed,
ets_unet_wasserstein,ETS-U-Net Wasserstein,2025,120.000000000001,1.0801495899318772,seed,
ets_unet_wasserstein,ETS-U-Net Wasserstein,2025,130.000000000001,1.065864964417426,seed,
ets_unet_wasserstein,ETS-U-Net Wasserstein,2025,140.00000000000102,1.049958695547484,seed,
ets_unet_wasserstein,ETS-U-Net Wasserstein,2025,150.00000000000102,1.0348726511607886,seed,
ets_unet_wasserstein,ETS-U-Net Wasserstein,2025,160.00000000000102,1.017603321823202,seed,
ets_unet_wasserstein,ETS-U-Net Wasserstein,2025,170.00000000000105,1.0004403946231528,seed,
ets_unet_wasserstein,ETS-U-Net Wasserstein,2025,180.00000000000105,0.9838234118060849,seed,
ets_unet_wasserstein,ETS-U-Net Wasserstein,2025,190.00000000000105,0.9643505847292805,seed,
ets_unet_wasserstein,ETS-U-Net Wasserstein,2025,200.00000000000108,0.9436306866091049,seed,
ets_unet_wasserstein,ETS-U-Net Wasserstein,2025,210.00000000000108,0.9232277322398772,seed,
ets_unet_wasserstein,ETS-U-Net Wasserstein,2025,220.00000000000108,0.8997548467332803,seed,
ets_unet_wasserstein,ETS-U-Net Wasserstein,2025,230.00000000000108,0.8766929459588315,seed,
ets_unet_wasserstein,ETS-U-Net Wasserstein,2025,240.0000000000011,0.8539412370037099,seed,
ets_unet_wasserstein,ETS-U-Net Wasserstein,2025,250.0000000000011,0.83106730611298,seed,
ets_unet_wasserstein,ETS-U-Net Wasserstein,2025,260.00000000000114,0.8077041269023632,seed,
ets_unet_wasserstein,ETS-U-Net Wasserstein,2025,270.00000000000114,0.7847659748457095,seed,
ets_unet_wasserstein,ETS-U-Net Wasserstein,2025,280.00000000000114,0.763805397234112,seed,
ets_unet_wasserstein,ETS-U-Net Wasserstein,2025,290.00000000000114,0.742231211823493,seed,
ets_unet_wasserstein,ETS-U-Net Wasserstein,2025,300.00000000000114,0.7213623960963036,seed,
ets_unet_wasserstein,ETS-U-Net Wasserstein,2025,310.00000000000114,0.7016990284595246,seed,
ets_unet_wasserstein,ETS-U-Net Wasserstein,2025,320.0000000000012,0.6805931438522241,seed,
ets_unet_wasserstein,ETS-U-Net Wasserstein,2025,330.0000000000012,0.6588622213113426,seed,
ets_unet_wasserstein,ETS-U-Net Wasserstein,2025,340.0000000000012,0.6388850563786348,seed,
ets_unet_wasserstein,ETS-U-Net Wasserstein,2025,350.0000000000012,0.6189087774789528,seed,
ets_unet_wasserstein,ETS-U-Net Wasserstein,2025,360.0000000000012,0.5985892884734054,seed,
ets_unet_wasserstein,ETS-U-Net Wasserstein,2025,370.0000000000012,0.5796038796753467,seed,
ets_unet_wasserstein,ETS-U-Net Wasserstein,2025,380.00000000000125,0.5589866662465768,seed,
ets_unet_wasserstein,ETS-U-Net Wasserstein,2025,390.00000000000125,0.539403501136614,seed,
ets_unet_wasserstein,ETS-U-Net Wasserstein,2025,400.00000000000125,0.5218897485597312,seed,
ets_unet_wasserstein,ETS-U-Net Wasserstein,2025,410.00000000000125,0.503477325635707,seed,
ets_unet_wasserstein,ETS-U-Net Wasserstein,2025,420.00000000000125,0.487177393013241,seed,
ets_unet_wasserstein,ETS-U-Net Wasserstein,2025,430.00000000000125,0.4716972953707555,seed,
ets_unet_wasserstein,ETS-U-Net Wasserstein,2025,440.00000000000125,0.4544894974959919,seed,
ets_unet_wasserstein,ETS-U-Net Wasserstein,2025,450.0000000000013,0.43772124949834085,seed,
ets_unet_wasserstein,ETS-U-Net Wasserstein,2025,460.0000000000013,0.42279590463223554,seed,
ets_unet_wasserstein,ETS-U-Net Wasserstein,2025,470.0000000000013,0.40720653122055883,seed,
ets_unet_wasserstein,ETS-U-Net Wasserstein,2025,480.0000000000013,0.39266647098438573,seed,
ets_unet_wasserstein,ETS-U-Net Wasserstein,2025,490.0000000000013,0.38087036787225,seed,
ets_unet_wasserstein,ETS-U-Net Wasserstein,2025,500.0000000000013,0.36668440324671503,seed,
ets_unet_wasserstein,ETS-U-Net Wasserstein,2025,510.00000000000136,0.353509748917241,seed,
ets_unet_wasserstein,ETS-U-Net Wasserstein,2025,520.0000000000014,0.3410873254857645,seed,
ets_unet_wasserstein,ETS-U-Net Wasserstein,2025,530.0000000000014,0.33093999431363424,seed,
ets_unet_wasserstein,ETS-U-Net Wasserstein,2025,540.0000000000014,0.3201863312937392,seed,
ets_unet_wasserstein,ETS-U-Net Wasserstein,2025,550.0000000000014,0.3088146222432605,seed,
ets_unet_wasserstein,ETS-U-Net Wasserstein,2025,560.0000000000014,0.30082025118178196,seed,
ets_unet_wasserstein,ETS-U-Net Wasserstein,2025,570.0000000000014,0.29160011537556413,seed,
ets_unet_wasserstein,ETS-U-Net Wasserstein,2025,580.0000000000014,0.2822010453170947,seed,
ets_unet_wasserstein,ETS-U-Net Wasserstein,2025,590.0000000000014,0.27506398823268685,seed,
ets_unet_wasserstein,ETS-U-Net Wasserstein,2025,600.0000000000014,0.26703674800229016,seed,
ets_unet_wasserstein,ETS-U-Net Wasserstein,2025,610.0000000000015,0.25900540091525415,seed,
ets_unet_wasserstein,ETS-U-Net Wasserstein,2025,620.0000000000015,0.2533390467394372,seed,
ets_unet_wasserstein,ETS-U-Net Wasserstein,2025,630.0000000000015,0.2467692656686817,seed,
ets_unet_wasserstein,ETS-U-Net Wasserstein,2025,640.0000000000015,0.2391172756222354,seed,
ets_unet_wasserstein,ETS-U-Net Wasserstein,2025,650.0000000000015,0.23381540864817063,seed,
ets_unet_wasserstein,ETS-U-Net Wasserstein,2025,660.0000000000015,0.22715757939503345,seed,
ets_unet_wasserstein,ETS-U-Net Wasserstein,2025,670.0000000000015,0.22174746532017095,seed,
ets_unet_wasserstein,ETS-U-Net Wasserstein,2025,680.0000000000015,0.2183572411874354,seed,
ets_unet_wasserstein,ETS-U-Net Wasserstein,2025,690.0000000000015,0.21374972176203103,seed,
ets_unet_wasserstein,ETS-U-Net Wasserstein,2025,700.0000000000015,0.20947342025397236,seed,
ets_unet_wasserstein,ETS-U-Net Wasserstein,2025,710.0000000000015,0.20707915149716616,seed,
ets_unet_wasserstein,ETS-U-Net Wasserstein,2025,720.0000000000015,0.2021787257031694,seed,
ets_unet_wasserstein,ETS-U-Net Wasserstein,2025,730.0000000000016,0.19888868593131473,seed,
ets_unet_wasserstein,ETS-U-Net Wasserstein,2025,740.0000000000016,0.19746656004954957,seed,
ets_unet_wasserstein,ETS-U-Net Wasserstein,2025,750.0000000000016,0.19458872724379506,seed,
ets_unet_wasserstein,ETS-U-Net Wasserstein,2025,760.0000000000016,0.19177665895841473,seed,
ets_unet_wasserstein,ETS-U-Net Wasserstein,2025,770.0000000000016,0.19053633777590637,seed,
ets_unet_wasserstein,ETS-U-Net Wasserstein,2025,780.0000000000016,0.18742710320907208,seed,
ets_unet_wasserstein,ETS-U-Net Wasserstein,2025,790.0000000000016,0.18611778987786237,seed,
ets_unet_wasserstein,ETS-U-Net Wasserstein,2025,800.0000000000016,0.1839598308481316,seed,
ets_unet_wasserstein,ETS-U-Net Wasserstein,2025,810.0000000000016,0.18436594533595493,seed,
ets_unet_wasserstein,ETS-U-Net Wasserstein,2025,820.0000000000016,0.18236312003462296,seed,
ets_unet_wasserstein,ETS-U-Net Wasserstein,2025,830.0000000000016,0.18013031951665448,seed,
ets_unet_wasserstein,ETS-U-Net Wasserstein,2025,840.0000000000016,0.17988328895905653,seed,
ets_unet_wasserstein,ETS-U-Net Wasserstein,2025,850.0000000000016,0.1785683638449079,seed,
ets_unet_wasserstein,ETS-U-Net Wasserstein,2025,860.0000000000017,0.1767510046921914,seed,
ets_unet_wasserstein,ETS-U-Net Wasserstein,2025,870.0000000000017,0.1771068601419903,seed,
ets_unet_wasserstein,ETS-U-Net Wasserstein,2025,880.0000000000017,0.17518487067105815,seed,
ets_unet_wasserstein,ETS-U-Net Wasserstein,2025,890.0000000000017,0.1738747869714555,seed,
ets_unet_wasserstein,ETS-U-Net Wasserstein,2025,900.0000000000017,0.1748655522193392,seed,
ets_unet_wasserstein,ETS-U-Net Wasserstein,2025,910.0000000000017,0.17441497397983566,seed,
ets_unet_wasserstein,ETS-U-Net Wasserstein,2025,920.0000000000017,0.17432895756215,seed,
ets_unet_wasserstein,ETS-U-Net Wasserstein,2025,930.0000000000017,0.1754031488754262,seed,
ets_unet_wasserstein,ETS-U-Net Wasserstein,2025,940.0000000000017,0.17415256266919235,seed,
ets_unet_wasserstein,ETS-U-Net Wasserstein,2025,950.0000000000017,0.1742646440355674,seed,
ets_unet_wasserstein,ETS-U-Net Wasserstein,2025,960.0000000000017,0.1754631560210678,seed,
ets_unet_wasserstein,ETS-U-Net Wasserstein,2025,970.0000000000017,0.17452224358788643,seed,
ets_unet_wasserstein,ETS-U-Net Wasserstein,2025,980.0000000000017,0.17406432388023035,seed,
ets_unet_wasserstein,ETS-U-Net Wasserstein,2025,990.0000000000018,0.17586046790345863,seed,
ets_unet_wasserstein,ETS-U-Net Wasserstein,2025,1000.0000000000018,0.17493289951216617,seed,
ets_unet_wasserstein,ETS-U-Net Wasserstein,2026,-1000.0,0.08669011801205025,seed,
ets_unet_wasserstein,ETS-U-Net Wasserstein,2026,-990.0,0.0886560327091427,seed,
ets_unet_wasserstein,ETS-U-Net Wasserstein,2026,-980.0,0.09068221952664374,seed,
ets_unet_wasserstein,ETS-U-Net Wasserstein,2026,-970.0,0.09306655308029779,seed,
ets_unet_wasserstein,ETS-U-Net Wasserstein,2026,-960.0,0.09512780820027933,seed,
ets_unet_wasserstein,ETS-U-Net Wasserstein,2026,-950.0,0.09755958800428904,seed,
ets_unet_wasserstein,ETS-U-Net Wasserstein,2026,-940.0,0.1001364436951208,seed,
ets_unet_wasserstein,ETS-U-Net Wasserstein,2026,-929.9999999999999,0.10228867755072,seed,
ets_unet_wasserstein,ETS-U-Net Wasserstein,2026,-919.9999999999999,0.10469867294517128,seed,
ets_unet_wasserstein,ETS-U-Net Wasserstein,2026,-909.9999999999999,0.10736779474383827,seed,
ets_unet_wasserstein,ETS-U-Net Wasserstein,2026,-899.9999999999999,0.11025636903219875,seed,
ets_unet_wasserstein,ETS-U-Net Wasserstein,2026,-889.9999999999999,0.11324782610016096,seed,
ets_unet_wasserstein,ETS-U-Net Wasserstein,2026,-879.9999999999999,0.11631449041822677,seed,
ets_unet_wasserstein,ETS-U-Net Wasserstein,2026,-869.9999999999999,0.1195093696128394,seed,
ets_unet_wasserstein,ETS-U-Net Wasserstein,2026,-859.9999999999999,0.12290008438775717,seed,
ets_unet_wasserstein,ETS-U-Net Wasserstein,2026,-849.9999999999999,0.12651098815684933,seed,
ets_unet_wasserstein,ETS-U-Net Wasserstein,2026,-839.9999999999999,0.13016003478719831,seed,
ets_unet_wasserstein,ETS-U-Net Wasserstein,2026,-829.9999999999999,0.1338676085413427,seed,
ets_unet_wasserstein,ETS-U-Net Wasserstein,2026,-819.9999999999999,0.13763559693790114,seed,
ets_unet_wasserstein,ETS-U-Net Wasserstein,2026,-809.9999999999999,0.1414048034848034,seed,
ets_unet_wasserstein,ETS-U-Net Wasserstein,2026,-799.9999999999998,0.1455988364708598,seed,
ets_unet_wasserstein,ETS-U-Net Wasserstein,2026,-789.9999999999998,0.1497743004321389,seed,
ets_unet_wasserstein,ETS-U-Net Wasserstein,2026,-779.9999999999998,0.15396175685854785,seed,
ets_unet_wasserstein,ETS-U-Net Wasserstein,2026,-769.9999999999998,0.15899914034115142,seed,
ets_unet_wasserstein,ETS-U-Net Wasserstein,2026,-759.9999999999998,0.16426423325839276,seed,
ets_unet_wasserstein,ETS-U-Net Wasserstein,2026,-749.9999999999998,0.16953518124039016,seed,
ets_unet_wasserstein,ETS-U-Net Wasserstein,2026,-739.9999999999998,0.17528461552304006,seed,
ets_unet_wasserstein,ETS-U-Net Wasserstein,2026,-729.9999999999998,0.18105802227618248,seed,
ets_unet_wasserstein,ETS-U-Net Wasserstein,2026,-719.9999999999998,0.1874811712321221,seed,
ets_unet_wasserstein,ETS-U-Net Wasserstein,2026,-709.9999999999998,0.19338733769669506,seed,
ets_unet_wasserstein,ETS-U-Net Wasserstein,2026,-699.9999999999998,0.20002971430372826,seed,
ets_unet_wasserstein,ETS-U-Net Wasserstein,2026,-689.9999999999998,0.2068923065808908,seed,
ets_unet_wasserstein,ETS-U-Net Wasserstein,2026,-679.9999999999998,0.21356578499450182,seed,
ets_unet_wasserstein,ETS-U-Net Wasserstein,2026,-669.9999999999997,0.22102798936905554,seed,
ets_unet_wasserstein,ETS-U-Net Wasserstein,2026,-659.9999999999997,0.228753756680765,seed,
ets_unet_wasserstein,ETS-U-Net Wasserstein,2026,-649.9999999999997,0.23695953228943117,seed,
ets_unet_wasserstein,ETS-U-Net Wasserstein,2026,-639.9999999999997,0.24542863045448474,seed,
ets_unet_wasserstein,ETS-U-Net Wasserstein,2026,-629.9999999999997,0.2545066845590972,seed,
ets_unet_wasserstein,ETS-U-Net Wasserstein,2026,-619.9999999999997,0.2637154066515169,seed,
ets_unet_wasserstein,ETS-U-Net Wasserstein,2026,-609.9999999999997,0.2735399061114452,seed,
ets_unet_wasserstein,ETS-U-Net Wasserstein,2026,-599.9999999999997,0.28387911530515114,seed,
ets_unet_wasserstein,ETS-U-Net Wasserstein,2026,-589.9999999999997,0.2945975875711269,seed,
ets_unet_wasserstein,ETS-U-Net Wasserstein,2026,-579.9999999999997,0.3059995211862677,seed,
ets_unet_wasserstein,ETS-U-Net Wasserstein,2026,-569.9999999999997,0.31820015567165216,seed,
ets_unet_wasserstein,ETS-U-Net Wasserstein,2026,-559.9999999999997,0.3307721926157987,seed,
ets_unet_wasserstein,ETS-U-Net Wasserstein,2026,-549.9999999999995,0.34436955729769536,seed,
ets_unet_wasserstein,ETS-U-Net Wasserstein,2026,-539.9999999999995,0.35833282211245615,seed,
ets_unet_wasserstein,ETS-U-Net Wasserstein,2026,-529.9999999999995,0.37243790766829216,seed,
ets_unet_wasserstein,ETS-U-Net Wasserstein,2026,-519.9999999999995,0.3874732167150119,seed,
ets_unet_wasserstein,ETS-U-Net Wasserstein,2026,-509.99999999999955,0.4027092188256546,seed,
ets_unet_wasserstein,ETS-U-Net Wasserstein,2026,-499.99999999999955,0.417881790584825,seed,
ets_unet_wasserstein,ETS-U-Net Wasserstein,2026,-489.99999999999955,0.4336590543678046,seed,
ets_unet_wasserstein,ETS-U-Net Wasserstein,2026,-479.99999999999955,0.45031005177008965,seed,
ets_unet_wasserstein,ETS-U-Net Wasserstein,2026,-469.99999999999955,0.4677052048999937,seed,
ets_unet_wasserstein,ETS-U-Net Wasserstein,2026,-459.99999999999955,0.4848915956653355,seed,
ets_unet_wasserstein,ETS-U-Net Wasserstein,2026,-449.9999999999995,0.502576161062634,seed,
ets_unet_wasserstein,ETS-U-Net Wasserstein,2026,-439.9999999999995,0.5213306027014011,seed,
ets_unet_wasserstein,ETS-U-Net Wasserstein,2026,-429.9999999999995,0.5396640520073339,seed,
ets_unet_wasserstein,ETS-U-Net Wasserstein,2026,-419.9999999999995,0.558866141841396,seed,
ets_unet_wasserstein,ETS-U-Net Wasserstein,2026,-409.9999999999995,0.5782292725557554,seed,
ets_unet_wasserstein,ETS-U-Net Wasserstein,2026,-399.9999999999995,0.5977130539357471,seed,
ets_unet_wasserstein,ETS-U-Net Wasserstein,2026,-389.99999999999943,0.6173497536943826,seed,
ets_unet_wasserstein,ETS-U-Net Wasserstein,2026,-379.99999999999943,0.637430509753293,seed,
ets_unet_wasserstein,ETS-U-Net Wasserstein,2026,-369.99999999999943,0.6573010303548604,seed,
ets_unet_wasserstein,ETS-U-Net Wasserstein,2026,-359.99999999999943,0.6774206380901516,seed,
ets_unet_wasserstein,ETS-U-Net Wasserstein,2026,-349.99999999999943,0.6976748327621731,seed,
ets_unet_wasserstein,ETS-U-Net Wasserstein,2026,-339.99999999999943,0.7179428699988668,seed,
ets_unet_wasserstein,ETS-U-Net Wasserstein,2026,-329.99999999999943,0.7383177961364903,seed,
ets_unet_wasserstein,ETS-U-Net Wasserstein,2026,-319.9999999999994,0.7582837823300399,seed,
ets_unet_wasserstein,ETS-U-Net Wasserstein,2026,-309.9999999999994,0.7779315704572083,seed,
ets_unet_wasserstein,ETS-U-Net Wasserstein,2026,-299.9999999999994,0.7978276408041395,seed,
ets_unet_wasserstein,ETS-U-Net Wasserstein,2026,-289.9999999999994,0.8167823254901305,seed,
ets_unet_wasserstein,ETS-U-Net Wasserstein,2026,-279.9999999999994,0.8349024519232017,seed,
ets_unet_wasserstein,ETS-U-Net Wasserstein,2026,-269.9999999999994,0.8534465616335788,seed,
ets_unet_wasserstein,ETS-U-Net Wasserstein,2026,-259.9999999999993,0.8710433358159112,seed,
ets_unet_wasserstein,ETS-U-Net Wasserstein,2026,-249.99999999999935,0.8887063600163891,seed,
ets_unet_wasserstein,ETS-U-Net Wasserstein,2026,-239.99999999999932,0.9053314777384748,seed,
ets_unet_wasserstein,ETS-U-Net Wasserstein,2026,-229.99999999999932,0.9216336877605218,seed,
ets_unet_wasserstein,ETS-U-Net Wasserstein,2026,-219.99999999999932,0.9372728095670083,seed,
ets_unet_wasserstein,ETS-U-Net Wasserstein,2026,-209.9999999999993,0.9518564247283894,seed,
ets_unet_wasserstein,ETS-U-Net Wasserstein,2026,-199.9999999999993,0.9658803935564222,seed,
ets_unet_wasserstein,ETS-U-Net Wasserstein,2026,-189.9999999999993,0.9796989217085885,seed,
ets_unet_wasserstein,ETS-U-Net Wasserstein,2026,-179.99999999999926,0.9930570588162256,seed,
ets_unet_wasserstein,ETS-U-Net Wasserstein,2026,-169.99999999999926,1.0059056106426647,seed,
ets_unet_wasserstein,ETS-U-Net Wasserstein,2026,-159.99999999999926,1.017769116708307,seed,
ets_unet_wasserstein,ETS-U-Net Wasserstein,2026,-149.99999999999923,1.0284589899790857,seed,
ets_unet_wasserstein,ETS-U-Net Wasserstein,2026,-139.99999999999923,1.0387882898239786,seed,
ets_unet_wasserstein,ETS-U-Net Wasserstein,2026,-129.99999999999923,1.0481787661129331,seed,
ets_unet_wasserstein,ETS-U-Net Wasserstein,2026,-119.99999999999922,1.0567035981504238,seed,
ets_unet_wasserstein,ETS-U-Net Wasserstein,2026,-109.9999999999992,1.0645772518506187,seed,
ets_unet_wasserstein,ETS-U-Net Wasserstein,2026,-99.9999999999992,1.0713066894711074,seed,
ets_unet_wasserstein,ETS-U-Net Wasserstein,2026,-89.99999999999919,1.0770805663321248,seed,
ets_unet_wasserstein,ETS-U-Net Wasserstein,2026,-79.99999999999918,1.08247787953832,seed,
ets_unet_wasserstein,ETS-U-Net Wasserstein,2026,-69.99999999999918,1.08707275325462,seed,
ets_unet_wasserstein,ETS-U-Net Wasserstein,2026,-59.99999999999916,1.0907377048137796,seed,
ets_unet_wasserstein,ETS-U-Net Wasserstein,2026,-49.999999999999154,1.0941107651351223,seed,
ets_unet_wasserstein,ETS-U-Net Wasserstein,2026,-39.99999999999915,1.0961665104984066,seed,
ets_unet_wasserstein,ETS-U-Net Wasserstein,2026,-29.99999999999914,1.0970476280701789,seed,
ets_unet_wasserstein,ETS-U-Net Wasserstein,2026,-19.99999999999913,1.0968204898011513,seed,
ets_unet_wasserstein,ETS-U-Net Wasserstein,2026,-9.99999999999912,1.0960899652414664,seed,
ets_unet_wasserstein,ETS-U-Net Wasserstein,2026,8.881784197001252e-13,1.0939988482764909,seed,
ets_unet_wasserstein,ETS-U-Net Wasserstein,2026,10.000000000000897,1.0914195496738186,seed,
ets_unet_wasserstein,ETS-U-Net Wasserstein,2026,20.000000000000906,1.0875750483363247,seed,
ets_unet_wasserstein,ETS-U-Net Wasserstein,2026,30.000000000000917,1.0834727423239134,seed,
ets_unet_wasserstein,ETS-U-Net Wasserstein,2026,40.000000000000924,1.078654662331381,seed,
ets_unet_wasserstein,ETS-U-Net Wasserstein,2026,50.00000000000093,1.072699008086644,seed,
ets_unet_wasserstein,ETS-U-Net Wasserstein,2026,60.00000000000094,1.0654854201887456,seed,
ets_unet_wasserstein,ETS-U-Net Wasserstein,2026,70.00000000000095,1.0572426053054196,seed,
ets_unet_wasserstein,ETS-U-Net Wasserstein,2026,80.00000000000097,1.0485392582405473,seed,
ets_unet_wasserstein,ETS-U-Net Wasserstein,2026,90.00000000000097,1.0398940941346715,seed,
ets_unet_wasserstein,ETS-U-Net Wasserstein,2026,100.00000000000098,1.0303824408410045,seed,
ets_unet_wasserstein,ETS-U-Net Wasserstein,2026,110.00000000000098,1.0197967806960015,seed,
ets_unet_wasserstein,ETS-U-Net Wasserstein,2026,120.000000000001,1.009351723747088,seed,
ets_unet_wasserstein,ETS-U-Net Wasserstein,2026,130.000000000001,0.9979833264594398,seed,
ets_unet_wasserstein,ETS-U-Net Wasserstein,2026,140.00000000000102,0.9851189515290923,seed,
ets_unet_wasserstein,ETS-U-Net Wasserstein,2026,150.00000000000102,0.9724421623115171,seed,
ets_unet_wasserstein,ETS-U-Net Wasserstein,2026,160.00000000000102,0.9584386414587835,seed,
ets_unet_wasserstein,ETS-U-Net Wasserstein,2026,170.00000000000105,0.9437330206314113,seed,
ets_unet_wasserstein,ETS-U-Net Wasserstein,2026,180.00000000000105,0.9296295403107185,seed,
ets_unet_wasserstein,ETS-U-Net Wasserstein,2026,190.00000000000105,0.9134870336295758,seed,
ets_unet_wasserstein,ETS-U-Net Wasserstein,2026,200.00000000000108,0.8966401487542706,seed,
ets_unet_wasserstein,ETS-U-Net Wasserstein,2026,210.00000000000108,0.8806032216579235,seed,
ets_unet_wasserstein,ETS-U-Net Wasserstein,2026,220.00000000000108,0.8624896125405622,seed,
ets_unet_wasserstein,ETS-U-Net Wasserstein,2026,230.00000000000108,0.8438221393813997,seed,
ets_unet_wasserstein,ETS-U-Net Wasserstein,2026,240.0000000000011,0.8259076120362229,seed,
ets_unet_wasserstein,ETS-U-Net Wasserstein,2026,250.0000000000011,0.8083977566111399,seed,
ets_unet_wasserstein,ETS-U-Net Wasserstein,2026,260.00000000000114,0.7905694919902483,seed,
ets_unet_wasserstein,ETS-U-Net Wasserstein,2026,270.00000000000114,0.7724011424899301,seed,
ets_unet_wasserstein,ETS-U-Net Wasserstein,2026,280.00000000000114,0.7554944070628458,seed,
ets_unet_wasserstein,ETS-U-Net Wasserstein,2026,290.00000000000114,0.737478205819286,seed,
ets_unet_wasserstein,ETS-U-Net Wasserstein,2026,300.00000000000114,0.7193142955595956,seed,
ets_unet_wasserstein,ETS-U-Net Wasserstein,2026,310.00000000000114,0.7023035362234309,seed,
ets_unet_wasserstein,ETS-U-Net Wasserstein,2026,320.0000000000012,0.6840975017822489,seed,
ets_unet_wasserstein,ETS-U-Net Wasserstein,2026,330.0000000000012,0.6661648091003949,seed,
ets_unet_wasserstein,ETS-U-Net Wasserstein,2026,340.0000000000012,0.6497518206772668,seed,
ets_unet_wasserstein,ETS-U-Net Wasserstein,2026,350.0000000000012,0.6331867804269218,seed,
ets_unet_wasserstein,ETS-U-Net Wasserstein,2026,360.0000000000012,0.6166091522083449,seed,
ets_unet_wasserstein,ETS-U-Net Wasserstein,2026,370.0000000000012,0.601126805458621,seed,
ets_unet_wasserstein,ETS-U-Net Wasserstein,2026,380.00000000000125,0.5852357223639739,seed,
ets_unet_wasserstein,ETS-U-Net Wasserstein,2026,390.00000000000125,0.5691536768239183,seed,
ets_unet_wasserstein,ETS-U-Net Wasserstein,2026,400.00000000000125,0.5547450533093874,seed,
ets_unet_wasserstein,ETS-U-Net Wasserstein,2026,410.00000000000125,0.5390875495144676,seed,
ets_unet_wasserstein,ETS-U-Net Wasserstein,2026,420.00000000000125,0.5244813014182211,seed,
ets_unet_wasserstein,ETS-U-Net Wasserstein,2026,430.00000000000125,0.5110279972783661,seed,
ets_unet_wasserstein,ETS-U-Net Wasserstein,2026,440.00000000000125,0.4968766630006181,seed,
ets_unet_wasserstein,ETS-U-Net Wasserstein,2026,450.0000000000013,0.48281966273092153,seed,
ets_unet_wasserstein,ETS-U-Net Wasserstein,2026,460.0000000000013,0.4701725605931643,seed,
ets_unet_wasserstein,ETS-U-Net Wasserstein,2026,470.0000000000013,0.457205774193523,seed,
ets_unet_wasserstein,ETS-U-Net Wasserstein,2026,480.0000000000013,0.4446704250082172,seed,
ets_unet_wasserstein,ETS-U-Net Wasserstein,2026,490.0000000000013,0.4339018802295877,seed,
ets_unet_wasserstein,ETS-U-Net Wasserstein,2026,500.0000000000013,0.4213176607932287,seed,
ets_unet_wasserstein,ETS-U-Net Wasserstein,2026,510.00000000000136,0.41001517263565046,seed,
ets_unet_wasserstein,ETS-U-Net Wasserstein,2026,520.0000000000014,0.39822674843395556,seed,
ets_unet_wasserstein,ETS-U-Net Wasserstein,2026,530.0000000000014,0.38816318804858035,seed,
ets_unet_wasserstein,ETS-U-Net Wasserstein,2026,540.0000000000014,0.37765800785297843,seed,
ets_unet_wasserstein,ETS-U-Net Wasserstein,2026,550.0000000000014,0.36662352555416305,seed,
ets_unet_wasserstein,ETS-U-Net Wasserstein,2026,560.0000000000014,0.35797703838423944,seed,
ets_unet_wasserstein,ETS-U-Net Wasserstein,2026,570.0000000000014,0.3484065550954476,seed,
ets_unet_wasserstein,ETS-U-Net Wasserstein,2026,580.0000000000014,0.33849503036133594,seed,
ets_unet_wasserstein,ETS-U-Net Wasserstein,2026,590.0000000000014,0.3304915742198178,seed,
ets_unet_wasserstein,ETS-U-Net Wasserstein,2026,600.0000000000014,0.32222574311125446,seed,
ets_unet_wasserstein,ETS-U-Net Wasserstein,2026,610.0000000000015,0.3138753377310818,seed,
ets_unet_wasserstein,ETS-U-Net Wasserstein,2026,620.0000000000015,0.3078619943295958,seed,
ets_unet_wasserstein,ETS-U-Net Wasserstein,2026,630.0000000000015,0.3012974578708555,seed,
ets_unet_wasserstein,ETS-U-Net Wasserstein,2026,640.0000000000015,0.29382073887708215,seed,
ets_unet_wasserstein,ETS-U-Net Wasserstein,2026,650.0000000000015,0.28807712303915234,seed,
ets_unet_wasserstein,ETS-U-Net Wasserstein,2026,660.0000000000015,0.28116530883138746,seed,
ets_unet_wasserstein,ETS-U-Net Wasserstein,2026,670.0000000000015,0.27511543225593715,seed,
ets_unet_wasserstein,ETS-U-Net Wasserstein,2026,680.0000000000015,0.27047735572498144,seed,
ets_unet_wasserstein,ETS-U-Net Wasserstein,2026,690.0000000000015,0.2652472444780045,seed,
ets_unet_wasserstein,ETS-U-Net Wasserstein,2026,700.0000000000015,0.2601504364571063,seed,
ets_unet_wasserstein,ETS-U-Net Wasserstein,2026,710.0000000000015,0.25659815811402586,seed,
ets_unet_wasserstein,ETS-U-Net Wasserstein,2026,720.0000000000015,0.2514133558915135,seed,
ets_unet_wasserstein,ETS-U-Net Wasserstein,2026,730.0000000000016,0.24732041712467034,seed,
ets_unet_wasserstein,ETS-U-Net Wasserstein,2026,740.0000000000016,0.24501937775587976,seed,
ets_unet_wasserstein,ETS-U-Net Wasserstein,2026,750.0000000000016,0.24156846110732483,seed,
ets_unet_wasserstein,ETS-U-Net Wasserstein,2026,760.0000000000016,0.23844762576148515,seed,
ets_unet_wasserstein,ETS-U-Net Wasserstein,2026,770.0000000000016,0.23645513718347835,seed,
ets_unet_wasserstein,ETS-U-Net Wasserstein,2026,780.0000000000016,0.2329543366825256,seed,
ets_unet_wasserstein,ETS-U-Net Wasserstein,2026,790.0000000000016,0.23061102253477284,seed,
ets_unet_wasserstein,ETS-U-Net Wasserstein,2026,800.0000000000016,0.22812625204122147,seed,
ets_unet_wasserstein,ETS-U-Net Wasserstein,2026,810.0000000000016,0.2275504751687576,seed,
ets_unet_wasserstein,ETS-U-Net Wasserstein,2026,820.0000000000016,0.22529819033284212,seed,
ets_unet_wasserstein,ETS-U-Net Wasserstein,2026,830.0000000000016,0.2224253245842622,seed,
ets_unet_wasserstein,ETS-U-Net Wasserstein,2026,840.0000000000016,0.22154045697938193,seed,
ets_unet_wasserstein,ETS-U-Net Wasserstein,2026,850.0000000000016,0.22041913798414825,seed,
ets_unet_wasserstein,ETS-U-Net Wasserstein,2026,860.0000000000017,0.2186818932449364,seed,
ets_unet_wasserstein,ETS-U-Net Wasserstein,2026,870.0000000000017,0.21837558188273132,seed,
ets_unet_wasserstein,ETS-U-Net Wasserstein,2026,880.0000000000017,0.21677798741616938,seed,
ets_unet_wasserstein,ETS-U-Net Wasserstein,2026,890.0000000000017,0.21482744567645543,seed,
ets_unet_wasserstein,ETS-U-Net Wasserstein,2026,900.0000000000017,0.21425820135495638,seed,
ets_unet_wasserstein,ETS-U-Net Wasserstein,2026,910.0000000000017,0.21341121479990288,seed,
ets_unet_wasserstein,ETS-U-Net Wasserstein,2026,920.0000000000017,0.212687983569902,seed,
ets_unet_wasserstein,ETS-U-Net Wasserstein,2026,930.0000000000017,0.21332821968839974,seed,
ets_unet_wasserstein,ETS-U-Net Wasserstein,2026,940.0000000000017,0.21230234212467283,seed,
ets_unet_wasserstein,ETS-U-Net Wasserstein,2026,950.0000000000017,0.21227244180478752,seed,
ets_unet_wasserstein,ETS-U-Net Wasserstein,2026,960.0000000000017,0.21249176858665256,seed,
ets_unet_wasserstein,ETS-U-Net Wasserstein,2026,970.0000000000017,0.21188894606696948,seed,
ets_unet_wasserstein,ETS-U-Net Wasserstein,2026,980.0000000000017,0.2112458356720363,seed,
ets_unet_wasserstein,ETS-U-Net Wasserstein,2026,990.0000000000018,0.21234476649694714,seed,
ets_unet_wasserstein,ETS-U-Net Wasserstein,2026,1000.0000000000018,0.21139791238126235,seed,
ets_unet_wasserstein,ETS-U-Net Wasserstein,2027,-1000.0,0.04288697917093705,seed,
ets_unet_wasserstein,ETS-U-Net Wasserstein,2027,-990.0,0.04514703842734544,seed,
ets_unet_wasserstein,ETS-U-Net Wasserstein,2027,-980.0,0.047614614687057466,seed,
ets_unet_wasserstein,ETS-U-Net Wasserstein,2027,-970.0,0.050321615992068455,seed,
ets_unet_wasserstein,ETS-U-Net Wasserstein,2027,-960.0,0.05254726079618459,seed,
ets_unet_wasserstein,ETS-U-Net Wasserstein,2027,-950.0,0.05507094173399228,seed,
ets_unet_wasserstein,ETS-U-Net Wasserstein,2027,-940.0,0.058051064007469524,seed,
ets_unet_wasserstein,ETS-U-Net Wasserstein,2027,-929.9999999999999,0.060494340086962126,seed,
ets_unet_wasserstein,ETS-U-Net Wasserstein,2027,-919.9999999999999,0.06348302497338792,seed,
ets_unet_wasserstein,ETS-U-Net Wasserstein,2027,-909.9999999999999,0.06676637356885244,seed,
ets_unet_wasserstein,ETS-U-Net Wasserstein,2027,-899.9999999999999,0.06991900241513173,seed,
ets_unet_wasserstein,ETS-U-Net Wasserstein,2027,-889.9999999999999,0.07330669371100051,seed,
ets_unet_wasserstein,ETS-U-Net Wasserstein,2027,-879.9999999999999,0.07697939174683072,seed,
ets_unet_wasserstein,ETS-U-Net Wasserstein,2027,-869.9999999999999,0.08059884465622133,seed,
ets_unet_wasserstein,ETS-U-Net Wasserstein,2027,-859.9999999999999,0.08450440578504854,seed,
ets_unet_wasserstein,ETS-U-Net Wasserstein,2027,-849.9999999999999,0.08843562331123811,seed,
ets_unet_wasserstein,ETS-U-Net Wasserstein,2027,-839.9999999999999,0.09220359023202696,seed,
ets_unet_wasserstein,ETS-U-Net Wasserstein,2027,-829.9999999999999,0.09681736891725538,seed,
ets_unet_wasserstein,ETS-U-Net Wasserstein,2027,-819.9999999999999,0.10155606176105261,seed,
ets_unet_wasserstein,ETS-U-Net Wasserstein,2027,-809.9999999999999,0.10614309799743142,seed,
ets_unet_wasserstein,ETS-U-Net Wasserstein,2027,-799.9999999999998,0.1111422383851663,seed,
ets_unet_wasserstein,ETS-U-Net Wasserstein,2027,-789.9999999999998,0.1159844868309684,seed,
ets_unet_wasserstein,ETS-U-Net Wasserstein,2027,-779.9999999999998,0.12061487487160115,seed,
ets_unet_wasserstein,ETS-U-Net Wasserstein,2027,-769.9999999999998,0.1262546696964546,seed,
ets_unet_wasserstein,ETS-U-Net Wasserstein,2027,-759.9999999999998,0.13224236853162635,seed,
ets_unet_wasserstein,ETS-U-Net Wasserstein,2027,-749.9999999999998,0.13777147920300814,seed,
ets_unet_wasserstein,ETS-U-Net Wasserstein,2027,-739.9999999999998,0.14380519424441207,seed,
ets_unet_wasserstein,ETS-U-Net Wasserstein,2027,-729.9999999999998,0.15020826051336375,seed,
ets_unet_wasserstein,ETS-U-Net Wasserstein,2027,-719.9999999999998,0.15719823311686285,seed,
ets_unet_wasserstein,ETS-U-Net Wasserstein,2027,-709.9999999999998,0.16355183687662941,seed,
ets_unet_wasserstein,ETS-U-Net Wasserstein,2027,-699.9999999999998,0.17095614489961827,seed,
ets_unet_wasserstein,ETS-U-Net Wasserstein,2027,-689.9999999999998,0.17870214273627996,seed,
ets_unet_wasserstein,ETS-U-Net Wasserstein,2027,-679.9999999999998,0.1859183430561947,seed,
ets_unet_wasserstein,ETS-U-Net Wasserstein,2027,-669.9999999999997,0.193731882430605,seed,
ets_unet_wasserstein,ETS-U-Net Wasserstein,2027,-659.9999999999997,0.20208542531127763,seed,
ets_unet_wasserstein,ETS-U-Net Wasserstein,2027,-649.9999999999997,0.21086225612266274,seed,
ets_unet_wasserstein,ETS-U-Net Wasserstein,2027,-639.9999999999997,0.2197120914087244,seed,
ets_unet_wasserstein,ETS-U-Net Wasserstein,2027,-629.9999999999997,0.22912667111806914,seed,
ets_unet_wasserstein,ETS-U-Net Wasserstein,2027,-619.9999999999997,0.23895230003945403,seed,
ets_unet_wasserstein,ETS-U-Net Wasserstein,2027,-609.9999999999997,0.24926069411283516,seed,
ets_unet_wasserstein,ETS-U-Net Wasserstein,2027,-599.9999999999997,0.25983885963629777,seed,
ets_unet_wasserstein,ETS-U-Net Wasserstein,2027,-589.9999999999997,0.270685181773459,seed,
ets_unet_wasserstein,ETS-U-Net Wasserstein,2027,-579.9999999999997,0.2818919960768105,seed,
ets_unet_wasserstein,ETS-U-Net Wasserstein,2027,-569.9999999999997,0.29356095600528964,seed,
ets_unet_wasserstein,ETS-U-Net Wasserstein,2027,-559.9999999999997,0.3053545561998219,seed,
ets_unet_wasserstein,ETS-U-Net Wasserstein,2027,-549.9999999999995,0.3179851432743512,seed,
ets_unet_wasserstein,ETS-U-Net Wasserstein,2027,-539.9999999999995,0.3310942881159436,seed,
ets_unet_wasserstein,ETS-U-Net Wasserstein,2027,-529.9999999999995,0.34451893678324824,seed,
ets_unet_wasserstein,ETS-U-Net Wasserstein,2027,-519.9999999999995,0.35899903766606556,seed,
ets_unet_wasserstein,ETS-U-Net Wasserstein,2027,-509.99999999999955,0.373596517716171,seed,
ets_unet_wasserstein,ETS-U-Net Wasserstein,2027,-499.99999999999955,0.38820171603539927,seed,
ets_unet_wasserstein,ETS-U-Net Wasserstein,2027,-489.99999999999955,0.4037688227443609,seed,
ets_unet_wasserstein,ETS-U-Net Wasserstein,2027,-479.99999999999955,0.4200460079044893,seed,
ets_unet_wasserstein,ETS-U-Net Wasserstein,2027,-469.99999999999955,0.4372322186871271,seed,
ets_unet_wasserstein,ETS-U-Net Wasserstein,2027,-459.99999999999955,0.45404147249388993,seed,
ets_unet_wasserstein,ETS-U-Net Wasserstein,2027,-449.9999999999995,0.4719002356801903,seed,
ets_unet_wasserstein,ETS-U-Net Wasserstein,2027,-439.9999999999995,0.49080323959836536,seed,
ets_unet_wasserstein,ETS-U-Net Wasserstein,2027,-429.9999999999995,0.5094627277843976,seed,
ets_unet_wasserstein,ETS-U-Net Wasserstein,2027,-419.9999999999995,0.5293652810290016,seed,
ets_unet_wasserstein,ETS-U-Net Wasserstein,2027,-409.9999999999995,0.5498118691002469,seed,
ets_unet_wasserstein,ETS-U-Net Wasserstein,2027,-399.9999999999995,0.5710461804524132,seed,
ets_unet_wasserstein,ETS-U-Net Wasserstein,2027,-389.99999999999943,0.5928401383133025,seed,
ets_unet_wasserstein,ETS-U-Net Wasserstein,2027,-379.99999999999943,0.6153838467535996,seed,
ets_unet_wasserstein,ETS-U-Net Wasserstein,2027,-369.99999999999943,0.6383677027200273,seed,
ets_unet_wasserstein,ETS-U-Net Wasserstein,2027,-359.99999999999943,0.6624540525310488,seed,
ets_unet_wasserstein,ETS-U-Net Wasserstein,2027,-349.99999999999943,0.6868579181458362,seed,
ets_unet_wasserstein,ETS-U-Net Wasserstein,2027,-339.99999999999943,0.7109356684832229,seed,
ets_unet_wasserstein,ETS-U-Net Wasserstein,2027,-329.99999999999943,0.736493854564311,seed,
ets_unet_wasserstein,ETS-U-Net Wasserstein,2027,-319.9999999999994,0.7625425065220295,seed,
ets_unet_wasserstein,ETS-U-Net Wasserstein,2027,-309.9999999999994,0.788369040614354,seed,
ets_unet_wasserstein,ETS-U-Net Wasserstein,2027,-299.9999999999994,0.8143580776190911,seed,
ets_unet_wasserstein,ETS-U-Net Wasserstein,2027,-289.9999999999994,0.8403285045572577,seed,
ets_unet_wasserstein,ETS-U-Net Wasserstein,2027,-279.9999999999994,0.866398420470367,seed,
ets_unet_wasserstein,ETS-U-Net Wasserstein,2027,-269.9999999999994,0.8935932789876305,seed,
ets_unet_wasserstein,ETS-U-Net Wasserstein,2027,-259.9999999999993,0.9205084025701802,seed,
ets_unet_wasserstein,ETS-U-Net Wasserstein,2027,-249.99999999999935,0.9479694149084998,seed,
ets_unet_wasserstein,ETS-U-Net Wasserstein,2027,-239.99999999999932,0.9745493645227503,seed,
ets_unet_wasserstein,ETS-U-Net Wasserstein,2027,-229.99999999999932,1.001054438625979,seed,
ets_unet_wasserstein,ETS-U-Net Wasserstein,2027,-219.99999999999932,1.0272992463672361,seed,
ets_unet_wasserstein,ETS-U-Net Wasserstein,2027,-209.9999999999993,1.0528202021850446,seed,
ets_unet_wasserstein,ETS-U-Net Wasserstein,2027,-199.9999999999993,1.0778999671245462,seed,
ets_unet_wasserstein,ETS-U-Net Wasserstein,2027,-189.9999999999993,1.102115769552677,seed,
ets_unet_wasserstein,ETS-U-Net Wasserstein,2027,-179.99999999999926,1.125526036061501,seed,
ets_unet_wasserstein,ETS-U-Net Wasserstein,2027,-169.99999999999926,1.1482963722665187,seed,
ets_unet_wasserstein,ETS-U-Net Wasserstein,2027,-159.99999999999926,1.170124473814192,seed,
ets_unet_wasserstein,ETS-U-Net Wasserstein,2027,-149.99999999999923,1.1903643350150759,seed,
ets_unet_wasserstein,ETS-U-Net Wasserstein,2027,-139.99999999999923,1.209417381111028,seed,
ets_unet_wasserstein,ETS-U-Net Wasserstein,2027,-129.99999999999923,1.2275974727535792,seed,
ets_unet_wasserstein,ETS-U-Net Wasserstein,2027,-119.99999999999922,1.2436383203995305,seed,
ets_unet_wasserstein,ETS-U-Net Wasserstein,2027,-109.9999999999992,1.2584099837879272,seed,
ets_unet_wasserstein,ETS-U-Net Wasserstein,2027,-99.9999999999992,1.2718579008115416,seed,
ets_unet_wasserstein,ETS-U-Net Wasserstein,2027,-89.99999999999919,1.2834962105106524,seed,
ets_unet_wasserstein,ETS-U-Net Wasserstein,2027,-79.99999999999918,1.2936694007604321,seed,
ets_unet_wasserstein,ETS-U-Net Wasserstein,2027,-69.99999999999918,1.3016795526128833,seed,
ets_unet_wasserstein,ETS-U-Net Wasserstein,2027,-59.99999999999916,1.3084213263043474,seed,
ets_unet_wasserstein,ETS-U-Net Wasserstein,2027,-49.999999999999154,1.3140696480301794,seed,
ets_unet_wasserstein,ETS-U-Net Wasserstein,2027,-39.99999999999915,1.3181192779026056,seed,
ets_unet_wasserstein,ETS-U-Net Wasserstein,2027,-29.99999999999914,1.320276710729118,seed,
ets_unet_wasserstein,ETS-U-Net Wasserstein,2027,-19.99999999999913,1.3208446754689291,seed,
ets_unet_wasserstein,ETS-U-Net Wasserstein,2027,-9.99999999999912,1.3189917832013955,seed,
ets_unet_wasserstein,ETS-U-Net Wasserstein,2027,8.881784197001252e-13,1.3145863140529455,seed,
ets_unet_wasserstein,ETS-U-Net Wasserstein,2027,10.000000000000897,1.3103530178372755,seed,
ets_unet_wasserstein,ETS-U-Net Wasserstein,2027,20.000000000000906,1.3041996095615005,seed,
ets_unet_wasserstein,ETS-U-Net Wasserstein,2027,30.000000000000917,1.295263412472218,seed,
ets_unet_wasserstein,ETS-U-Net Wasserstein,2027,40.000000000000924,1.2842032935011938,seed,
ets_unet_wasserstein,ETS-U-Net Wasserstein,2027,50.00000000000093,1.2710496017093602,seed,
ets_unet_wasserstein,ETS-U-Net Wasserstein,2027,60.00000000000094,1.2563684441679346,seed,
ets_unet_wasserstein,ETS-U-Net Wasserstein,2027,70.00000000000095,1.2390693518242468,seed,
ets_unet_wasserstein,ETS-U-Net Wasserstein,2027,80.00000000000097,1.2208755246358993,seed,
ets_unet_wasserstein,ETS-U-Net Wasserstein,2027,90.00000000000097,1.20266813122469,seed,
ets_unet_wasserstein,ETS-U-Net Wasserstein,2027,100.00000000000098,1.1832368598404255,seed,
ets_unet_wasserstein,ETS-U-Net Wasserstein,2027,110.00000000000098,1.1620813943263524,seed,
ets_unet_wasserstein,ETS-U-Net Wasserstein,2027,120.000000000001,1.1412144811143694,seed,
ets_unet_wasserstein,ETS-U-Net Wasserstein,2027,130.000000000001,1.1190610257291196,seed,
ets_unet_wasserstein,ETS-U-Net Wasserstein,2027,140.00000000000102,1.0952270880079182,seed,
ets_unet_wasserstein,ETS-U-Net Wasserstein,2027,150.00000000000102,1.0731669978292941,seed,
ets_unet_wasserstein,ETS-U-Net Wasserstein,2027,160.00000000000102,1.0484755799792909,seed,
ets_unet_wasserstein,ETS-U-Net Wasserstein,2027,170.00000000000105,1.0234015908781404,seed,
ets_unet_wasserstein,ETS-U-Net Wasserstein,2027,180.00000000000105,0.9995865189681443,seed,
ets_unet_wasserstein,ETS-U-Net Wasserstein,2027,190.00000000000105,0.9737365445177859,seed,
ets_unet_wasserstein,ETS-U-Net Wasserstein,2027,200.00000000000108,0.947612580425467,seed,
ets_unet_wasserstein,ETS-U-Net Wasserstein,2027,210.00000000000108,0.9230082179600363,seed,
ets_unet_wasserstein,ETS-U-Net Wasserstein,2027,220.00000000000108,0.8952280473847275,seed,
ets_unet_wasserstein,ETS-U-Net Wasserstein,2027,230.00000000000108,0.8684515560192152,seed,
ets_unet_wasserstein,ETS-U-Net Wasserstein,2027,240.0000000000011,0.8426429657862413,seed,
ets_unet_wasserstein,ETS-U-Net Wasserstein,2027,250.0000000000011,0.8162034678827204,seed,
ets_unet_wasserstein,ETS-U-Net Wasserstein,2027,260.00000000000114,0.7894879191233761,seed,
ets_unet_wasserstein,ETS-U-Net Wasserstein,2027,270.00000000000114,0.7627230358624465,seed,
ets_unet_wasserstein,ETS-U-Net Wasserstein,2027,280.00000000000114,0.7375387218641113,seed,
ets_unet_wasserstein,ETS-U-Net Wasserstein,2027,290.00000000000114,0.7115200013090139,seed,
ets_unet_wasserstein,ETS-U-Net Wasserstein,2027,300.00000000000114,0.6856818690803064,seed,
ets_unet_wasserstein,ETS-U-Net Wasserstein,2027,310.00000000000114,0.6622549714285335,seed,
ets_unet_wasserstein,ETS-U-Net Wasserstein,2027,320.0000000000012,0.6375882795877381,seed,
ets_unet_wasserstein,ETS-U-Net Wasserstein,2027,330.0000000000012,0.6130093373932135,seed,
ets_unet_wasserstein,ETS-U-Net Wasserstein,2027,340.0000000000012,0.5907863792570585,seed,
ets_unet_wasserstein,ETS-U-Net Wasserstein,2027,350.0000000000012,0.5686988387275711,seed,
ets_unet_wasserstein,ETS-U-Net Wasserstein,2027,360.0000000000012,0.5472592790452907,seed,
ets_unet_wasserstein,ETS-U-Net Wasserstein,2027,370.0000000000012,0.5272106867788031,seed,
ets_unet_wasserstein,ETS-U-Net Wasserstein,2027,380.00000000000125,0.5068797745481551,seed,
ets_unet_wasserstein,ETS-U-Net Wasserstein,2027,390.00000000000125,0.4874101376360286,seed,
ets_unet_wasserstein,ETS-U-Net Wasserstein,2027,400.00000000000125,0.46999433888524306,seed,
ets_unet_wasserstein,ETS-U-Net Wasserstein,2027,410.00000000000125,0.452002582594119,seed,
ets_unet_wasserstein,ETS-U-Net Wasserstein,2027,420.00000000000125,0.43539916832270487,seed,
ets_unet_wasserstein,ETS-U-Net Wasserstein,2027,430.00000000000125,0.42000969756612977,seed,
ets_unet_wasserstein,ETS-U-Net Wasserstein,2027,440.00000000000125,0.4031725972797327,seed,
ets_unet_wasserstein,ETS-U-Net Wasserstein,2027,450.0000000000013,0.3873165271936079,seed,
ets_unet_wasserstein,ETS-U-Net Wasserstein,2027,460.0000000000013,0.373548333886352,seed,
ets_unet_wasserstein,ETS-U-Net Wasserstein,2027,470.0000000000013,0.35860466252463086,seed,
ets_unet_wasserstein,ETS-U-Net Wasserstein,2027,480.0000000000013,0.3451826819266489,seed,
ets_unet_wasserstein,ETS-U-Net Wasserstein,2027,490.0000000000013,0.3341376009648709,seed,
ets_unet_wasserstein,ETS-U-Net Wasserstein,2027,500.0000000000013,0.32088778697302517,seed,
ets_unet_wasserstein,ETS-U-Net Wasserstein,2027,510.00000000000136,0.30898221177639124,seed,
ets_unet_wasserstein,ETS-U-Net Wasserstein,2027,520.0000000000014,0.29696370378771114,seed,
ets_unet_wasserstein,ETS-U-Net Wasserstein,2027,530.0000000000014,0.28720897452796706,seed,
ets_unet_wasserstein,ETS-U-Net Wasserstein,2027,540.0000000000014,0.276898369622843,seed,
ets_unet_wasserstein,ETS-U-Net Wasserstein,2027,550.0000000000014,0.26654049459038437,seed,
ets_unet_wasserstein,ETS-U-Net Wasserstein,2027,560.0000000000014,0.2587574328151316,seed,
ets_unet_wasserstein,ETS-U-Net Wasserstein,2027,570.0000000000014,0.2502267869154401,seed,
ets_unet_wasserstein,ETS-U-Net Wasserstein,2027,580.0000000000014,0.24132458917026992,seed,
ets_unet_wasserstein,ETS-U-Net Wasserstein,2027,590.0000000000014,0.23431253313435774,seed,
ets_unet_wasserstein,ETS-U-Net Wasserstein,2027,600.0000000000014,0.22689910946849873,seed,
ets_unet_wasserstein,ETS-U-Net Wasserstein,2027,610.0000000000015,0.2192601077373806,seed,
ets_unet_wasserstein,ETS-U-Net Wasserstein,2027,620.0000000000015,0.21428546564980355,seed,
ets_unet_wasserstein,ETS-U-Net Wasserstein,2027,630.0000000000015,0.20866330569166708,seed,
ets_unet_wasserstein,ETS-U-Net Wasserstein,2027,640.0000000000015,0.20203894687996915,seed,
ets_unet_wasserstein,ETS-U-Net Wasserstein,2027,650.0000000000015,0.19781510565863217,seed,
ets_unet_wasserstein,ETS-U-Net Wasserstein,2027,660.0000000000015,0.19220824955605087,seed,
ets_unet_wasserstein,ETS-U-Net Wasserstein,2027,670.0000000000015,0.18729612140682714,seed,
ets_unet_wasserstein,ETS-U-Net Wasserstein,2027,680.0000000000015,0.1841293702014628,seed,
ets_unet_wasserstein,ETS-U-Net Wasserstein,2027,690.0000000000015,0.17978670377541392,seed,
ets_unet_wasserstein,ETS-U-Net Wasserstein,2027,700.0000000000015,0.17565205164392272,seed,
ets_unet_wasserstein,ETS-U-Net Wasserstein,2027,710.0000000000015,0.17351552909306417,seed,
ets_unet_wasserstein,ETS-U-Net Wasserstein,2027,720.0000000000015,0.16884861974948792,seed,
ets_unet_wasserstein,ETS-U-Net Wasserstein,2027,730.0000000000016,0.16544689528482445,seed,
ets_unet_wasserstein,ETS-U-Net Wasserstein,2027,740.0000000000016,0.16422747286212186,seed,
ets_unet_wasserstein,ETS-U-Net Wasserstein,2027,750.0000000000016,0.16175510915979216,seed,
ets_unet_wasserstein,ETS-U-Net Wasserstein,2027,760.0000000000016,0.15972797143598566,seed,
ets_unet_wasserstein,ETS-U-Net Wasserstein,2027,770.0000000000016,0.15905991366951144,seed,
ets_unet_wasserstein,ETS-U-Net Wasserstein,2027,780.0000000000016,0.15602105801086505,seed,
ets_unet_wasserstein,ETS-U-Net Wasserstein,2027,790.0000000000016,0.1546266517156875,seed,
ets_unet_wasserstein,ETS-U-Net Wasserstein,2027,800.0000000000016,0.15250252035871162,seed,
ets_unet_wasserstein,ETS-U-Net Wasserstein,2027,810.0000000000016,0.1527157862445675,seed,
ets_unet_wasserstein,ETS-U-Net Wasserstein,2027,820.0000000000016,0.15100055942044283,seed,
ets_unet_wasserstein,ETS-U-Net Wasserstein,2027,830.0000000000016,0.1485403274892597,seed,
ets_unet_wasserstein,ETS-U-Net Wasserstein,2027,840.0000000000016,0.14851215610777216,seed,
ets_unet_wasserstein,ETS-U-Net Wasserstein,2027,850.0000000000016,0.14760112826572727,seed,
ets_unet_wasserstein,ETS-U-Net Wasserstein,2027,860.0000000000017,0.14651831855533068,seed,
ets_unet_wasserstein,ETS-U-Net Wasserstein,2027,870.0000000000017,0.14743393909424873,seed,
ets_unet_wasserstein,ETS-U-Net Wasserstein,2027,880.0000000000017,0.1463640670921894,seed,
ets_unet_wasserstein,ETS-U-Net Wasserstein,2027,890.0000000000017,0.14560191210828016,seed,
ets_unet_wasserstein,ETS-U-Net Wasserstein,2027,900.0000000000017,0.1464828681284931,seed,
ets_unet_wasserstein,ETS-U-Net Wasserstein,2027,910.0000000000017,0.14580140362930444,seed,
ets_unet_wasserstein,ETS-U-Net Wasserstein,2027,920.0000000000017,0.14585072652162787,seed,
ets_unet_wasserstein,ETS-U-Net Wasserstein,2027,930.0000000000017,0.14723741975373092,seed,
ets_unet_wasserstein,ETS-U-Net Wasserstein,2027,940.0000000000017,0.14630474027760187,seed,
ets_unet_wasserstein,ETS-U-Net Wasserstein,2027,950.0000000000017,0.14607140739272179,seed,
ets_unet_wasserstein,ETS-U-Net Wasserstein,2027,960.0000000000017,0.14713234622516413,seed,
ets_unet_wasserstein,ETS-U-Net Wasserstein,2027,970.0000000000017,0.14673932026724526,seed,
ets_unet_wasserstein,ETS-U-Net Wasserstein,2027,980.0000000000017,0.1468608205502219,seed,
ets_unet_wasserstein,ETS-U-Net Wasserstein,2027,990.0000000000018,0.14937575730140382,seed,
ets_unet_wasserstein,ETS-U-Net Wasserstein,2027,1000.0000000000018,0.14858512829198708,seed,
ets_unet_wasserstein,ETS-U-Net Wasserstein,2028,-1000.0,0.06701277757846526,seed,
ets_unet_wasserstein,ETS-U-Net Wasserstein,2028,-990.0,0.0695212352496727,seed,
ets_unet_wasserstein,ETS-U-Net Wasserstein,2028,-980.0,0.07215197401193219,seed,
ets_unet_wasserstein,ETS-U-Net Wasserstein,2028,-970.0,0.07496731572073481,seed,
ets_unet_wasserstein,ETS-U-Net Wasserstein,2028,-960.0,0.07758401560572835,seed,
ets_unet_wasserstein,ETS-U-Net Wasserstein,2028,-950.0,0.08049513478980992,seed,
ets_unet_wasserstein,ETS-U-Net Wasserstein,2028,-940.0,0.08372596402626198,seed,
ets_unet_wasserstein,ETS-U-Net Wasserstein,2028,-929.9999999999999,0.08635631541914855,seed,
ets_unet_wasserstein,ETS-U-Net Wasserstein,2028,-919.9999999999999,0.08940609922850339,seed,
ets_unet_wasserstein,ETS-U-Net Wasserstein,2028,-909.9999999999999,0.09277173681085914,seed,
ets_unet_wasserstein,ETS-U-Net Wasserstein,2028,-899.9999999999999,0.09614196184292265,seed,
ets_unet_wasserstein,ETS-U-Net Wasserstein,2028,-889.9999999999999,0.09989729087045696,seed,
ets_unet_wasserstein,ETS-U-Net Wasserstein,2028,-879.9999999999999,0.10374576484015224,seed,
ets_unet_wasserstein,ETS-U-Net Wasserstein,2028,-869.9999999999999,0.10720928868799012,seed,
ets_unet_wasserstein,ETS-U-Net Wasserstein,2028,-859.9999999999999,0.11117860388649825,seed,
ets_unet_wasserstein,ETS-U-Net Wasserstein,2028,-849.9999999999999,0.11514773445715723,seed,
ets_unet_wasserstein,ETS-U-Net Wasserstein,2028,-839.9999999999999,0.11895386159354895,seed,
ets_unet_wasserstein,ETS-U-Net Wasserstein,2028,-829.9999999999999,0.12340900447557555,seed,
ets_unet_wasserstein,ETS-U-Net Wasserstein,2028,-819.9999999999999,0.12792269694674,seed,
ets_unet_wasserstein,ETS-U-Net Wasserstein,2028,-809.9999999999999,0.1325393608926814,seed,
ets_unet_wasserstein,ETS-U-Net Wasserstein,2028,-799.9999999999998,0.13767840750600766,seed,
ets_unet_wasserstein,ETS-U-Net Wasserstein,2028,-789.9999999999998,0.1429269146282914,seed,
ets_unet_wasserstein,ETS-U-Net Wasserstein,2028,-779.9999999999998,0.148157589907834,seed,
ets_unet_wasserstein,ETS-U-Net Wasserstein,2028,-769.9999999999998,0.15394198369882983,seed,
ets_unet_wasserstein,ETS-U-Net Wasserstein,2028,-759.9999999999998,0.1599517656469311,seed,
ets_unet_wasserstein,ETS-U-Net Wasserstein,2028,-749.9999999999998,0.16578561717556473,seed,
ets_unet_wasserstein,ETS-U-Net Wasserstein,2028,-739.9999999999998,0.17220847150072102,seed,
ets_unet_wasserstein,ETS-U-Net Wasserstein,2028,-729.9999999999998,0.17883025930207225,seed,
ets_unet_wasserstein,ETS-U-Net Wasserstein,2028,-719.9999999999998,0.1858078542491661,seed,
ets_unet_wasserstein,ETS-U-Net Wasserstein,2028,-709.9999999999998,0.1925721597389493,seed,
ets_unet_wasserstein,ETS-U-Net Wasserstein,2028,-699.9999999999998,0.19987323418472452,seed,
ets_unet_wasserstein,ETS-U-Net Wasserstein,2028,-689.9999999999998,0.20710667935193044,seed,
ets_unet_wasserstein,ETS-U-Net Wasserstein,2028,-679.9999999999998,0.21452783098953765,seed,
ets_unet_wasserstein,ETS-U-Net Wasserstein,2028,-669.9999999999997,0.22242228212504908,seed,
ets_unet_wasserstein,ETS-U-Net Wasserstein,2028,-659.9999999999997,0.23086198726770743,seed,
ets_unet_wasserstein,ETS-U-Net Wasserstein,2028,-649.9999999999997,0.23951739696850427,seed,
ets_unet_wasserstein,ETS-U-Net Wasserstein,2028,-639.9999999999997,0.24840961689520252,seed,
ets_unet_wasserstein,ETS-U-Net Wasserstein,2028,-629.9999999999997,0.2580242097853972,seed,
ets_unet_wasserstein,ETS-U-Net Wasserstein,2028,-619.9999999999997,0.26738456913825004,seed,
ets_unet_wasserstein,ETS-U-Net Wasserstein,2028,-609.9999999999997,0.277772814099587,seed,
ets_unet_wasserstein,ETS-U-Net Wasserstein,2028,-599.9999999999997,0.288722156038839,seed,
ets_unet_wasserstein,ETS-U-Net Wasserstein,2028,-589.9999999999997,0.2995682410005589,seed,
ets_unet_wasserstein,ETS-U-Net Wasserstein,2028,-579.9999999999997,0.3109045816224375,seed,
ets_unet_wasserstein,ETS-U-Net Wasserstein,2028,-569.9999999999997,0.3226876137126144,seed,
ets_unet_wasserstein,ETS-U-Net Wasserstein,2028,-559.9999999999997,0.33487345632180276,seed,
ets_unet_wasserstein,ETS-U-Net Wasserstein,2028,-549.9999999999995,0.3480712224436337,seed,
ets_unet_wasserstein,ETS-U-Net Wasserstein,2028,-539.9999999999995,0.3618583747641016,seed,
ets_unet_wasserstein,ETS-U-Net Wasserstein,2028,-529.9999999999995,0.37583764067811076,seed,
ets_unet_wasserstein,ETS-U-Net Wasserstein,2028,-519.9999999999995,0.39033587569443573,seed,
ets_unet_wasserstein,ETS-U-Net Wasserstein,2028,-509.99999999999955,0.4054268192171091,seed,
ets_unet_wasserstein,ETS-U-Net Wasserstein,2028,-499.99999999999955,0.420561555678533,seed,
ets_unet_wasserstein,ETS-U-Net Wasserstein,2028,-489.99999999999955,0.43688802508307284,seed,
ets_unet_wasserstein,ETS-U-Net Wasserstein,2028,-479.99999999999955,0.45390158235109757,seed,
ets_unet_wasserstein,ETS-U-Net Wasserstein,2028,-469.99999999999955,0.47155218750182226,seed,
ets_unet_wasserstein,ETS-U-Net Wasserstein,2028,-459.99999999999955,0.48871055784456097,seed,
ets_unet_wasserstein,ETS-U-Net Wasserstein,2028,-449.9999999999995,0.5069841096508217,seed,
ets_unet_wasserstein,ETS-U-Net Wasserstein,2028,-439.9999999999995,0.5262154103027052,seed,
ets_unet_wasserstein,ETS-U-Net Wasserstein,2028,-429.9999999999995,0.5449204295986814,seed,
ets_unet_wasserstein,ETS-U-Net Wasserstein,2028,-419.9999999999995,0.5642163954323526,seed,
ets_unet_wasserstein,ETS-U-Net Wasserstein,2028,-409.9999999999995,0.5831610593702906,seed,
ets_unet_wasserstein,ETS-U-Net Wasserstein,2028,-399.9999999999995,0.6024551453908288,seed,
ets_unet_wasserstein,ETS-U-Net Wasserstein,2028,-389.99999999999943,0.6224684656988543,seed,
ets_unet_wasserstein,ETS-U-Net Wasserstein,2028,-379.99999999999943,0.6427480351981036,seed,
ets_unet_wasserstein,ETS-U-Net Wasserstein,2028,-369.99999999999943,0.6622569748667885,seed,
ets_unet_wasserstein,ETS-U-Net Wasserstein,2028,-359.99999999999943,0.6820839447778757,seed,
ets_unet_wasserstein,ETS-U-Net Wasserstein,2028,-349.99999999999943,0.7023176725984288,seed,
ets_unet_wasserstein,ETS-U-Net Wasserstein,2028,-339.99999999999943,0.7220439349362754,seed,
ets_unet_wasserstein,ETS-U-Net Wasserstein,2028,-329.99999999999943,0.7421723285461395,seed,
ets_unet_wasserstein,ETS-U-Net Wasserstein,2028,-319.9999999999994,0.7622994698357645,seed,
ets_unet_wasserstein,ETS-U-Net Wasserstein,2028,-309.9999999999994,0.7819554028361327,seed,
ets_unet_wasserstein,ETS-U-Net Wasserstein,2028,-299.9999999999994,0.8021138544606723,seed,
ets_unet_wasserstein,ETS-U-Net Wasserstein,2028,-289.9999999999994,0.8219319522356308,seed,
ets_unet_wasserstein,ETS-U-Net Wasserstein,2028,-279.9999999999994,0.8411694845422221,seed,
ets_unet_wasserstein,ETS-U-Net Wasserstein,2028,-269.9999999999994,0.8608001220701961,seed,
ets_unet_wasserstein,ETS-U-Net Wasserstein,2028,-259.9999999999993,0.8798918845884778,seed,
ets_unet_wasserstein,ETS-U-Net Wasserstein,2028,-249.99999999999935,0.8991738989259235,seed,
ets_unet_wasserstein,ETS-U-Net Wasserstein,2028,-239.99999999999932,0.9176341570533393,seed,
ets_unet_wasserstein,ETS-U-Net Wasserstein,2028,-229.99999999999932,0.9363493683909538,seed,
ets_unet_wasserstein,ETS-U-Net Wasserstein,2028,-219.99999999999932,0.9541191522928146,seed,
ets_unet_wasserstein,ETS-U-Net Wasserstein,2028,-209.9999999999993,0.971013753628535,seed,
ets_unet_wasserstein,ETS-U-Net Wasserstein,2028,-199.9999999999993,0.9876879701678003,seed,
ets_unet_wasserstein,ETS-U-Net Wasserstein,2028,-189.9999999999993,1.0040661950406164,seed,
ets_unet_wasserstein,ETS-U-Net Wasserstein,2028,-179.99999999999926,1.0193782545441419,seed,
ets_unet_wasserstein,ETS-U-Net Wasserstein,2028,-169.99999999999926,1.034441377836628,seed,
ets_unet_wasserstein,ETS-U-Net Wasserstein,2028,-159.99999999999926,1.0489085070905744,seed,
ets_unet_wasserstein,ETS-U-Net Wasserstein,2028,-149.99999999999923,1.0621646871972727,seed,
ets_unet_wasserstein,ETS-U-Net Wasserstein,2028,-139.99999999999923,1.0750086327488078,seed,
ets_unet_wasserstein,ETS-U-Net Wasserstein,2028,-129.99999999999923,1.0864267356504596,seed,
ets_unet_wasserstein,ETS-U-Net Wasserstein,2028,-119.99999999999922,1.0964259275215003,seed,
ets_unet_wasserstein,ETS-U-Net Wasserstein,2028,-109.9999999999992,1.1057701852722348,seed,
ets_unet_wasserstein,ETS-U-Net Wasserstein,2028,-99.9999999999992,1.1148617989904148,seed,
ets_unet_wasserstein,ETS-U-Net Wasserstein,2028,-89.99999999999919,1.1233861610670113,seed,
ets_unet_wasserstein,ETS-U-Net Wasserstein,2028,-79.99999999999918,1.1303569327654641,seed,
ets_unet_wasserstein,ETS-U-Net Wasserstein,2028,-69.99999999999918,1.1361540667872754,seed,
ets_unet_wasserstein,ETS-U-Net Wasserstein,2028,-59.99999999999916,1.1408000759806636,seed,
ets_unet_wasserstein,ETS-U-Net Wasserstein,2028,-49.999999999999154,1.1452057532412792,seed,
ets_unet_wasserstein,ETS-U-Net Wasserstein,2028,-39.99999999999915,1.1483696375429824,seed,
ets_unet_wasserstein,ETS-U-Net Wasserstein,2028,-29.99999999999914,1.1508313867200481,seed,
ets_unet_wasserstein,ETS-U-Net Wasserstein,2028,-19.99999999999913,1.1524253612787305,seed,
ets_unet_wasserstein,ETS-U-Net Wasserstein,2028,-9.99999999999912,1.1527366040219535,seed,
ets_unet_wasserstein,ETS-U-Net Wasserstein,2028,8.881784197001252e-13,1.1516755230650955,seed,
ets_unet_wasserstein,ETS-U-Net Wasserstein,2028,10.000000000000897,1.1499854241240408,seed,
ets_unet_wasserstein,ETS-U-Net Wasserstein,2028,20.000000000000906,1.1472714565006605,seed,
ets_unet_wasserstein,ETS-U-Net Wasserstein,2028,30.000000000000917,1.1431902469745068,seed,
ets_unet_wasserstein,ETS-U-Net Wasserstein,2028,40.000000000000924,1.1381876628121406,seed,
ets_unet_wasserstein,ETS-U-Net Wasserstein,2028,50.00000000000093,1.1320223597068242,seed,
ets_unet_wasserstein,ETS-U-Net Wasserstein,2028,60.00000000000094,1.1241089541680331,seed,
ets_unet_wasserstein,ETS-U-Net Wasserstein,2028,70.00000000000095,1.115063219284675,seed,
ets_unet_wasserstein,ETS-U-Net Wasserstein,2028,80.00000000000097,1.105502466663375,seed,
ets_unet_wasserstein,ETS-U-Net Wasserstein,2028,90.00000000000097,1.0955955611770136,seed,
ets_unet_wasserstein,ETS-U-Net Wasserstein,2028,100.00000000000098,1.084994799503213,seed,
ets_unet_wasserstein,ETS-U-Net Wasserstein,2028,110.00000000000098,1.0731737856709866,seed,
ets_unet_wasserstein,ETS-U-Net Wasserstein,2028,120.000000000001,1.0626517177868564,seed,
ets_unet_wasserstein,ETS-U-Net Wasserstein,2028,130.000000000001,1.0507701534134004,seed,
ets_unet_wasserstein,ETS-U-Net Wasserstein,2028,140.00000000000102,1.0375189907457063,seed,
ets_unet_wasserstein,ETS-U-Net Wasserstein,2028,150.00000000000102,1.0248301683561714,seed,
ets_unet_wasserstein,ETS-U-Net Wasserstein,2028,160.00000000000102,1.0099832976293206,seed,
ets_unet_wasserstein,ETS-U-Net Wasserstein,2028,170.00000000000105,0.9948481623373983,seed,
ets_unet_wasserstein,ETS-U-Net Wasserstein,2028,180.00000000000105,0.9803758943533525,seed,
ets_unet_wasserstein,ETS-U-Net Wasserstein,2028,190.00000000000105,0.9628171305656323,seed,
ets_unet_wasserstein,ETS-U-Net Wasserstein,2028,200.00000000000108,0.9446990318158605,seed,
ets_unet_wasserstein,ETS-U-Net Wasserstein,2028,210.00000000000108,0.9279420863337718,seed,
ets_unet_wasserstein,ETS-U-Net Wasserstein,2028,220.00000000000108,0.9082514175519978,seed,
ets_unet_wasserstein,ETS-U-Net Wasserstein,2028,230.00000000000108,0.8885492208558452,seed,
ets_unet_wasserstein,ETS-U-Net Wasserstein,2028,240.0000000000011,0.8694261581095896,seed,
ets_unet_wasserstein,ETS-U-Net Wasserstein,2028,250.0000000000011,0.8502840562043871,seed,
ets_unet_wasserstein,ETS-U-Net Wasserstein,2028,260.00000000000114,0.8305496363900852,seed,
ets_unet_wasserstein,ETS-U-Net Wasserstein,2028,270.00000000000114,0.8104232060961766,seed,
ets_unet_wasserstein,ETS-U-Net Wasserstein,2028,280.00000000000114,0.7917937028445095,seed,
ets_unet_wasserstein,ETS-U-Net Wasserstein,2028,290.00000000000114,0.7719675322380634,seed,
ets_unet_wasserstein,ETS-U-Net Wasserstein,2028,300.00000000000114,0.7517783462099167,seed,
ets_unet_wasserstein,ETS-U-Net Wasserstein,2028,310.00000000000114,0.7330050449197184,seed,
ets_unet_wasserstein,ETS-U-Net Wasserstein,2028,320.0000000000012,0.7122073432395811,seed,
ets_unet_wasserstein,ETS-U-Net Wasserstein,2028,330.0000000000012,0.6913462567150647,seed,
ets_unet_wasserstein,ETS-U-Net Wasserstein,2028,340.0000000000012,0.672241792883536,seed,
ets_unet_wasserstein,ETS-U-Net Wasserstein,2028,350.0000000000012,0.6530176925576477,seed,
ets_unet_wasserstein,ETS-U-Net Wasserstein,2028,360.0000000000012,0.633701804570987,seed,
ets_unet_wasserstein,ETS-U-Net Wasserstein,2028,370.0000000000012,0.6160450774094,seed,
ets_unet_wasserstein,ETS-U-Net Wasserstein,2028,380.00000000000125,0.5973384679315306,seed,
ets_unet_wasserstein,ETS-U-Net Wasserstein,2028,390.00000000000125,0.5787509075830877,seed,
ets_unet_wasserstein,ETS-U-Net Wasserstein,2028,400.00000000000125,0.5624735869857861,seed,
ets_unet_wasserstein,ETS-U-Net Wasserstein,2028,410.00000000000125,0.544689952900263,seed,
ets_unet_wasserstein,ETS-U-Net Wasserstein,2028,420.00000000000125,0.5285681099280659,seed,
ets_unet_wasserstein,ETS-U-Net Wasserstein,2028,430.00000000000125,0.5129157902175493,seed,
ets_unet_wasserstein,ETS-U-Net Wasserstein,2028,440.00000000000125,0.4952618715924968,seed,
ets_unet_wasserstein,ETS-U-Net Wasserstein,2028,450.0000000000013,0.47814869605325533,seed,
ets_unet_wasserstein,ETS-U-Net Wasserstein,2028,460.0000000000013,0.4628214160813756,seed,
ets_unet_wasserstein,ETS-U-Net Wasserstein,2028,470.0000000000013,0.4461538076525173,seed,
ets_unet_wasserstein,ETS-U-Net Wasserstein,2028,480.0000000000013,0.4301382313742852,seed,
ets_unet_wasserstein,ETS-U-Net Wasserstein,2028,490.0000000000013,0.41616383068843815,seed,
ets_unet_wasserstein,ETS-U-Net Wasserstein,2028,500.0000000000013,0.4000427460212448,seed,
ets_unet_wasserstein,ETS-U-Net Wasserstein,2028,510.00000000000136,0.3854485567044327,seed,
ets_unet_wasserstein,ETS-U-Net Wasserstein,2028,520.0000000000014,0.37065404804207813,seed,
ets_unet_wasserstein,ETS-U-Net Wasserstein,2028,530.0000000000014,0.3582906903294771,seed,
ets_unet_wasserstein,ETS-U-Net Wasserstein,2028,540.0000000000014,0.34533922248329657,seed,
ets_unet_wasserstein,ETS-U-Net Wasserstein,2028,550.0000000000014,0.33212031215198135,seed,
ets_unet_wasserstein,ETS-U-Net Wasserstein,2028,560.0000000000014,0.3221407448265755,seed,
ets_unet_wasserstein,ETS-U-Net Wasserstein,2028,570.0000000000014,0.31103064119746365,seed,
ets_unet_wasserstein,ETS-U-Net Wasserstein,2028,580.0000000000014,0.2993815870719854,seed,
ets_unet_wasserstein,ETS-U-Net Wasserstein,2028,590.0000000000014,0.2903584515534317,seed,
ets_unet_wasserstein,ETS-U-Net Wasserstein,2028,600.0000000000014,0.2809036364529473,seed,
ets_unet_wasserstein,ETS-U-Net Wasserstein,2028,610.0000000000015,0.27146665576294843,seed,
ets_unet_wasserstein,ETS-U-Net Wasserstein,2028,620.0000000000015,0.2648167724894371,seed,
ets_unet_wasserstein,ETS-U-Net Wasserstein,2028,630.0000000000015,0.2574564389781437,seed,
ets_unet_wasserstein,ETS-U-Net Wasserstein,2028,640.0000000000015,0.24863512858822504,seed,
ets_unet_wasserstein,ETS-U-Net Wasserstein,2028,650.0000000000015,0.24276860374082826,seed,
ets_unet_wasserstein,ETS-U-Net Wasserstein,2028,660.0000000000015,0.23535785223005512,seed,
ets_unet_wasserstein,ETS-U-Net Wasserstein,2028,670.0000000000015,0.2290594397438295,seed,
ets_unet_wasserstein,ETS-U-Net Wasserstein,2028,680.0000000000015,0.22467702700541775,seed,
ets_unet_wasserstein,ETS-U-Net Wasserstein,2028,690.0000000000015,0.21884061277945682,seed,
ets_unet_wasserstein,ETS-U-Net Wasserstein,2028,700.0000000000015,0.2132905146006162,seed,
ets_unet_wasserstein,ETS-U-Net Wasserstein,2028,710.0000000000015,0.20994405439718983,seed,
ets_unet_wasserstein,ETS-U-Net Wasserstein,2028,720.0000000000015,0.20384797283650047,seed,
ets_unet_wasserstein,ETS-U-Net Wasserstein,2028,730.0000000000016,0.19938148409891576,seed,
ets_unet_wasserstein,ETS-U-Net Wasserstein,2028,740.0000000000016,0.19675217666489467,seed,
ets_unet_wasserstein,ETS-U-Net Wasserstein,2028,750.0000000000016,0.19282800453114765,seed,
ets_unet_wasserstein,ETS-U-Net Wasserstein,2028,760.0000000000016,0.1890722536726415,seed,
ets_unet_wasserstein,ETS-U-Net Wasserstein,2028,770.0000000000016,0.18710498423102354,seed,
ets_unet_wasserstein,ETS-U-Net Wasserstein,2028,780.0000000000016,0.18289408566067733,seed,
ets_unet_wasserstein,ETS-U-Net Wasserstein,2028,790.0000000000016,0.18035075907972897,seed,
ets_unet_wasserstein,ETS-U-Net Wasserstein,2028,800.0000000000016,0.17709047315440968,seed,
ets_unet_wasserstein,ETS-U-Net Wasserstein,2028,810.0000000000016,0.17687951173459124,seed,
ets_unet_wasserstein,ETS-U-Net Wasserstein,2028,820.0000000000016,0.17408499898357427,seed,
ets_unet_wasserstein,ETS-U-Net Wasserstein,2028,830.0000000000016,0.17086974830475585,seed,
ets_unet_wasserstein,ETS-U-Net Wasserstein,2028,840.0000000000016,0.17013039654518272,seed,
ets_unet_wasserstein,ETS-U-Net Wasserstein,2028,850.0000000000016,0.16878363822063358,seed,
ets_unet_wasserstein,ETS-U-Net Wasserstein,2028,860.0000000000017,0.1669461434222272,seed,
ets_unet_wasserstein,ETS-U-Net Wasserstein,2028,870.0000000000017,0.16667117882338392,seed,
ets_unet_wasserstein,ETS-U-Net Wasserstein,2028,880.0000000000017,0.16472266755484577,seed,
ets_unet_wasserstein,ETS-U-Net Wasserstein,2028,890.0000000000017,0.1626739349542587,seed,
ets_unet_wasserstein,ETS-U-Net Wasserstein,2028,900.0000000000017,0.16288319631087486,seed,
ets_unet_wasserstein,ETS-U-Net Wasserstein,2028,910.0000000000017,0.1618932622688077,seed,
ets_unet_wasserstein,ETS-U-Net Wasserstein,2028,920.0000000000017,0.16103173535613732,seed,
ets_unet_wasserstein,ETS-U-Net Wasserstein,2028,930.0000000000017,0.16149830531072334,seed,
ets_unet_wasserstein,ETS-U-Net Wasserstein,2028,940.0000000000017,0.1595052089821055,seed,
ets_unet_wasserstein,ETS-U-Net Wasserstein,2028,950.0000000000017,0.15886472864281198,seed,
ets_unet_wasserstein,ETS-U-Net Wasserstein,2028,960.0000000000017,0.1590756706779054,seed,
ets_unet_wasserstein,ETS-U-Net Wasserstein,2028,970.0000000000017,0.15765390469602583,seed,
ets_unet_wasserstein,ETS-U-Net Wasserstein,2028,980.0000000000017,0.15725015094961636,seed,
ets_unet_wasserstein,ETS-U-Net Wasserstein,2028,990.0000000000018,0.15860070696731216,seed,
ets_unet_wasserstein,ETS-U-Net Wasserstein,2028,1000.0000000000018,0.156659061481874,seed,
ets_unet_wasserstein,ETS-U-Net Wasserstein,2029,-1000.0,0.0940575409377112,seed,
ets_unet_wasserstein,ETS-U-Net Wasserstein,2029,-990.0,0.09648882191053487,seed,
ets_unet_wasserstein,ETS-U-Net Wasserstein,2029,-980.0,0.0989579777078765,seed,
ets_unet_wasserstein,ETS-U-Net Wasserstein,2029,-970.0,0.10114595883606797,seed,
ets_unet_wasserstein,ETS-U-Net Wasserstein,2029,-960.0,0.1031766202146449,seed,
ets_unet_wasserstein,ETS-U-Net Wasserstein,2029,-950.0,0.10555298812915442,seed,
ets_unet_wasserstein,ETS-U-Net Wasserstein,2029,-940.0,0.10853958792063287,seed,
ets_unet_wasserstein,ETS-U-Net Wasserstein,2029,-929.9999999999999,0.11104263635291622,seed,
ets_unet_wasserstein,ETS-U-Net Wasserstein,2029,-919.9999999999999,0.1136956142378847,seed,
ets_unet_wasserstein,ETS-U-Net Wasserstein,2029,-909.9999999999999,0.11671428524002271,seed,
ets_unet_wasserstein,ETS-U-Net Wasserstein,2029,-899.9999999999999,0.11988461194237311,seed,
ets_unet_wasserstein,ETS-U-Net Wasserstein,2029,-889.9999999999999,0.12289177062427234,seed,
ets_unet_wasserstein,ETS-U-Net Wasserstein,2029,-879.9999999999999,0.12597997433793573,seed,
ets_unet_wasserstein,ETS-U-Net Wasserstein,2029,-869.9999999999999,0.1292940006140914,seed,
ets_unet_wasserstein,ETS-U-Net Wasserstein,2029,-859.9999999999999,0.13287998940178308,seed,
ets_unet_wasserstein,ETS-U-Net Wasserstein,2029,-849.9999999999999,0.1366287815085232,seed,
ets_unet_wasserstein,ETS-U-Net Wasserstein,2029,-839.9999999999999,0.14018393195495707,seed,
ets_unet_wasserstein,ETS-U-Net Wasserstein,2029,-829.9999999999999,0.14394194205673094,seed,
ets_unet_wasserstein,ETS-U-Net Wasserstein,2029,-819.9999999999999,0.14828537576704093,seed,
ets_unet_wasserstein,ETS-U-Net Wasserstein,2029,-809.9999999999999,0.15248851316952117,seed,
ets_unet_wasserstein,ETS-U-Net Wasserstein,2029,-799.9999999999998,0.157212433745696,seed,
ets_unet_wasserstein,ETS-U-Net Wasserstein,2029,-789.9999999999998,0.16177562363030465,seed,
ets_unet_wasserstein,ETS-U-Net Wasserstein,2029,-779.9999999999998,0.16602436251647695,seed,
ets_unet_wasserstein,ETS-U-Net Wasserstein,2029,-769.9999999999998,0.17108283466717125,seed,
ets_unet_wasserstein,ETS-U-Net Wasserstein,2029,-759.9999999999998,0.1762288268796255,seed,
ets_unet_wasserstein,ETS-U-Net Wasserstein,2029,-749.9999999999998,0.18144075935335763,seed,
ets_unet_wasserstein,ETS-U-Net Wasserstein,2029,-739.9999999999998,0.18717805609388824,seed,
ets_unet_wasserstein,ETS-U-Net Wasserstein,2029,-729.9999999999998,0.19358693491636383,seed,
ets_unet_wasserstein,ETS-U-Net Wasserstein,2029,-719.9999999999998,0.20013202742998412,seed,
ets_unet_wasserstein,ETS-U-Net Wasserstein,2029,-709.9999999999998,0.20613190880650867,seed,
ets_unet_wasserstein,ETS-U-Net Wasserstein,2029,-699.9999999999998,0.21282696412089294,seed,
ets_unet_wasserstein,ETS-U-Net Wasserstein,2029,-689.9999999999998,0.22023506980468296,seed,
ets_unet_wasserstein,ETS-U-Net Wasserstein,2029,-679.9999999999998,0.22720054686109079,seed,
ets_unet_wasserstein,ETS-U-Net Wasserstein,2029,-669.9999999999997,0.23482110422436128,seed,
ets_unet_wasserstein,ETS-U-Net Wasserstein,2029,-659.9999999999997,0.2431351977550685,seed,
ets_unet_wasserstein,ETS-U-Net Wasserstein,2029,-649.9999999999997,0.2516978685898389,seed,
ets_unet_wasserstein,ETS-U-Net Wasserstein,2029,-639.9999999999997,0.260409062273847,seed,
ets_unet_wasserstein,ETS-U-Net Wasserstein,2029,-629.9999999999997,0.2695681617183619,seed,
ets_unet_wasserstein,ETS-U-Net Wasserstein,2029,-619.9999999999997,0.27904032491799924,seed,
ets_unet_wasserstein,ETS-U-Net Wasserstein,2029,-609.9999999999997,0.28905712932136157,seed,
ets_unet_wasserstein,ETS-U-Net Wasserstein,2029,-599.9999999999997,0.29935518509389386,seed,
ets_unet_wasserstein,ETS-U-Net Wasserstein,2029,-589.9999999999997,0.30991107422791614,seed,
ets_unet_wasserstein,ETS-U-Net Wasserstein,2029,-579.9999999999997,0.32144647795472575,seed,
ets_unet_wasserstein,ETS-U-Net Wasserstein,2029,-569.9999999999997,0.3334416242373526,seed,
ets_unet_wasserstein,ETS-U-Net Wasserstein,2029,-559.9999999999997,0.3459120169373106,seed,
ets_unet_wasserstein,ETS-U-Net Wasserstein,2029,-549.9999999999995,0.35937100988774157,seed,
ets_unet_wasserstein,ETS-U-Net Wasserstein,2029,-539.9999999999995,0.3732839684256091,seed,
ets_unet_wasserstein,ETS-U-Net Wasserstein,2029,-529.9999999999995,0.3874221542830912,seed,
ets_unet_wasserstein,ETS-U-Net Wasserstein,2029,-519.9999999999995,0.40258156325264005,seed,
ets_unet_wasserstein,ETS-U-Net Wasserstein,2029,-509.99999999999955,0.4183261859789005,seed,
ets_unet_wasserstein,ETS-U-Net Wasserstein,2029,-499.99999999999955,0.4339536640922799,seed,
ets_unet_wasserstein,ETS-U-Net Wasserstein,2029,-489.99999999999955,0.4510449299859025,seed,
ets_unet_wasserstein,ETS-U-Net Wasserstein,2029,-479.99999999999955,0.46851959499014695,seed,
ets_unet_wasserstein,ETS-U-Net Wasserstein,2029,-469.99999999999955,0.4867930381541028,seed,
ets_unet_wasserstein,ETS-U-Net Wasserstein,2029,-459.99999999999955,0.5049710193554966,seed,
ets_unet_wasserstein,ETS-U-Net Wasserstein,2029,-449.9999999999995,0.5234602261366146,seed,
ets_unet_wasserstein,ETS-U-Net Wasserstein,2029,-439.9999999999995,0.5426932873833565,seed,
ets_unet_wasserstein,ETS-U-Net Wasserstein,2029,-429.9999999999995,0.5609224251392607,seed,
ets_unet_wasserstein,ETS-U-Net Wasserstein,2029,-419.9999999999995,0.5794920736706569,seed,
ets_unet_wasserstein,ETS-U-Net Wasserstein,2029,-409.9999999999995,0.5976856108424545,seed,
ets_unet_wasserstein,ETS-U-Net Wasserstein,2029,-399.9999999999995,0.6152388372463619,seed,
ets_unet_wasserstein,ETS-U-Net Wasserstein,2029,-389.99999999999943,0.632584090007723,seed,
ets_unet_wasserstein,ETS-U-Net Wasserstein,2029,-379.99999999999943,0.6497214638370918,seed,
ets_unet_wasserstein,ETS-U-Net Wasserstein,2029,-369.99999999999943,0.6657900742875992,seed,
ets_unet_wasserstein,ETS-U-Net Wasserstein,2029,-359.99999999999943,0.6819520732071465,seed,
ets_unet_wasserstein,ETS-U-Net Wasserstein,2029,-349.99999999999943,0.6979768722010204,seed,
ets_unet_wasserstein,ETS-U-Net Wasserstein,2029,-339.99999999999943,0.7138210495199881,seed,
ets_unet_wasserstein,ETS-U-Net Wasserstein,2029,-329.99999999999943,0.7300750005217505,seed,
ets_unet_wasserstein,ETS-U-Net Wasserstein,2029,-319.9999999999994,0.7455922732712893,seed,
ets_unet_wasserstein,ETS-U-Net Wasserstein,2029,-309.9999999999994,0.7614649176756471,seed,
ets_unet_wasserstein,ETS-U-Net Wasserstein,2029,-299.9999999999994,0.777345565541249,seed,
ets_unet_wasserstein,ETS-U-Net Wasserstein,2029,-289.9999999999994,0.7928678205205762,seed,
ets_unet_wasserstein,ETS-U-Net Wasserstein,2029,-279.9999999999994,0.8075847582502195,seed,
ets_unet_wasserstein,ETS-U-Net Wasserstein,2029,-269.9999999999994,0.8224355045504417,seed,
ets_unet_wasserstein,ETS-U-Net Wasserstein,2029,-259.9999999999993,0.8365597469440955,seed,
ets_unet_wasserstein,ETS-U-Net Wasserstein,2029,-249.99999999999935,0.8506970283336986,seed,
ets_unet_wasserstein,ETS-U-Net Wasserstein,2029,-239.99999999999932,0.8644460156458179,seed,
ets_unet_wasserstein,ETS-U-Net Wasserstein,2029,-229.99999999999932,0.87770765498571,seed,
ets_unet_wasserstein,ETS-U-Net Wasserstein,2029,-219.99999999999932,0.8905971771385186,seed,
ets_unet_wasserstein,ETS-U-Net Wasserstein,2029,-209.9999999999993,0.9026807602110647,seed,
ets_unet_wasserstein,ETS-U-Net Wasserstein,2029,-199.9999999999993,0.9145051149519896,seed,
ets_unet_wasserstein,ETS-U-Net Wasserstein,2029,-189.9999999999993,0.9262800564932969,seed,
ets_unet_wasserstein,ETS-U-Net Wasserstein,2029,-179.99999999999926,0.9373863740482156,seed,
ets_unet_wasserstein,ETS-U-Net Wasserstein,2029,-169.99999999999926,0.9482384059192003,seed,
ets_unet_wasserstein,ETS-U-Net Wasserstein,2029,-159.99999999999926,0.9584076189477234,seed,
ets_unet_wasserstein,ETS-U-Net Wasserstein,2029,-149.99999999999923,0.9670626374500348,seed,
ets_unet_wasserstein,ETS-U-Net Wasserstein,2029,-139.99999999999923,0.9754683591608723,seed,
ets_unet_wasserstein,ETS-U-Net Wasserstein,2029,-129.99999999999923,0.9829936249105081,seed,
ets_unet_wasserstein,ETS-U-Net Wasserstein,2029,-119.99999999999922,0.9897655473676591,seed,
ets_unet_wasserstein,ETS-U-Net Wasserstein,2029,-109.9999999999992,0.9961908237166971,seed,
ets_unet_wasserstein,ETS-U-Net Wasserstein,2029,-99.9999999999992,1.0022452094743357,seed,
ets_unet_wasserstein,ETS-U-Net Wasserstein,2029,-89.99999999999919,1.0078590439451307,seed,
ets_unet_wasserstein,ETS-U-Net Wasserstein,2029,-79.99999999999918,1.012439722123868,seed,
ets_unet_wasserstein,ETS-U-Net Wasserstein,2029,-69.99999999999918,1.0162667229569193,seed,
ets_unet_wasserstein,ETS-U-Net Wasserstein,2029,-59.99999999999916,1.019703972347666,seed,
ets_unet_wasserstein,ETS-U-Net Wasserstein,2029,-49.999999999999154,1.0229033153062885,seed,
ets_unet_wasserstein,ETS-U-Net Wasserstein,2029,-39.99999999999915,1.0248204285082523,seed,
ets_unet_wasserstein,ETS-U-Net Wasserstein,2029,-29.99999999999914,1.0261564660368356,seed,
ets_unet_wasserstein,ETS-U-Net Wasserstein,2029,-19.99999999999913,1.0274270711854254,seed,
ets_unet_wasserstein,ETS-U-Net Wasserstein,2029,-9.99999999999912,1.028319595554489,seed,
ets_unet_wasserstein,ETS-U-Net Wasserstein,2029,8.881784197001252e-13,1.0285802614318507,seed,
ets_unet_wasserstein,ETS-U-Net Wasserstein,2029,10.000000000000897,1.028255995569447,seed,
ets_unet_wasserstein,ETS-U-Net Wasserstein,2029,20.000000000000906,1.0264058256801738,seed,
ets_unet_wasserstein,ETS-U-Net Wasserstein,2029,30.000000000000917,1.0237950210836484,seed,
ets_unet_wasserstein,ETS-U-Net Wasserstein,2029,40.000000000000924,1.0211016525956613,seed,
ets_unet_wasserstein,ETS-U-Net Wasserstein,2029,50.00000000000093,1.0174944689343377,seed,
ets_unet_wasserstein,ETS-U-Net Wasserstein,2029,60.00000000000094,1.0127232839624862,seed,
ets_unet_wasserstein,ETS-U-Net Wasserstein,2029,70.00000000000095,1.0073506580071758,seed,
ets_unet_wasserstein,ETS-U-Net Wasserstein,2029,80.00000000000097,1.0021597037834689,seed,
ets_unet_wasserstein,ETS-U-Net Wasserstein,2029,90.00000000000097,0.9968158716119541,seed,
ets_unet_wasserstein,ETS-U-Net Wasserstein,2029,100.00000000000098,0.9904391329177777,seed,
ets_unet_wasserstein,ETS-U-Net Wasserstein,2029,110.00000000000098,0.9830107062716286,seed,
ets_unet_wasserstein,ETS-U-Net Wasserstein,2029,120.000000000001,0.9762185084452978,seed,
ets_unet_wasserstein,ETS-U-Net Wasserstein,2029,130.000000000001,0.9688655062922653,seed,
ets_unet_wasserstein,ETS-U-Net Wasserstein,2029,140.00000000000102,0.9609974335716244,seed,
ets_unet_wasserstein,ETS-U-Net Wasserstein,2029,150.00000000000102,0.9533860585370267,seed,
ets_unet_wasserstein,ETS-U-Net Wasserstein,2029,160.00000000000102,0.9442665525316956,seed,
ets_unet_wasserstein,ETS-U-Net Wasserstein,2029,170.00000000000105,0.9353631696096689,seed,
ets_unet_wasserstein,ETS-U-Net Wasserstein,2029,180.00000000000105,0.9270019036566538,seed,
ets_unet_wasserstein,ETS-U-Net Wasserstein,2029,190.00000000000105,0.9164281254211383,seed,
ets_unet_wasserstein,ETS-U-Net Wasserstein,2029,200.00000000000108,0.905460402437131,seed,
ets_unet_wasserstein,ETS-U-Net Wasserstein,2029,210.00000000000108,0.8954435981318258,seed,
ets_unet_wasserstein,ETS-U-Net Wasserstein,2029,220.00000000000108,0.8829185755218598,seed,
ets_unet_wasserstein,ETS-U-Net Wasserstein,2029,230.00000000000108,0.8704144831071764,seed,
ets_unet_wasserstein,ETS-U-Net Wasserstein,2029,240.0000000000011,0.8575161742400835,seed,
ets_unet_wasserstein,ETS-U-Net Wasserstein,2029,250.0000000000011,0.8447610521909196,seed,
ets_unet_wasserstein,ETS-U-Net Wasserstein,2029,260.00000000000114,0.8308619757355997,seed,
ets_unet_wasserstein,ETS-U-Net Wasserstein,2029,270.00000000000114,0.8160150666605168,seed,
ets_unet_wasserstein,ETS-U-Net Wasserstein,2029,280.00000000000114,0.8023133068487485,seed,
ets_unet_wasserstein,ETS-U-Net Wasserstein,2029,290.00000000000114,0.7872311668209729,seed,
ets_unet_wasserstein,ETS-U-Net Wasserstein,2029,300.00000000000114,0.7714937118573602,seed,
ets_unet_wasserstein,ETS-U-Net Wasserstein,2029,310.00000000000114,0.7566717579824012,seed,
ets_unet_wasserstein,ETS-U-Net Wasserstein,2029,320.0000000000012,0.7403339882491826,seed,
ets_unet_wasserstein,ETS-U-Net Wasserstein,2029,330.0000000000012,0.7233993315753565,seed,
ets_unet_wasserstein,ETS-U-Net Wasserstein,2029,340.0000000000012,0.7083616819845917,seed,
ets_unet_wasserstein,ETS-U-Net Wasserstein,2029,350.0000000000012,0.6929935291916614,seed,
ets_unet_wasserstein,ETS-U-Net Wasserstein,2029,360.0000000000012,0.6770399854154373,seed,
ets_unet_wasserstein,ETS-U-Net Wasserstein,2029,370.0000000000012,0.6619848790187457,seed,
ets_unet_wasserstein,ETS-U-Net Wasserstein,2029,380.00000000000125,0.6467599840161566,seed,
ets_unet_wasserstein,ETS-U-Net Wasserstein,2029,390.00000000000125,0.631518342849179,seed,
ets_unet_wasserstein,ETS-U-Net Wasserstein,2029,400.00000000000125,0.6175173934125641,seed,
ets_unet_wasserstein,ETS-U-Net Wasserstein,2029,410.00000000000125,0.6013675673161909,seed,
ets_unet_wasserstein,ETS-U-Net Wasserstein,2029,420.00000000000125,0.5861956623079208,seed,
ets_unet_wasserstein,ETS-U-Net Wasserstein,2029,430.00000000000125,0.5719186746054237,seed,
ets_unet_wasserstein,ETS-U-Net Wasserstein,2029,440.00000000000125,0.5557426090195146,seed,
ets_unet_wasserstein,ETS-U-Net Wasserstein,2029,450.0000000000013,0.539903687692952,seed,
ets_unet_wasserstein,ETS-U-Net Wasserstein,2029,460.0000000000013,0.5255572381677858,seed,
ets_unet_wasserstein,ETS-U-Net Wasserstein,2029,470.0000000000013,0.5098455247993062,seed,
ets_unet_wasserstein,ETS-U-Net Wasserstein,2029,480.0000000000013,0.49409579793924396,seed,
ets_unet_wasserstein,ETS-U-Net Wasserstein,2029,490.0000000000013,0.4801957017218975,seed,
ets_unet_wasserstein,ETS-U-Net Wasserstein,2029,500.0000000000013,0.4644810517095276,seed,
ets_unet_wasserstein,ETS-U-Net Wasserstein,2029,510.00000000000136,0.4504570738687681,seed,
ets_unet_wasserstein,ETS-U-Net Wasserstein,2029,520.0000000000014,0.43600956383645334,seed,
ets_unet_wasserstein,ETS-U-Net Wasserstein,2029,530.0000000000014,0.4235410702549824,seed,
ets_unet_wasserstein,ETS-U-Net Wasserstein,2029,540.0000000000014,0.41021387084142263,seed,
ets_unet_wasserstein,ETS-U-Net Wasserstein,2029,550.0000000000014,0.3961453667440504,seed,
ets_unet_wasserstein,ETS-U-Net Wasserstein,2029,560.0000000000014,0.38462271528692704,seed,
ets_unet_wasserstein,ETS-U-Net Wasserstein,2029,570.0000000000014,0.3729290260421976,seed,
ets_unet_wasserstein,ETS-U-Net Wasserstein,2029,580.0000000000014,0.36142694764767497,seed,
ets_unet_wasserstein,ETS-U-Net Wasserstein,2029,590.0000000000014,0.35199476510490324,seed,
ets_unet_wasserstein,ETS-U-Net Wasserstein,2029,600.0000000000014,0.3417950924712851,seed,
ets_unet_wasserstein,ETS-U-Net Wasserstein,2029,610.0000000000015,0.331264443102228,seed,
ets_unet_wasserstein,ETS-U-Net Wasserstein,2029,620.0000000000015,0.32404995304048817,seed,
ets_unet_wasserstein,ETS-U-Net Wasserstein,2029,630.0000000000015,0.3158151581361847,seed,
ets_unet_wasserstein,ETS-U-Net Wasserstein,2029,640.0000000000015,0.3063913747549146,seed,
ets_unet_wasserstein,ETS-U-Net Wasserstein,2029,650.0000000000015,0.29922319924983004,seed,
ets_unet_wasserstein,ETS-U-Net Wasserstein,2029,660.0000000000015,0.29074583388308567,seed,
ets_unet_wasserstein,ETS-U-Net Wasserstein,2029,670.0000000000015,0.2832141345111908,seed,
ets_unet_wasserstein,ETS-U-Net Wasserstein,2029,680.0000000000015,0.2775368219345328,seed,
ets_unet_wasserstein,ETS-U-Net Wasserstein,2029,690.0000000000015,0.2711345552868319,seed,
ets_unet_wasserstein,ETS-U-Net Wasserstein,2029,700.0000000000015,0.2649831156749832,seed,
ets_unet_wasserstein,ETS-U-Net Wasserstein,2029,710.0000000000015,0.2609218869743273,seed,
ets_unet_wasserstein,ETS-U-Net Wasserstein,2029,720.0000000000015,0.25515401194405246,seed,
ets_unet_wasserstein,ETS-U-Net Wasserstein,2029,730.0000000000016,0.2503182719816862,seed,
ets_unet_wasserstein,ETS-U-Net Wasserstein,2029,740.0000000000016,0.24824984727044372,seed,
ets_unet_wasserstein,ETS-U-Net Wasserstein,2029,750.0000000000016,0.24389950546648623,seed,
ets_unet_wasserstein,ETS-U-Net Wasserstein,2029,760.0000000000016,0.23953724153298453,seed,
ets_unet_wasserstein,ETS-U-Net Wasserstein,2029,770.0000000000016,0.23688018464609076,seed,
ets_unet_wasserstein,ETS-U-Net Wasserstein,2029,780.0000000000016,0.23231084896337204,seed,
ets_unet_wasserstein,ETS-U-Net Wasserstein,2029,790.0000000000016,0.22918182583082655,seed,
ets_unet_wasserstein,ETS-U-Net Wasserstein,2029,800.0000000000016,0.22539277281027065,seed,
ets_unet_wasserstein,ETS-U-Net Wasserstein,2029,810.0000000000016,0.2240884781051962,seed,
ets_unet_wasserstein,ETS-U-Net Wasserstein,2029,820.0000000000016,0.22090065303154435,seed,
ets_unet_wasserstein,ETS-U-Net Wasserstein,2029,830.0000000000016,0.2172505222370375,seed,
ets_unet_wasserstein,ETS-U-Net Wasserstein,2029,840.0000000000016,0.21640135772734423,seed,
ets_unet_wasserstein,ETS-U-Net Wasserstein,2029,850.0000000000016,0.21535817517471692,seed,
ets_unet_wasserstein,ETS-U-Net Wasserstein,2029,860.0000000000017,0.21322229688460415,seed,
ets_unet_wasserstein,ETS-U-Net Wasserstein,2029,870.0000000000017,0.21258389713334092,seed,
ets_unet_wasserstein,ETS-U-Net Wasserstein,2029,880.0000000000017,0.20969969208703498,seed,
ets_unet_wasserstein,ETS-U-Net Wasserstein,2029,890.0000000000017,0.20748312071314665,seed,
ets_unet_wasserstein,ETS-U-Net Wasserstein,2029,900.0000000000017,0.20672028635989476,seed,
ets_unet_wasserstein,ETS-U-Net Wasserstein,2029,910.0000000000017,0.20539621982186612,seed,
ets_unet_wasserstein,ETS-U-Net Wasserstein,2029,920.0000000000017,0.20412502952391381,seed,
ets_unet_wasserstein,ETS-U-Net Wasserstein,2029,930.0000000000017,0.20440012444818453,seed,
ets_unet_wasserstein,ETS-U-Net Wasserstein,2029,940.0000000000017,0.202551470582459,seed,
ets_unet_wasserstein,ETS-U-Net Wasserstein,2029,950.0000000000017,0.20211279165990478,seed,
ets_unet_wasserstein,ETS-U-Net Wasserstein,2029,960.0000000000017,0.20231144953022204,seed,
ets_unet_wasserstein,ETS-U-Net Wasserstein,2029,970.0000000000017,0.20114784789030762,seed,
ets_unet_wasserstein,ETS-U-Net Wasserstein,2029,980.0000000000017,0.2006802590575227,seed,
ets_unet_wasserstein,ETS-U-Net Wasserstein,2029,990.0000000000018,0.20250060087237204,seed,
ets_unet_wasserstein,ETS-U-Net Wasserstein,2029,1000.0000000000018,0.20170573896226535,seed,
ets_unet_wasserstein,ETS-U-Net Wasserstein,mean,-1000.0,0.06898843808520258,group_mean,0.021464520288384078
ets_unet_wasserstein,ETS-U-Net Wasserstein,mean,-990.0,0.07124026125118953,group_mean,0.021477864283277904
ets_unet_wasserstein,ETS-U-Net Wasserstein,mean,-980.0,0.07361207315429734,group_mean,0.021421723981558297
ets_unet_wasserstein,ETS-U-Net Wasserstein,mean,-970.0,0.07610254914882106,group_mean,0.02126405890556515
ets_unet_wasserstein,ETS-U-Net Wasserstein,mean,-960.0,0.07830337090127457,group_mean,0.02119758783587818
ets_unet_wasserstein,ETS-U-Net Wasserstein,mean,-950.0,0.0808341991148668,group_mean,0.021154137366708545
ets_unet_wasserstein,ETS-U-Net Wasserstein,mean,-940.0,0.0837646623540953,group_mean,0.021095086305956995
ets_unet_wasserstein,ETS-U-Net Wasserstein,mean,-929.9999999999999,0.08619974685273998,group_mean,0.021056183388778356
ets_unet_wasserstein,ETS-U-Net Wasserstein,mean,-919.9999999999999,0.08893467591306313,group_mean,0.02092399569361839
ets_unet_wasserstein,ETS-U-Net Wasserstein,mean,-909.9999999999999,0.09199726199428129,group_mean,0.020788907315074722
ets_unet_wasserstein,ETS-U-Net Wasserstein,mean,-899.9999999999999,0.09508946710074269,group_mean,0.020799813281444195
ets_unet_wasserstein,ETS-U-Net Wasserstein,mean,-889.9999999999999,0.0983977923694243,group_mean,0.020618127210050824
ets_unet_wasserstein,ETS-U-Net Wasserstein,mean,-879.9999999999999,0.10188575736174413,group_mean,0.020322593350720956
ets_unet_wasserstein,ETS-U-Net Wasserstein,mean,-869.9999999999999,0.1052850928310444,group_mean,0.02019422574987638
ets_unet_wasserstein,ETS-U-Net Wasserstein,mean,-859.9999999999999,0.10902558908901179,group_mean,0.020021300373708997
ets_unet_wasserstein,ETS-U-Net Wasserstein,mean,-849.9999999999999,0.11289704306815336,group_mean,0.019881074205528045
ets_unet_wasserstein,ETS-U-Net Wasserstein,mean,-839.9999999999999,0.1166122641223735,group_mean,0.019792711147875872
ets_unet_wasserstein,ETS-U-Net Wasserstein,mean,-829.9999999999999,0.1208141129742987,group_mean,0.019405541780612733
ets_unet_wasserstein,ETS-U-Net Wasserstein,mean,-819.9999999999999,0.12518687554732913,group_mean,0.019164415441168887
ets_unet_wasserstein,ETS-U-Net Wasserstein,mean,-809.9999999999999,0.1295302226383676,group_mean,0.018927790325984527
ets_unet_wasserstein,ETS-U-Net Wasserstein,mean,-799.9999999999998,0.13430238333624542,group_mean,0.018763496749614188
ets_unet_wasserstein,ETS-U-Net Wasserstein,mean,-789.9999999999998,0.13903504943590697,group_mean,0.018601310293678404
ets_unet_wasserstein,ETS-U-Net Wasserstein,mean,-779.9999999999998,0.14364854978053126,group_mean,0.018429261120920575
ets_unet_wasserstein,ETS-U-Net Wasserstein,mean,-769.9999999999998,0.14907988298701935,group_mean,0.0181797160871873
ets_unet_wasserstein,ETS-U-Net Wasserstein,mean,-759.9999999999998,0.15472972324416628,group_mean,0.01785801856974935
ets_unet_wasserstein,ETS-U-Net Wasserstein,mean,-749.9999999999998,0.16017625494845436,group_mean,0.017779353396648618
ets_unet_wasserstein,ETS-U-Net Wasserstein,mean,-739.9999999999998,0.16625314549224937,group_mean,0.01760730293784632
ets_unet_wasserstein,ETS-U-Net Wasserstein,mean,-729.9999999999998,0.17265540716763808,group_mean,0.01747389387306578
ets_unet_wasserstein,ETS-U-Net Wasserstein,mean,-719.9999999999998,0.17939357546411003,group_mean,0.01731646905067063
ets_unet_wasserstein,ETS-U-Net Wasserstein,mean,-709.9999999999998,0.18572652832981504,group_mean,0.017145565305042375
ets_unet_wasserstein,ETS-U-Net Wasserstein,mean,-699.9999999999998,0.1928291628280766,group_mean,0.01682862191576151
ets_unet_wasserstein,ETS-U-Net Wasserstein,mean,-689.9999999999998,0.20020158515318828,group_mean,0.016606821357239485
ets_unet_wasserstein,ETS-U-Net Wasserstein,mean,-679.9999999999998,0.2072740237189458,group_mean,0.0165237920671315
ets_unet_wasserstein,ETS-U-Net Wasserstein,mean,-669.9999999999997,0.21505824643936186,group_mean,0.016384371471495546
ets_unet_wasserstein,ETS-U-Net Wasserstein,mean,-659.9999999999997,0.22341920232432705,group_mean,0.01621911498674617
ets_unet_wasserstein,ETS-U-Net Wasserstein,mean,-649.9999999999997,0.2320061251425126,group_mean,0.01610170593700657
ets_unet_wasserstein,ETS-U-Net Wasserstein,mean,-639.9999999999997,0.24087269969167902,group_mean,0.015942036141040398
ets_unet_wasserstein,ETS-U-Net Wasserstein,mean,-629.9999999999997,0.2503675258241382,group_mean,0.01573823345452103
ets_unet_wasserstein,ETS-U-Net Wasserstein,mean,-619.9999999999997,0.2599489265042275,group_mean,0.015501993597614144
ets_unet_wasserstein,ETS-U-Net Wasserstein,mean,-609.9999999999997,0.27025602693975226,group_mean,0.015294134018970491
ets_unet_wasserstein,ETS-U-Net Wasserstein,mean,-599.9999999999997,0.28093753685167167,group_mean,0.015152077956409113
ets_unet_wasserstein,ETS-U-Net Wasserstein,mean,-589.9999999999997,0.2918670167762822,group_mean,0.014951803450131319
ets_unet_wasserstein,ETS-U-Net Wasserstein,mean,-579.9999999999997,0.3033884200098377,group_mean,0.01496864701469876
ets_unet_wasserstein,ETS-U-Net Wasserstein,mean,-569.9999999999997,0.31540397482389765,group_mean,0.015022591464420587
ets_unet_wasserstein,ETS-U-Net Wasserstein,mean,-559.9999999999997,0.32778893493540173,group_mean,0.01519847697150094
ets_unet_wasserstein,ETS-U-Net Wasserstein,mean,-549.9999999999995,0.3411608669577816,group_mean,0.015438024344698086
ets_unet_wasserstein,ETS-U-Net Wasserstein,mean,-539.9999999999995,0.3550534003452866,group_mean,0.015671856959891216
ets_unet_wasserstein,ETS-U-Net Wasserstein,mean,-529.9999999999995,0.3692551341074851,group_mean,0.015855555766771775
ets_unet_wasserstein,ETS-U-Net Wasserstein,mean,-519.9999999999995,0.38425553194357487,group_mean,0.016020794056471284
ets_unet_wasserstein,ETS-U-Net Wasserstein,mean,-509.99999999999955,0.39960855043698396,group_mean,0.016378959466200257
ets_unet_wasserstein,ETS-U-Net Wasserstein,mean,-499.99999999999955,0.4149377796049548,group_mean,0.016714016986341326
ets_unet_wasserstein,ETS-U-Net Wasserstein,mean,-489.99999999999955,0.431382916983836,group_mean,0.017209366326145933
ets_unet_wasserstein,ETS-U-Net Wasserstein,mean,-479.99999999999955,0.4485011068498109,group_mean,0.017637856566307702
ets_unet_wasserstein,ETS-U-Net Wasserstein,mean,-469.99999999999955,0.4663805425838582,group_mean,0.01802644486252449
ets_unet_wasserstein,ETS-U-Net Wasserstein,mean,-459.99999999999955,0.4838304643626864,group_mean,0.01848362390945504
ets_unet_wasserstein,ETS-U-Net Wasserstein,mean,-449.9999999999995,0.5020605022614694,group_mean,0.01872917879675434
ets_unet_wasserstein,ETS-U-Net Wasserstein,mean,-439.9999999999995,0.5211478071677257,group_mean,0.01886337526675686
ets_unet_wasserstein,ETS-U-Net Wasserstein,mean,-429.9999999999995,0.5397877087851738,group_mean,0.018775803981207227
ets_unet_wasserstein,ETS-U-Net Wasserstein,mean,-419.9999999999995,0.5592798120511322,group_mean,0.018403677591320913
ets_unet_wasserstein,ETS-U-Net Wasserstein,mean,-409.9999999999995,0.5787338808034665,group_mean,0.017692372540814988
ets_unet_wasserstein,ETS-U-Net Wasserstein,mean,-399.9999999999995,0.5983190302509332,group_mean,0.016538703692690483
ets_unet_wasserstein,ETS-U-Net Wasserstein,mean,-389.99999999999943,0.6182856740643246,group_mean,0.015270114668736718
ets_unet_wasserstein,ETS-U-Net Wasserstein,mean,-379.99999999999943,0.638560064114053,group_mean,0.013790812223231327
ets_unet_wasserstein,ETS-U-Net Wasserstein,mean,-369.99999999999943,0.6584459115989204,group_mean,0.011981945194230218
ets_unet_wasserstein,ETS-U-Net Wasserstein,mean,-359.99999999999943,0.678757507178346,group_mean,0.010155042728330949
ets_unet_wasserstein,ETS-U-Net Wasserstein,mean,-349.99999999999943,0.6992624740995719,group_mean,0.008899053196576698
ets_unet_wasserstein,ETS-U-Net Wasserstein,mean,-339.99999999999943,0.719563648246142,group_mean,0.008642152985581653
ets_unet_wasserstein,ETS-U-Net Wasserstein,mean,-329.99999999999943,0.740394458278889,group_mean,0.009219224053413551
ets_unet_wasserstein,ETS-U-Net Wasserstein,mean,-319.9999999999994,0.7611583025247641,group_mean,0.011259166397134628
ets_unet_wasserstein,ETS-U-Net Wasserstein,mean,-309.9999999999994,0.781626940497782,group_mean,0.013670446231253996
ets_unet_wasserstein,ETS-U-Net Wasserstein,mean,-299.9999999999994,0.8023438476490183,group_mean,0.01661374952629825
ets_unet_wasserstein,ETS-U-Net Wasserstein,mean,-289.9999999999994,0.8227134946712837,group_mean,0.01997306877408093
ets_unet_wasserstein,ETS-U-Net Wasserstein,mean,-279.9999999999994,0.8425644189892155,group_mean,0.02377199684056241
ets_unet_wasserstein,ETS-U-Net Wasserstein,mean,-269.9999999999994,0.8629080392776286,group_mean,0.02797177630939948
ets_unet_wasserstein,ETS-U-Net Wasserstein,mean,-259.9999999999993,0.8826900754096088,group_mean,0.032479175751138296
ets_unet_wasserstein,ETS-U-Net Wasserstein,mean,-249.99999999999935,0.9027178546577511,group_mean,0.03726406952776625
ets_unet_wasserstein,ETS-U-Net Wasserstein,mean,-239.99999999999932,0.9219443670270966,group_mean,0.04193566926483858
ets_unet_wasserstein,ETS-U-Net Wasserstein,mean,-229.99999999999932,0.9410223578354096,group_mean,0.04679227877987697
ets_unet_wasserstein,ETS-U-Net Wasserstein,mean,-219.99999999999932,0.9594758748799739,group_mean,0.051683604911737194
ets_unet_wasserstein,ETS-U-Net Wasserstein,mean,-209.9999999999993,0.9770692968386001,group_mean,0.05665373815850569
ets_unet_wasserstein,ETS-U-Net Wasserstein,mean,-199.9999999999993,0.994192352694791,group_mean,0.06154121800439847
ets_unet_wasserstein,ETS-U-Net Wasserstein,mean,-189.9999999999993,1.0108817859379169,group_mean,0.06611307407484902
ets_unet_wasserstein,ETS-U-Net Wasserstein,mean,-179.99999999999926,1.0268825319479031,group_mean,0.07066874688018739
ets_unet_wasserstein,ETS-U-Net Wasserstein,mean,-169.99999999999926,1.0424285218627225,group_mean,0.07509237393444715
ets_unet_wasserstein,ETS-U-Net Wasserstein,mean,-159.99999999999926,1.0572075622050077,group_mean,0.07947682555843208
ets_unet_wasserstein,ETS-U-Net Wasserstein,mean,-149.99999999999923,1.0706473095053053,group_mean,0.08382522555090158
ets_unet_wasserstein,ETS-U-Net Wasserstein,mean,-139.99999999999923,1.0835834904252488,group_mean,0.08785528291550704
ets_unet_wasserstein,ETS-U-Net Wasserstein,mean,-129.99999999999923,1.0954362302261162,group_mean,0.09186967974564178
ets_unet_wasserstein,ETS-U-Net Wasserstein,mean,-119.99999999999922,1.1060405923318541,group_mean,0.0953880776767833
ets_unet_wasserstein,ETS-U-Net Wasserstein,mean,-109.9999999999992,1.1159285539143604,group_mean,0.09859136762251487
ets_unet_wasserstein,ETS-U-Net Wasserstein,mean,-99.9999999999992,1.1249973692779256,group_mean,0.10148772980478382
ets_unet_wasserstein,ETS-U-Net Wasserstein,mean,-89.99999999999919,1.1330594266081486,group_mean,0.10388334494405874
ets_unet_wasserstein,ETS-U-Net Wasserstein,mean,-79.99999999999918,1.139978519516498,group_mean,0.10602415167644501
ets_unet_wasserstein,ETS-U-Net Wasserstein,mean,-69.99999999999918,1.1455888855643501,group_mean,0.10758446163211834
ets_unet_wasserstein,ETS-U-Net Wasserstein,mean,-59.99999999999916,1.1501342852946175,group_mean,0.10880329044410993
ets_unet_wasserstein,ETS-U-Net Wasserstein,mean,-49.999999999999154,1.1541928352770934,group_mean,0.10968926228946742
ets_unet_wasserstein,ETS-U-Net Wasserstein,mean,-39.99999999999915,1.1569009746101278,group_mean,0.11046303763305888
ets_unet_wasserstein,ETS-U-Net Wasserstein,mean,-29.99999999999914,1.158528052323246,group_mean,0.11080161098972614
ets_unet_wasserstein,ETS-U-Net Wasserstein,mean,-19.99999999999913,1.1592449989947862,group_mean,0.11066958616800034
ets_unet_wasserstein,ETS-U-Net Wasserstein,mean,-9.99999999999912,1.1587710962790287,group_mean,0.10973881128234016
ets_unet_wasserstein,ETS-U-Net Wasserstein,mean,8.881784197001252e-13,1.1568267799577197,group_mean,0.10815356099601565
ets_unet_wasserstein,ETS-U-Net Wasserstein,mean,10.000000000000897,1.1544486640601261,group_mean,0.10683015238138557
ets_unet_wasserstein,ETS-U-Net Wasserstein,mean,20.000000000000906,1.150600120754556,group_mean,0.1053155502230947
ets_unet_wasserstein,ETS-U-Net Wasserstein,mean,30.000000000000917,1.1455236358531296,group_mean,0.10297890359948472
ets_unet_wasserstein,ETS-U-Net Wasserstein,mean,40.000000000000924,1.1394702645325387,group_mean,0.09991979787566042
ets_unet_wasserstein,ETS-U-Net Wasserstein,mean,50.00000000000093,1.1320209372432155,group_mean,0.09640628547452834
ets_unet_wasserstein,ETS-U-Net Wasserstein,mean,60.00000000000094,1.1230927053167323,group_mean,0.09273365634603678
ets_unet_wasserstein,ETS-U-Net Wasserstein,mean,70.00000000000095,1.1128163936540687,group_mean,0.08833906229839404
ets_unet_wasserstein,ETS-U-Net Wasserstein,mean,80.00000000000097,1.1020566799131088,group_mean,0.0835817257423414
ets_unet_wasserstein,ETS-U-Net Wasserstein,mean,90.00000000000097,1.0912183128891404,group_mean,0.07886730048858581
ets_unet_wasserstein,ETS-U-Net Wasserstein,mean,100.00000000000098,1.0794179752372708,group_mean,0.07407801281841088
ets_unet_wasserstein,ETS-U-Net Wasserstein,mean,110.00000000000098,1.0663119468179514,group_mean,0.06903017461682151
ets_unet_wasserstein,ETS-U-Net Wasserstein,mean,120.000000000001,1.0539172042050977,group_mean,0.06404766528810736
ets_unet_wasserstein,ETS-U-Net Wasserstein,mean,130.000000000001,1.04050899526233,group_mean,0.05886395341757932
ets_unet_wasserstein,ETS-U-Net Wasserstein,mean,140.00000000000102,1.0257642318803653,group_mean,0.053374647042199866
ets_unet_wasserstein,ETS-U-Net Wasserstein,mean,150.00000000000102,1.0117396076389595,group_mean,0.04855216434445655
ets_unet_wasserstein,ETS-U-Net Wasserstein,mean,160.00000000000102,0.9957534786844585,group_mean,0.043309421605386554
ets_unet_wasserstein,ETS-U-Net Wasserstein,mean,170.00000000000105,0.9795572676159544,group_mean,0.03817307987279399
ets_unet_wasserstein,ETS-U-Net Wasserstein,mean,180.00000000000105,0.9640834538189909,group_mean,0.03345777455749415
ets_unet_wasserstein,ETS-U-Net Wasserstein,mean,190.00000000000105,0.9461638837726826,group_mean,0.028811153226713543
ets_unet_wasserstein,ETS-U-Net Wasserstein,mean,200.00000000000108,0.9276085700083667,group_mean,0.024487430345297573
ets_unet_wasserstein,ETS-U-Net Wasserstein,mean,210.00000000000108,0.9100449712646871,group_mean,0.020869561548352813
ets_unet_wasserstein,ETS-U-Net Wasserstein,mean,220.00000000000108,0.8897284999464855,group_mean,0.017763749507894028
ets_unet_wasserstein,ETS-U-Net Wasserstein,mean,230.00000000000108,0.8695860690644936,group_mean,0.01640016987293533
ets_unet_wasserstein,ETS-U-Net Wasserstein,mean,240.0000000000011,0.8498868294351695,group_mean,0.016461370808360163
ets_unet_wasserstein,ETS-U-Net Wasserstein,mean,250.0000000000011,0.8301427278004294,group_mean,0.017939970052888828
ets_unet_wasserstein,ETS-U-Net Wasserstein,mean,260.00000000000114,0.8098346300283344,group_mean,0.020377278939461334
ets_unet_wasserstein,ETS-U-Net Wasserstein,mean,270.00000000000114,0.789265685190956,group_mean,0.023304197727775353
ets_unet_wasserstein,ETS-U-Net Wasserstein,mean,280.00000000000114,0.7701891071708654,group_mean,0.026558691532466743
ets_unet_wasserstein,ETS-U-Net Wasserstein,mean,290.00000000000114,0.7500856236021659,group_mean,0.02986032190453209
ets_unet_wasserstein,ETS-U-Net Wasserstein,mean,300.00000000000114,0.7299261237606964,group_mean,0.03297304356458048
ets_unet_wasserstein,ETS-U-Net Wasserstein,mean,310.00000000000114,0.7111868678027217,group_mean,0.03573573577488777
ets_unet_wasserstein,ETS-U-Net Wasserstein,mean,320.0000000000012,0.690964051342195,group_mean,0.038380810166820656
ets_unet_wasserstein,ETS-U-Net Wasserstein,mean,330.0000000000012,0.6705563912190745,group_mean,0.040903232941332066
ets_unet_wasserstein,ETS-U-Net Wasserstein,mean,340.0000000000012,0.6520053462362176,group_mean,0.04333166467284763
ets_unet_wasserstein,ETS-U-Net Wasserstein,mean,350.0000000000012,0.633361123676551,group_mean,0.04564130883504235
ets_unet_wasserstein,ETS-U-Net Wasserstein,mean,360.0000000000012,0.6146399019426931,group_mean,0.04758879865737104
ets_unet_wasserstein,ETS-U-Net Wasserstein,mean,370.0000000000012,0.5971942656681832,group_mean,0.049436233029002435
ets_unet_wasserstein,ETS-U-Net Wasserstein,mean,380.00000000000125,0.5790401230212787,group_mean,0.051401487019377176
ets_unet_wasserstein,ETS-U-Net Wasserstein,mean,390.00000000000125,0.5612473132057655,group_mean,0.052999963751785555
ets_unet_wasserstein,ETS-U-Net Wasserstein,mean,400.00000000000125,0.5453240242305424,group_mean,0.05435639938381114
ets_unet_wasserstein,ETS-U-Net Wasserstein,mean,410.00000000000125,0.5281249955921495,group_mean,0.055138868112238074
ets_unet_wasserstein,ETS-U-Net Wasserstein,mean,420.00000000000125,0.5123643269980307,group_mean,0.05571908788166068
ets_unet_wasserstein,ETS-U-Net Wasserstein,mean,430.00000000000125,0.4975138910076449,group_mean,0.05619011924061726
ets_unet_wasserstein,ETS-U-Net Wasserstein,mean,440.00000000000125,0.4811086476776708,group_mean,0.056572474199049434
ets_unet_wasserstein,ETS-U-Net Wasserstein,mean,450.0000000000013,0.4651819646338155,group_mean,0.05674433372219075
ets_unet_wasserstein,ETS-U-Net Wasserstein,mean,460.0000000000013,0.4509790906721827,group_mean,0.05670172862084874
ets_unet_wasserstein,ETS-U-Net Wasserstein,mean,470.0000000000013,0.43580326007810727,group_mean,0.05662343767418788
ets_unet_wasserstein,ETS-U-Net Wasserstein,mean,480.0000000000013,0.42135072144655616,group_mean,0.055984889764434116
ets_unet_wasserstein,ETS-U-Net Wasserstein,mean,490.0000000000013,0.4090538762954089,group_mean,0.055081513533208566
ets_unet_wasserstein,ETS-U-Net Wasserstein,mean,500.0000000000013,0.39468272974874824,group_mean,0.05440485948174337
ets_unet_wasserstein,ETS-U-Net Wasserstein,mean,510.00000000000136,0.3816825527804967,group_mean,0.053911736532882
ets_unet_wasserstein,ETS-U-Net Wasserstein,mean,520.0000000000014,0.36858827791719256,group_mean,0.05318533195264898
ets_unet_wasserstein,ETS-U-Net Wasserstein,mean,530.0000000000014,0.3576287834949282,group_mean,0.05231744090394279
ets_unet_wasserstein,ETS-U-Net Wasserstein,mean,540.0000000000014,0.346059160418856,group_mean,0.05139905303034959
ets_unet_wasserstein,ETS-U-Net Wasserstein,mean,550.0000000000014,0.33404886425676794,group_mean,0.05028655495762093
ets_unet_wasserstein,ETS-U-Net Wasserstein,mean,560.0000000000014,0.32486363649893113,group_mean,0.049048887765320744
ets_unet_wasserstein,ETS-U-Net Wasserstein,mean,570.0000000000014,0.3148386249252226,group_mean,0.048037795835693196
ets_unet_wasserstein,ETS-U-Net Wasserstein,mean,580.0000000000014,0.3045658399136722,group_mean,0.04719876017342835
ets_unet_wasserstein,ETS-U-Net Wasserstein,mean,590.0000000000014,0.29644426244903943,group_mean,0.04636696774534679
ets_unet_wasserstein,ETS-U-Net Wasserstein,mean,600.0000000000014,0.28777206590125515,group_mean,0.04551974524697708
ets_unet_wasserstein,ETS-U-Net Wasserstein,mean,610.0000000000015,0.27897438904977856,group_mean,0.044646522570470706
ets_unet_wasserstein,ETS-U-Net Wasserstein,mean,620.0000000000015,0.27287064644975234,group_mean,0.04393827355487491
ets_unet_wasserstein,ETS-U-Net Wasserstein,mean,630.0000000000015,0.26600032526910655,group_mean,0.04317919233789596
ets_unet_wasserstein,ETS-U-Net Wasserstein,mean,640.0000000000015,0.25800069294448524,group_mean,0.04242861076195653
ets_unet_wasserstein,ETS-U-Net Wasserstein,mean,650.0000000000015,0.25233988806732266,group_mean,0.0414816602518264
ets_unet_wasserstein,ETS-U-Net Wasserstein,mean,660.0000000000015,0.24532696477912252,group_mean,0.04061517035632363
ets_unet_wasserstein,ETS-U-Net Wasserstein,mean,670.0000000000015,0.23928651864759112,group_mean,0.03977612168623467
ets_unet_wasserstein,ETS-U-Net Wasserstein,mean,680.0000000000015,0.235035563210766,group_mean,0.038856736334441144
ets_unet_wasserstein,ETS-U-Net Wasserstein,mean,690.0000000000015,0.22975176761634764,group_mean,0.03822332523814367
ets_unet_wasserstein,ETS-U-Net Wasserstein,mean,700.0000000000015,0.22470990772612015,group_mean,0.037573889499390195
ets_unet_wasserstein,ETS-U-Net Wasserstein,mean,710.0000000000015,0.22161175601515465,group_mean,0.0368439738190472
ets_unet_wasserstein,ETS-U-Net Wasserstein,mean,720.0000000000015,0.21628853722494473,group_mean,0.03656732901464825
ets_unet_wasserstein,ETS-U-Net Wasserstein,mean,730.0000000000016,0.21227115088428228,group_mean,0.03610325220215164
ets_unet_wasserstein,ETS-U-Net Wasserstein,mean,740.0000000000016,0.21034308692057788,group_mean,0.03576498033042734
ets_unet_wasserstein,ETS-U-Net Wasserstein,mean,750.0000000000016,0.20692796150170917,group_mean,0.03520834898647658
ets_unet_wasserstein,ETS-U-Net Wasserstein,mean,760.0000000000016,0.2037123502723023,group_mean,0.03457376510576178
ets_unet_wasserstein,ETS-U-Net Wasserstein,mean,770.0000000000016,0.20200731150120207,group_mean,0.03391500977592159
ets_unet_wasserstein,ETS-U-Net Wasserstein,mean,780.0000000000016,0.19832148650530243,group_mean,0.033543738636081365
ets_unet_wasserstein,ETS-U-Net Wasserstein,mean,790.0000000000016,0.19617760980777565,group_mean,0.032989049268979234
ets_unet_wasserstein,ETS-U-Net Wasserstein,mean,800.0000000000016,0.193414369842549,group_mean,0.032623497517168025
ets_unet_wasserstein,ETS-U-Net Wasserstein,mean,810.0000000000016,0.1931200393178135,group_mean,0.032083452424284745
ets_unet_wasserstein,ETS-U-Net Wasserstein,mean,820.0000000000016,0.19072950436060532,group_mean,0.031743965071984744
ets_unet_wasserstein,ETS-U-Net Wasserstein,mean,830.0000000000016,0.18784324842639397,group_mean,0.031436508701266956
ets_unet_wasserstein,ETS-U-Net Wasserstein,mean,840.0000000000016,0.1872935312637475,group_mean,0.031119115611539242
ets_unet_wasserstein,ETS-U-Net Wasserstein,mean,850.0000000000016,0.1861460886980268,group_mean,0.031115022412604717
ets_unet_wasserstein,ETS-U-Net Wasserstein,mean,860.0000000000017,0.18442393135985796,group_mean,0.03083883982230565
ets_unet_wasserstein,ETS-U-Net Wasserstein,mean,870.0000000000017,0.18443429141513903,group_mean,0.03034244959860605
ets_unet_wasserstein,ETS-U-Net Wasserstein,mean,880.0000000000017,0.18254985696425954,group_mean,0.02995889498725971
ets_unet_wasserstein,ETS-U-Net Wasserstein,mean,890.0000000000017,0.18089224008471932,group_mean,0.02951792527370757
ets_unet_wasserstein,ETS-U-Net Wasserstein,mean,900.0000000000017,0.18104202087471166,group_mean,0.02883103656283972
ets_unet_wasserstein,ETS-U-Net Wasserstein,mean,910.0000000000017,0.18018341489994336,group_mean,0.02867795107376064
ets_unet_wasserstein,ETS-U-Net Wasserstein,mean,920.0000000000017,0.1796048865067462,group_mean,0.028319028104197442
ets_unet_wasserstein,ETS-U-Net Wasserstein,mean,930.0000000000017,0.18037344361529298,group_mean,0.02802797446769048
ets_unet_wasserstein,ETS-U-Net Wasserstein,mean,940.0000000000017,0.17896326492720632,group_mean,0.0280010515163265
ets_unet_wasserstein,ETS-U-Net Wasserstein,mean,950.0000000000017,0.1787172027071587,group_mean,0.028075797451971536
ets_unet_wasserstein,ETS-U-Net Wasserstein,mean,960.0000000000017,0.1792948782082024,group_mean,0.027792638404139553
ets_unet_wasserstein,ETS-U-Net Wasserstein,mean,970.0000000000017,0.1783904525016869,group_mean,0.027779532676219902
ets_unet_wasserstein,ETS-U-Net Wasserstein,mean,980.0000000000017,0.17802027802192552,group_mean,0.0275471049449685
ets_unet_wasserstein,ETS-U-Net Wasserstein,mean,990.0000000000018,0.17973645990829876,group_mean,0.02722601422169528
ets_unet_wasserstein,ETS-U-Net Wasserstein,mean,1000.0000000000018,0.17865614812591102,group_mean,0.027410342022645497
