name,label,display_label,seed,temperature,valid_nrmse,valid_rmse,best_temperature,best_valid_nrmse,curve_type,valid_nrmse_std,valid_rmse_std,best_temperature_std,best_valid_nrmse_std
ets_unet_ce,ETS-U-Net CE,CE,2025,0.4,0.8958025137571597,0.30220171146117264,0.8,0.8778600670753287,seed,,,,
ets_unet_ce,ETS-U-Net CE,CE,2025,0.45,0.8910921047345254,0.30061264060407955,0.8,0.8778600670753287,seed,,,,
ets_unet_ce,ETS-U-Net CE,CE,2025,0.5,0.8872331472889419,0.29931080953461764,0.8,0.8778600670753287,seed,,,,
ets_unet_ce,ETS-U-Net CE,CE,2025,0.55,0.8841362952068972,0.2982660770350282,0.8,0.8778600670753287,seed,,,,
ets_unet_ce,ETS-U-Net CE,CE,2025,0.6,0.8817290613547223,0.29745398934958134,0.8,0.8778600670753287,seed,,,,
ets_unet_ce,ETS-U-Net CE,CE,2025,0.65,0.8799500889641385,0.29685384758527467,0.8,0.8778600670753287,seed,,,,
ets_unet_ce,ETS-U-Net CE,CE,2025,0.7,0.8787450135867597,0.2964473117295578,0.8,0.8778600670753287,seed,,,,
ets_unet_ce,ETS-U-Net CE,CE,2025,0.75,0.8780639672364352,0.296217558665136,0.8,0.8778600670753287,seed,,,,
ets_unet_ce,ETS-U-Net CE,CE,2025,0.8,0.8778600670753287,0.29614877232360726,0.8,0.8778600670753287,seed,,,,
ets_unet_ce,ETS-U-Net CE,CE,2025,0.85,0.8780887385505745,0.29622591534354786,0.8,0.8778600670753287,seed,,,,
ets_unet_ce,ETS-U-Net CE,CE,2025,0.9,0.8787074401954789,0.296434636231358,0.8,0.8778600670753287,seed,,,,
ets_unet_ce,ETS-U-Net CE,CE,2025,0.95,0.8796756413549496,0.29676126184686735,0.8,0.8778600670753287,seed,,,,
ets_unet_ce,ETS-U-Net CE,CE,2025,1.0,0.8809549104382931,0.29719282717568557,0.8,0.8778600670753287,seed,,,,
ets_unet_ce,ETS-U-Net CE,CE,2025,1.05,0.8825090885134314,0.297717133891741,0.8,0.8778600670753287,seed,,,,
ets_unet_ce,ETS-U-Net CE,CE,2025,1.1,0.8843043583622973,0.2983227736533291,0.8,0.8778600670753287,seed,,,,
ets_unet_ce,ETS-U-Net CE,CE,2025,1.15,0.8863093105295372,0.29899915038484376,0.8,0.8778600670753287,seed,,,,
ets_unet_ce,ETS-U-Net CE,CE,2025,1.2,0.8884950352925873,0.2997365113031632,0.8,0.8778600670753287,seed,,,,
ets_unet_ce,ETS-U-Net CE,CE,2025,1.25,0.8908350160443315,0.3005259109499641,0.8,0.8778600670753287,seed,,,,
ets_unet_ce,ETS-U-Net CE,CE,2025,1.3,0.8933051631263695,0.30135922260547826,0.8,0.8778600670753287,seed,,,,
ets_unet_ce,ETS-U-Net CE,CE,2025,1.35,0.8958836576482498,0.30222908560043377,0.8,0.8778600670753287,seed,,,,
ets_unet_ce,ETS-U-Net CE,CE,2025,1.4,0.8985508574925197,0.3031288736065722,0.8,0.8778600670753287,seed,,,,
ets_unet_ce,ETS-U-Net CE,CE,2025,1.45,0.901289177544271,0.3040526542317201,0.8,0.8778600670753287,seed,,,,
ets_unet_ce,ETS-U-Net CE,CE,2025,1.5,0.9040829287184,0.30499513471514433,0.8,0.8778600670753287,seed,,,,
ets_unet_ce,ETS-U-Net CE,CE,2025,1.55,0.9069182075551513,0.30595162468227133,0.8,0.8778600670753287,seed,,,,
ets_unet_ce,ETS-U-Net CE,CE,2025,1.6,0.9097827106515155,0.30691797354255346,0.8,0.8778600670753287,seed,,,,
ets_unet_ce,ETS-U-Net CE,CE,2025,1.65,0.9126655973316817,0.3078905241609267,0.8,0.8778600670753287,seed,,,,
ets_unet_ce,ETS-U-Net CE,CE,2025,1.7,0.915557385931804,0.3088660778691604,0.8,0.8778600670753287,seed,,,,
ets_unet_ce,ETS-U-Net CE,CE,2025,1.75,0.9184497843779369,0.30984183731080667,0.8,0.8778600670753287,seed,,,,
ets_unet_ce,ETS-U-Net CE,CE,2025,1.8,0.9213356002933265,0.31081537611562077,0.8,0.8778600670753287,seed,,,,
ets_unet_ce,ETS-U-Net CE,CE,2026,0.4,0.8941170127499792,0.30163310255327497,0.7,0.8814817177401792,seed,,,,
ets_unet_ce,ETS-U-Net CE,CE,2026,0.45,0.8899925729282112,0.3002417101941162,0.7,0.8814817177401792,seed,,,,
ets_unet_ce,ETS-U-Net CE,CE,2026,0.5,0.8867969855157215,0.2991636690295209,0.7,0.8814817177401792,seed,,,,
ets_unet_ce,ETS-U-Net CE,CE,2026,0.55,0.8844325191520771,0.2983660090868302,0.7,0.8814817177401792,seed,,,,
ets_unet_ce,ETS-U-Net CE,CE,2026,0.6,0.8828107504576782,0.2978189004691217,0.7,0.8814817177401792,seed,,,,
ets_unet_ce,ETS-U-Net CE,CE,2026,0.65,0.8818514969474136,0.29749529337037484,0.7,0.8814817177401792,seed,,,,
ets_unet_ce,ETS-U-Net CE,CE,2026,0.7,0.8814817177401792,0.29737054722647277,0.7,0.8814817177401792,seed,,,,
ets_unet_ce,ETS-U-Net CE,CE,2026,0.75,0.8816346202758021,0.2974221293634308,0.7,0.8814817177401792,seed,,,,
ets_unet_ce,ETS-U-Net CE,CE,2026,0.8,0.8822489948431226,0.2976293904984144,0.7,0.8814817177401792,seed,,,,
ets_unet_ce,ETS-U-Net CE,CE,2026,0.85,0.8832687731986675,0.29797341583840165,0.7,0.8814817177401792,seed,,,,
ets_unet_ce,ETS-U-Net CE,CE,2026,0.9,0.8846426733809493,0.2984369052572033,0.7,0.8814817177401792,seed,,,,
ets_unet_ce,ETS-U-Net CE,CE,2026,0.95,0.8863239341778526,0.2990040837172255,0.7,0.8814817177401792,seed,,,,
ets_unet_ce,ETS-U-Net CE,CE,2026,1.0,0.8882700397236643,0.29966060836143715,0.7,0.8814817177401792,seed,,,,
ets_unet_ce,ETS-U-Net CE,CE,2026,1.05,0.8904425350332196,0.30039350628325184,0.7,0.8814817177401792,seed,,,,
ets_unet_ce,ETS-U-Net CE,CE,2026,1.1,0.8928067504742356,0.3011910815764282,0.7,0.8814817177401792,seed,,,,
ets_unet_ce,ETS-U-Net CE,CE,2026,1.15,0.8953315591240602,0.30204283347862904,0.7,0.8814817177401792,seed,,,,
ets_unet_ce,ETS-U-Net CE,CE,2026,1.2,0.8979891651291594,0.30293938497384865,0.7,0.8814817177401792,seed,,,,
ets_unet_ce,ETS-U-Net CE,CE,2026,1.25,0.9007548058811574,0.303872382320591,0.7,0.8814817177401792,seed,,,,
ets_unet_ce,ETS-U-Net CE,CE,2026,1.3,0.9036065474526963,0.3048344260415329,0.7,0.8814817177401792,seed,,,,
ets_unet_ce,ETS-U-Net CE,CE,2026,1.35,0.906525034953478,0.3058189867053729,0.7,0.8814817177401792,seed,,,,
ets_unet_ce,ETS-U-Net CE,CE,2026,1.4,0.9094932147259123,0.30682031120868547,0.7,0.8814817177401792,seed,,,,
ets_unet_ce,ETS-U-Net CE,CE,2026,1.45,0.9124961733339851,0.30783336845832465,0.7,0.8814817177401792,seed,,,,
ets_unet_ce,ETS-U-Net CE,CE,2026,1.5,0.9155208963246924,0.30885376798885716,0.7,0.8814817177401792,seed,,,,
ets_unet_ce,ETS-U-Net CE,CE,2026,1.55,0.9185560579175795,0.3098776890136874,0.7,0.8814817177401792,seed,,,,
ets_unet_ce,ETS-U-Net CE,CE,2026,1.6,0.9215918838944649,0.3109018341704867,0.7,0.8814817177401792,seed,,,,
ets_unet_ce,ETS-U-Net CE,CE,2026,1.65,0.9246199283219643,0.3119233541978561,0.7,0.8814817177401792,seed,,,,
ets_unet_ce,ETS-U-Net CE,CE,2026,1.7,0.9276329744456605,0.3129398145016718,0.7,0.8814817177401792,seed,,,,
ets_unet_ce,ETS-U-Net CE,CE,2026,1.75,0.9306248431992927,0.3139491305550759,0.7,0.8814817177401792,seed,,,,
ets_unet_ce,ETS-U-Net CE,CE,2026,1.8,0.9335903191626862,0.3149495429201582,0.7,0.8814817177401792,seed,,,,
ets_unet_ce,ETS-U-Net CE,CE,2027,0.4,0.8874739659334497,0.2993920504391746,0.7,0.8742723149620826,seed,,,,
ets_unet_ce,ETS-U-Net CE,CE,2027,0.45,0.883528897082416,0.2980611694243243,0.7,0.8742723149620826,seed,,,,
ets_unet_ce,ETS-U-Net CE,CE,2027,0.5,0.8803199144856025,0.2969786093534234,0.7,0.8742723149620826,seed,,,,
ets_unet_ce,ETS-U-Net CE,CE,2027,0.55,0.8778204195433035,0.2961353971076984,0.7,0.8742723149620826,seed,,,,
ets_unet_ce,ETS-U-Net CE,CE,2027,0.6,0.8760022744565753,0.2955220403148161,0.7,0.8742723149620826,seed,,,,
ets_unet_ce,ETS-U-Net CE,CE,2027,0.65,0.8748324879284698,0.2951274092600817,0.7,0.8742723149620826,seed,,,,
ets_unet_ce,ETS-U-Net CE,CE,2027,0.7,0.8742723149620826,0.2949384332005633,0.7,0.8742723149620826,seed,,,,
ets_unet_ce,ETS-U-Net CE,CE,2027,0.75,0.8742778137550161,0.2949402882351384,0.7,0.8742723149620826,seed,,,,
ets_unet_ce,ETS-U-Net CE,CE,2027,0.8,0.874801209252043,0.2951168573031456,0.7,0.8742723149620826,seed,,,,
ets_unet_ce,ETS-U-Net CE,CE,2027,0.85,0.8757925056262219,0.2954512741598093,0.7,0.8742723149620826,seed,,,,
ets_unet_ce,ETS-U-Net CE,CE,2027,0.9,0.8772010652460708,0.2959264560456338,0.7,0.8742723149620826,seed,,,,
ets_unet_ce,ETS-U-Net CE,CE,2027,0.95,0.8789770618910865,0.2965255939330929,0.7,0.8742723149620826,seed,,,,
ets_unet_ce,ETS-U-Net CE,CE,2027,1.0,0.8810725226845042,0.297232504025826,0.7,0.8742723149620826,seed,,,,
ets_unet_ce,ETS-U-Net CE,CE,2027,1.05,0.8834421858241561,0.29803191711676025,0.7,0.8742723149620826,seed,,,,
ets_unet_ce,ETS-U-Net CE,CE,2027,1.1,0.8860440320785842,0.29890965788994606,0.7,0.8742723149620826,seed,,,,
ets_unet_ce,ETS-U-Net CE,CE,2027,1.15,0.8888395543542748,0.29985273585988637,0.7,0.8742723149620826,seed,,,,
ets_unet_ce,ETS-U-Net CE,CE,2027,1.2,0.891793917299999,0.3008493992145478,0.7,0.8742723149620826,seed,,,,
ets_unet_ce,ETS-U-Net CE,CE,2027,1.25,0.8948758833308088,0.30188910985932993,0.7,0.8742723149620826,seed,,,,
ets_unet_ce,ETS-U-Net CE,CE,2027,1.3,0.8980577264797195,0.3029625143546677,0.7,0.8742723149620826,seed,,,,
ets_unet_ce,ETS-U-Net CE,CE,2027,1.35,0.9013150091595475,0.30406136860595606,0.7,0.8742723149620826,seed,,,,
ets_unet_ce,ETS-U-Net CE,CE,2027,1.4,0.9046263238068412,0.3051784507063417,0.7,0.8742723149620826,seed,,,,
ets_unet_ce,ETS-U-Net CE,CE,2027,1.45,0.9079731061922032,0.30630749795639073,0.7,0.8742723149620826,seed,,,,
ets_unet_ce,ETS-U-Net CE,CE,2027,1.5,0.9113392691295311,0.3074430832947831,0.7,0.8742723149620826,seed,,,,
ets_unet_ce,ETS-U-Net CE,CE,2027,1.55,0.9147110325832646,0.30858055798447426,0.7,0.8742723149620826,seed,,,,
ets_unet_ce,ETS-U-Net CE,CE,2027,1.6,0.9180766361555883,0.3097159546193756,0.7,0.8742723149620826,seed,,,,
ets_unet_ce,ETS-U-Net CE,CE,2027,1.65,0.9214260799416025,0.31084589970105564,0.7,0.8742723149620826,seed,,,,
ets_unet_ce,ETS-U-Net CE,CE,2027,1.7,0.9247509769767017,0.31196756386141267,0.7,0.8742723149620826,seed,,,,
ets_unet_ce,ETS-U-Net CE,CE,2027,1.75,0.9280442843132669,0.3130785711405767,0.7,0.8742723149620826,seed,,,,
ets_unet_ce,ETS-U-Net CE,CE,2027,1.8,0.9313001937575092,0.3141769621266499,0.7,0.8742723149620826,seed,,,,
ets_unet_ce,ETS-U-Net CE,CE,2028,0.4,0.8849222845488633,0.29853123293790257,0.75,0.8713461958433022,seed,,,,
ets_unet_ce,ETS-U-Net CE,CE,2028,0.45,0.8807702866342887,0.29713054377204495,0.75,0.8713461958433022,seed,,,,
ets_unet_ce,ETS-U-Net CE,CE,2028,0.5,0.8774468492313366,0.29600937202304667,0.75,0.8713461958433022,seed,,,,
ets_unet_ce,ETS-U-Net CE,CE,2028,0.55,0.8748984096373796,0.29514964814973543,0.75,0.8713461958433022,seed,,,,
ets_unet_ce,ETS-U-Net CE,CE,2028,0.6,0.8730705960078862,0.2945330296444488,0.75,0.8713461958433022,seed,,,,
ets_unet_ce,ETS-U-Net CE,CE,2028,0.65,0.8719074299552836,0.294140632027327,0.75,0.8713461958433022,seed,,,,
ets_unet_ce,ETS-U-Net CE,CE,2028,0.7,0.8713517434361883,0.2939531694844924,0.75,0.8713461958433022,seed,,,,
ets_unet_ce,ETS-U-Net CE,CE,2028,0.75,0.8713461958433022,0.2939512979871044,0.75,0.8713461958433022,seed,,,,
ets_unet_ce,ETS-U-Net CE,CE,2028,0.8,0.8718343460021936,0.2941159769327442,0.75,0.8713461958433022,seed,,,,
ets_unet_ce,ETS-U-Net CE,CE,2028,0.85,0.872761626020867,0.2944287976765391,0.75,0.8713461958433022,seed,,,,
ets_unet_ce,ETS-U-Net CE,CE,2028,0.9,0.8740761136084538,0.2948722440752293,0.75,0.8713461958433022,seed,,,,
ets_unet_ce,ETS-U-Net CE,CE,2028,0.95,0.8757291051149034,0.29542988580385615,0.75,0.8713461958433022,seed,,,,
ets_unet_ce,ETS-U-Net CE,CE,2028,1.0,0.8776753896015421,0.2960864708143019,0.75,0.8713461958433022,seed,,,,
ets_unet_ce,ETS-U-Net CE,CE,2028,1.05,0.8798734787581968,0.2968280028985324,0.75,0.8713461958433022,seed,,,,
ets_unet_ce,ETS-U-Net CE,CE,2028,1.1,0.8822855749836074,0.29764173092042734,0.75,0.8713461958433022,seed,,,,
ets_unet_ce,ETS-U-Net CE,CE,2028,1.15,0.8848775377115702,0.2985161374558016,0.75,0.8713461958433022,seed,,,,
ets_unet_ce,ETS-U-Net CE,CE,2028,1.2,0.8876187103127561,0.2994408803972055,0.75,0.8713461958433022,seed,,,,
ets_unet_ce,ETS-U-Net CE,CE,2028,1.25,0.8904817186925892,0.3004067250103049,0.75,0.8713461958433022,seed,,,,
ets_unet_ce,ETS-U-Net CE,CE,2028,1.3,0.8934422751587907,0.3014054777679982,0.75,0.8713461958433022,seed,,,,
ets_unet_ce,ETS-U-Net CE,CE,2028,1.35,0.8964789220612268,0.302429899866537,0.75,0.8713461958433022,seed,,,,
ets_unet_ce,ETS-U-Net CE,CE,2028,1.4,0.8995727585756198,0.30347361505517745,0.75,0.8713461958433022,seed,,,,
ets_unet_ce,ETS-U-Net CE,CE,2028,1.45,0.902707276428114,0.30453105421736104,0.75,0.8713461958433022,seed,,,,
ets_unet_ce,ETS-U-Net CE,CE,2028,1.5,0.9058680346219367,0.3055973456387614,0.75,0.8713461958433022,seed,,,,
ets_unet_ce,ETS-U-Net CE,CE,2028,1.55,0.9090425282576541,0.3066682707533972,0.75,0.8713461958433022,seed,,,,
ets_unet_ce,ETS-U-Net CE,CE,2028,1.6,0.9122199293474388,0.30774017670653436,0.75,0.8713461958433022,seed,,,,
ets_unet_ce,ETS-U-Net CE,CE,2028,1.65,0.9153909160856382,0.3088099187585915,0.75,0.8713461958433022,seed,,,,
ets_unet_ce,ETS-U-Net CE,CE,2028,1.7,0.918547531635586,0.30987481264643985,0.75,0.8713461958433022,seed,,,,
ets_unet_ce,ETS-U-Net CE,CE,2028,1.75,0.9216829533983515,0.3109325567455117,0.75,0.8713461958433022,seed,,,,
ets_unet_ce,ETS-U-Net CE,CE,2028,1.8,0.9247914497378744,0.3119812174708926,0.75,0.8713461958433022,seed,,,,
ets_unet_ce,ETS-U-Net CE,CE,2029,0.4,0.8787004155425692,0.296432266443264,0.65,0.8728160005002391,seed,,,,
ets_unet_ce,ETS-U-Net CE,CE,2029,0.45,0.8764607701424993,0.2956767152335129,0.65,0.8728160005002391,seed,,,,
ets_unet_ce,ETS-U-Net CE,CE,2029,0.5,0.8747977280823105,0.2951156829199139,0.65,0.8728160005002391,seed,,,,
ets_unet_ce,ETS-U-Net CE,CE,2029,0.55,0.8736607452623667,0.29473211829622487,0.65,0.8728160005002391,seed,,,,
ets_unet_ce,ETS-U-Net CE,CE,2029,0.6,0.8730110082670747,0.2945129275382604,0.65,0.8728160005002391,seed,,,,
ets_unet_ce,ETS-U-Net CE,CE,2029,0.65,0.8728160005002391,0.2944471410730732,0.65,0.8728160005002391,seed,,,,
ets_unet_ce,ETS-U-Net CE,CE,2029,0.7,0.8730458243068725,0.29452467283552364,0.65,0.8728160005002391,seed,,,,
ets_unet_ce,ETS-U-Net CE,CE,2029,0.75,0.8736711211803797,0.2947356186438276,0.65,0.8728160005002391,seed,,,,
ets_unet_ce,ETS-U-Net CE,CE,2029,0.8,0.8746620200409354,0.2950699013980575,0.65,0.8728160005002391,seed,,,,
ets_unet_ce,ETS-U-Net CE,CE,2029,0.85,0.8759878861150501,0.29551718636389807,0.65,0.8728160005002391,seed,,,,
ets_unet_ce,ETS-U-Net CE,CE,2029,0.9,0.8776174989506511,0.2960669412265767,0.65,0.8728160005002391,seed,,,,
ets_unet_ce,ETS-U-Net CE,CE,2029,0.95,0.8795195112261966,0.29670859087151824,0.65,0.8728160005002391,seed,,,,
ets_unet_ce,ETS-U-Net CE,CE,2029,1.0,0.8816629425471457,0.29743168396809094,0.65,0.8728160005002391,seed,,,,
ets_unet_ce,ETS-U-Net CE,CE,2029,1.05,0.8840177039872307,0.29822606992520534,0.65,0.8728160005002391,seed,,,,
ets_unet_ce,ETS-U-Net CE,CE,2029,1.1,0.8865550291287296,0.29908204430406526,0.65,0.8728160005002391,seed,,,,
ets_unet_ce,ETS-U-Net CE,CE,2029,1.15,0.8892477714323587,0.29999044913680856,0.65,0.8728160005002391,seed,,,,
ets_unet_ce,ETS-U-Net CE,CE,2029,1.2,0.8920706811298991,0.30094276633707967,0.65,0.8728160005002391,seed,,,,
ets_unet_ce,ETS-U-Net CE,CE,2029,1.25,0.8950005051027283,0.30193115139435694,0.65,0.8728160005002391,seed,,,,
ets_unet_ce,ETS-U-Net CE,CE,2029,1.3,0.8980160635435106,0.30294845923600766,0.65,0.8728160005002391,seed,,,,
ets_unet_ce,ETS-U-Net CE,CE,2029,1.35,0.9010982332042717,0.30398823857597523,0.65,0.8728160005002391,seed,,,,
ets_unet_ce,ETS-U-Net CE,CE,2029,1.4,0.9042298847528464,0.30504471078178536,0.65,0.8728160005002391,seed,,,,
ets_unet_ce,ETS-U-Net CE,CE,2029,1.45,0.9073957984500977,0.3061127414279988,0.65,0.8728160005002391,seed,,,,
ets_unet_ce,ETS-U-Net CE,CE,2029,1.5,0.9105825310617883,0.3071877953985251,0.65,0.8728160005002391,seed,,,,
ets_unet_ce,ETS-U-Net CE,CE,2029,1.55,0.9137783099598702,0.3082659011613692,0.65,0.8728160005002391,seed,,,,
ets_unet_ce,ETS-U-Net CE,CE,2029,1.6,0.9169728822485975,0.30934359987086574,0.65,0.8728160005002391,seed,,,,
ets_unet_ce,ETS-U-Net CE,CE,2029,1.65,0.9201573484647413,0.3104178892659386,0.65,0.8728160005002391,seed,,,,
ets_unet_ce,ETS-U-Net CE,CE,2029,1.7,0.9233240993177199,0.31148620232919116,0.65,0.8728160005002391,seed,,,,
ets_unet_ce,ETS-U-Net CE,CE,2029,1.75,0.9264665900479744,0.3125463311660156,0.65,0.8728160005002391,seed,,,,
ets_unet_ce,ETS-U-Net CE,CE,2029,1.8,0.9295793114607016,0.31359641723273435,0.65,0.8728160005002391,seed,,,,
ets_unet_event_nll,ETS-U-Net EventNLL,EventNLL,2025,0.4,0.9064648911042262,0.3057986969943053,0.75,0.8789801402371474,seed,,,,
ets_unet_event_nll,ETS-U-Net EventNLL,EventNLL,2025,0.45,0.8983618241257665,0.30306510262348296,0.75,0.8789801402371474,seed,,,,
ets_unet_event_nll,ETS-U-Net EventNLL,EventNLL,2025,0.5,0.8917643085862146,0.3008394106246048,0.75,0.8789801402371474,seed,,,,
ets_unet_event_nll,ETS-U-Net EventNLL,EventNLL,2025,0.55,0.8866015082126629,0.2990977241648561,0.75,0.8789801402371474,seed,,,,
ets_unet_event_nll,ETS-U-Net EventNLL,EventNLL,2025,0.6,0.8828082089951579,0.29781804309898546,0.75,0.8789801402371474,seed,,,,
ets_unet_event_nll,ETS-U-Net EventNLL,EventNLL,2025,0.65,0.8803194819888331,0.29697846344931855,0.75,0.8789801402371474,seed,,,,
ets_unet_event_nll,ETS-U-Net EventNLL,EventNLL,2025,0.7,0.8790674953497665,0.2965561019363266,0.75,0.8789801402371474,seed,,,,
ets_unet_event_nll,ETS-U-Net EventNLL,EventNLL,2025,0.75,0.8789801402371474,0.2965266324225298,0.75,0.8789801402371474,seed,,,,
ets_unet_event_nll,ETS-U-Net EventNLL,EventNLL,2025,0.8,0.8799808363280857,0.2968642203023245,0.75,0.8789801402371474,seed,,,,
ets_unet_event_nll,ETS-U-Net EventNLL,EventNLL,2025,0.85,0.8819890324422988,0.29754169138924913,0.75,0.8789801402371474,seed,,,,
ets_unet_event_nll,ETS-U-Net EventNLL,EventNLL,2025,0.9,0.8849209145245556,0.29853077075602186,0.75,0.8789801402371474,seed,,,,
ets_unet_event_nll,ETS-U-Net EventNLL,EventNLL,2025,0.95,0.8886903599062338,0.2998024046575889,0.75,0.8789801402371474,seed,,,,
ets_unet_event_nll,ETS-U-Net EventNLL,EventNLL,2025,1.0,0.893209852618256,0.3013270693147364,0.75,0.8789801402371474,seed,,,,
ets_unet_event_nll,ETS-U-Net EventNLL,EventNLL,2025,1.05,0.8983915602434324,0.3030751341935141,0.75,0.8789801402371474,seed,,,,
ets_unet_event_nll,ETS-U-Net EventNLL,EventNLL,2025,1.1,0.9041484945085101,0.30501725353450493,0.75,0.8789801402371474,seed,,,,
ets_unet_event_nll,ETS-U-Net EventNLL,EventNLL,2025,1.15,0.9103955841283191,0.30712472828007076,0.75,0.8789801402371474,seed,,,,
ets_unet_event_nll,ETS-U-Net EventNLL,EventNLL,2025,1.2,0.9170508688273842,0.3093699088811871,0.75,0.8789801402371474,seed,,,,
ets_unet_event_nll,ETS-U-Net EventNLL,EventNLL,2025,1.25,0.9240363607935986,0.3117264859114683,0.75,0.8789801402371474,seed,,,,
ets_unet_event_nll,ETS-U-Net EventNLL,EventNLL,2025,1.3,0.9312790438521796,0.31416982714155034,0.75,0.8789801402371474,seed,,,,
ets_unet_event_nll,ETS-U-Net EventNLL,EventNLL,2025,1.35,0.9387114274060606,0.31667716441257254,0.75,0.8789801402371474,seed,,,,
ets_unet_event_nll,ETS-U-Net EventNLL,EventNLL,2025,1.4,0.9462719445596721,0.31922772794444976,0.75,0.8789801402371474,seed,,,,
ets_unet_event_nll,ETS-U-Net EventNLL,EventNLL,2025,1.45,0.9539053522097256,0.3218028813077192,0.75,0.8789801402371474,seed,,,,
ets_unet_event_nll,ETS-U-Net EventNLL,EventNLL,2025,1.5,0.961562585354157,0.32438607227421795,0.75,0.8789801402371474,seed,,,,
ets_unet_event_nll,ETS-U-Net EventNLL,EventNLL,2025,1.55,0.9692008125664698,0.326962851531522,0.75,0.8789801402371474,seed,,,,
ets_unet_event_nll,ETS-U-Net EventNLL,EventNLL,2025,1.6,0.9767831057393497,0.32952076126994656,0.75,0.8789801402371474,seed,,,,
ets_unet_event_nll,ETS-U-Net EventNLL,EventNLL,2025,1.65,0.9842780673063983,0.332049209424661,0.75,0.8789801402371474,seed,,,,
ets_unet_event_nll,ETS-U-Net EventNLL,EventNLL,2025,1.7,0.9916594876932532,0.3345393541157783,0.75,0.8789801402371474,seed,,,,
ets_unet_event_nll,ETS-U-Net EventNLL,EventNLL,2025,1.75,0.9989058012083522,0.3369839200914446,0.75,0.8789801402371474,seed,,,,
ets_unet_event_nll,ETS-U-Net EventNLL,EventNLL,2025,1.8,1.0059997037495159,0.3393770697599882,0.75,0.8789801402371474,seed,,,,
ets_unet_event_nll,ETS-U-Net EventNLL,EventNLL,2026,0.4,0.9019118222529727,0.30426270532413413,0.7,0.8752564288992064,seed,,,,
ets_unet_event_nll,ETS-U-Net EventNLL,EventNLL,2026,0.45,0.8935566793736134,0.3014440723789608,0.7,0.8752564288992064,seed,,,,
ets_unet_event_nll,ETS-U-Net EventNLL,EventNLL,2026,0.5,0.8867577557685171,0.29915043475459613,0.7,0.8752564288992064,seed,,,,
ets_unet_event_nll,ETS-U-Net EventNLL,EventNLL,2026,0.55,0.8815251634522897,0.29738520377002314,0.7,0.8752564288992064,seed,,,,
ets_unet_event_nll,ETS-U-Net EventNLL,EventNLL,2026,0.6,0.8778652055648513,0.29615050580872726,0.7,0.8752564288992064,seed,,,,
ets_unet_event_nll,ETS-U-Net EventNLL,EventNLL,2026,0.65,0.8757786047205233,0.29544658464685475,0.7,0.8752564288992064,seed,,,,
ets_unet_event_nll,ETS-U-Net EventNLL,EventNLL,2026,0.7,0.8752564288992064,0.29527042704017004,0.7,0.8752564288992064,seed,,,,
ets_unet_event_nll,ETS-U-Net EventNLL,EventNLL,2026,0.75,0.8762749668065534,0.29561403391117264,0.7,0.8752564288992064,seed,,,,
ets_unet_event_nll,ETS-U-Net EventNLL,EventNLL,2026,0.8,0.8787911040332468,0.29646286048232023,0.7,0.8752564288992064,seed,,,,
ets_unet_event_nll,ETS-U-Net EventNLL,EventNLL,2026,0.85,0.882739155077471,0.2977947475491432,0.7,0.8752564288992064,seed,,,,
ets_unet_event_nll,ETS-U-Net EventNLL,EventNLL,2026,0.9,0.888029855965805,0.2995795816378284,0.7,0.8752564288992064,seed,,,,
ets_unet_event_nll,ETS-U-Net EventNLL,EventNLL,2026,0.95,0.8945516021018451,0.3017797125972297,0.7,0.8752564288992064,seed,,,,
ets_unet_event_nll,ETS-U-Net EventNLL,EventNLL,2026,1.0,0.9021737510149701,0.30435106779124144,0.7,0.8752564288992064,seed,,,,
ets_unet_event_nll,ETS-U-Net EventNLL,EventNLL,2026,1.05,0.9107514844126645,0.3072447923269862,0.7,0.8752564288992064,seed,,,,
ets_unet_event_nll,ETS-U-Net EventNLL,EventNLL,2026,1.1,0.920131625991831,0.31040921171121294,0.7,0.8752564288992064,seed,,,,
ets_unet_event_nll,ETS-U-Net EventNLL,EventNLL,2026,1.15,0.9301584152458975,0.3137917796617432,0.7,0.8752564288992064,seed,,,,
ets_unet_event_nll,ETS-U-Net EventNLL,EventNLL,2026,1.2,0.9406792684530146,0.3173410215944182,0.7,0.8752564288992064,seed,,,,
ets_unet_event_nll,ETS-U-Net EventNLL,EventNLL,2026,1.25,0.9515492313909236,0.32100803676004663,0.7,0.8752564288992064,seed,,,,
ets_unet_event_nll,ETS-U-Net EventNLL,EventNLL,2026,1.3,0.9626347274845867,0.324747762693445,0.7,0.8752564288992064,seed,,,,
ets_unet_event_nll,ETS-U-Net EventNLL,EventNLL,2026,1.35,0.9738159157389153,0.3285197706692383,0.7,0.8752564288992064,seed,,,,
ets_unet_event_nll,ETS-U-Net EventNLL,EventNLL,2026,1.4,0.9849879034552039,0.3322886748154493,0.7,0.8752564288992064,seed,,,,
ets_unet_event_nll,ETS-U-Net EventNLL,EventNLL,2026,1.45,0.9960613053269619,0.3360243207261838,0.7,0.8752564288992064,seed,,,,
ets_unet_event_nll,ETS-U-Net EventNLL,EventNLL,2026,1.5,1.00696168446578,0.3397015968900008,0.7,0.8752564288992064,seed,,,,
ets_unet_event_nll,ETS-U-Net EventNLL,EventNLL,2026,1.55,1.017628785709885,0.34330017604421376,0.7,0.8752564288992064,seed,,,,
ets_unet_event_nll,ETS-U-Net EventNLL,EventNLL,2026,1.6,1.0280152522662551,0.3468040822301928,0.7,0.8752564288992064,seed,,,,
ets_unet_event_nll,ETS-U-Net EventNLL,EventNLL,2026,1.65,1.0380850789500766,0.350201168988975,0.7,0.8752564288992064,seed,,,,
ets_unet_event_nll,ETS-U-Net EventNLL,EventNLL,2026,1.7,1.047812316499114,0.3534826822577638,0.7,0.8752564288992064,seed,,,,
ets_unet_event_nll,ETS-U-Net EventNLL,EventNLL,2026,1.75,1.0571793989560563,0.35664269610725974,0.7,0.8752564288992064,seed,,,,
ets_unet_event_nll,ETS-U-Net EventNLL,EventNLL,2026,1.8,1.066175915874364,0.3596776985415563,0.7,0.8752564288992064,seed,,,,
ets_unet_event_nll,ETS-U-Net EventNLL,EventNLL,2027,0.4,0.8999742264241326,0.30360905145890926,0.75,0.8728120330955994,seed,,,,
ets_unet_event_nll,ETS-U-Net EventNLL,EventNLL,2027,0.45,0.8922637577921916,0.3010079013382568,0.75,0.8728120330955994,seed,,,,
ets_unet_event_nll,ETS-U-Net EventNLL,EventNLL,2027,0.5,0.8859015925997545,0.2988616054971241,0.75,0.8728120330955994,seed,,,,
ets_unet_event_nll,ETS-U-Net EventNLL,EventNLL,2027,0.55,0.8808448425927166,0.2971556954521201,0.75,0.8728120330955994,seed,,,,
ets_unet_event_nll,ETS-U-Net EventNLL,EventNLL,2027,0.6,0.8770516302593111,0.2958760436968656,0.75,0.8728120330955994,seed,,,,
ets_unet_event_nll,ETS-U-Net EventNLL,EventNLL,2027,0.65,0.874479126125714,0.29500820157767643,0.75,0.8728120330955994,seed,,,,
ets_unet_event_nll,ETS-U-Net EventNLL,EventNLL,2027,0.7,0.8730821023354344,0.2945369113391575,0.75,0.8728120330955994,seed,,,,
ets_unet_event_nll,ETS-U-Net EventNLL,EventNLL,2027,0.75,0.8728120330955994,0.29444580265701187,0.75,0.8728120330955994,seed,,,,
ets_unet_event_nll,ETS-U-Net EventNLL,EventNLL,2027,0.8,0.8736164004970107,0.29471715845431873,0.75,0.8728120330955994,seed,,,,
ets_unet_event_nll,ETS-U-Net EventNLL,EventNLL,2027,0.85,0.8754381202090898,0.29533172115797074,0.75,0.8728120330955994,seed,,,,
ets_unet_event_nll,ETS-U-Net EventNLL,EventNLL,2027,0.9,0.8782151449357695,0.29626855892330894,0.75,0.8728120330955994,seed,,,,
ets_unet_event_nll,ETS-U-Net EventNLL,EventNLL,2027,0.95,0.8818802292839407,0.2975049863117759,0.75,0.8728120330955994,seed,,,,
ets_unet_event_nll,ETS-U-Net EventNLL,EventNLL,2027,1.0,0.8863611164599939,0.2990166272735636,0.75,0.8728120330955994,seed,,,,
ets_unet_event_nll,ETS-U-Net EventNLL,EventNLL,2027,1.05,0.8915810756000285,0.30077759641759916,0.75,0.8728120330955994,seed,,,,
ets_unet_event_nll,ETS-U-Net EventNLL,EventNLL,2027,1.1,0.8974598423453275,0.3027608163175513,0.75,0.8728120330955994,seed,,,,
ets_unet_event_nll,ETS-U-Net EventNLL,EventNLL,2027,1.15,0.9039148877620456,0.3049384455857592,0.75,0.8728120330955994,seed,,,,
ets_unet_event_nll,ETS-U-Net EventNLL,EventNLL,2027,1.2,0.9108629792613351,0.3072824054543998,0.75,0.8728120330955994,seed,,,,
ets_unet_event_nll,ETS-U-Net EventNLL,EventNLL,2027,1.25,0.9182216462974196,0.3097648742332053,0.75,0.8728120330955994,seed,,,,
ets_unet_event_nll,ETS-U-Net EventNLL,EventNLL,2027,1.3,0.9259108586801261,0.3123588534933174,0.75,0.8728120330955994,seed,,,,
ets_unet_event_nll,ETS-U-Net EventNLL,EventNLL,2027,1.35,0.9338543136534819,0.315038602267179,0.75,0.8728120330955994,seed,,,,
ets_unet_event_nll,ETS-U-Net EventNLL,EventNLL,2027,1.4,0.9419805145760697,0.31778000094464365,0.75,0.8728120330955994,seed,,,,
ets_unet_event_nll,ETS-U-Net EventNLL,EventNLL,2027,1.45,0.9502237670468204,0.3205608873190513,0.75,0.8728120330955994,seed,,,,
ets_unet_event_nll,ETS-U-Net EventNLL,EventNLL,2027,1.5,0.9585245523211708,0.3233611825603085,0.75,0.8728120330955994,seed,,,,
ets_unet_event_nll,ETS-U-Net EventNLL,EventNLL,2027,1.55,0.9668299561863446,0.326163035897273,0.75,0.8728120330955994,seed,,,,
ets_unet_event_nll,ETS-U-Net EventNLL,EventNLL,2027,1.6,0.9750936475387397,0.3289508173907705,0.75,0.8728120330955994,seed,,,,
ets_unet_event_nll,ETS-U-Net EventNLL,EventNLL,2027,1.65,0.9832756392136593,0.33171103724877377,0.75,0.8728120330955994,seed,,,,
ets_unet_event_nll,ETS-U-Net EventNLL,EventNLL,2027,1.7,0.9913421194323768,0.33443228896455646,0.75,0.8728120330955994,seed,,,,
ets_unet_event_nll,ETS-U-Net EventNLL,EventNLL,2027,1.75,0.9992648807334181,0.33710505666491825,0.75,0.8728120330955994,seed,,,,
ets_unet_event_nll,ETS-U-Net EventNLL,EventNLL,2027,1.8,1.0070209631187077,0.33972159472444835,0.75,0.8728120330955994,seed,,,,
ets_unet_event_nll,ETS-U-Net EventNLL,EventNLL,2028,0.4,0.8997070947006721,0.3035189337568761,0.65,0.8799830242286273,seed,,,,
ets_unet_event_nll,ETS-U-Net EventNLL,EventNLL,2028,0.45,0.8924507696571711,0.3010709903615542,0.65,0.8799830242286273,seed,,,,
ets_unet_event_nll,ETS-U-Net EventNLL,EventNLL,2028,0.5,0.8868979967780629,0.2991977454870968,0.65,0.8799830242286273,seed,,,,
ets_unet_event_nll,ETS-U-Net EventNLL,EventNLL,2028,0.55,0.883000962020752,0.2978830689203348,0.65,0.8799830242286273,seed,,,,
ets_unet_event_nll,ETS-U-Net EventNLL,EventNLL,2028,0.6,0.8807129809274948,0.2971112115169958,0.65,0.8799830242286273,seed,,,,
ets_unet_event_nll,ETS-U-Net EventNLL,EventNLL,2028,0.65,0.8799830242286273,0.29686495839724836,0.65,0.8799830242286273,seed,,,,
ets_unet_event_nll,ETS-U-Net EventNLL,EventNLL,2028,0.7,0.8807507727955485,0.29712396071900155,0.65,0.8799830242286273,seed,,,,
ets_unet_event_nll,ETS-U-Net EventNLL,EventNLL,2028,0.75,0.8829429048943327,0.2978634831715822,0.65,0.8799830242286273,seed,,,,
ets_unet_event_nll,ETS-U-Net EventNLL,EventNLL,2028,0.8,0.8864710168870292,0.2990537025179733,0.65,0.8799830242286273,seed,,,,
ets_unet_event_nll,ETS-U-Net EventNLL,EventNLL,2028,0.85,0.8912313295570785,0.30065960852279744,0.65,0.8799830242286273,seed,,,,
ets_unet_event_nll,ETS-U-Net EventNLL,EventNLL,2028,0.9,0.8971058968572921,0.30264141172713593,0.65,0.8799830242286273,seed,,,,
ets_unet_event_nll,ETS-U-Net EventNLL,EventNLL,2028,0.95,0.9039653198334823,0.30495545899894644,0.65,0.8799830242286273,seed,,,,
ets_unet_event_nll,ETS-U-Net EventNLL,EventNLL,2028,1.0,0.9116723153911537,0.3075554374673964,0.65,0.8799830242286273,seed,,,,
ets_unet_event_nll,ETS-U-Net EventNLL,EventNLL,2028,1.05,0.920085892823715,0.31039378348739916,0.65,0.8799830242286273,seed,,,,
ets_unet_event_nll,ETS-U-Net EventNLL,EventNLL,2028,1.1,0.929065695428018,0.3134231472968643,0.65,0.8799830242286273,seed,,,,
ets_unet_event_nll,ETS-U-Net EventNLL,EventNLL,2028,1.15,0.9384758499569607,0.3165976916412794,0.65,0.8799830242286273,seed,,,,
ets_unet_event_nll,ETS-U-Net EventNLL,EventNLL,2028,1.2,0.9481884960256809,0.3198742824296589,0.65,0.8799830242286273,seed,,,,
ets_unet_event_nll,ETS-U-Net EventNLL,EventNLL,2028,1.25,0.9580862596781867,0.32321332319979484,0.65,0.8799830242286273,seed,,,,
ets_unet_event_nll,ETS-U-Net EventNLL,EventNLL,2028,1.3,0.9680641189122259,0.32657938445876417,0.65,0.8799830242286273,seed,,,,
ets_unet_event_nll,ETS-U-Net EventNLL,EventNLL,2028,1.35,0.9780303343383887,0.32994151764361657,0.65,0.8799830242286273,seed,,,,
ets_unet_event_nll,ETS-U-Net EventNLL,EventNLL,2028,1.4,0.9879065725491644,0.33327329674030226,0.65,0.8799830242286273,seed,,,,
ets_unet_event_nll,ETS-U-Net EventNLL,EventNLL,2028,1.45,0.9976277094257113,0.3365527519286109,0.65,0.8799830242286273,seed,,,,
ets_unet_event_nll,ETS-U-Net EventNLL,EventNLL,2028,1.5,1.0071409166052852,0.3397620613991705,0.65,0.8799830242286273,seed,,,,
ets_unet_event_nll,ETS-U-Net EventNLL,EventNLL,2028,1.55,1.0164046709623136,0.34288721719886583,0.65,0.8799830242286273,seed,,,,
ets_unet_event_nll,ETS-U-Net EventNLL,EventNLL,2028,1.6,1.0253874928170268,0.34591759956166984,0.65,0.8799830242286273,seed,,,,
ets_unet_event_nll,ETS-U-Net EventNLL,EventNLL,2028,1.65,1.0340665807706069,0.34884551636611516,0.65,0.8799830242286273,seed,,,,
ets_unet_event_nll,ETS-U-Net EventNLL,EventNLL,2028,1.7,1.0424266751232034,0.35166581970589395,0.65,0.8799830242286273,seed,,,,
ets_unet_event_nll,ETS-U-Net EventNLL,EventNLL,2028,1.75,1.0504586851728983,0.3543754428049748,0.65,0.8799830242286273,seed,,,,
ets_unet_event_nll,ETS-U-Net EventNLL,EventNLL,2028,1.8,1.0581587373867614,0.3569730789152042,0.65,0.8799830242286273,seed,,,,
ets_unet_event_nll,ETS-U-Net EventNLL,EventNLL,2029,0.4,0.901305198739226,0.30405805903072514,0.75,0.8720578244421412,seed,,,,
ets_unet_event_nll,ETS-U-Net EventNLL,EventNLL,2029,0.45,0.893246586082094,0.30133946146085033,0.75,0.8720578244421412,seed,,,,
ets_unet_event_nll,ETS-U-Net EventNLL,EventNLL,2029,0.5,0.886490326561461,0.29906021669556426,0.75,0.8720578244421412,seed,,,,
ets_unet_event_nll,ETS-U-Net EventNLL,EventNLL,2029,0.55,0.8810241382126545,0.2972161813766075,0.75,0.8720578244421412,seed,,,,
ets_unet_event_nll,ETS-U-Net EventNLL,EventNLL,2029,0.6,0.8768452054114207,0.2958064056445465,0.75,0.8720578244421412,seed,,,,
ets_unet_event_nll,ETS-U-Net EventNLL,EventNLL,2029,0.65,0.873955551864529,0.294831572203035,0.75,0.8720578244421412,seed,,,,
ets_unet_event_nll,ETS-U-Net EventNLL,EventNLL,2029,0.7,0.8723589616340119,0.2942929576169464,0.75,0.8720578244421412,seed,,,,
ets_unet_event_nll,ETS-U-Net EventNLL,EventNLL,2029,0.75,0.8720578244421412,0.294191368066381,0.75,0.8720578244421412,seed,,,,
ets_unet_event_nll,ETS-U-Net EventNLL,EventNLL,2029,0.8,0.8730493590798444,0.29452586530197167,0.75,0.8720578244421412,seed,,,,
ets_unet_event_nll,ETS-U-Net EventNLL,EventNLL,2029,0.85,0.8753214264979509,0.2952923541784397,0.75,0.8720578244421412,seed,,,,
ets_unet_event_nll,ETS-U-Net EventNLL,EventNLL,2029,0.9,0.8788484488434518,0.29648220592902447,0.75,0.8720578244421412,seed,,,,
ets_unet_event_nll,ETS-U-Net EventNLL,EventNLL,2029,0.95,0.883588155960311,0.2980811605876043,0.75,0.8720578244421412,seed,,,,
ets_unet_event_nll,ETS-U-Net EventNLL,EventNLL,2029,1.0,0.8894796221678597,0.30006866468989746,0.75,0.8720578244421412,seed,,,,
ets_unet_event_nll,ETS-U-Net EventNLL,EventNLL,2029,1.05,0.8964430037649677,0.30241778271969316,0.75,0.8720578244421412,seed,,,,
ets_unet_event_nll,ETS-U-Net EventNLL,EventNLL,2029,1.1,0.9043811111082165,0.3050957274542205,0.75,0.8720578244421412,seed,,,,
ets_unet_event_nll,ETS-U-Net EventNLL,EventNLL,2029,1.15,0.9131823414449414,0.30806484936432404,0.75,0.8720578244421412,seed,,,,
ets_unet_event_nll,ETS-U-Net EventNLL,EventNLL,2029,1.2,0.922724944562566,0.3112840756442836,0.75,0.8720578244421412,seed,,,,
ets_unet_event_nll,ETS-U-Net EventNLL,EventNLL,2029,1.25,0.93288149916756,0.31471042033191426,0.75,0.8720578244421412,seed,,,,
ets_unet_event_nll,ETS-U-Net EventNLL,EventNLL,2029,1.3,0.9435237274362772,0.318300608511983,0.75,0.8720578244421412,seed,,,,
ets_unet_event_nll,ETS-U-Net EventNLL,EventNLL,2029,1.35,0.9545266526573515,0.3220124789095574,0.75,0.8720578244421412,seed,,,,
ets_unet_event_nll,ETS-U-Net EventNLL,EventNLL,2029,1.4,0.9657720118818057,0.3258061351579334,0.75,0.8720578244421412,seed,,,,
ets_unet_event_nll,ETS-U-Net EventNLL,EventNLL,2029,1.45,0.9771510329089528,0.32964488262330244,0.75,0.8720578244421412,seed,,,,
ets_unet_event_nll,ETS-U-Net EventNLL,EventNLL,2029,1.5,0.9885659464187702,0.33349573852722236,0.75,0.8720578244421412,seed,,,,
ets_unet_event_nll,ETS-U-Net EventNLL,EventNLL,2029,1.55,0.9999310784137159,0.3373298004851974,0.75,0.8720578244421412,seed,,,,
ets_unet_event_nll,ETS-U-Net EventNLL,EventNLL,2029,1.6,1.0111729867328405,0.3411222925601303,0.75,0.8720578244421412,seed,,,,
ets_unet_event_nll,ETS-U-Net EventNLL,EventNLL,2029,1.65,1.0222300426205877,0.34485242410328076,0.75,0.8720578244421412,seed,,,,
ets_unet_event_nll,ETS-U-Net EventNLL,EventNLL,2029,1.7,1.033051938464493,0.3485032236880755,0.75,0.8720578244421412,seed,,,,
ets_unet_event_nll,ETS-U-Net EventNLL,EventNLL,2029,1.75,1.0435984975374333,0.35206113757302465,0.75,0.8720578244421412,seed,,,,
ets_unet_event_nll,ETS-U-Net EventNLL,EventNLL,2029,1.8,1.053838829976957,0.355515744968773,0.75,0.8720578244421412,seed,,,,
ets_unet_event_nll_mixture,ETS-U-Net mixture EventNLL,Mixture EventNLL,2025,0.4,0.9001709220846151,0.30367540734016873,0.7,0.8754584108717783,seed,,,,
ets_unet_event_nll_mixture,ETS-U-Net mixture EventNLL,Mixture EventNLL,2025,0.45,0.8921129142406127,0.3009570138058487,0.7,0.8754584108717783,seed,,,,
ets_unet_event_nll_mixture,ETS-U-Net mixture EventNLL,Mixture EventNLL,2025,0.5,0.8857683689343415,0.2988166620870793,0.7,0.8754584108717783,seed,,,,
ets_unet_event_nll_mixture,ETS-U-Net mixture EventNLL,Mixture EventNLL,2025,0.55,0.8810392758807502,0.29722128811513054,0.7,0.8754584108717783,seed,,,,
ets_unet_event_nll_mixture,ETS-U-Net mixture EventNLL,Mixture EventNLL,2025,0.6,0.8778194832196962,0.29613508123607235,0.7,0.8754584108717783,seed,,,,
ets_unet_event_nll_mixture,ETS-U-Net mixture EventNLL,Mixture EventNLL,2025,0.65,0.875997440909679,0.29552040970302157,0.7,0.8754584108717783,seed,,,,
ets_unet_event_nll_mixture,ETS-U-Net mixture EventNLL,Mixture EventNLL,2025,0.7,0.8754584108717783,0.2953385662749435,0.7,0.8754584108717783,seed,,,,
ets_unet_event_nll_mixture,ETS-U-Net mixture EventNLL,Mixture EventNLL,2025,0.75,0.876086682409368,0.2955505155952525,0.7,0.8754584108717783,seed,,,,
ets_unet_event_nll_mixture,ETS-U-Net mixture EventNLL,Mixture EventNLL,2025,0.8,0.8777674566748179,0.29611752992240425,0.7,0.8754584108717783,seed,,,,
ets_unet_event_nll_mixture,ETS-U-Net mixture EventNLL,Mixture EventNLL,2025,0.85,0.8803884365643947,0.29700172548579173,0.7,0.8754584108717783,seed,,,,
ets_unet_event_nll_mixture,ETS-U-Net mixture EventNLL,Mixture EventNLL,2025,0.9,0.8838410708842677,0.2981664822089438,0.7,0.8754584108717783,seed,,,,
ets_unet_event_nll_mixture,ETS-U-Net mixture EventNLL,Mixture EventNLL,2025,0.95,0.8880215121407006,0.29957676682296913,0.7,0.8754584108717783,seed,,,,
ets_unet_event_nll_mixture,ETS-U-Net mixture EventNLL,Mixture EventNLL,2025,1.0,0.8928313029538222,0.30119936443033596,0.7,0.8754584108717783,seed,,,,
ets_unet_event_nll_mixture,ETS-U-Net mixture EventNLL,Mixture EventNLL,2025,1.05,0.8981778780446251,0.3030030478517182,0.7,0.8754584108717783,seed,,,,
ets_unet_event_nll_mixture,ETS-U-Net mixture EventNLL,Mixture EventNLL,2025,1.1,0.9039749779789233,0.30495871720378176,0.7,0.8754584108717783,seed,,,,
ets_unet_event_nll_mixture,ETS-U-Net mixture EventNLL,Mixture EventNLL,2025,1.15,0.9101427930679751,0.30703944844449893,0.7,0.8754584108717783,seed,,,,
ets_unet_event_nll_mixture,ETS-U-Net mixture EventNLL,Mixture EventNLL,2025,1.2,0.916608222046776,0.30922058063905977,0.7,0.8754584108717783,seed,,,,
ets_unet_event_nll_mixture,ETS-U-Net mixture EventNLL,Mixture EventNLL,2025,1.25,0.9233047174057434,0.31147966378204406,0.7,0.8754584108717783,seed,,,,
ets_unet_event_nll_mixture,ETS-U-Net mixture EventNLL,Mixture EventNLL,2025,1.3,0.9301723593475071,0.3137964837469701,0.7,0.8754584108717783,seed,,,,
ets_unet_event_nll_mixture,ETS-U-Net mixture EventNLL,Mixture EventNLL,2025,1.35,0.9371575671666108,0.31615296491935646,0.7,0.8754584108717783,seed,,,,
ets_unet_event_nll_mixture,ETS-U-Net mixture EventNLL,Mixture EventNLL,2025,1.4,0.944212824614549,0.31853307754777904,0.7,0.8754584108717783,seed,,,,
ets_unet_event_nll_mixture,ETS-U-Net mixture EventNLL,Mixture EventNLL,2025,1.45,0.9512964424165954,0.3209227576281986,0.7,0.8754584108717783,seed,,,,
ets_unet_event_nll_mixture,ETS-U-Net mixture EventNLL,Mixture EventNLL,2025,1.5,0.9583720850862659,0.3233097472733759,0.7,0.8754584108717783,seed,,,,
ets_unet_event_nll_mixture,ETS-U-Net mixture EventNLL,Mixture EventNLL,2025,1.55,0.9654084705120345,0.3256834933675336,0.7,0.8754584108717783,seed,,,,
ets_unet_event_nll_mixture,ETS-U-Net mixture EventNLL,Mixture EventNLL,2025,1.6,0.9723789070446391,0.3280349914013465,0.7,0.8754584108717783,seed,,,,
ets_unet_event_nll_mixture,ETS-U-Net mixture EventNLL,Mixture EventNLL,2025,1.65,0.9792608275985358,0.33035662829964524,0.7,0.8754584108717783,seed,,,,
ets_unet_event_nll_mixture,ETS-U-Net mixture EventNLL,Mixture EventNLL,2025,1.7,0.9860355001773907,0.33264208476630797,0.7,0.8754584108717783,seed,,,,
ets_unet_event_nll_mixture,ETS-U-Net mixture EventNLL,Mixture EventNLL,2025,1.75,0.9926874868471155,0.33488615276716277,0.7,0.8754584108717783,seed,,,,
ets_unet_event_nll_mixture,ETS-U-Net mixture EventNLL,Mixture EventNLL,2025,1.8,0.9992043856403152,0.3370846484606657,0.7,0.8754584108717783,seed,,,,
ets_unet_event_nll_mixture,ETS-U-Net mixture EventNLL,Mixture EventNLL,2026,0.4,0.9090618479128112,0.3066747882980163,0.75,0.8728568184516758,seed,,,,
ets_unet_event_nll_mixture,ETS-U-Net mixture EventNLL,Mixture EventNLL,2026,0.45,0.8994170521612918,0.3034210870211825,0.75,0.8728568184516758,seed,,,,
ets_unet_event_nll_mixture,ETS-U-Net mixture EventNLL,Mixture EventNLL,2026,0.5,0.8913311680124435,0.30069328933036116,0.75,0.8728568184516758,seed,,,,
ets_unet_event_nll_mixture,ETS-U-Net mixture EventNLL,Mixture EventNLL,2026,0.55,0.8847635610231149,0.29847768707216354,0.75,0.8728568184516758,seed,,,,
ets_unet_event_nll_mixture,ETS-U-Net mixture EventNLL,Mixture EventNLL,2026,0.6,0.8796742619754726,0.2967607965089918,0.75,0.8728568184516758,seed,,,,
ets_unet_event_nll_mixture,ETS-U-Net mixture EventNLL,Mixture EventNLL,2026,0.65,0.8760229433317519,0.2955290130229258,0.75,0.8728568184516758,seed,,,,
ets_unet_event_nll_mixture,ETS-U-Net mixture EventNLL,Mixture EventNLL,2026,0.7,0.8737665502379499,0.2947678119275904,0.75,0.8728568184516758,seed,,,,
ets_unet_event_nll_mixture,ETS-U-Net mixture EventNLL,Mixture EventNLL,2026,0.75,0.8728568184516758,0.29446091113354195,0.75,0.8728568184516758,seed,,,,
ets_unet_event_nll_mixture,ETS-U-Net mixture EventNLL,Mixture EventNLL,2026,0.8,0.873238290542543,0.2945896019074171,0.75,0.8728568184516758,seed,,,,
ets_unet_event_nll_mixture,ETS-U-Net mixture EventNLL,Mixture EventNLL,2026,0.85,0.8748470813229814,0.29513233238625036,0.75,0.8728568184516758,seed,,,,
ets_unet_event_nll_mixture,ETS-U-Net mixture EventNLL,Mixture EventNLL,2026,0.9,0.8776103574967702,0.2960645320353186,0.75,0.8728568184516758,seed,,,,
ets_unet_event_nll_mixture,ETS-U-Net mixture EventNLL,Mixture EventNLL,2026,0.95,0.8814466368247774,0.2973587125726163,0.75,0.8728568184516758,seed,,,,
ets_unet_event_nll_mixture,ETS-U-Net mixture EventNLL,Mixture EventNLL,2026,1.0,0.8862666500274523,0.2989847587342915,0.75,0.8728568184516758,seed,,,,
ets_unet_event_nll_mixture,ETS-U-Net mixture EventNLL,Mixture EventNLL,2026,1.05,0.8919748158228705,0.3009104258832309,0.75,0.8728568184516758,seed,,,,
ets_unet_event_nll_mixture,ETS-U-Net mixture EventNLL,Mixture EventNLL,2026,1.1,0.8984711878905735,0.3031019968232524,0.75,0.8728568184516758,seed,,,,
ets_unet_event_nll_mixture,ETS-U-Net mixture EventNLL,Mixture EventNLL,2026,1.15,0.9056534826011644,0.30552496585987143,0.75,0.8728568184516758,seed,,,,
ets_unet_event_nll_mixture,ETS-U-Net mixture EventNLL,Mixture EventNLL,2026,1.2,0.9134193806107554,0.308144815250211,0.75,0.8728568184516758,seed,,,,
ets_unet_event_nll_mixture,ETS-U-Net mixture EventNLL,Mixture EventNLL,2026,1.25,0.9216684763908274,0.3109276728828484,0.75,0.8728568184516758,seed,,,,
ets_unet_event_nll_mixture,ETS-U-Net mixture EventNLL,Mixture EventNLL,2026,1.3,0.9303042420818337,0.3138409747898212,0.75,0.8728568184516758,seed,,,,
ets_unet_event_nll_mixture,ETS-U-Net mixture EventNLL,Mixture EventNLL,2026,1.35,0.9392355383233365,0.3168539748297838,0.75,0.8728568184516758,seed,,,,
ets_unet_event_nll_mixture,ETS-U-Net mixture EventNLL,Mixture EventNLL,2026,1.4,0.948377683725312,0.31993810547741536,0.75,0.8728568184516758,seed,,,,
ets_unet_event_nll_mixture,ETS-U-Net mixture EventNLL,Mixture EventNLL,2026,1.45,0.9576534616587961,0.3230673174673167,0.75,0.8728568184516758,seed,,,,
ets_unet_event_nll_mixture,ETS-U-Net mixture EventNLL,Mixture EventNLL,2026,1.5,0.966993374228133,0.32621816547232296,0.75,0.8728568184516758,seed,,,,
ets_unet_event_nll_mixture,ETS-U-Net mixture EventNLL,Mixture EventNLL,2026,1.55,0.976335989675396,0.32936992530144515,0.75,0.8728568184516758,seed,,,,
ets_unet_event_nll_mixture,ETS-U-Net mixture EventNLL,Mixture EventNLL,2026,1.6,0.9856277714864912,0.3325045362482927,0.75,0.8728568184516758,seed,,,,
ets_unet_event_nll_mixture,ETS-U-Net mixture EventNLL,Mixture EventNLL,2026,1.65,0.9948227404746645,0.3356064870939136,0.75,0.8728568184516758,seed,,,,
ets_unet_event_nll_mixture,ETS-U-Net mixture EventNLL,Mixture EventNLL,2026,1.7,1.0038821537006337,0.3386627077895212,0.75,0.8728568184516758,seed,,,,
ets_unet_event_nll_mixture,ETS-U-Net mixture EventNLL,Mixture EventNLL,2026,1.75,1.0127738229835288,0.34166233955408,0.75,0.8728568184516758,seed,,,,
ets_unet_event_nll_mixture,ETS-U-Net mixture EventNLL,Mixture EventNLL,2026,1.8,1.0214716401083825,0.34459657470160454,0.75,0.8728568184516758,seed,,,,
ets_unet_event_nll_mixture,ETS-U-Net mixture EventNLL,Mixture EventNLL,2027,0.4,0.9044176307745528,0.30510804747509485,0.8,0.8684760327613729,seed,,,,
ets_unet_event_nll_mixture,ETS-U-Net mixture EventNLL,Mixture EventNLL,2027,0.45,0.8953297676831946,0.30204222913058665,0.8,0.8684760327613729,seed,,,,
ets_unet_event_nll_mixture,ETS-U-Net mixture EventNLL,Mixture EventNLL,2027,0.5,0.8876412102551922,0.2994484708214425,0.8,0.8684760327613729,seed,,,,
ets_unet_event_nll_mixture,ETS-U-Net mixture EventNLL,Mixture EventNLL,2027,0.55,0.8813326016015992,0.2973202424421109,0.8,0.8684760327613729,seed,,,,
ets_unet_event_nll_mixture,ETS-U-Net mixture EventNLL,Mixture EventNLL,2027,0.6,0.8763620426319515,0.2956434092065732,0.8,0.8684760327613729,seed,,,,
ets_unet_event_nll_mixture,ETS-U-Net mixture EventNLL,Mixture EventNLL,2027,0.65,0.872669363813995,0.2943976727395226,0.8,0.8684760327613729,seed,,,,
ets_unet_event_nll_mixture,ETS-U-Net mixture EventNLL,Mixture EventNLL,2027,0.7,0.870180698570258,0.2935581139256532,0.8,0.8684760327613729,seed,,,,
ets_unet_event_nll_mixture,ETS-U-Net mixture EventNLL,Mixture EventNLL,2027,0.75,0.8688126927040236,0.29309661297235595,0.8,0.8684760327613729,seed,,,,
ets_unet_event_nll_mixture,ETS-U-Net mixture EventNLL,Mixture EventNLL,2027,0.8,0.8684760327613729,0.29298303971342105,0.8,0.8684760327613729,seed,,,,
ets_unet_event_nll_mixture,ETS-U-Net mixture EventNLL,Mixture EventNLL,2027,0.85,0.8690783982791865,0.2931862495589092,0.8,0.8684760327613729,seed,,,,
ets_unet_event_nll_mixture,ETS-U-Net mixture EventNLL,Mixture EventNLL,2027,0.9,0.8705268001528551,0.2936748723506341,0.8,0.8684760327613729,seed,,,,
ets_unet_event_nll_mixture,ETS-U-Net mixture EventNLL,Mixture EventNLL,2027,0.95,0.872729509663659,0.2944179631254354,0.8,0.8684760327613729,seed,,,,
ets_unet_event_nll_mixture,ETS-U-Net mixture EventNLL,Mixture EventNLL,2027,1.0,0.8755976370133521,0.29538553463863704,0.8,0.8684760327613729,seed,,,,
ets_unet_event_nll_mixture,ETS-U-Net mixture EventNLL,Mixture EventNLL,2027,1.05,0.8790463029724096,0.296548952623159,0.8,0.8684760327613729,seed,,,,
ets_unet_event_nll_mixture,ETS-U-Net mixture EventNLL,Mixture EventNLL,2027,1.1,0.8829955246818766,0.29788123461747373,0.8,0.8684760327613729,seed,,,,
ets_unet_event_nll_mixture,ETS-U-Net mixture EventNLL,Mixture EventNLL,2027,1.15,0.8873706796084252,0.29935720648226044,0.8,0.8684760327613729,seed,,,,
ets_unet_event_nll_mixture,ETS-U-Net mixture EventNLL,Mixture EventNLL,2027,1.2,0.8921029332126694,0.300953646675616,0.8,0.8684760327613729,seed,,,,
ets_unet_event_nll_mixture,ETS-U-Net mixture EventNLL,Mixture EventNLL,2027,1.25,0.8971292026194794,0.3026492739971248,0.8,0.8684760327613729,seed,,,,
ets_unet_event_nll_mixture,ETS-U-Net mixture EventNLL,Mixture EventNLL,2027,1.3,0.9023922146130752,0.3044247671526804,0.8,0.8684760327613729,seed,,,,
ets_unet_event_nll_mixture,ETS-U-Net mixture EventNLL,Mixture EventNLL,2027,1.35,0.9078402720483247,0.3062626859526242,0.8,0.8684760327613729,seed,,,,
ets_unet_event_nll_mixture,ETS-U-Net mixture EventNLL,Mixture EventNLL,2027,1.4,0.9134269932956315,0.3081473834126832,0.8,0.8684760327613729,seed,,,,
ets_unet_event_nll_mixture,ETS-U-Net mixture EventNLL,Mixture EventNLL,2027,1.45,0.9191111279293993,0.31006494357591136,0.8,0.8684760327613729,seed,,,,
ets_unet_event_nll_mixture,ETS-U-Net mixture EventNLL,Mixture EventNLL,2027,1.5,0.9248560898473129,0.312003024009054,0.8,0.8684760327613729,seed,,,,
ets_unet_event_nll_mixture,ETS-U-Net mixture EventNLL,Mixture EventNLL,2027,1.55,0.9306297528846226,0.3139507868524033,0.8,0.8684760327613729,seed,,,,
ets_unet_event_nll_mixture,ETS-U-Net mixture EventNLL,Mixture EventNLL,2027,1.6,0.9364040615293564,0.31589876749338713,0.8,0.8684760327613729,seed,,,,
ets_unet_event_nll_mixture,ETS-U-Net mixture EventNLL,Mixture EventNLL,2027,1.65,0.9421546497627669,0.31783874598123074,0.8,0.8684760327613729,seed,,,,
ets_unet_event_nll_mixture,ETS-U-Net mixture EventNLL,Mixture EventNLL,2027,1.7,0.9478606198105165,0.3197636723879941,0.8,0.8684760327613729,seed,,,,
ets_unet_event_nll_mixture,ETS-U-Net mixture EventNLL,Mixture EventNLL,2027,1.75,0.9535041068119301,0.32166751994841564,0.8,0.8684760327613729,seed,,,,
ets_unet_event_nll_mixture,ETS-U-Net mixture EventNLL,Mixture EventNLL,2027,1.8,0.9590700808789888,0.3235452182839102,0.8,0.8684760327613729,seed,,,,
ets_unet_event_nll_mixture,ETS-U-Net mixture EventNLL,Mixture EventNLL,2028,0.4,0.9025583059933611,0.30448079858662985,0.75,0.8731876272209919,seed,,,,
ets_unet_event_nll_mixture,ETS-U-Net mixture EventNLL,Mixture EventNLL,2028,0.45,0.8944008130197987,0.3017288434402846,0.75,0.8731876272209919,seed,,,,
ets_unet_event_nll_mixture,ETS-U-Net mixture EventNLL,Mixture EventNLL,2028,0.5,0.8876325612467707,0.29944555305206,0.75,0.8731876272209919,seed,,,,
ets_unet_event_nll_mixture,ETS-U-Net mixture EventNLL,Mixture EventNLL,2028,0.55,0.8822198209362737,0.2976195485919179,0.75,0.8731876272209919,seed,,,,
ets_unet_event_nll_mixture,ETS-U-Net mixture EventNLL,Mixture EventNLL,2028,0.6,0.878121075031789,0.2962368241541569,0.75,0.8731876272209919,seed,,,,
ets_unet_event_nll_mixture,ETS-U-Net mixture EventNLL,Mixture EventNLL,2028,0.65,0.8752873380316484,0.29528085433031526,0.75,0.8731876272209919,seed,,,,
ets_unet_event_nll_mixture,ETS-U-Net mixture EventNLL,Mixture EventNLL,2028,0.7,0.8736631705276203,0.2947329364668586,0.75,0.8731876272209919,seed,,,,
ets_unet_event_nll_mixture,ETS-U-Net mixture EventNLL,Mixture EventNLL,2028,0.75,0.8731876272209919,0.2945725104812982,0.75,0.8731876272209919,seed,,,,
ets_unet_event_nll_mixture,ETS-U-Net mixture EventNLL,Mixture EventNLL,2028,0.8,0.8737950248322016,0.2947774179188484,0.75,0.8731876272209919,seed,,,,
ets_unet_event_nll_mixture,ETS-U-Net mixture EventNLL,Mixture EventNLL,2028,0.85,0.8754154668161935,0.2953240789667528,0.75,0.8731876272209919,seed,,,,
ets_unet_event_nll_mixture,ETS-U-Net mixture EventNLL,Mixture EventNLL,2028,0.9,0.8779752227554741,0.2961876204436895,0.75,0.8731876272209919,seed,,,,
ets_unet_event_nll_mixture,ETS-U-Net mixture EventNLL,Mixture EventNLL,2028,0.95,0.8813972522362004,0.29734205253096807,0.75,0.8731876272209919,seed,,,,
ets_unet_event_nll_mixture,ETS-U-Net mixture EventNLL,Mixture EventNLL,2028,1.0,0.8856017773474342,0.29876046190689975,0.75,0.8731876272209919,seed,,,,
ets_unet_event_nll_mixture,ETS-U-Net mixture EventNLL,Mixture EventNLL,2028,1.05,0.8905071881790995,0.30041531721929654,0.75,0.8731876272209919,seed,,,,
ets_unet_event_nll_mixture,ETS-U-Net mixture EventNLL,Mixture EventNLL,2028,1.1,0.8960311243116232,0.3022788339293015,0.75,0.8731876272209919,seed,,,,
ets_unet_event_nll_mixture,ETS-U-Net mixture EventNLL,Mixture EventNLL,2028,1.15,0.9020915764143758,0.30432334593898397,0.75,0.8731876272209919,seed,,,,
ets_unet_event_nll_mixture,ETS-U-Net mixture EventNLL,Mixture EventNLL,2028,1.2,0.9086081764721209,0.30652174085316974,0.75,0.8731876272209919,seed,,,,
ets_unet_event_nll_mixture,ETS-U-Net mixture EventNLL,Mixture EventNLL,2028,1.25,0.9155032282396728,0.3088478076064636,0.75,0.8731876272209919,seed,,,,
ets_unet_event_nll_mixture,ETS-U-Net mixture EventNLL,Mixture EventNLL,2028,1.3,0.9227028143795307,0.3112766099595088,0.75,0.8731876272209919,seed,,,,
ets_unet_event_nll_mixture,ETS-U-Net mixture EventNLL,Mixture EventNLL,2028,1.35,0.9301375582199829,0.3137847434804079,0.75,0.8731876272209919,seed,,,,
ets_unet_event_nll_mixture,ETS-U-Net mixture EventNLL,Mixture EventNLL,2028,1.4,0.9377431638216366,0.31635051773781475,0.75,0.8731876272209919,seed,,,,
ets_unet_event_nll_mixture,ETS-U-Net mixture EventNLL,Mixture EventNLL,2028,1.45,0.9454609733109196,0.3189541443190914,0.75,0.8731876272209919,seed,,,,
ets_unet_event_nll_mixture,ETS-U-Net mixture EventNLL,Mixture EventNLL,2028,1.5,0.9532380075951685,0.32157775056566795,0.75,0.8731876272209919,seed,,,,
ets_unet_event_nll_mixture,ETS-U-Net mixture EventNLL,Mixture EventNLL,2028,1.55,0.9610271480222632,0.32420544085647407,0.75,0.8731876272209919,seed,,,,
ets_unet_event_nll_mixture,ETS-U-Net mixture EventNLL,Mixture EventNLL,2028,1.6,0.9687869831923024,0.3268232449293907,0.75,0.8731876272209919,seed,,,,
ets_unet_event_nll_mixture,ETS-U-Net mixture EventNLL,Mixture EventNLL,2028,1.65,0.9764815420274464,0.3294190278315467,0.75,0.8731876272209919,seed,,,,
ets_unet_event_nll_mixture,ETS-U-Net mixture EventNLL,Mixture EventNLL,2028,1.7,0.9840801412365715,0.33198243846105474,0.75,0.8731876272209919,seed,,,,
ets_unet_event_nll_mixture,ETS-U-Net mixture EventNLL,Mixture EventNLL,2028,1.75,0.9915568574113593,0.3345047314770161,0.75,0.8731876272209919,seed,,,,
ets_unet_event_nll_mixture,ETS-U-Net mixture EventNLL,Mixture EventNLL,2028,1.8,0.9988902873019474,0.33697868642777995,0.75,0.8731876272209919,seed,,,,
ets_unet_event_nll_mixture,ETS-U-Net mixture EventNLL,Mixture EventNLL,2029,0.4,0.8873735358406688,0.2993581700409233,0.65,0.8722706107528404,seed,,,,
ets_unet_event_nll_mixture,ETS-U-Net mixture EventNLL,Mixture EventNLL,2029,0.45,0.881663095015953,0.2974317354039083,0.65,0.8722706107528404,seed,,,,
ets_unet_event_nll_mixture,ETS-U-Net mixture EventNLL,Mixture EventNLL,2029,0.5,0.8774251680479336,0.2960020578096678,0.65,0.8722706107528404,seed,,,,
ets_unet_event_nll_mixture,ETS-U-Net mixture EventNLL,Mixture EventNLL,2029,0.55,0.8745292032497015,0.2950250952482586,0.65,0.8722706107528404,seed,,,,
ets_unet_event_nll_mixture,ETS-U-Net mixture EventNLL,Mixture EventNLL,2029,0.6,0.8728497196267306,0.2944585163232854,0.65,0.8722706107528404,seed,,,,
ets_unet_event_nll_mixture,ETS-U-Net mixture EventNLL,Mixture EventNLL,2029,0.65,0.8722706107528404,0.29426315217758997,0.65,0.8722706107528404,seed,,,,
ets_unet_event_nll_mixture,ETS-U-Net mixture EventNLL,Mixture EventNLL,2029,0.7,0.8726860834782983,0.29440331316929363,0.65,0.8722706107528404,seed,,,,
ets_unet_event_nll_mixture,ETS-U-Net mixture EventNLL,Mixture EventNLL,2029,0.75,0.8739998248390444,0.294846507826082,0.65,0.8722706107528404,seed,,,,
ets_unet_event_nll_mixture,ETS-U-Net mixture EventNLL,Mixture EventNLL,2029,0.8,0.8761235824941734,0.29556296395145826,0.65,0.8722706107528404,seed,,,,
ets_unet_event_nll_mixture,ETS-U-Net mixture EventNLL,Mixture EventNLL,2029,0.85,0.878975464339836,0.2965250549943038,0.65,0.8722706107528404,seed,,,,
ets_unet_event_nll_mixture,ETS-U-Net mixture EventNLL,Mixture EventNLL,2029,0.9,0.8824784444583453,0.29770679602625066,0.65,0.8722706107528404,seed,,,,
ets_unet_event_nll_mixture,ETS-U-Net mixture EventNLL,Mixture EventNLL,2029,0.95,0.8865591452994344,0.29908343290681255,0.65,0.8722706107528404,seed,,,,
ets_unet_event_nll_mixture,ETS-U-Net mixture EventNLL,Mixture EventNLL,2029,1.0,0.8911469872767658,0.30063115539717256,0.65,0.8722706107528404,seed,,,,
ets_unet_event_nll_mixture,ETS-U-Net mixture EventNLL,Mixture EventNLL,2029,1.05,0.8961738120125032,0.30232697006058956,0.65,0.8722706107528404,seed,,,,
ets_unet_event_nll_mixture,ETS-U-Net mixture EventNLL,Mixture EventNLL,2029,1.1,0.9015738909753689,0.30414870317647347,0.65,0.8722706107528404,seed,,,,
ets_unet_event_nll_mixture,ETS-U-Net mixture EventNLL,Mixture EventNLL,2029,1.15,0.9072840981384149,0.30607505898701115,0.65,0.8722706107528404,seed,,,,
ets_unet_event_nll_mixture,ETS-U-Net mixture EventNLL,Mixture EventNLL,2029,1.2,0.9132443800676995,0.3080857782830157,0.65,0.8722706107528404,seed,,,,
ets_unet_event_nll_mixture,ETS-U-Net mixture EventNLL,Mixture EventNLL,2029,1.25,0.9193982052346495,0.3101617899808231,0.65,0.8722706107528404,seed,,,,
ets_unet_event_nll_mixture,ETS-U-Net mixture EventNLL,Mixture EventNLL,2029,1.3,0.9256930269590918,0.31228536729753636,0.65,0.8722706107528404,seed,,,,
ets_unet_event_nll_mixture,ETS-U-Net mixture EventNLL,Mixture EventNLL,2029,1.35,0.9320806786592442,0.3144402610898161,0.65,0.8722706107528404,seed,,,,
ets_unet_event_nll_mixture,ETS-U-Net mixture EventNLL,Mixture EventNLL,2029,1.4,0.9385175514723991,0.31661175977476025,0.65,0.8722706107528404,seed,,,,
ets_unet_event_nll_mixture,ETS-U-Net mixture EventNLL,Mixture EventNLL,2029,1.45,0.9449647903242836,0.31878675547450064,0.65,0.8722706107528404,seed,,,,
ets_unet_event_nll_mixture,ETS-U-Net mixture EventNLL,Mixture EventNLL,2029,1.5,0.9513882122599586,0.320953716464883,0.65,0.8722706107528404,seed,,,,
ets_unet_event_nll_mixture,ETS-U-Net mixture EventNLL,Mixture EventNLL,2029,1.55,0.9577582416000303,0.3231026653002168,0.65,0.8722706107528404,seed,,,,
ets_unet_event_nll_mixture,ETS-U-Net mixture EventNLL,Mixture EventNLL,2029,1.6,0.9640496529345951,0.32522509211149847,0.65,0.8722706107528404,seed,,,,
ets_unet_event_nll_mixture,ETS-U-Net mixture EventNLL,Mixture EventNLL,2029,1.65,0.9702412511796391,0.3273138466724614,0.65,0.8722706107528404,seed,,,,
ets_unet_event_nll_mixture,ETS-U-Net mixture EventNLL,Mixture EventNLL,2029,1.7,0.9763156285442123,0.3293630564117105,0.65,0.8722706107528404,seed,,,,
ets_unet_event_nll_mixture,ETS-U-Net mixture EventNLL,Mixture EventNLL,2029,1.75,0.9822587007848997,0.3313679699667533,0.65,0.8722706107528404,seed,,,,
ets_unet_event_nll_mixture,ETS-U-Net mixture EventNLL,Mixture EventNLL,2029,1.8,0.988059450642548,0.3333248706315963,0.65,0.8722706107528404,seed,,,,
ets_unet_hazard_event_nll,ETS-U-Net hazard EventNLL,Hazard EventNLL,2025,0.4,0.8880416239702394,0.29958355161003314,0.6,0.8718897252276121,seed,,,,
ets_unet_hazard_event_nll,ETS-U-Net hazard EventNLL,Hazard EventNLL,2025,0.45,0.8814293874700271,0.29735289345015675,0.6,0.8718897252276121,seed,,,,
ets_unet_hazard_event_nll,ETS-U-Net hazard EventNLL,Hazard EventNLL,2025,0.5,0.8765534780098602,0.2957079905154552,0.6,0.8718897252276121,seed,,,,
ets_unet_hazard_event_nll,ETS-U-Net hazard EventNLL,Hazard EventNLL,2025,0.55,0.87336478361648,0.2946322747318898,0.6,0.8718897252276121,seed,,,,
ets_unet_hazard_event_nll,ETS-U-Net hazard EventNLL,Hazard EventNLL,2025,0.6,0.8718897252276121,0.2941346592834229,0.6,0.8718897252276121,seed,,,,
ets_unet_hazard_event_nll,ETS-U-Net hazard EventNLL,Hazard EventNLL,2025,0.65,0.8722604002995147,0.2942597076500044,0.6,0.8718897252276121,seed,,,,
ets_unet_hazard_event_nll,ETS-U-Net hazard EventNLL,Hazard EventNLL,2025,0.7,0.8747466336634695,0.2950984460618088,0.6,0.8718897252276121,seed,,,,
ets_unet_hazard_event_nll,ETS-U-Net hazard EventNLL,Hazard EventNLL,2025,0.75,0.879783434818056,0.2967976263005665,0.6,0.8718897252276121,seed,,,,
ets_unet_hazard_event_nll,ETS-U-Net hazard EventNLL,Hazard EventNLL,2025,0.8,0.8879870713951653,0.29956514813237056,0.6,0.8718897252276121,seed,,,,
ets_unet_hazard_event_nll,ETS-U-Net hazard EventNLL,Hazard EventNLL,2025,0.85,0.9001524804916899,0.3036691860125229,0.6,0.8718897252276121,seed,,,,
ets_unet_hazard_event_nll,ETS-U-Net hazard EventNLL,Hazard EventNLL,2025,0.9,0.9172239900479908,0.30942831185321956,0.6,0.8718897252276121,seed,,,,
ets_unet_hazard_event_nll,ETS-U-Net hazard EventNLL,Hazard EventNLL,2025,0.95,0.9402337513664699,0.31719072504582474,0.6,0.8718897252276121,seed,,,,
ets_unet_hazard_event_nll,ETS-U-Net hazard EventNLL,Hazard EventNLL,2025,1.0,0.9702071758256678,0.32730235124782187,0.6,0.8718897252276121,seed,,,,
ets_unet_hazard_event_nll,ETS-U-Net hazard EventNLL,Hazard EventNLL,2025,1.05,1.0080444122768013,0.34006685842087647,0.6,0.8718897252276121,seed,,,,
ets_unet_hazard_event_nll,ETS-U-Net hazard EventNLL,Hazard EventNLL,2025,1.1,1.054396261528504,0.3557037962036299,0.6,0.8718897252276121,seed,,,,
ets_unet_hazard_event_nll,ETS-U-Net hazard EventNLL,Hazard EventNLL,2025,1.15,1.1095574819829748,0.3743126022424876,0.6,0.8718897252276121,seed,,,,
ets_unet_hazard_event_nll,ETS-U-Net hazard EventNLL,Hazard EventNLL,2025,1.2,1.1734016695107556,0.3958506337186682,0.6,0.8718897252276121,seed,,,,
ets_unet_hazard_event_nll,ETS-U-Net hazard EventNLL,Hazard EventNLL,2025,1.25,1.2453668285906314,0.42012829972822086,0.6,0.8718897252276121,seed,,,,
ets_unet_hazard_event_nll,ETS-U-Net hazard EventNLL,Hazard EventNLL,2025,1.3,1.3244954551944024,0.44682258336551156,0.6,0.8718897252276121,seed,,,,
ets_unet_hazard_event_nll,ETS-U-Net hazard EventNLL,Hazard EventNLL,2025,1.35,1.4095150960198002,0.4755042186262656,0.6,0.8718897252276121,seed,,,,
ets_unet_hazard_event_nll,ETS-U-Net hazard EventNLL,Hazard EventNLL,2025,1.4,1.4989443924206671,0.5056734646509946,0.6,0.8718897252276121,seed,,,,
ets_unet_hazard_event_nll,ETS-U-Net hazard EventNLL,Hazard EventNLL,2025,1.45,1.5912098027883708,0.5367994823765333,0.6,0.8718897252276121,seed,,,,
ets_unet_hazard_event_nll,ETS-U-Net hazard EventNLL,Hazard EventNLL,2025,1.5,1.684752922807745,0.5683565393518568,0.6,0.8718897252276121,seed,,,,
ets_unet_hazard_event_nll,ETS-U-Net hazard EventNLL,Hazard EventNLL,2025,1.55,1.7781232913201201,0.5998553180791616,0.6,0.8718897252276121,seed,,,,
ets_unet_hazard_event_nll,ETS-U-Net hazard EventNLL,Hazard EventNLL,2025,1.6,1.8700445763801163,0.6308652440820838,0.6,0.8718897252276121,seed,,,,
ets_unet_hazard_event_nll,ETS-U-Net hazard EventNLL,Hazard EventNLL,2025,1.65,1.9594542743317613,0.6610278785101652,0.6,0.8718897252276121,seed,,,,
ets_unet_hazard_event_nll,ETS-U-Net hazard EventNLL,Hazard EventNLL,2025,1.7,2.0455207000171347,0.6900626498375836,0.6,0.8718897252276121,seed,,,,
ets_unet_hazard_event_nll,ETS-U-Net hazard EventNLL,Hazard EventNLL,2025,1.75,2.1276365647458,0.7177646873715439,0.6,0.8718897252276121,seed,,,,
ets_unet_hazard_event_nll,ETS-U-Net hazard EventNLL,Hazard EventNLL,2025,1.8,2.2054012588204968,0.7439988442082578,0.6,0.8718897252276121,seed,,,,
ets_unet_hazard_event_nll,ETS-U-Net hazard EventNLL,Hazard EventNLL,2026,0.4,0.8905393363014952,0.3004261624864833,0.6,0.8763927405538514,seed,,,,
ets_unet_hazard_event_nll,ETS-U-Net hazard EventNLL,Hazard EventNLL,2026,0.45,0.8847657257448862,0.2984784173476585,0.6,0.8763927405538514,seed,,,,
ets_unet_hazard_event_nll,ETS-U-Net hazard EventNLL,Hazard EventNLL,2026,0.5,0.8804335306538211,0.2970169381144595,0.6,0.8763927405538514,seed,,,,
ets_unet_hazard_event_nll,ETS-U-Net hazard EventNLL,Hazard EventNLL,2026,0.55,0.8776048502516155,0.2960626741493609,0.6,0.8763927405538514,seed,,,,
ets_unet_hazard_event_nll,ETS-U-Net hazard EventNLL,Hazard EventNLL,2026,0.6,0.8763927405538514,0.29565376524419756,0.6,0.8763927405538514,seed,,,,
ets_unet_hazard_event_nll,ETS-U-Net hazard EventNLL,Hazard EventNLL,2026,0.65,0.8769949273195701,0.295856914787121,0.6,0.8763927405538514,seed,,,,
ets_unet_hazard_event_nll,ETS-U-Net hazard EventNLL,Hazard EventNLL,2026,0.7,0.8797351722457795,0.29678134477454093,0.6,0.8763927405538514,seed,,,,
ets_unet_hazard_event_nll,ETS-U-Net hazard EventNLL,Hazard EventNLL,2026,0.75,0.8851052051521981,0.2985929417616002,0.6,0.8763927405538514,seed,,,,
ets_unet_hazard_event_nll,ETS-U-Net hazard EventNLL,Hazard EventNLL,2026,0.8,0.893798732085538,0.3015257295999264,0.6,0.8763927405538514,seed,,,,
ets_unet_hazard_event_nll,ETS-U-Net hazard EventNLL,Hazard EventNLL,2026,0.85,0.9067265067363175,0.3058869538260833,0.6,0.8763927405538514,seed,,,,
ets_unet_hazard_event_nll,ETS-U-Net hazard EventNLL,Hazard EventNLL,2026,0.9,0.9250000860285547,0.3120516015601848,0.6,0.8763927405538514,seed,,,,
ets_unet_hazard_event_nll,ETS-U-Net hazard EventNLL,Hazard EventNLL,2026,0.95,0.9498725915021926,0.3204424171774966,0.6,0.8763927405538514,seed,,,,
ets_unet_hazard_event_nll,ETS-U-Net hazard EventNLL,Hazard EventNLL,2026,1.0,0.9826301111561894,0.3314932663888267,0.6,0.8763927405538514,seed,,,,
ets_unet_hazard_event_nll,ETS-U-Net hazard EventNLL,Hazard EventNLL,2026,1.05,1.0244405252862534,0.3455981371755936,0.6,0.8763927405538514,seed,,,,
ets_unet_hazard_event_nll,ETS-U-Net hazard EventNLL,Hazard EventNLL,2026,1.1,1.076182174467069,0.36305334041082915,0.6,0.8763927405538514,seed,,,,
ets_unet_hazard_event_nll,ETS-U-Net hazard EventNLL,Hazard EventNLL,2026,1.15,1.138286195342378,0.3840043213568667,0.6,0.8763927405538514,seed,,,,
ets_unet_hazard_event_nll,ETS-U-Net hazard EventNLL,Hazard EventNLL,2026,1.2,1.2106311140247852,0.40841010042712894,0.6,0.8763927405538514,seed,,,,
ets_unet_hazard_event_nll,ETS-U-Net hazard EventNLL,Hazard EventNLL,2026,1.25,1.2925100931613747,0.4360322238837715,0.6,0.8763927405538514,seed,,,,
ets_unet_hazard_event_nll,ETS-U-Net hazard EventNLL,Hazard EventNLL,2026,1.3,1.3826796727485862,0.4664512067003085,0.6,0.8763927405538514,seed,,,,
ets_unet_hazard_event_nll,ETS-U-Net hazard EventNLL,Hazard EventNLL,2026,1.35,1.479472421505976,0.4991045358462949,0.6,0.8763927405538514,seed,,,,
ets_unet_hazard_event_nll,ETS-U-Net hazard EventNLL,Hazard EventNLL,2026,1.4,1.5809505123482177,0.5333384794414243,0.6,0.8763927405538514,seed,,,,
ets_unet_hazard_event_nll,ETS-U-Net hazard EventNLL,Hazard EventNLL,2026,1.45,1.685075604187958,0.5684653969000993,0.6,0.8763927405538514,seed,,,,
ets_unet_hazard_event_nll,ETS-U-Net hazard EventNLL,Hazard EventNLL,2026,1.5,1.7898646973850931,0.6038163172428203,0.6,0.8763927405538514,seed,,,,
ets_unet_hazard_event_nll,ETS-U-Net hazard EventNLL,Hazard EventNLL,2026,1.55,1.8935204204103904,0.6387848916997143,0.6,0.8763927405538514,seed,,,,
ets_unet_hazard_event_nll,ETS-U-Net hazard EventNLL,Hazard EventNLL,2026,1.6,1.9945190851795986,0.6728570994461888,0.6,0.8763927405538514,seed,,,,
ets_unet_hazard_event_nll,ETS-U-Net hazard EventNLL,Hazard EventNLL,2026,1.65,2.0916564574719922,0.7056266883932903,0.6,0.8763927405538514,seed,,,,
ets_unet_hazard_event_nll,ETS-U-Net hazard EventNLL,Hazard EventNLL,2026,1.7,2.1840575864377176,0.7367984912020024,0.6,0.8763927405538514,seed,,,,
ets_unet_hazard_event_nll,ETS-U-Net hazard EventNLL,Hazard EventNLL,2026,1.75,2.2711537854113057,0.7661806596904427,0.6,0.8763927405538514,seed,,,,
ets_unet_hazard_event_nll,ETS-U-Net hazard EventNLL,Hazard EventNLL,2026,1.8,2.3526437952647217,0.7936715631725085,0.6,0.8763927405538514,seed,,,,
ets_unet_hazard_event_nll,ETS-U-Net hazard EventNLL,Hazard EventNLL,2027,0.4,0.900754207417279,0.30387218042697545,0.7,0.8729726550121893,seed,,,,
ets_unet_hazard_event_nll,ETS-U-Net hazard EventNLL,Hazard EventNLL,2027,0.45,0.8928657396015577,0.3012109817385293,0.7,0.8729726550121893,seed,,,,
ets_unet_hazard_event_nll,ETS-U-Net hazard EventNLL,Hazard EventNLL,2027,0.5,0.8860889290763415,0.29892480402913785,0.7,0.8729726550121893,seed,,,,
ets_unet_hazard_event_nll,ETS-U-Net hazard EventNLL,Hazard EventNLL,2027,0.55,0.8804988285952585,0.29703896657425305,0.7,0.8729726550121893,seed,,,,
ets_unet_hazard_event_nll,ETS-U-Net hazard EventNLL,Hazard EventNLL,2027,0.6,0.8762482213607421,0.2956050112534173,0.7,0.8729726550121893,seed,,,,
ets_unet_hazard_event_nll,ETS-U-Net hazard EventNLL,Hazard EventNLL,2027,0.65,0.8736008896288855,0.29471192581562694,0.7,0.8729726550121893,seed,,,,
ets_unet_hazard_event_nll,ETS-U-Net hazard EventNLL,Hazard EventNLL,2027,0.7,0.8729726550121893,0.294499988950694,0.7,0.8729726550121893,seed,,,,
ets_unet_hazard_event_nll,ETS-U-Net hazard EventNLL,Hazard EventNLL,2027,0.75,0.8749725706094108,0.2951746665799444,0.7,0.8729726550121893,seed,,,,
ets_unet_hazard_event_nll,ETS-U-Net hazard EventNLL,Hazard EventNLL,2027,0.8,0.8804336399525745,0.29701697498672747,0.7,0.8729726550121893,seed,,,,
ets_unet_hazard_event_nll,ETS-U-Net hazard EventNLL,Hazard EventNLL,2027,0.85,0.8904190092940032,0.3003855698033409,0.7,0.8729726550121893,seed,,,,
ets_unet_hazard_event_nll,ETS-U-Net hazard EventNLL,Hazard EventNLL,2027,0.9,0.906188298900953,0.3057053877705396,0.7,0.8729726550121893,seed,,,,
ets_unet_hazard_event_nll,ETS-U-Net hazard EventNLL,Hazard EventNLL,2027,0.95,0.9291121582274605,0.31343882166403253,0.7,0.8729726550121893,seed,,,,
ets_unet_hazard_event_nll,ETS-U-Net hazard EventNLL,Hazard EventNLL,2027,1.0,0.9605338026075834,0.32403900927544127,0.7,0.8729726550121893,seed,,,,
ets_unet_hazard_event_nll,ETS-U-Net hazard EventNLL,Hazard EventNLL,2027,1.05,1.0015948828069952,0.33789108997419065,0.7,0.8729726550121893,seed,,,,
ets_unet_hazard_event_nll,ETS-U-Net hazard EventNLL,Hazard EventNLL,2027,1.1,1.0530607453829308,0.35525325575673666,0.7,0.8729726550121893,seed,,,,
ets_unet_hazard_event_nll,ETS-U-Net hazard EventNLL,Hazard EventNLL,2027,1.15,1.1151856136881926,0.37621126964688245,0.7,0.8729726550121893,seed,,,,
ets_unet_hazard_event_nll,ETS-U-Net hazard EventNLL,Hazard EventNLL,2027,1.2,1.1876518430767293,0.40065797325402414,0.7,0.8729726550121893,seed,,,,
ets_unet_hazard_event_nll,ETS-U-Net hazard EventNLL,Hazard EventNLL,2027,1.25,1.2695881446124058,0.4282994345969118,0.7,0.8729726550121893,seed,,,,
ets_unet_hazard_event_nll,ETS-U-Net hazard EventNLL,Hazard EventNLL,2027,1.3,1.359657968015616,0.45868476436038075,0.7,0.8729726550121893,seed,,,,
ets_unet_hazard_event_nll,ETS-U-Net hazard EventNLL,Hazard EventNLL,2027,1.35,1.4561884891726036,0.491249630225212,0.7,0.8729726550121893,seed,,,,
ets_unet_hazard_event_nll,ETS-U-Net hazard EventNLL,Hazard EventNLL,2027,1.4,1.5573151376069223,0.5253650136516399,0.7,0.8729726550121893,seed,,,,
ets_unet_hazard_event_nll,ETS-U-Net hazard EventNLL,Hazard EventNLL,2027,1.45,1.6611237149788058,0.5603851539887734,0.7,0.8729726550121893,seed,,,,
ets_unet_hazard_event_nll,ETS-U-Net hazard EventNLL,Hazard EventNLL,2027,1.5,1.7657701214698553,0.5956879385358033,0.7,0.8729726550121893,seed,,,,
ets_unet_hazard_event_nll,ETS-U-Net hazard EventNLL,Hazard EventNLL,2027,1.55,1.869577088718173,0.6307075356928388,0.7,0.8729726550121893,seed,,,,
ets_unet_hazard_event_nll,ETS-U-Net hazard EventNLL,Hazard EventNLL,2027,1.6,1.9710988580423137,0.664956214357117,0.7,0.8729726550121893,seed,,,,
ets_unet_hazard_event_nll,ETS-U-Net hazard EventNLL,Hazard EventNLL,2027,1.65,2.06915692105334,0.6980364011275382,0.7,0.8729726550121893,seed,,,,
ets_unet_hazard_event_nll,ETS-U-Net hazard EventNLL,Hazard EventNLL,2027,1.7,2.162852287298665,0.7296448188317494,0.7,0.8729726550121893,seed,,,,
ets_unet_hazard_event_nll,ETS-U-Net hazard EventNLL,Hazard EventNLL,2027,1.75,2.251553557252202,0.7595684629129771,0.7,0.8729726550121893,seed,,,,
ets_unet_hazard_event_nll,ETS-U-Net hazard EventNLL,Hazard EventNLL,2027,1.8,2.3348732343853515,0.7876766102348944,0.7,0.8729726550121893,seed,,,,
ets_unet_hazard_event_nll,ETS-U-Net hazard EventNLL,Hazard EventNLL,2028,0.4,0.9015892269368981,0.3041538768098914,0.65,0.878963591581589,seed,,,,
ets_unet_hazard_event_nll,ETS-U-Net hazard EventNLL,Hazard EventNLL,2028,0.45,0.8938912316925977,0.30155693462462063,0.65,0.878963591581589,seed,,,,
ets_unet_hazard_event_nll,ETS-U-Net hazard EventNLL,Hazard EventNLL,2028,0.5,0.887635811633624,0.2994466495799832,0.65,0.878963591581589,seed,,,,
ets_unet_hazard_event_nll,ETS-U-Net hazard EventNLL,Hazard EventNLL,2028,0.55,0.8829487758076717,0.29786546374211154,0.65,0.878963591581589,seed,,,,
ets_unet_hazard_event_nll,ETS-U-Net hazard EventNLL,Hazard EventNLL,2028,0.6,0.8799861752222778,0.2968660213945713,0.65,0.878963591581589,seed,,,,
ets_unet_hazard_event_nll,ETS-U-Net hazard EventNLL,Hazard EventNLL,2028,0.65,0.878963591581589,0.29652104968308074,0.65,0.878963591581589,seed,,,,
ets_unet_hazard_event_nll,ETS-U-Net hazard EventNLL,Hazard EventNLL,2028,0.7,0.8801954598418478,0.29693662419959277,0.65,0.878963591581589,seed,,,,
ets_unet_hazard_event_nll,ETS-U-Net hazard EventNLL,Hazard EventNLL,2028,0.75,0.8841365559156441,0.2982661649859195,0.65,0.878963591581589,seed,,,,
ets_unet_hazard_event_nll,ETS-U-Net hazard EventNLL,Hazard EventNLL,2028,0.8,0.891416882947121,0.3007222055251245,0.65,0.878963591581589,seed,,,,
ets_unet_hazard_event_nll,ETS-U-Net hazard EventNLL,Hazard EventNLL,2028,0.85,0.902859106880321,0.3045822746837074,0.65,0.878963591581589,seed,,,,
ets_unet_hazard_event_nll,ETS-U-Net hazard EventNLL,Hazard EventNLL,2028,0.9,0.9194669400267108,0.3101849778726618,0.65,0.878963591581589,seed,,,,
ets_unet_hazard_event_nll,ETS-U-Net hazard EventNLL,Hazard EventNLL,2028,0.95,0.9423738091926905,0.317912680083657,0.65,0.878963591581589,seed,,,,
ets_unet_hazard_event_nll,ETS-U-Net hazard EventNLL,Hazard EventNLL,2028,1.0,0.9727465734712922,0.32815902479227255,0.65,0.878963591581589,seed,,,,
ets_unet_hazard_event_nll,ETS-U-Net hazard EventNLL,Hazard EventNLL,2028,1.05,1.011651050125961,0.34128356870455867,0.65,0.878963591581589,seed,,,,
ets_unet_hazard_event_nll,ETS-U-Net hazard EventNLL,Hazard EventNLL,2028,1.1,1.0598994782770526,0.3575603231662278,0.65,0.878963591581589,seed,,,,
ets_unet_hazard_event_nll,ETS-U-Net hazard EventNLL,Hazard EventNLL,2028,1.15,1.117909817479652,0.37713028810854665,0.65,0.878963591581589,seed,,,,
ets_unet_hazard_event_nll,ETS-U-Net hazard EventNLL,Hazard EventNLL,2028,1.2,1.185610607012667,0.39996935603920003,0.65,0.878963591581589,seed,,,,
ets_unet_hazard_event_nll,ETS-U-Net hazard EventNLL,Hazard EventNLL,2028,1.25,1.2624088287869972,0.42587747049629876,0.65,0.878963591581589,seed,,,,
ets_unet_hazard_event_nll,ETS-U-Net hazard EventNLL,Hazard EventNLL,2028,1.3,1.3472285250910592,0.4544916538626709,0.65,0.878963591581589,seed,,,,
ets_unet_hazard_event_nll,ETS-U-Net hazard EventNLL,Hazard EventNLL,2028,1.35,1.4386048195208445,0.48531772561351094,0.65,0.878963591581589,seed,,,,
ets_unet_hazard_event_nll,ETS-U-Net hazard EventNLL,Hazard EventNLL,2028,1.4,1.5348136702932824,0.5177740749925718,0.65,0.878963591581589,seed,,,,
ets_unet_hazard_event_nll,ETS-U-Net hazard EventNLL,Hazard EventNLL,2028,1.45,1.6340169889843956,0.551240617261295,0.65,0.878963591581589,seed,,,,
ets_unet_hazard_event_nll,ETS-U-Net hazard EventNLL,Hazard EventNLL,2028,1.5,1.7343973301232167,0.5851042316443102,0.65,0.878963591581589,seed,,,,
ets_unet_hazard_event_nll,ETS-U-Net hazard EventNLL,Hazard EventNLL,2028,1.55,1.8342736817945102,0.6187978236425852,0.65,0.878963591581589,seed,,,,
ets_unet_hazard_event_nll,ETS-U-Net hazard EventNLL,Hazard EventNLL,2028,1.6,1.9321835597572372,0.6518280197347919,0.65,0.878963591581589,seed,,,,
ets_unet_hazard_event_nll,ETS-U-Net hazard EventNLL,Hazard EventNLL,2028,1.65,2.0269309523659302,0.6837913417428306,0.65,0.878963591581589,seed,,,,
ets_unet_hazard_event_nll,ETS-U-Net hazard EventNLL,Hazard EventNLL,2028,1.7,2.117604711476571,0.7143804110600462,0.65,0.878963591581589,seed,,,,
ets_unet_hazard_event_nll,ETS-U-Net hazard EventNLL,Hazard EventNLL,2028,1.75,2.203567778613785,0.7433803140658556,0.65,0.878963591581589,seed,,,,
ets_unet_hazard_event_nll,ETS-U-Net hazard EventNLL,Hazard EventNLL,2028,1.8,2.284431447855677,0.7706599196314128,0.65,0.878963591581589,seed,,,,
ets_unet_hazard_event_nll,ETS-U-Net hazard EventNLL,Hazard EventNLL,2029,0.4,0.892416257489672,0.30105934757653824,0.65,0.8755891232523444,seed,,,,
ets_unet_hazard_event_nll,ETS-U-Net hazard EventNLL,Hazard EventNLL,2029,0.45,0.8860775110187394,0.2989209521125648,0.65,0.8755891232523444,seed,,,,
ets_unet_hazard_event_nll,ETS-U-Net hazard EventNLL,Hazard EventNLL,2029,0.5,0.8811425980314277,0.29725614415793805,0.65,0.8755891232523444,seed,,,,
ets_unet_hazard_event_nll,ETS-U-Net hazard EventNLL,Hazard EventNLL,2029,0.55,0.87767006997868,0.2960846762232971,0.65,0.8755891232523444,seed,,,,
ets_unet_hazard_event_nll,ETS-U-Net hazard EventNLL,Hazard EventNLL,2029,0.6,0.8757649004161567,0.2954419614579595,0.65,0.8755891232523444,seed,,,,
ets_unet_hazard_event_nll,ETS-U-Net hazard EventNLL,Hazard EventNLL,2029,0.65,0.8755891232523444,0.29538266249538225,0.65,0.8755891232523444,seed,,,,
ets_unet_hazard_event_nll,ETS-U-Net hazard EventNLL,Hazard EventNLL,2029,0.7,0.8773838935104906,0.2959881337185166,0.65,0.8755891232523444,seed,,,,
ets_unet_hazard_event_nll,ETS-U-Net hazard EventNLL,Hazard EventNLL,2029,0.75,0.8814956586422771,0.29737525023233463,0.65,0.8755891232523444,seed,,,,
ets_unet_hazard_event_nll,ETS-U-Net hazard EventNLL,Hazard EventNLL,2029,0.8,0.8883991675191677,0.29970417001726984,0.65,0.8755891232523444,seed,,,,
ets_unet_hazard_event_nll,ETS-U-Net hazard EventNLL,Hazard EventNLL,2029,0.85,0.8987108629319865,0.30318285192981576,0.65,0.8755891232523444,seed,,,,
ets_unet_hazard_event_nll,ETS-U-Net hazard EventNLL,Hazard EventNLL,2029,0.9,0.9131854291165371,0.30806589099975856,0.65,0.8755891232523444,seed,,,,
ets_unet_hazard_event_nll,ETS-U-Net hazard EventNLL,Hazard EventNLL,2029,0.95,0.9326891304279751,0.31464552415062275,0.65,0.8755891232523444,seed,,,,
ets_unet_hazard_event_nll,ETS-U-Net hazard EventNLL,Hazard EventNLL,2029,1.0,0.9581454334364419,0.3232332856477046,0.65,0.8755891232523444,seed,,,,
ets_unet_hazard_event_nll,ETS-U-Net hazard EventNLL,Hazard EventNLL,2029,1.05,0.9904539844960952,0.33413267393375345,0.65,0.8755891232523444,seed,,,,
ets_unet_hazard_event_nll,ETS-U-Net hazard EventNLL,Hazard EventNLL,2029,1.1,1.0303909515942957,0.34760553164769875,0.65,0.8755891232523444,seed,,,,
ets_unet_hazard_event_nll,ETS-U-Net hazard EventNLL,Hazard EventNLL,2029,1.15,1.0785051466904254,0.36383700217867876,0.65,0.8755891232523444,seed,,,,
ets_unet_hazard_event_nll,ETS-U-Net hazard EventNLL,Hazard EventNLL,2029,1.2,1.135030508977978,0.3829060056274589,0.65,0.8755891232523444,seed,,,,
ets_unet_hazard_event_nll,ETS-U-Net hazard EventNLL,Hazard EventNLL,2029,1.25,1.1998291846618063,0.4047660365956003,0.65,0.8755891232523444,seed,,,,
ets_unet_hazard_event_nll,ETS-U-Net hazard EventNLL,Hazard EventNLL,2029,1.3,1.2723782242394905,0.4292406764727372,0.65,0.8755891232523444,seed,,,,
ets_unet_hazard_event_nll,ETS-U-Net hazard EventNLL,Hazard EventNLL,2029,1.35,1.35179762462051,0.4560330535310477,0.65,0.8755891232523444,seed,,,,
ets_unet_hazard_event_nll,ETS-U-Net hazard EventNLL,Hazard EventNLL,2029,1.4,1.4369134171126228,0.4847471258499645,0.65,0.8755891232523444,seed,,,,
ets_unet_hazard_event_nll,ETS-U-Net hazard EventNLL,Hazard EventNLL,2029,1.45,1.5263466675502078,0.5149177057810457,0.65,0.8755891232523444,seed,,,,
ets_unet_hazard_event_nll,ETS-U-Net hazard EventNLL,Hazard EventNLL,2029,1.5,1.6186106446751025,0.5460432399977494,0.65,0.8755891232523444,seed,,,,
ets_unet_hazard_event_nll,ETS-U-Net hazard EventNLL,Hazard EventNLL,2029,1.55,1.7122102082475588,0.5776193383779367,0.65,0.8755891232523444,seed,,,,
ets_unet_hazard_event_nll,ETS-U-Net hazard EventNLL,Hazard EventNLL,2029,1.6,1.8057281276244082,0.6091678938396075,0.65,0.8755891232523444,seed,,,,
ets_unet_hazard_event_nll,ETS-U-Net hazard EventNLL,Hazard EventNLL,2029,1.65,1.8978931171057045,0.6402600342726931,0.65,0.8755891232523444,seed,,,,
ets_unet_hazard_event_nll,ETS-U-Net hazard EventNLL,Hazard EventNLL,2029,1.7,1.9876279087001685,0.6705323400331679,0.65,0.8755891232523444,seed,,,,
ets_unet_hazard_event_nll,ETS-U-Net hazard EventNLL,Hazard EventNLL,2029,1.75,2.0740712916233743,0.6996942790350136,0.65,0.8755891232523444,seed,,,,
ets_unet_hazard_event_nll,ETS-U-Net hazard EventNLL,Hazard EventNLL,2029,1.8,2.156582932285429,0.7275298327877705,0.65,0.8755891232523444,seed,,,,
ets_unet_time_only,ETS-U-Net time-only,Time-only,2025,0.4,0.9215192638312508,0.3108773355705691,0.7,0.9014506960821367,seed,,,,
ets_unet_time_only,ETS-U-Net time-only,Time-only,2025,0.45,0.9142622253665106,0.3084291515004153,0.7,0.9014506960821367,seed,,,,
ets_unet_time_only,ETS-U-Net time-only,Time-only,2025,0.5,0.9088450471845333,0.3066016499107876,0.7,0.9014506960821367,seed,,,,
ets_unet_time_only,ETS-U-Net time-only,Time-only,2025,0.55,0.9050484238578715,0.3053208474465498,0.7,0.9014506960821367,seed,,,,
ets_unet_time_only,ETS-U-Net time-only,Time-only,2025,0.6,0.9026719951659717,0.3045191519759204,0.7,0.9014506960821367,seed,,,,
ets_unet_time_only,ETS-U-Net time-only,Time-only,2025,0.65,0.9015301231575489,0.3041339379695791,0.7,0.9014506960821367,seed,,,,
ets_unet_time_only,ETS-U-Net time-only,Time-only,2025,0.7,0.9014506960821367,0.3041071430033256,0.7,0.9014506960821367,seed,,,,
ets_unet_time_only,ETS-U-Net time-only,Time-only,2025,0.75,0.9022751836490022,0.30438528639984297,0.7,0.9014506960821367,seed,,,,
ets_unet_time_only,ETS-U-Net time-only,Time-only,2025,0.8,0.9038589640656423,0.3049195795561324,0.7,0.9014506960821367,seed,,,,
ets_unet_time_only,ETS-U-Net time-only,Time-only,2025,0.85,0.9060715892799162,0.305666015423756,0.7,0.9014506960821367,seed,,,,
ets_unet_time_only,ETS-U-Net time-only,Time-only,2025,0.9,0.9087967783822439,0.3065853662830482,0.7,0.9014506960821367,seed,,,,
ets_unet_time_only,ETS-U-Net time-only,Time-only,2025,0.95,0.9119321057298515,0.3076430785308784,0.7,0.9014506960821367,seed,,,,
ets_unet_time_only,ETS-U-Net time-only,Time-only,2025,1.0,0.9153884215701925,0.30880907722619416,0.7,0.9014506960821367,seed,,,,
ets_unet_time_only,ETS-U-Net time-only,Time-only,2025,1.05,0.9190889435731051,0.3100574596156223,0.7,0.9014506960821367,seed,,,,
ets_unet_time_only,ETS-U-Net time-only,Time-only,2025,1.1,0.9229683020418682,0.3113661730325054,0.7,0.9014506960821367,seed,,,,
ets_unet_time_only,ETS-U-Net time-only,Time-only,2025,1.15,0.9269713372589928,0.3127166091778346,0.7,0.9014506960821367,seed,,,,
ets_unet_time_only,ETS-U-Net time-only,Time-only,2025,1.2,0.931052043042601,0.3140932477257704,0.7,0.9014506960821367,seed,,,,
ets_unet_time_only,ETS-U-Net time-only,Time-only,2025,1.25,0.9351723336340245,0.3154832403294115,0.7,0.9014506960821367,seed,,,,
ets_unet_time_only,ETS-U-Net time-only,Time-only,2025,1.3,0.939301069381038,0.31687608193206035,0.7,0.9014506960821367,seed,,,,
ets_unet_time_only,ETS-U-Net time-only,Time-only,2025,1.35,0.9434130177681117,0.3182632602676087,0.7,0.9014506960821367,seed,,,,
ets_unet_time_only,ETS-U-Net time-only,Time-only,2025,1.4,0.9474879543725473,0.3196379525653466,0.7,0.9014506960821367,seed,,,,
ets_unet_time_only,ETS-U-Net time-only,Time-only,2025,1.45,0.9515099104906669,0.32099477173436153,0.7,0.9014506960821367,seed,,,,
ets_unet_time_only,ETS-U-Net time-only,Time-only,2025,1.5,0.9554664391146084,0.3223295187385705,0.7,0.9014506960821367,seed,,,,
ets_unet_time_only,ETS-U-Net time-only,Time-only,2025,1.55,0.9593480657550907,0.32363899733010415,0.7,0.9014506960821367,seed,,,,
ets_unet_time_only,ETS-U-Net time-only,Time-only,2025,1.6,0.9631477494707228,0.32492083222589957,0.7,0.9014506960821367,seed,,,,
ets_unet_time_only,ETS-U-Net time-only,Time-only,2025,1.65,0.9668604274418077,0.32617331546828326,0.7,0.9014506960821367,seed,,,,
ets_unet_time_only,ETS-U-Net time-only,Time-only,2025,1.7,0.9704827126180992,0.3273953044255195,0.7,0.9014506960821367,seed,,,,
ets_unet_time_only,ETS-U-Net time-only,Time-only,2025,1.75,0.974012498447179,0.32858608844572207,0.7,0.9014506960821367,seed,,,,
ets_unet_time_only,ETS-U-Net time-only,Time-only,2025,1.8,0.9774487927331154,0.3297453328085658,0.7,0.9014506960821367,seed,,,,
ets_unet_time_only,ETS-U-Net time-only,Time-only,2026,0.4,0.9109017489303569,0.3072954845205458,0.7,0.8908084078429814,seed,,,,
ets_unet_time_only,ETS-U-Net time-only,Time-only,2026,0.45,0.9043808805923527,0.3050956496889904,0.7,0.8908084078429814,seed,,,,
ets_unet_time_only,ETS-U-Net time-only,Time-only,2026,0.5,0.8993000845044716,0.30338162762523996,0.7,0.8908084078429814,seed,,,,
ets_unet_time_only,ETS-U-Net time-only,Time-only,2026,0.55,0.8955300153720324,0.3021097832994504,0.7,0.8908084078429814,seed,,,,
ets_unet_time_only,ETS-U-Net time-only,Time-only,2026,0.6,0.8929422481820395,0.30123679214161253,0.7,0.8908084078429814,seed,,,,
ets_unet_time_only,ETS-U-Net time-only,Time-only,2026,0.65,0.8914098865628877,0.3007198452735547,0.7,0.8908084078429814,seed,,,,
ets_unet_time_only,ETS-U-Net time-only,Time-only,2026,0.7,0.8908084078429814,0.3005169345920466,0.7,0.8908084078429814,seed,,,,
ets_unet_time_only,ETS-U-Net time-only,Time-only,2026,0.75,0.8910173326233666,0.30058741600422106,0.7,0.8908084078429814,seed,,,,
ets_unet_time_only,ETS-U-Net time-only,Time-only,2026,0.8,0.8919222195263612,0.30089268236211153,0.7,0.8908084078429814,seed,,,,
ets_unet_time_only,ETS-U-Net time-only,Time-only,2026,0.85,0.8934164446005536,0.30139676375035773,0.7,0.8908084078429814,seed,,,,
ets_unet_time_only,ETS-U-Net time-only,Time-only,2026,0.9,0.8954024923344045,0.30206676301358376,0.7,0.8908084078429814,seed,,,,
ets_unet_time_only,ETS-U-Net time-only,Time-only,2026,0.95,0.8977926729362787,0.3028730977330055,0.7,0.8908084078429814,seed,,,,
ets_unet_time_only,ETS-U-Net time-only,Time-only,2026,1.0,0.900509305548022,0.30378956203408986,0.7,0.8908084078429814,seed,,,,
ets_unet_time_only,ETS-U-Net time-only,Time-only,2026,1.05,0.9034844927888447,0.30479325052824585,0.7,0.8908084078429814,seed,,,,
ets_unet_time_only,ETS-U-Net time-only,Time-only,2026,1.1,0.9066595878429522,0.3058643785332107,0.7,0.8908084078429814,seed,,,,
ets_unet_time_only,ETS-U-Net time-only,Time-only,2026,1.15,0.9099844500056599,0.30698603092926,0.7,0.8908084078429814,seed,,,,
ets_unet_time_only,ETS-U-Net time-only,Time-only,2026,1.2,0.9134166637483423,0.3081438987083857,0.7,0.8908084078429814,seed,,,,
ets_unet_time_only,ETS-U-Net time-only,Time-only,2026,1.25,0.9169205929947003,0.30932595993150847,0.7,0.8908084078429814,seed,,,,
ets_unet_time_only,ETS-U-Net time-only,Time-only,2026,1.3,0.9204665963291677,0.3105222149766395,0.7,0.8908084078429814,seed,,,,
ets_unet_time_only,ETS-U-Net time-only,Time-only,2026,1.35,0.9240302165816974,0.311724413142835,0.7,0.8908084078429814,seed,,,,
ets_unet_time_only,ETS-U-Net time-only,Time-only,2026,1.4,0.9275913865486772,0.3129257846977235,0.7,0.8908084078429814,seed,,,,
ets_unet_time_only,ETS-U-Net time-only,Time-only,2026,1.45,0.9311338727857549,0.31412085323931804,0.7,0.8908084078429814,seed,,,,
ets_unet_time_only,ETS-U-Net time-only,Time-only,2026,1.5,0.9346445778792448,0.3153052003151465,0.7,0.8908084078429814,seed,,,,
ets_unet_time_only,ETS-U-Net time-only,Time-only,2026,1.55,0.9381131184132135,0.31647532304815995,0.7,0.8908084078429814,seed,,,,
ets_unet_time_only,ETS-U-Net time-only,Time-only,2026,1.6,0.9415313420637684,0.3176284712270171,0.7,0.8908084078429814,seed,,,,
ets_unet_time_only,ETS-U-Net time-only,Time-only,2026,1.65,0.9448929546136812,0.31876252147832995,0.7,0.8908084078429814,seed,,,,
ets_unet_time_only,ETS-U-Net time-only,Time-only,2026,1.7,0.9481932313065017,0.31987587989109295,0.7,0.8908084078429814,seed,,,,
ets_unet_time_only,ETS-U-Net time-only,Time-only,2026,1.75,0.9514286945803453,0.3209673732991929,0.7,0.8908084078429814,seed,,,,
ets_unet_time_only,ETS-U-Net time-only,Time-only,2026,1.8,0.9545969440989432,0.32203619194186517,0.7,0.8908084078429814,seed,,,,
ets_unet_time_only,ETS-U-Net time-only,Time-only,2027,0.4,0.9201650869563319,0.3104204998696899,0.85,0.8875105445831714,seed,,,,
ets_unet_time_only,ETS-U-Net time-only,Time-only,2027,0.45,0.9119510453704179,0.3076494678764158,0.85,0.8875105445831714,seed,,,,
ets_unet_time_only,ETS-U-Net time-only,Time-only,2027,0.5,0.905232308830404,0.30538288160313887,0.85,0.8875105445831714,seed,,,,
ets_unet_time_only,ETS-U-Net time-only,Time-only,2027,0.55,0.8998079365532803,0.30355295306356156,0.85,0.8875105445831714,seed,,,,
ets_unet_time_only,ETS-U-Net time-only,Time-only,2027,0.6,0.895526087654586,0.30210845827198485,0.85,0.8875105445831714,seed,,,,
ets_unet_time_only,ETS-U-Net time-only,Time-only,2027,0.65,0.8922651218965598,0.3010083615230278,0.85,0.8875105445831714,seed,,,,
ets_unet_time_only,ETS-U-Net time-only,Time-only,2027,0.7,0.8899217688944926,0.3002178242372903,0.85,0.8875105445831714,seed,,,,
ets_unet_time_only,ETS-U-Net time-only,Time-only,2027,0.75,0.888403958631282,0.29970578631356115,0.85,0.8875105445831714,seed,,,,
ets_unet_time_only,ETS-U-Net time-only,Time-only,2027,0.8,0.8876267976850187,0.29944360869691605,0.85,0.8875105445831714,seed,,,,
ets_unet_time_only,ETS-U-Net time-only,Time-only,2027,0.85,0.8875105445831714,0.299404390358274,0.85,0.8875105445831714,seed,,,,
ets_unet_time_only,ETS-U-Net time-only,Time-only,2027,0.9,0.8879798145768938,0.2995627000225833,0.85,0.8875105445831714,seed,,,,
ets_unet_time_only,ETS-U-Net time-only,Time-only,2027,0.95,0.888963501906023,0.2998945499446813,0.85,0.8875105445831714,seed,,,,
ets_unet_time_only,ETS-U-Net time-only,Time-only,2027,1.0,0.8903949322394457,0.3003774473355174,0.85,0.8875105445831714,seed,,,,
ets_unet_time_only,ETS-U-Net time-only,Time-only,2027,1.05,0.8922121362504628,0.300990486653637,0.85,0.8875105445831714,seed,,,,
ets_unet_time_only,ETS-U-Net time-only,Time-only,2027,1.1,0.894358107663863,0.3017144366581489,0.85,0.8875105445831714,seed,,,,
ets_unet_time_only,ETS-U-Net time-only,Time-only,2027,1.15,0.8967808725068568,0.30253176377073965,0.85,0.8875105445831714,seed,,,,
ets_unet_time_only,ETS-U-Net time-only,Time-only,2027,1.2,0.8994335494441372,0.3034266524298901,0.85,0.8875105445831714,seed,,,,
ets_unet_time_only,ETS-U-Net time-only,Time-only,2027,1.25,0.9022741761999745,0.30438494653383935,0.85,0.8875105445831714,seed,,,,
ets_unet_time_only,ETS-U-Net time-only,Time-only,2027,1.3,0.9052655449010857,0.30539409389299965,0.85,0.8875105445831714,seed,,,,
ets_unet_time_only,ETS-U-Net time-only,Time-only,2027,1.35,0.9083749013262677,0.3064430447709021,0.85,0.8875105445831714,seed,,,,
ets_unet_time_only,ETS-U-Net time-only,Time-only,2027,1.4,0.9115736105376656,0.3075221390838849,0.85,0.8875105445831714,seed,,,,
ets_unet_time_only,ETS-U-Net time-only,Time-only,2027,1.45,0.9148368293953858,0.3086229959228988,0.85,0.8875105445831714,seed,,,,
ets_unet_time_only,ETS-U-Net time-only,Time-only,2027,1.5,0.9181431140939416,0.3097383811547294,0.85,0.8875105445831714,seed,,,,
ets_unet_time_only,ETS-U-Net time-only,Time-only,2027,1.55,0.9214740895312574,0.3108620958826218,0.85,0.8875105445831714,seed,,,,
ets_unet_time_only,ETS-U-Net time-only,Time-only,2027,1.6,0.9248141200069081,0.311988865355327,0.85,0.8875105445831714,seed,,,,
ets_unet_time_only,ETS-U-Net time-only,Time-only,2027,1.65,0.9281499180273352,0.31311420699634757,0.85,0.8875105445831714,seed,,,,
ets_unet_time_only,ETS-U-Net time-only,Time-only,2027,1.7,0.9314703671287925,0.31423437063271814,0.85,0.8875105445831714,seed,,,,
ets_unet_time_only,ETS-U-Net time-only,Time-only,2027,1.75,0.9347661411575047,0.3153462100580048,0.85,0.8875105445831714,seed,,,,
ets_unet_time_only,ETS-U-Net time-only,Time-only,2027,1.8,0.9380295327049986,0.3164471251544408,0.85,0.8875105445831714,seed,,,,
ets_unet_time_only,ETS-U-Net time-only,Time-only,2028,0.4,0.9187016142134601,0.3099267928742521,0.7,0.889077159748905,seed,,,,
ets_unet_time_only,ETS-U-Net time-only,Time-only,2028,0.45,0.9081764532559675,0.30637609770884333,0.7,0.889077159748905,seed,,,,
ets_unet_time_only,ETS-U-Net time-only,Time-only,2028,0.5,0.9005062091095181,0.3037885174411121,0.7,0.889077159748905,seed,,,,
ets_unet_time_only,ETS-U-Net time-only,Time-only,2028,0.55,0.8951487211876329,0.30198115254286495,0.7,0.889077159748905,seed,,,,
ets_unet_time_only,ETS-U-Net time-only,Time-only,2028,0.6,0.8916760603204729,0.3008096398028767,0.7,0.889077159748905,seed,,,,
ets_unet_time_only,ETS-U-Net time-only,Time-only,2028,0.65,0.8897453777916842,0.3001583181605194,0.7,0.889077159748905,seed,,,,
ets_unet_time_only,ETS-U-Net time-only,Time-only,2028,0.7,0.889077159748905,0.29993289276479224,0.7,0.889077159748905,seed,,,,
ets_unet_time_only,ETS-U-Net time-only,Time-only,2028,0.75,0.88944021850789,0.30005537174497066,0.7,0.889077159748905,seed,,,,
ets_unet_time_only,ETS-U-Net time-only,Time-only,2028,0.8,0.890641477070728,0.3004606199866556,0.7,0.889077159748905,seed,,,,
ets_unet_time_only,ETS-U-Net time-only,Time-only,2028,0.85,0.8925188175735645,0.30109394653379046,0.7,0.889077159748905,seed,,,,
ets_unet_time_only,ETS-U-Net time-only,Time-only,2028,0.9,0.8949359727595474,0.3019093812114713,0.7,0.889077159748905,seed,,,,
ets_unet_time_only,ETS-U-Net time-only,Time-only,2028,0.95,0.8977785909209558,0.3028683471221666,0.7,0.889077159748905,seed,,,,
ets_unet_time_only,ETS-U-Net time-only,Time-only,2028,1.0,0.9009509930410272,0.30393856665761715,0.7,0.889077159748905,seed,,,,
ets_unet_time_only,ETS-U-Net time-only,Time-only,2028,1.05,0.9043734974824362,0.3050931589743313,0.7,0.889077159748905,seed,,,,
ets_unet_time_only,ETS-U-Net time-only,Time-only,2028,1.1,0.9079800695345026,0.3063098470611633,0.7,0.889077159748905,seed,,,,
ets_unet_time_only,ETS-U-Net time-only,Time-only,2028,1.15,0.9117162376596765,0.30757025477870664,0.7,0.889077159748905,seed,,,,
ets_unet_time_only,ETS-U-Net time-only,Time-only,2028,1.2,0.9155373460866986,0.30885931736626465,0.7,0.889077159748905,seed,,,,
ets_unet_time_only,ETS-U-Net time-only,Time-only,2028,1.25,0.9194069498702699,0.31016474001033295,0.7,0.889077159748905,seed,,,,
ets_unet_time_only,ETS-U-Net time-only,Time-only,2028,1.3,0.9232955199075225,0.31147656097795406,0.7,0.889077159748905,seed,,,,
ets_unet_time_only,ETS-U-Net time-only,Time-only,2028,1.35,0.9271792861196668,0.3127867613605166,0.7,0.889077159748905,seed,,,,
ets_unet_time_only,ETS-U-Net time-only,Time-only,2028,1.4,0.9310392145425302,0.31408891999212674,0.7,0.889077159748905,seed,,,,
ets_unet_time_only,ETS-U-Net time-only,Time-only,2028,1.45,0.9348602763949246,0.315377966867592,0.7,0.889077159748905,seed,,,,
ets_unet_time_only,ETS-U-Net time-only,Time-only,2028,1.5,0.9386306410676577,0.3166499108948015,0.7,0.889077159748905,seed,,,,
ets_unet_time_only,ETS-U-Net time-only,Time-only,2028,1.55,0.9423412083370765,0.31790168208553754,0.7,0.889077159748905,seed,,,,
ets_unet_time_only,ETS-U-Net time-only,Time-only,2028,1.6,0.9459850740848565,0.31913095131441627,0.7,0.889077159748905,seed,,,,
ets_unet_time_only,ETS-U-Net time-only,Time-only,2028,1.65,0.9495571160128685,0.32033599055853357,0.7,0.889077159748905,seed,,,,
ets_unet_time_only,ETS-U-Net time-only,Time-only,2028,1.7,0.9530537014199644,0.32151557431507233,0.7,0.889077159748905,seed,,,,
ets_unet_time_only,ETS-U-Net time-only,Time-only,2028,1.75,0.9564723808523697,0.3226688762533275,0.7,0.889077159748905,seed,,,,
ets_unet_time_only,ETS-U-Net time-only,Time-only,2028,1.8,0.9598116829426709,0.32379540000301243,0.7,0.889077159748905,seed,,,,
ets_unet_time_only,ETS-U-Net time-only,Time-only,2029,0.4,0.9012119175298061,0.3040265903300898,0.55,0.8945881237524181,seed,,,,
ets_unet_time_only,ETS-U-Net time-only,Time-only,2029,0.45,0.8971532337104487,0.30265738095899164,0.55,0.8945881237524181,seed,,,,
ets_unet_time_only,ETS-U-Net time-only,Time-only,2029,0.5,0.8950742386628322,0.301956025635848,0.55,0.8945881237524181,seed,,,,
ets_unet_time_only,ETS-U-Net time-only,Time-only,2029,0.55,0.8945881237524181,0.3017920332874924,0.55,0.8945881237524181,seed,,,,
ets_unet_time_only,ETS-U-Net time-only,Time-only,2029,0.6,0.8953685081092063,0.30205529833151396,0.55,0.8945881237524181,seed,,,,
ets_unet_time_only,ETS-U-Net time-only,Time-only,2029,0.65,0.8971427924274901,0.30265385856032506,0.55,0.8945881237524181,seed,,,,
ets_unet_time_only,ETS-U-Net time-only,Time-only,2029,0.7,0.8996856314523577,0.30351169306456444,0.55,0.8945881237524181,seed,,,,
ets_unet_time_only,ETS-U-Net time-only,Time-only,2029,0.75,0.9028124375892247,0.30456653065594974,0.55,0.8945881237524181,seed,,,,
ets_unet_time_only,ETS-U-Net time-only,Time-only,2029,0.8,0.9063732616391466,0.30576778551466316,0.55,0.8945881237524181,seed,,,,
ets_unet_time_only,ETS-U-Net time-only,Time-only,2029,0.85,0.9102472482947951,0.30707468673400057,0.55,0.8945881237524181,seed,,,,
ets_unet_time_only,ETS-U-Net time-only,Time-only,2029,0.9,0.9143376630414951,0.30845460063026126,0.55,0.8945881237524181,seed,,,,
ets_unet_time_only,ETS-U-Net time-only,Time-only,2029,0.95,0.9185676604957943,0.30988160317885216,0.55,0.8945881237524181,seed,,,,
ets_unet_time_only,ETS-U-Net time-only,Time-only,2029,1.0,0.922876627480269,0.31133524633941484,0.55,0.8945881237524181,seed,,,,
ets_unet_time_only,ETS-U-Net time-only,Time-only,2029,1.05,0.9272171045264043,0.3127995195154283,0.55,0.8945881237524181,seed,,,,
ets_unet_time_only,ETS-U-Net time-only,Time-only,2029,1.1,0.9315522863553402,0.3142620063337617,0.55,0.8945881237524181,seed,,,,
ets_unet_time_only,ETS-U-Net time-only,Time-only,2029,1.15,0.9358538486863549,0.31571315151188517,0.55,0.8945881237524181,seed,,,,
ets_unet_time_only,ETS-U-Net time-only,Time-only,2029,1.2,0.9401003344633008,0.3171457164464333,0.55,0.8945881237524181,seed,,,,
ets_unet_time_only,ETS-U-Net time-only,Time-only,2029,1.25,0.9442756578984716,0.31855427454783936,0.55,0.8945881237524181,seed,,,,
ets_unet_time_only,ETS-U-Net time-only,Time-only,2029,1.3,0.9483680882922986,0.31993486842880886,0.55,0.8945881237524181,seed,,,,
ets_unet_time_only,ETS-U-Net time-only,Time-only,2029,1.35,0.9523692760598255,0.32128468133137894,0.55,0.8945881237524181,seed,,,,
ets_unet_time_only,ETS-U-Net time-only,Time-only,2029,1.4,0.9562735432896217,0.32260179779480297,0.55,0.8945881237524181,seed,,,,
ets_unet_time_only,ETS-U-Net time-only,Time-only,2029,1.45,0.960077348347584,0.3238850230380093,0.55,0.8945881237524181,seed,,,,
ets_unet_time_only,ETS-U-Net time-only,Time-only,2029,1.5,0.9637787555305487,0.3251337040456291,0.55,0.8945881237524181,seed,,,,
ets_unet_time_only,ETS-U-Net time-only,Time-only,2029,1.55,0.9673771373593187,0.32634762913564047,0.55,0.8945881237524181,seed,,,,
ets_unet_time_only,ETS-U-Net time-only,Time-only,2029,1.6,0.9708728281628283,0.3275269110949296,0.55,0.8945881237524181,seed,,,,
ets_unet_time_only,ETS-U-Net time-only,Time-only,2029,1.65,0.9742669261434973,0.32867192040543386,0.55,0.8945881237524181,seed,,,,
ets_unet_time_only,ETS-U-Net time-only,Time-only,2029,1.7,0.9775610898625253,0.3297832165878349,0.55,0.8945881237524181,seed,,,,
ets_unet_time_only,ETS-U-Net time-only,Time-only,2029,1.75,0.9807573899909283,0.3308614981893183,0.55,0.8945881237524181,seed,,,,
ets_unet_time_only,ETS-U-Net time-only,Time-only,2029,1.8,0.9838582124609816,0.33190757011141764,0.55,0.8945881237524181,seed,,,,
ets_unet_wasserstein,ETS-U-Net Wasserstein,Wasserstein,2025,0.2,0.900029142862069,0.30362757768681875,1.7,0.894683740282358,seed,,,,
ets_unet_wasserstein,ETS-U-Net Wasserstein,Wasserstein,2025,0.25,0.8994213080304232,0.3034225227516203,1.7,0.894683740282358,seed,,,,
ets_unet_wasserstein,ETS-U-Net Wasserstein,Wasserstein,2025,0.3,0.8989803417780957,0.30327376144083645,1.7,0.894683740282358,seed,,,,
ets_unet_wasserstein,ETS-U-Net Wasserstein,Wasserstein,2025,0.35,0.8986347019144877,0.30315715877816535,1.7,0.894683740282358,seed,,,,
ets_unet_wasserstein,ETS-U-Net Wasserstein,Wasserstein,2025,0.4,0.8983442377437312,0.3030591698038404,1.7,0.894683740282358,seed,,,,
ets_unet_wasserstein,ETS-U-Net Wasserstein,Wasserstein,2025,0.45,0.8980860000458505,0.30297205252847575,1.7,0.894683740282358,seed,,,,
ets_unet_wasserstein,ETS-U-Net Wasserstein,Wasserstein,2025,0.5,0.8978470974084496,0.3028914579947628,1.7,0.894683740282358,seed,,,,
ets_unet_wasserstein,ETS-U-Net Wasserstein,Wasserstein,2025,0.55,0.8976205844449794,0.3028150431553561,1.7,0.894683740282358,seed,,,,
ets_unet_wasserstein,ETS-U-Net Wasserstein,Wasserstein,2025,0.6,0.8974029937121909,0.3027416382576952,1.7,0.894683740282358,seed,,,,
ets_unet_wasserstein,ETS-U-Net Wasserstein,Wasserstein,2025,0.65,0.8971928104603673,0.30267073229634084,1.7,0.894683740282358,seed,,,,
ets_unet_wasserstein,ETS-U-Net Wasserstein,Wasserstein,2025,0.7,0.896989538471777,0.30260215787072725,1.7,0.894683740282358,seed,,,,
ets_unet_wasserstein,ETS-U-Net Wasserstein,Wasserstein,2025,0.75,0.8967931862734251,0.3025359178574656,1.7,0.894683740282358,seed,,,,
ets_unet_wasserstein,ETS-U-Net Wasserstein,Wasserstein,2025,0.8,0.8966039439127087,0.3024720763696252,1.7,0.894683740282358,seed,,,,
ets_unet_wasserstein,ETS-U-Net Wasserstein,Wasserstein,2025,0.85,0.8964220524259086,0.3024107147215308,1.7,0.894683740282358,seed,,,,
ets_unet_wasserstein,ETS-U-Net Wasserstein,Wasserstein,2025,0.9,0.8962477094876358,0.30235189959931574,1.7,0.894683740282358,seed,,,,
ets_unet_wasserstein,ETS-U-Net Wasserstein,Wasserstein,2025,0.95,0.8960810990462181,0.3022956930585096,1.7,0.894683740282358,seed,,,,
ets_unet_wasserstein,ETS-U-Net Wasserstein,Wasserstein,2025,1.0,0.8959223609515609,0.30224214227790475,1.7,0.894683740282358,seed,,,,
ets_unet_wasserstein,ETS-U-Net Wasserstein,Wasserstein,2025,1.05,0.8957716313901548,0.3021912932004293,1.7,0.894683740282358,seed,,,,
ets_unet_wasserstein,ETS-U-Net Wasserstein,Wasserstein,2025,1.1,0.895629042979108,0.30214319056486943,1.7,0.894683740282358,seed,,,,
ets_unet_wasserstein,ETS-U-Net Wasserstein,Wasserstein,2025,1.15,0.895494789416336,0.30209789971580797,1.7,0.894683740282358,seed,,,,
ets_unet_wasserstein,ETS-U-Net Wasserstein,Wasserstein,2025,1.2,0.8953690990870622,0.3020554976996969,1.7,0.894683740282358,seed,,,,
ets_unet_wasserstein,ETS-U-Net Wasserstein,Wasserstein,2025,1.25,0.8952522567929845,0.3020160805952581,1.7,0.894683740282358,seed,,,,
ets_unet_wasserstein,ETS-U-Net Wasserstein,Wasserstein,2025,1.3,0.8951446559044504,0.30197978110717855,1.7,0.894683740282358,seed,,,,
ets_unet_wasserstein,ETS-U-Net Wasserstein,Wasserstein,2025,1.35,0.8950467090181571,0.3019467384262131,1.7,0.894683740282358,seed,,,,
ets_unet_wasserstein,ETS-U-Net Wasserstein,Wasserstein,2025,1.4,0.8949589546380834,0.30191713421832217,1.7,0.894683740282358,seed,,,,
ets_unet_wasserstein,ETS-U-Net Wasserstein,Wasserstein,2025,1.45,0.8948819892654132,0.3018911697150003,1.7,0.894683740282358,seed,,,,
ets_unet_wasserstein,ETS-U-Net Wasserstein,Wasserstein,2025,1.5,0.8948164650377197,0.3018690649168478,1.7,0.894683740282358,seed,,,,
ets_unet_wasserstein,ETS-U-Net Wasserstein,Wasserstein,2025,1.55,0.8947630968634208,0.30185106100040077,1.7,0.894683740282358,seed,,,,
ets_unet_wasserstein,ETS-U-Net Wasserstein,Wasserstein,2025,1.6,0.8947226475415015,0.30183741529822455,1.7,0.894683740282358,seed,,,,
ets_unet_wasserstein,ETS-U-Net Wasserstein,Wasserstein,2025,1.65,0.8946959248009069,0.30182840030014335,1.7,0.894683740282358,seed,,,,
ets_unet_wasserstein,ETS-U-Net Wasserstein,Wasserstein,2025,1.7,0.894683740282358,0.30182428981563114,1.7,0.894683740282358,seed,,,,
ets_unet_wasserstein,ETS-U-Net Wasserstein,Wasserstein,2025,1.75,0.8946869325846362,0.30182536674854565,1.7,0.894683740282358,seed,,,,
ets_unet_wasserstein,ETS-U-Net Wasserstein,Wasserstein,2025,1.8,0.8947063329977564,0.30183191153711003,1.7,0.894683740282358,seed,,,,
ets_unet_wasserstein,ETS-U-Net Wasserstein,Wasserstein,2025,1.85,0.8947427632369782,0.3018442013894745,1.7,0.894683740282358,seed,,,,
ets_unet_wasserstein,ETS-U-Net Wasserstein,Wasserstein,2025,1.9,0.894797017540322,0.3018625042442587,1.7,0.894683740282358,seed,,,,
ets_unet_wasserstein,ETS-U-Net Wasserstein,Wasserstein,2025,1.95,0.8948698619162213,0.3018870785167451,1.7,0.894683740282358,seed,,,,
ets_unet_wasserstein,ETS-U-Net Wasserstein,Wasserstein,2025,2.0,0.8949620311451585,0.3019181720873716,1.7,0.894683740282358,seed,,,,
ets_unet_wasserstein,ETS-U-Net Wasserstein,Wasserstein,2025,2.05,0.8950741856233903,0.30195600774283043,1.7,0.894683740282358,seed,,,,
ets_unet_wasserstein,ETS-U-Net Wasserstein,Wasserstein,2025,2.1,0.8952069461595163,0.3020007949147971,1.7,0.894683740282358,seed,,,,
ets_unet_wasserstein,ETS-U-Net Wasserstein,Wasserstein,2025,2.15,0.8953608719594879,0.30205272225310553,1.7,0.894683740282358,seed,,,,
ets_unet_wasserstein,ETS-U-Net Wasserstein,Wasserstein,2025,2.2,0.8955364472075472,0.30211195309878736,1.7,0.894683740282358,seed,,,,
ets_unet_wasserstein,ETS-U-Net Wasserstein,Wasserstein,2025,2.25,0.8957341116029057,0.30217863578571325,1.7,0.894683740282358,seed,,,,
ets_unet_wasserstein,ETS-U-Net Wasserstein,Wasserstein,2025,2.3,0.895954203355699,0.3022528844101044,1.7,0.894683740282358,seed,,,,
ets_unet_wasserstein,ETS-U-Net Wasserstein,Wasserstein,2025,2.35,0.896197017749672,0.30233479858683326,1.7,0.894683740282358,seed,,,,
ets_unet_wasserstein,ETS-U-Net Wasserstein,Wasserstein,2025,2.4,0.896462756999191,0.3024244465335333,1.7,0.894683740282358,seed,,,,
ets_unet_wasserstein,ETS-U-Net Wasserstein,Wasserstein,2025,2.45,0.8967515698471225,0.30252187842906436,1.7,0.894683740282358,seed,,,,
ets_unet_wasserstein,ETS-U-Net Wasserstein,Wasserstein,2025,2.5,0.8970635228006318,0.3026271167098217,1.7,0.894683740282358,seed,,,,
ets_unet_wasserstein,ETS-U-Net Wasserstein,Wasserstein,2025,2.55,0.8973986237016408,0.3027401640213015,1.7,0.894683740282358,seed,,,,
ets_unet_wasserstein,ETS-U-Net Wasserstein,Wasserstein,2025,2.6,0.8977568232103547,0.30286100371857344,1.7,0.894683740282358,seed,,,,
ets_unet_wasserstein,ETS-U-Net Wasserstein,Wasserstein,2025,2.65,0.8981379940399624,0.3029895928610435,1.7,0.894683740282358,seed,,,,
ets_unet_wasserstein,ETS-U-Net Wasserstein,Wasserstein,2025,2.7,0.8985419510019144,0.30312586897478927,1.7,0.894683740282358,seed,,,,
ets_unet_wasserstein,ETS-U-Net Wasserstein,Wasserstein,2025,2.75,0.8989684793532612,0.3032697596156216,1.7,0.894683740282358,seed,,,,
ets_unet_wasserstein,ETS-U-Net Wasserstein,Wasserstein,2025,2.8,0.8994172847339058,0.3034211654802635,1.7,0.894683740282358,seed,,,,
ets_unet_wasserstein,ETS-U-Net Wasserstein,Wasserstein,2025,2.85,0.8998880458952901,0.30357997819453364,1.7,0.894683740282358,seed,,,,
ets_unet_wasserstein,ETS-U-Net Wasserstein,Wasserstein,2025,2.9,0.9003803880522123,0.30374607132350057,1.7,0.894683740282358,seed,,,,
ets_unet_wasserstein,ETS-U-Net Wasserstein,Wasserstein,2025,2.95,0.9008938922754289,0.3039193035401057,1.7,0.894683740282358,seed,,,,
ets_unet_wasserstein,ETS-U-Net Wasserstein,Wasserstein,2025,3.0,0.9014281241992605,0.30409952830976167,1.7,0.894683740282358,seed,,,,
ets_unet_wasserstein,ETS-U-Net Wasserstein,Wasserstein,2025,3.05,0.901982593475453,0.3042865802119886,1.7,0.894683740282358,seed,,,,
ets_unet_wasserstein,ETS-U-Net Wasserstein,Wasserstein,2025,3.1,0.9025568047830698,0.3044802921487573,1.7,0.894683740282358,seed,,,,
ets_unet_wasserstein,ETS-U-Net Wasserstein,Wasserstein,2025,3.15,0.9031502173314676,0.304680481682694,1.7,0.894683740282358,seed,,,,
ets_unet_wasserstein,ETS-U-Net Wasserstein,Wasserstein,2025,3.2,0.9037622911941852,0.30488696666795945,1.7,0.894683740282358,seed,,,,
ets_unet_wasserstein,ETS-U-Net Wasserstein,Wasserstein,2025,3.25,0.9043924459644991,0.3050995513025745,1.7,0.894683740282358,seed,,,,
ets_unet_wasserstein,ETS-U-Net Wasserstein,Wasserstein,2025,3.3,0.9050401063708513,0.3053180415169236,1.7,0.894683740282358,seed,,,,
ets_unet_wasserstein,ETS-U-Net Wasserstein,Wasserstein,2025,3.35,0.9057046692600216,0.3055422338354275,1.7,0.894683740282358,seed,,,,
ets_unet_wasserstein,ETS-U-Net Wasserstein,Wasserstein,2025,3.4,0.9063855499733048,0.305771931021688,1.7,0.894683740282358,seed,,,,
ets_unet_wasserstein,ETS-U-Net Wasserstein,Wasserstein,2025,3.45,0.9070821100695518,0.30600691769563526,1.7,0.894683740282358,seed,,,,
ets_unet_wasserstein,ETS-U-Net Wasserstein,Wasserstein,2025,3.5,0.9077937549963815,0.30624699328320937,1.7,0.894683740282358,seed,,,,
ets_unet_wasserstein,ETS-U-Net Wasserstein,Wasserstein,2026,0.2,0.8989829391207671,0.30327463766231216,2.5,0.8851495676114904,seed,,,,
ets_unet_wasserstein,ETS-U-Net Wasserstein,Wasserstein,2026,0.25,0.8985540700871111,0.30312995738516046,2.5,0.8851495676114904,seed,,,,
ets_unet_wasserstein,ETS-U-Net Wasserstein,Wasserstein,2026,0.3,0.8982022338149221,0.3030112643451469,2.5,0.8851495676114904,seed,,,,
ets_unet_wasserstein,ETS-U-Net Wasserstein,Wasserstein,2026,0.35,0.8978769764123257,0.30290153776789297,2.5,0.8851495676114904,seed,,,,
ets_unet_wasserstein,ETS-U-Net Wasserstein,Wasserstein,2026,0.4,0.8975549325819293,0.3027928952990266,2.5,0.8851495676114904,seed,,,,
ets_unet_wasserstein,ETS-U-Net Wasserstein,Wasserstein,2026,0.45,0.8972255182534566,0.3026817663701439,2.5,0.8851495676114904,seed,,,,
ets_unet_wasserstein,ETS-U-Net Wasserstein,Wasserstein,2026,0.5,0.8968845951808442,0.3025667549313079,2.5,0.8851495676114904,seed,,,,
ets_unet_wasserstein,ETS-U-Net Wasserstein,Wasserstein,2026,0.55,0.8965314687122979,0.30244762663961633,2.5,0.8851495676114904,seed,,,,
ets_unet_wasserstein,ETS-U-Net Wasserstein,Wasserstein,2026,0.6,0.8961671720735015,0.30232473005690624,2.5,0.8851495676114904,seed,,,,
ets_unet_wasserstein,ETS-U-Net Wasserstein,Wasserstein,2026,0.65,0.8957935581532597,0.30219869026086993,2.5,0.8851495676114904,seed,,,,
ets_unet_wasserstein,ETS-U-Net Wasserstein,Wasserstein,2026,0.7,0.8954126838625008,0.3020702011566854,2.5,0.8851495676114904,seed,,,,
ets_unet_wasserstein,ETS-U-Net Wasserstein,Wasserstein,2026,0.75,0.8950265209610364,0.30193992792354174,2.5,0.8851495676114904,seed,,,,
ets_unet_wasserstein,ETS-U-Net Wasserstein,Wasserstein,2026,0.8,0.894636800351989,0.30180845448688903,2.5,0.8851495676114904,seed,,,,
ets_unet_wasserstein,ETS-U-Net Wasserstein,Wasserstein,2026,0.85,0.8942449223349112,0.3016762532420541,2.5,0.8851495676114904,seed,,,,
ets_unet_wasserstein,ETS-U-Net Wasserstein,Wasserstein,2026,0.9,0.8938520224632182,0.3015437072714467,2.5,0.8851495676114904,seed,,,,
ets_unet_wasserstein,ETS-U-Net Wasserstein,Wasserstein,2026,0.95,0.8934589515960738,0.301411103615002,2.5,0.8851495676114904,seed,,,,
ets_unet_wasserstein,ETS-U-Net Wasserstein,Wasserstein,2026,1.0,0.8930663874887041,0.30127867091551364,2.5,0.8851495676114904,seed,,,,
ets_unet_wasserstein,ETS-U-Net Wasserstein,Wasserstein,2026,1.05,0.8926748404015011,0.3011465813108818,2.5,0.8851495676114904,seed,,,,
ets_unet_wasserstein,ETS-U-Net Wasserstein,Wasserstein,2026,1.1,0.8922847681793026,0.3010149892564596,2.5,0.8851495676114904,seed,,,,
ets_unet_wasserstein,ETS-U-Net Wasserstein,Wasserstein,2026,1.15,0.8918965936097669,0.3008840373809537,2.5,0.8851495676114904,seed,,,,
ets_unet_wasserstein,ETS-U-Net Wasserstein,Wasserstein,2026,1.2,0.891510750100431,0.3007538718957192,2.5,0.8851495676114904,seed,,,,
ets_unet_wasserstein,ETS-U-Net Wasserstein,Wasserstein,2026,1.25,0.8911277281758578,0.30062465828071416,2.5,0.8851495676114904,seed,,,,
ets_unet_wasserstein,ETS-U-Net Wasserstein,Wasserstein,2026,1.3,0.890748069241167,0.30049657918060774,2.5,0.8851495676114904,seed,,,,
ets_unet_wasserstein,ETS-U-Net Wasserstein,Wasserstein,2026,1.35,0.8903724249333822,0.30036985442713826,2.5,0.8851495676114904,seed,,,,
ets_unet_wasserstein,ETS-U-Net Wasserstein,Wasserstein,2026,1.4,0.8900015226810821,0.3002447294205564,2.5,0.8851495676114904,seed,,,,
ets_unet_wasserstein,ETS-U-Net Wasserstein,Wasserstein,2026,1.45,0.8896361825482858,0.3001214808119614,2.5,0.8851495676114904,seed,,,,
ets_unet_wasserstein,ETS-U-Net Wasserstein,Wasserstein,2026,1.5,0.8892773247954784,0.3000004190540359,2.5,0.8851495676114904,seed,,,,
ets_unet_wasserstein,ETS-U-Net Wasserstein,Wasserstein,2026,1.55,0.8889259371957601,0.2998818773750494,2.5,0.8851495676114904,seed,,,,
ets_unet_wasserstein,ETS-U-Net Wasserstein,Wasserstein,2026,1.6,0.8885830884621129,0.2997662163085874,2.5,0.8851495676114904,seed,,,,
ets_unet_wasserstein,ETS-U-Net Wasserstein,Wasserstein,2026,1.65,0.8882499094634165,0.29965381735671726,2.5,0.8851495676114904,seed,,,,
ets_unet_wasserstein,ETS-U-Net Wasserstein,Wasserstein,2026,1.7,0.8879275505745258,0.29954506860190644,2.5,0.8851495676114904,seed,,,,
ets_unet_wasserstein,ETS-U-Net Wasserstein,Wasserstein,2026,1.75,0.8876172167277719,0.2994403765317536,2.5,0.8851495676114904,seed,,,,
ets_unet_wasserstein,ETS-U-Net Wasserstein,Wasserstein,2026,1.8,0.8873201040352621,0.2993401446583279,2.5,0.8851495676114904,seed,,,,
ets_unet_wasserstein,ETS-U-Net Wasserstein,Wasserstein,2026,1.85,0.8870374233833159,0.29924478147782424,2.5,0.8851495676114904,seed,,,,
ets_unet_wasserstein,ETS-U-Net Wasserstein,Wasserstein,2026,1.9,0.8867703587127223,0.2991546863962803,2.5,0.8851495676114904,seed,,,,
ets_unet_wasserstein,ETS-U-Net Wasserstein,Wasserstein,2026,1.95,0.8865200705217181,0.2990702509113175,2.5,0.8851495676114904,seed,,,,
ets_unet_wasserstein,ETS-U-Net Wasserstein,Wasserstein,2026,2.0,0.8862876838017973,0.2989918545422491,2.5,0.8851495676114904,seed,,,,
ets_unet_wasserstein,ETS-U-Net Wasserstein,Wasserstein,2026,2.05,0.8860742554584188,0.29891985383935665,2.5,0.8851495676114904,seed,,,,
ets_unet_wasserstein,ETS-U-Net Wasserstein,Wasserstein,2026,2.1,0.885880815922433,0.29885459642163187,2.5,0.8851495676114904,seed,,,,
ets_unet_wasserstein,ETS-U-Net Wasserstein,Wasserstein,2026,2.15,0.8857082888491284,0.29879639388700474,2.5,0.8851495676114904,seed,,,,
ets_unet_wasserstein,ETS-U-Net Wasserstein,Wasserstein,2026,2.2,0.8855575536476002,0.29874554290681693,2.5,0.8851495676114904,seed,,,,
ets_unet_wasserstein,ETS-U-Net Wasserstein,Wasserstein,2026,2.25,0.8854294090037117,0.2987023129201815,2.5,0.8851495676114904,seed,,,,
ets_unet_wasserstein,ETS-U-Net Wasserstein,Wasserstein,2026,2.3,0.8853245585190279,0.29866694128923343,2.5,0.8851495676114904,seed,,,,
ets_unet_wasserstein,ETS-U-Net Wasserstein,Wasserstein,2026,2.35,0.8852436490899108,0.29863964624643435,2.5,0.8851495676114904,seed,,,,
ets_unet_wasserstein,ETS-U-Net Wasserstein,Wasserstein,2026,2.4,0.8851872168604241,0.2986206086616201,2.5,0.8851495676114904,seed,,,,
ets_unet_wasserstein,ETS-U-Net Wasserstein,Wasserstein,2026,2.45,0.8851557292762855,0.29860998622902996,2.5,0.8851495676114904,seed,,,,
ets_unet_wasserstein,ETS-U-Net Wasserstein,Wasserstein,2026,2.5,0.8851495676114904,0.2986079075726097,2.5,0.8851495676114904,seed,,,,
ets_unet_wasserstein,ETS-U-Net Wasserstein,Wasserstein,2026,2.55,0.8851690307364551,0.29861447351720616,2.5,0.8851495676114904,seed,,,,
ets_unet_wasserstein,ETS-U-Net Wasserstein,Wasserstein,2026,2.6,0.8852143370231034,0.2986297577312542,2.5,0.8851495676114904,seed,,,,
ets_unet_wasserstein,ETS-U-Net Wasserstein,Wasserstein,2026,2.65,0.8852856412902058,0.29865381244333855,2.5,0.8851495676114904,seed,,,,
ets_unet_wasserstein,ETS-U-Net Wasserstein,Wasserstein,2026,2.7,0.8853830013322339,0.29868665715060044,2.5,0.8851495676114904,seed,,,,
ets_unet_wasserstein,ETS-U-Net Wasserstein,Wasserstein,2026,2.75,0.8855064142794411,0.29872829088492214,2.5,0.8851495676114904,seed,,,,
ets_unet_wasserstein,ETS-U-Net Wasserstein,Wasserstein,2026,2.8,0.8856558282154514,0.2987786961321558,2.5,0.8851495676114904,seed,,,,
ets_unet_wasserstein,ETS-U-Net Wasserstein,Wasserstein,2026,2.85,0.885831093460757,0.2988378223974627,2.5,0.8851495676114904,seed,,,,
ets_unet_wasserstein,ETS-U-Net Wasserstein,Wasserstein,2026,2.9,0.8860320482728621,0.2989056151165184,2.5,0.8851495676114904,seed,,,,
ets_unet_wasserstein,ETS-U-Net Wasserstein,Wasserstein,2026,2.95,0.8862584289788333,0.2989819853384542,2.5,0.8851495676114904,seed,,,,
ets_unet_wasserstein,ETS-U-Net Wasserstein,Wasserstein,2026,3.0,0.8865099527798793,0.29906683766023495,2.5,0.8851495676114904,seed,,,,
ets_unet_wasserstein,ETS-U-Net Wasserstein,Wasserstein,2026,3.05,0.8867862804616382,0.2991600576468606,2.5,0.8851495676114904,seed,,,,
ets_unet_wasserstein,ETS-U-Net Wasserstein,Wasserstein,2026,3.1,0.8870870254459275,0.29926151488500163,2.5,0.8851495676114904,seed,,,,
ets_unet_wasserstein,ETS-U-Net Wasserstein,Wasserstein,2026,3.15,0.8874117817151066,0.2993710724033681,2.5,0.8851495676114904,seed,,,,
ets_unet_wasserstein,ETS-U-Net Wasserstein,Wasserstein,2026,3.2,0.8877600893919072,0.2994885750609602,2.5,0.8851495676114904,seed,,,,
ets_unet_wasserstein,ETS-U-Net Wasserstein,Wasserstein,2026,3.25,0.8881314691253478,0.2996138611472618,2.5,0.8851495676114904,seed,,,,
ets_unet_wasserstein,ETS-U-Net Wasserstein,Wasserstein,2026,3.3,0.8885254106949846,0.29974675853784916,2.5,0.8851495676114904,seed,,,,
ets_unet_wasserstein,ETS-U-Net Wasserstein,Wasserstein,2026,3.35,0.8889413805658639,0.2998870872430777,2.5,0.8851495676114904,seed,,,,
ets_unet_wasserstein,ETS-U-Net Wasserstein,Wasserstein,2026,3.4,0.8893788346219536,0.30003466370374365,2.5,0.8851495676114904,seed,,,,
ets_unet_wasserstein,ETS-U-Net Wasserstein,Wasserstein,2026,3.45,0.8898371980841199,0.30018929401635236,2.5,0.8851495676114904,seed,,,,
ets_unet_wasserstein,ETS-U-Net Wasserstein,Wasserstein,2026,3.5,0.8903158845046277,0.3003507803409709,2.5,0.8851495676114904,seed,,,,
ets_unet_wasserstein,ETS-U-Net Wasserstein,Wasserstein,2027,0.2,0.9080512192794704,0.30633384964473404,1.1,0.9034369567835316,seed,,,,
ets_unet_wasserstein,ETS-U-Net Wasserstein,Wasserstein,2027,0.25,0.9070093197842971,0.30598236167079285,1.1,0.9034369567835316,seed,,,,
ets_unet_wasserstein,ETS-U-Net Wasserstein,Wasserstein,2027,0.3,0.9062403360569851,0.30572294266391287,1.1,0.9034369567835316,seed,,,,
ets_unet_wasserstein,ETS-U-Net Wasserstein,Wasserstein,2027,0.35,0.9056529609182871,0.3055247898685609,1.1,0.9034369567835316,seed,,,,
ets_unet_wasserstein,ETS-U-Net Wasserstein,Wasserstein,2027,0.4,0.9051932282990494,0.30536969766663635,1.1,0.9034369567835316,seed,,,,
ets_unet_wasserstein,ETS-U-Net Wasserstein,Wasserstein,2027,0.45,0.9048273077423296,0.3052462532502596,1.1,0.9034369567835316,seed,,,,
ets_unet_wasserstein,ETS-U-Net Wasserstein,Wasserstein,2027,0.5,0.90453289243857,0.30514693134915966,1.1,0.9034369567835316,seed,,,,
ets_unet_wasserstein,ETS-U-Net Wasserstein,Wasserstein,2027,0.55,0.9042945951808733,0.30506654104213715,1.1,0.9034369567835316,seed,,,,
ets_unet_wasserstein,ETS-U-Net Wasserstein,Wasserstein,2027,0.6,0.9041012864449328,0.3050013277502068,1.1,0.9034369567835316,seed,,,,
ets_unet_wasserstein,ETS-U-Net Wasserstein,Wasserstein,2027,0.65,0.9039445535718222,0.3049484534372094,1.1,0.9034369567835316,seed,,,,
ets_unet_wasserstein,ETS-U-Net Wasserstein,Wasserstein,2027,0.7,0.9038178242009874,0.3049057008972572,1.1,0.9034369567835316,seed,,,,
ets_unet_wasserstein,ETS-U-Net Wasserstein,Wasserstein,2027,0.75,0.9037158783839693,0.3048713091648094,1.1,0.9034369567835316,seed,,,,
ets_unet_wasserstein,ETS-U-Net Wasserstein,Wasserstein,2027,0.8,0.9036345038612646,0.3048438572212694,1.1,0.9034369567835316,seed,,,,
ets_unet_wasserstein,ETS-U-Net Wasserstein,Wasserstein,2027,0.85,0.9035703385026841,0.30482221084175853,1.1,0.9034369567835316,seed,,,,
ets_unet_wasserstein,ETS-U-Net Wasserstein,Wasserstein,2027,0.9,0.9035207520384301,0.3048054826967347,1.1,0.9034369567835316,seed,,,,
ets_unet_wasserstein,ETS-U-Net Wasserstein,Wasserstein,2027,0.95,0.9034837620539393,0.30479300401259574,1.1,0.9034369567835316,seed,,,,
ets_unet_wasserstein,ETS-U-Net Wasserstein,Wasserstein,2027,1.0,0.903457972277258,0.3047843037527376,1.1,0.9034369567835316,seed,,,,
ets_unet_wasserstein,ETS-U-Net Wasserstein,Wasserstein,2027,1.05,0.9034425073204129,0.3047790866023562,1.1,0.9034369567835316,seed,,,,
ets_unet_wasserstein,ETS-U-Net Wasserstein,Wasserstein,2027,1.1,0.9034369567835316,0.3047772141118025,1.1,0.9034369567835316,seed,,,,
ets_unet_wasserstein,ETS-U-Net Wasserstein,Wasserstein,2027,1.15,0.9034413190957822,0.3047786857511513,1.1,0.9034369567835316,seed,,,,
ets_unet_wasserstein,ETS-U-Net Wasserstein,Wasserstein,2027,1.2,0.9034559652752794,0.30478362668449593,1.1,0.9034369567835316,seed,,,,
ets_unet_wasserstein,ETS-U-Net Wasserstein,Wasserstein,2027,1.25,0.9034815356411735,0.30479225292545553,1.1,0.9034369567835316,seed,,,,
ets_unet_wasserstein,ETS-U-Net Wasserstein,Wasserstein,2027,1.3,0.9035189484665572,0.30480487425625996,1.1,0.9034369567835316,seed,,,,
ets_unet_wasserstein,ETS-U-Net Wasserstein,Wasserstein,2027,1.35,0.9035692981460729,0.30482185987428123,1.1,0.9034369567835316,seed,,,,
ets_unet_wasserstein,ETS-U-Net Wasserstein,Wasserstein,2027,1.4,0.9036338291394469,0.30484362960180533,1.1,0.9034369567835316,seed,,,,
ets_unet_wasserstein,ETS-U-Net Wasserstein,Wasserstein,2027,1.45,0.9037138768661899,0.3048706339466791,1.1,0.9034369567835316,seed,,,,
ets_unet_wasserstein,ETS-U-Net Wasserstein,Wasserstein,2027,1.5,0.9038108444532374,0.3049033462580558,1.1,0.9034369567835316,seed,,,,
ets_unet_wasserstein,ETS-U-Net Wasserstein,Wasserstein,2027,1.55,0.9039261406939898,0.3049422417966877,1.1,0.9034369567835316,seed,,,,
ets_unet_wasserstein,ETS-U-Net Wasserstein,Wasserstein,2027,1.6,0.904061157304294,0.30498779006216253,1.1,0.9034369567835316,seed,,,,
ets_unet_wasserstein,ETS-U-Net Wasserstein,Wasserstein,2027,1.65,0.9042172475818991,0.3050404475936053,1.1,0.9034369567835316,seed,,,,
ets_unet_wasserstein,ETS-U-Net Wasserstein,Wasserstein,2027,1.7,0.9043956843952613,0.30510064379707386,1.1,0.9034369567835316,seed,,,,
ets_unet_wasserstein,ETS-U-Net Wasserstein,Wasserstein,2027,1.75,0.9045976547610542,0.305168779116265,1.1,0.9034369567835316,seed,,,,
ets_unet_wasserstein,ETS-U-Net Wasserstein,Wasserstein,2027,1.8,0.9048242246266904,0.305245213151791,1.1,0.9034369567835316,seed,,,,
ets_unet_wasserstein,ETS-U-Net Wasserstein,Wasserstein,2027,1.85,0.9050763531519853,0.3053302694791423,1.1,0.9034369567835316,seed,,,,
ets_unet_wasserstein,ETS-U-Net Wasserstein,Wasserstein,2027,1.9,0.905354867985393,0.3054242273080505,1.1,0.9034369567835316,seed,,,,
ets_unet_wasserstein,ETS-U-Net Wasserstein,Wasserstein,2027,1.95,0.9056604466458057,0.3055273152015812,1.1,0.9034369567835316,seed,,,,
ets_unet_wasserstein,ETS-U-Net Wasserstein,Wasserstein,2027,2.0,0.9059936528235907,0.30563972332239986,1.1,0.9034369567835316,seed,,,,
ets_unet_wasserstein,ETS-U-Net Wasserstein,Wasserstein,2027,2.05,0.9063548812943469,0.30576158484925936,1.1,0.9034369567835316,seed,,,,
ets_unet_wasserstein,ETS-U-Net Wasserstein,Wasserstein,2027,2.1,0.9067444270242164,0.30589299928988783,1.1,0.9034369567835316,seed,,,,
ets_unet_wasserstein,ETS-U-Net Wasserstein,Wasserstein,2027,2.15,0.9071624345959793,0.30603401541972725,1.1,0.9034369567835316,seed,,,,
ets_unet_wasserstein,ETS-U-Net Wasserstein,Wasserstein,2027,2.2,0.9076089180908709,0.3061846379891254,1.1,0.9034369567835316,seed,,,,
ets_unet_wasserstein,ETS-U-Net Wasserstein,Wasserstein,2027,2.25,0.9080837895708253,0.3063448373319073,1.1,0.9034369567835316,seed,,,,
ets_unet_wasserstein,ETS-U-Net Wasserstein,Wasserstein,2027,2.3,0.9085868416632997,0.30651454349031304,1.1,0.9034369567835316,seed,,,,
ets_unet_wasserstein,ETS-U-Net Wasserstein,Wasserstein,2027,2.35,0.9091177639551496,0.306693651745521,1.1,0.9034369567835316,seed,,,,
ets_unet_wasserstein,ETS-U-Net Wasserstein,Wasserstein,2027,2.4,0.9096761538880204,0.30688202629324185,1.1,0.9034369567835316,seed,,,,
ets_unet_wasserstein,ETS-U-Net Wasserstein,Wasserstein,2027,2.45,0.9102615227792527,0.3070795022748894,1.1,0.9034369567835316,seed,,,,
ets_unet_wasserstein,ETS-U-Net Wasserstein,Wasserstein,2027,2.5,0.9108733020468597,0.30728588787759537,1.1,0.9034369567835316,seed,,,,
ets_unet_wasserstein,ETS-U-Net Wasserstein,Wasserstein,2027,2.55,0.9115108609628809,0.3075009703233577,1.1,0.9034369567835316,seed,,,,
ets_unet_wasserstein,ETS-U-Net Wasserstein,Wasserstein,2027,2.6,0.9121734938248707,0.307724511541303,1.1,0.9034369567835316,seed,,,,
ets_unet_wasserstein,ETS-U-Net Wasserstein,Wasserstein,2027,2.65,0.9128604775444373,0.3079562675953559,1.1,0.9034369567835316,seed,,,,
ets_unet_wasserstein,ETS-U-Net Wasserstein,Wasserstein,2027,2.7,0.913571017269085,0.30819597033960144,1.1,0.9034369567835316,seed,,,,
ets_unet_wasserstein,ETS-U-Net Wasserstein,Wasserstein,2027,2.75,0.914304275849488,0.30844333735916024,1.1,0.9034369567835316,seed,,,,
ets_unet_wasserstein,ETS-U-Net Wasserstein,Wasserstein,2027,2.8,0.9150594089083063,0.30869808380076,1.1,0.9034369567835316,seed,,,,
ets_unet_wasserstein,ETS-U-Net Wasserstein,Wasserstein,2027,2.85,0.9158355374301762,0.3089599131258857,1.1,0.9034369567835316,seed,,,,
ets_unet_wasserstein,ETS-U-Net Wasserstein,Wasserstein,2027,2.9,0.9166317808736983,0.3092285282812093,1.1,0.9034369567835316,seed,,,,
ets_unet_wasserstein,ETS-U-Net Wasserstein,Wasserstein,2027,2.95,0.9174472119777171,0.30950361645235047,1.1,0.9034369567835316,seed,,,,
ets_unet_wasserstein,ETS-U-Net Wasserstein,Wasserstein,2027,3.0,0.9182809302236863,0.3097848738466299,1.1,0.9034369567835316,seed,,,,
ets_unet_wasserstein,ETS-U-Net Wasserstein,Wasserstein,2027,3.05,0.9191320211763883,0.31007199197653657,1.1,0.9034369567835316,seed,,,,
ets_unet_wasserstein,ETS-U-Net Wasserstein,Wasserstein,2027,3.1,0.9199995822000231,0.3103646663351291,1.1,0.9034369567835316,seed,,,,
ets_unet_wasserstein,ETS-U-Net Wasserstein,Wasserstein,2027,3.15,0.9208826914654776,0.3106625859405433,1.1,0.9034369567835316,seed,,,,
ets_unet_wasserstein,ETS-U-Net Wasserstein,Wasserstein,2027,3.2,0.9217804568058096,0.3109654498175388,1.1,0.9034369567835316,seed,,,,
ets_unet_wasserstein,ETS-U-Net Wasserstein,Wasserstein,2027,3.25,0.9226919990334642,0.3112729613695114,1.1,0.9034369567835316,seed,,,,
ets_unet_wasserstein,ETS-U-Net Wasserstein,Wasserstein,2027,3.3,0.9236164388588133,0.31158482396542175,1.1,0.9034369567835316,seed,,,,
ets_unet_wasserstein,ETS-U-Net Wasserstein,Wasserstein,2027,3.35,0.9245529298139626,0.311900752046743,1.1,0.9034369567835316,seed,,,,
ets_unet_wasserstein,ETS-U-Net Wasserstein,Wasserstein,2027,3.4,0.9255006389525559,0.3122204646164801,1.1,0.9034369567835316,seed,,,,
ets_unet_wasserstein,ETS-U-Net Wasserstein,Wasserstein,2027,3.45,0.9264587332156679,0.3125436806396627,1.1,0.9034369567835316,seed,,,,
ets_unet_wasserstein,ETS-U-Net Wasserstein,Wasserstein,2027,3.5,0.9274264214660228,0.31287013322371676,1.1,0.9034369567835316,seed,,,,
ets_unet_wasserstein,ETS-U-Net Wasserstein,Wasserstein,2028,0.2,0.9050098956453846,0.3053078498365026,1.9,0.899920280187388,seed,,,,
ets_unet_wasserstein,ETS-U-Net Wasserstein,Wasserstein,2028,0.25,0.9046126517459889,0.30517383839489437,1.9,0.899920280187388,seed,,,,
ets_unet_wasserstein,ETS-U-Net Wasserstein,Wasserstein,2028,0.3,0.9042956417400738,0.30506689410207694,1.9,0.899920280187388,seed,,,,
ets_unet_wasserstein,ETS-U-Net Wasserstein,Wasserstein,2028,0.35,0.9040120660868428,0.30497122899015877,1.9,0.899920280187388,seed,,,,
ets_unet_wasserstein,ETS-U-Net Wasserstein,Wasserstein,2028,0.4,0.9037450593016857,0.3048811534364435,1.9,0.899920280187388,seed,,,,
ets_unet_wasserstein,ETS-U-Net Wasserstein,Wasserstein,2028,0.45,0.9034894017079369,0.30479490656708064,1.9,0.899920280187388,seed,,,,
ets_unet_wasserstein,ETS-U-Net Wasserstein,Wasserstein,2028,0.5,0.9032440486395471,0.3047121359607908,1.9,0.899920280187388,seed,,,,
ets_unet_wasserstein,ETS-U-Net Wasserstein,Wasserstein,2028,0.55,0.9030092435555794,0.3046329237492318,1.9,0.899920280187388,seed,,,,
ets_unet_wasserstein,ETS-U-Net Wasserstein,Wasserstein,2028,0.6,0.9027853467872248,0.3045573914912304,1.9,0.899920280187388,seed,,,,
ets_unet_wasserstein,ETS-U-Net Wasserstein,Wasserstein,2028,0.65,0.9025725167225258,0.3044855926194761,1.9,0.899920280187388,seed,,,,
ets_unet_wasserstein,ETS-U-Net Wasserstein,Wasserstein,2028,0.7,0.9023706270671501,0.3044174845281905,1.9,0.899920280187388,seed,,,,
ets_unet_wasserstein,ETS-U-Net Wasserstein,Wasserstein,2028,0.75,0.9021793156276859,0.30435294503032095,1.9,0.899920280187388,seed,,,,
ets_unet_wasserstein,ETS-U-Net Wasserstein,Wasserstein,2028,0.8,0.9019980450555914,0.3042917928496972,1.9,0.899920280187388,seed,,,,
ets_unet_wasserstein,ETS-U-Net Wasserstein,Wasserstein,2028,0.85,0.9018262178396341,0.3042338264140817,1.9,0.899920280187388,seed,,,,
ets_unet_wasserstein,ETS-U-Net Wasserstein,Wasserstein,2028,0.9,0.9016631744738282,0.3041788232371177,1.9,0.899920280187388,seed,,,,
ets_unet_wasserstein,ETS-U-Net Wasserstein,Wasserstein,2028,0.95,0.9015082965178112,0.3041265746860619,1.9,0.899920280187388,seed,,,,
ets_unet_wasserstein,ETS-U-Net Wasserstein,Wasserstein,2028,1.0,0.901361003275083,0.30407688486117807,1.9,0.899920280187388,seed,,,,
ets_unet_wasserstein,ETS-U-Net Wasserstein,Wasserstein,2028,1.05,0.9012208084210148,0.3040295896993686,1.9,0.899920280187388,seed,,,,
ets_unet_wasserstein,ETS-U-Net Wasserstein,Wasserstein,2028,1.1,0.9010873101099744,0.3039845536367834,1.9,0.899920280187388,seed,,,,
ets_unet_wasserstein,ETS-U-Net Wasserstein,Wasserstein,2028,1.15,0.9009602126811567,0.30394167693134755,1.9,0.899920280187388,seed,,,,
ets_unet_wasserstein,ETS-U-Net Wasserstein,Wasserstein,2028,1.2,0.9008393269260037,0.3039008957529768,1.9,0.899920280187388,seed,,,,
ets_unet_wasserstein,ETS-U-Net Wasserstein,Wasserstein,2028,1.25,0.900724583091417,0.3038621865702505,1.9,0.899920280187388,seed,,,,
ets_unet_wasserstein,ETS-U-Net Wasserstein,Wasserstein,2028,1.3,0.9006160116111785,0.30382555965009783,1.9,0.899920280187388,seed,,,,
ets_unet_wasserstein,ETS-U-Net Wasserstein,Wasserstein,2028,1.35,0.9005137447199144,0.3037910596022734,1.9,0.899920280187388,seed,,,,
ets_unet_wasserstein,ETS-U-Net Wasserstein,Wasserstein,2028,1.4,0.9004180115301679,0.3037587637185929,1.9,0.899920280187388,seed,,,,
ets_unet_wasserstein,ETS-U-Net Wasserstein,Wasserstein,2028,1.45,0.9003291328115514,0.3037287802116637,1.9,0.899920280187388,seed,,,,
ets_unet_wasserstein,ETS-U-Net Wasserstein,Wasserstein,2028,1.5,0.9002474941611973,0.3037012391638552,1.9,0.899920280187388,seed,,,,
ets_unet_wasserstein,ETS-U-Net Wasserstein,Wasserstein,2028,1.55,0.9001735693415631,0.30367630040037796,1.9,0.899920280187388,seed,,,,
ets_unet_wasserstein,ETS-U-Net Wasserstein,Wasserstein,2028,1.6,0.9001078818075282,0.30365414051033285,1.9,0.899920280187388,seed,,,,
ets_unet_wasserstein,ETS-U-Net Wasserstein,Wasserstein,2028,1.65,0.9000509812158501,0.3036349449221042,1.9,0.899920280187388,seed,,,,
ets_unet_wasserstein,ETS-U-Net Wasserstein,Wasserstein,2028,1.7,0.9000034847184579,0.3036189218337785,1.9,0.899920280187388,seed,,,,
ets_unet_wasserstein,ETS-U-Net Wasserstein,Wasserstein,2028,1.75,0.8999660175352218,0.30360628216518665,1.9,0.899920280187388,seed,,,,
ets_unet_wasserstein,ETS-U-Net Wasserstein,Wasserstein,2028,1.8,0.8999392274856834,0.30359724446022796,1.9,0.899920280187388,seed,,,,
ets_unet_wasserstein,ETS-U-Net Wasserstein,Wasserstein,2028,1.85,0.899923766087328,0.30359202851031397,1.9,0.899920280187388,seed,,,,
ets_unet_wasserstein,ETS-U-Net Wasserstein,Wasserstein,2028,1.9,0.899920280187388,0.30359085253133233,1.9,0.899920280187388,seed,,,,
ets_unet_wasserstein,ETS-U-Net Wasserstein,Wasserstein,2028,1.95,0.899929420235546,0.3035939359544683,1.9,0.899920280187388,seed,,,,
ets_unet_wasserstein,ETS-U-Net Wasserstein,Wasserstein,2028,2.0,0.8999518029313477,0.3036014868251954,1.9,0.899920280187388,seed,,,,
ets_unet_wasserstein,ETS-U-Net Wasserstein,Wasserstein,2028,2.05,0.8999880313495349,0.303613708592618,1.9,0.899920280187388,seed,,,,
ets_unet_wasserstein,ETS-U-Net Wasserstein,Wasserstein,2028,2.1,0.9000386771954548,0.3036307941232794,1.9,0.899920280187388,seed,,,,
ets_unet_wasserstein,ETS-U-Net Wasserstein,Wasserstein,2028,2.15,0.9001042722350266,0.3036529228100352,1.9,0.899920280187388,seed,,,,
ets_unet_wasserstein,ETS-U-Net Wasserstein,Wasserstein,2028,2.2,0.900185321357514,0.303680264978819,1.9,0.899920280187388,seed,,,,
ets_unet_wasserstein,ETS-U-Net Wasserstein,Wasserstein,2028,2.25,0.9002822752718114,0.3037129726776517,1.9,0.899920280187388,seed,,,,
ets_unet_wasserstein,ETS-U-Net Wasserstein,Wasserstein,2028,2.3,0.9003955516370766,0.3037511868051246,1.9,0.899920280187388,seed,,,,
ets_unet_wasserstein,ETS-U-Net Wasserstein,Wasserstein,2028,2.35,0.9005255185266512,0.30379503153190257,1.9,0.899920280187388,seed,,,,
ets_unet_wasserstein,ETS-U-Net Wasserstein,Wasserstein,2028,2.4,0.900672493489962,0.30384461398425383,1.9,0.899920280187388,seed,,,,
ets_unet_wasserstein,ETS-U-Net Wasserstein,Wasserstein,2028,2.45,0.9008367552708921,0.3039000281972778,1.9,0.899920280187388,seed,,,,
ets_unet_wasserstein,ETS-U-Net Wasserstein,Wasserstein,2028,2.5,0.901018519188646,0.3039613468095651,1.9,0.899920280187388,seed,,,,
ets_unet_wasserstein,ETS-U-Net Wasserstein,Wasserstein,2028,2.55,0.9012179658227477,0.30402863074016934,1.9,0.899920280187388,seed,,,,
ets_unet_wasserstein,ETS-U-Net Wasserstein,Wasserstein,2028,2.6,0.9014352312105891,0.30410192588171964,1.9,0.899920280187388,seed,,,,
ets_unet_wasserstein,ETS-U-Net Wasserstein,Wasserstein,2028,2.65,0.9016703925576117,0.3041812582797073,1.9,0.899920280187388,seed,,,,
ets_unet_wasserstein,ETS-U-Net Wasserstein,Wasserstein,2028,2.7,0.9019234909425541,0.30426664179217017,1.9,0.899920280187388,seed,,,,
ets_unet_wasserstein,ETS-U-Net Wasserstein,Wasserstein,2028,2.75,0.9021945252188903,0.3043580760323242,1.9,0.899920280187388,seed,,,,
ets_unet_wasserstein,ETS-U-Net Wasserstein,Wasserstein,2028,2.8,0.9024834554561374,0.3044555475294991,1.9,0.899920280187388,seed,,,,
ets_unet_wasserstein,ETS-U-Net Wasserstein,Wasserstein,2028,2.85,0.9027901910730681,0.3045590257258415,1.9,0.899920280187388,seed,,,,
ets_unet_wasserstein,ETS-U-Net Wasserstein,Wasserstein,2028,2.9,0.9031146149639411,0.30466847111537215,1.9,0.899920280187388,seed,,,,
ets_unet_wasserstein,ETS-U-Net Wasserstein,Wasserstein,2028,2.95,0.9034565755424748,0.30478383255999647,1.9,0.899920280187388,seed,,,,
ets_unet_wasserstein,ETS-U-Net Wasserstein,Wasserstein,2028,3.0,0.9038158861316603,0.3049050470836559,1.9,0.899920280187388,seed,,,,
ets_unet_wasserstein,ETS-U-Net Wasserstein,Wasserstein,2028,3.05,0.9041923200477868,0.30503203821390884,1.9,0.899920280187388,seed,,,,
ets_unet_wasserstein,ETS-U-Net Wasserstein,Wasserstein,2028,3.1,0.9045856417908642,0.3051647265041151,1.9,0.899920280187388,seed,,,,
ets_unet_wasserstein,ETS-U-Net Wasserstein,Wasserstein,2028,3.15,0.904995577254293,0.30530301948357685,1.9,0.899920280187388,seed,,,,
ets_unet_wasserstein,ETS-U-Net Wasserstein,Wasserstein,2028,3.2,0.9054218394323,0.3054468203300208,1.9,0.899920280187388,seed,,,,
ets_unet_wasserstein,ETS-U-Net Wasserstein,Wasserstein,2028,3.25,0.9058641112907201,0.3055960220910039,1.9,0.899920280187388,seed,,,,
ets_unet_wasserstein,ETS-U-Net Wasserstein,Wasserstein,2028,3.3,0.906322053273315,0.3057505102161931,1.9,0.899920280187388,seed,,,,
ets_unet_wasserstein,ETS-U-Net Wasserstein,Wasserstein,2028,3.35,0.9067953196442284,0.3059101680705422,1.9,0.899920280187388,seed,,,,
ets_unet_wasserstein,ETS-U-Net Wasserstein,Wasserstein,2028,3.4,0.9072835519841931,0.3060748747402179,1.9,0.899920280187388,seed,,,,
ets_unet_wasserstein,ETS-U-Net Wasserstein,Wasserstein,2028,3.45,0.9077863677855873,0.30624450118510665,1.9,0.899920280187388,seed,,,,
ets_unet_wasserstein,ETS-U-Net Wasserstein,Wasserstein,2028,3.5,0.9083033772525214,0.30641891590637577,1.9,0.899920280187388,seed,,,,
ets_unet_wasserstein,ETS-U-Net Wasserstein,Wasserstein,2029,0.2,0.9035575933192612,0.30481791121524027,3.15,0.8846621058916798,seed,,,,
ets_unet_wasserstein,ETS-U-Net Wasserstein,Wasserstein,2029,0.25,0.9026304440128061,0.3045051345676111,3.15,0.8846621058916798,seed,,,,
ets_unet_wasserstein,ETS-U-Net Wasserstein,Wasserstein,2029,0.3,0.9019363893269696,0.3042709931015108,3.15,0.8846621058916798,seed,,,,
ets_unet_wasserstein,ETS-U-Net Wasserstein,Wasserstein,2029,0.35,0.9013720082102641,0.3040805974096418,3.15,0.8846621058916798,seed,,,,
ets_unet_wasserstein,ETS-U-Net Wasserstein,Wasserstein,2029,0.4,0.9008834652752776,0.3039157859597878,3.15,0.8846621058916798,seed,,,,
ets_unet_wasserstein,ETS-U-Net Wasserstein,Wasserstein,2029,0.45,0.9004402687631493,0.3037662722640547,3.15,0.8846621058916798,seed,,,,
ets_unet_wasserstein,ETS-U-Net Wasserstein,Wasserstein,2029,0.5,0.9000240073279372,0.30362584519870883,3.15,0.8846621058916798,seed,,,,
ets_unet_wasserstein,ETS-U-Net Wasserstein,Wasserstein,2029,0.55,0.8996232265287947,0.30349064057317854,3.15,0.8846621058916798,seed,,,,
ets_unet_wasserstein,ETS-U-Net Wasserstein,Wasserstein,2029,0.6,0.8992306473254243,0.3033582027810083,3.15,0.8846621058916798,seed,,,,
ets_unet_wasserstein,ETS-U-Net Wasserstein,Wasserstein,2029,0.65,0.8988417165914692,0.3032269958111281,3.15,0.8846621058916798,seed,,,,
ets_unet_wasserstein,ETS-U-Net Wasserstein,Wasserstein,2029,0.7,0.8984536665441205,0.30309608594356197,3.15,0.8846621058916798,seed,,,,
ets_unet_wasserstein,ETS-U-Net Wasserstein,Wasserstein,2029,0.75,0.8980649051273443,0.3029649360933488,3.15,0.8846621058916798,seed,,,,
ets_unet_wasserstein,ETS-U-Net Wasserstein,Wasserstein,2029,0.8,0.897674630268768,0.30283327567892626,3.15,0.8846621058916798,seed,,,,
ets_unet_wasserstein,ETS-U-Net Wasserstein,Wasserstein,2029,0.85,0.8972825481409239,0.30270100557670154,3.15,0.8846621058916798,seed,,,,
ets_unet_wasserstein,ETS-U-Net Wasserstein,Wasserstein,2029,0.9,0.8968886991087414,0.3025681394039067,3.15,0.8846621058916798,seed,,,,
ets_unet_wasserstein,ETS-U-Net Wasserstein,Wasserstein,2029,0.95,0.8964933247804409,0.3024347586678122,3.15,0.8846621058916798,seed,,,,
ets_unet_wasserstein,ETS-U-Net Wasserstein,Wasserstein,2029,1.0,0.8960967711672808,0.3023009800963719,3.15,0.8846621058916798,seed,,,,
ets_unet_wasserstein,ETS-U-Net Wasserstein,Wasserstein,2029,1.05,0.8956994710081998,0.30216694967538715,3.15,0.8846621058916798,seed,,,,
ets_unet_wasserstein,ETS-U-Net Wasserstein,Wasserstein,2029,1.1,0.8953018517418543,0.302032811602593,3.15,0.8846621058916798,seed,,,,
ets_unet_wasserstein,ETS-U-Net Wasserstein,Wasserstein,2029,1.15,0.8949043849666036,0.30189872497313497,3.15,0.8846621058916798,seed,,,,
ets_unet_wasserstein,ETS-U-Net Wasserstein,Wasserstein,2029,1.2,0.8945075226828704,0.3017648422707349,3.15,0.8846621058916798,seed,,,,
ets_unet_wasserstein,ETS-U-Net Wasserstein,Wasserstein,2029,1.25,0.8941117179282412,0.30163131632900503,3.15,0.8846621058916798,seed,,,,
ets_unet_wasserstein,ETS-U-Net Wasserstein,Wasserstein,2029,1.3,0.8937174197975009,0.3014982986514414,3.15,0.8846621058916798,seed,,,,
ets_unet_wasserstein,ETS-U-Net Wasserstein,Wasserstein,2029,1.35,0.8933250868113098,0.3013659439213879,3.15,0.8846621058916798,seed,,,,
ets_unet_wasserstein,ETS-U-Net Wasserstein,Wasserstein,2029,1.4,0.8929351587442381,0.3012344004981376,3.15,0.8846621058916798,seed,,,,
ets_unet_wasserstein,ETS-U-Net Wasserstein,Wasserstein,2029,1.45,0.8925481009422308,0.3011038253675651,3.15,0.8846621058916798,seed,,,,
ets_unet_wasserstein,ETS-U-Net Wasserstein,Wasserstein,2029,1.5,0.8921643695615007,0.3009743724153607,3.15,0.8846621058916798,seed,,,,
ets_unet_wasserstein,ETS-U-Net Wasserstein,Wasserstein,2029,1.55,0.8917844521887237,0.30084620613037727,3.15,0.8846621058916798,seed,,,,
ets_unet_wasserstein,ETS-U-Net Wasserstein,Wasserstein,2029,1.6,0.8914088219185237,0.30071948611252985,3.15,0.8846621058916798,seed,,,,
ets_unet_wasserstein,ETS-U-Net Wasserstein,Wasserstein,2029,1.65,0.8910379895694235,0.3005943846880058,3.15,0.8846621058916798,seed,,,,
ets_unet_wasserstein,ETS-U-Net Wasserstein,Wasserstein,2029,1.7,0.8906724633451174,0.30047107330087214,3.15,0.8846621058916798,seed,,,,
ets_unet_wasserstein,ETS-U-Net Wasserstein,Wasserstein,2029,1.75,0.8903127630242172,0.30034972730002957,3.15,0.8846621058916798,seed,,,,
ets_unet_wasserstein,ETS-U-Net Wasserstein,Wasserstein,2029,1.8,0.8899594327241261,0.30023053024514434,3.15,0.8846621058916798,seed,,,,
ets_unet_wasserstein,ETS-U-Net Wasserstein,Wasserstein,2029,1.85,0.8896130108432517,0.3001136637665622,3.15,0.8846621058916798,seed,,,,
ets_unet_wasserstein,ETS-U-Net Wasserstein,Wasserstein,2029,1.9,0.8892740521623104,0.2999993150212506,3.15,0.8846621058916798,seed,,,,
ets_unet_wasserstein,ETS-U-Net Wasserstein,Wasserstein,2029,1.95,0.8889430964603738,0.2998876661053265,3.15,0.8846621058916798,seed,,,,
ets_unet_wasserstein,ETS-U-Net Wasserstein,Wasserstein,2029,2.0,0.8886207152917297,0.2997789098343729,3.15,0.8846621058916798,seed,,,,
ets_unet_wasserstein,ETS-U-Net Wasserstein,Wasserstein,2029,2.05,0.8883074595700543,0.2996732320607995,3.15,0.8846621058916798,seed,,,,
ets_unet_wasserstein,ETS-U-Net Wasserstein,Wasserstein,2029,2.1,0.8880038761807751,0.29957081727807405,3.15,0.8846621058916798,seed,,,,
ets_unet_wasserstein,ETS-U-Net Wasserstein,Wasserstein,2029,2.15,0.8877105116336234,0.29947184985292197,3.15,0.8846621058916798,seed,,,,
ets_unet_wasserstein,ETS-U-Net Wasserstein,Wasserstein,2029,2.2,0.8874278861310217,0.29937650527721793,3.15,0.8846621058916798,seed,,,,
ets_unet_wasserstein,ETS-U-Net Wasserstein,Wasserstein,2029,2.25,0.8871565286308983,0.29928496199653304,3.15,0.8846621058916798,seed,,,,
ets_unet_wasserstein,ETS-U-Net Wasserstein,Wasserstein,2029,2.3,0.8868969385497489,0.299197388490546,3.15,0.8846621058916798,seed,,,,
ets_unet_wasserstein,ETS-U-Net Wasserstein,Wasserstein,2029,2.35,0.8866496117028339,0.2991139520240479,3.15,0.8846621058916798,seed,,,,
ets_unet_wasserstein,ETS-U-Net Wasserstein,Wasserstein,2029,2.4,0.8864149995787723,0.299034804908102,3.15,0.8846621058916798,seed,,,,
ets_unet_wasserstein,ETS-U-Net Wasserstein,Wasserstein,2029,2.45,0.8861935559766874,0.2989601002332273,3.15,0.8846621058916798,seed,,,,
ets_unet_wasserstein,ETS-U-Net Wasserstein,Wasserstein,2029,2.5,0.885985693920646,0.29888997733435296,3.15,0.8846621058916798,seed,,,,
ets_unet_wasserstein,ETS-U-Net Wasserstein,Wasserstein,2029,2.55,0.8857918184970939,0.2988245728686276,3.15,0.8846621058916798,seed,,,,
ets_unet_wasserstein,ETS-U-Net Wasserstein,Wasserstein,2029,2.6,0.8856122863059182,0.2987640071361113,3.15,0.8846621058916798,seed,,,,
ets_unet_wasserstein,ETS-U-Net Wasserstein,Wasserstein,2029,2.65,0.8854474486992615,0.29870839866652144,3.15,0.8846621058916798,seed,,,,
ets_unet_wasserstein,ETS-U-Net Wasserstein,Wasserstein,2029,2.7,0.8852976170474901,0.29865785250160115,3.15,0.8846621058916798,seed,,,,
ets_unet_wasserstein,ETS-U-Net Wasserstein,Wasserstein,2029,2.75,0.8851630819092452,0.2986124666621947,3.15,0.8846621058916798,seed,,,,
ets_unet_wasserstein,ETS-U-Net Wasserstein,Wasserstein,2029,2.8,0.8850440882095957,0.2985723237745214,3.15,0.8846621058916798,seed,,,,
ets_unet_wasserstein,ETS-U-Net Wasserstein,Wasserstein,2029,2.85,0.884940876426405,0.29853750496452236,3.15,0.8846621058916798,seed,,,,
ets_unet_wasserstein,ETS-U-Net Wasserstein,Wasserstein,2029,2.9,0.8848536446647023,0.2985080770635336,3.15,0.8846621058916798,seed,,,,
ets_unet_wasserstein,ETS-U-Net Wasserstein,Wasserstein,2029,2.95,0.8847825541378543,0.29848409445737634,3.15,0.8846621058916798,seed,,,,
ets_unet_wasserstein,ETS-U-Net Wasserstein,Wasserstein,2029,3.0,0.8847277584340425,0.2984656089594922,3.15,0.8846621058916798,seed,,,,
ets_unet_wasserstein,ETS-U-Net Wasserstein,Wasserstein,2029,3.05,0.8846893619102936,0.29845265577504265,3.15,0.8846621058916798,seed,,,,
ets_unet_wasserstein,ETS-U-Net Wasserstein,Wasserstein,2029,3.1,0.8846674581687447,0.29844526648099423,3.15,0.8846621058916798,seed,,,,
ets_unet_wasserstein,ETS-U-Net Wasserstein,Wasserstein,2029,3.15,0.8846621058916798,0.2984434608739945,3.15,0.8846621058916798,seed,,,,
ets_unet_wasserstein,ETS-U-Net Wasserstein,Wasserstein,2029,3.2,0.8846733347465998,0.2984472489624654,3.15,0.8846621058916798,seed,,,,
ets_unet_wasserstein,ETS-U-Net Wasserstein,Wasserstein,2029,3.25,0.8847011627056308,0.2984566368093585,3.15,0.8846621058916798,seed,,,,
ets_unet_wasserstein,ETS-U-Net Wasserstein,Wasserstein,2029,3.3,0.8847455664217436,0.29847161653848236,3.15,0.8846621058916798,seed,,,,
ets_unet_wasserstein,ETS-U-Net Wasserstein,Wasserstein,2029,3.35,0.8848065152249506,0.29849217780322296,3.15,0.8846621058916798,seed,,,,
ets_unet_wasserstein,ETS-U-Net Wasserstein,Wasserstein,2029,3.4,0.8848839460075459,0.2985182993140032,3.15,0.8846621058916798,seed,,,,
ets_unet_wasserstein,ETS-U-Net Wasserstein,Wasserstein,2029,3.45,0.8849777756601933,0.2985499530336349,3.15,0.8846621058916798,seed,,,,
ets_unet_wasserstein,ETS-U-Net Wasserstein,Wasserstein,2029,3.5,0.8850879024246948,0.2985871046336795,3.15,0.8846621058916798,seed,,,,
ets_unet_ce,ETS-U-Net CE,CE,mean,0.4,0.8882032385064044,0.29963807276695775,0.72,0.8755552592242264,group_mean,0.006969968647344718,0.0023513401912927468,0.057008771254956916,0.004101851674949932
ets_unet_ce,ETS-U-Net CE,CE,mean,0.45,0.8843689263043881,0.2983445558456156,0.72,0.8755552592242264,group_mean,0.006185089328435354,0.002086558758083709,0.057008771254956916,0.004101851674949932
ets_unet_ce,ETS-U-Net CE,CE,mean,0.5,0.8813189249207827,0.29731562857210453,0.72,0.8755552592242264,group_mean,0.0055566215973006814,0.0018745432512836196,0.057008771254956916,0.004101851674949932
ets_unet_ce,ETS-U-Net CE,CE,mean,0.55,0.8789896777604047,0.29652984993510334,0.72,0.8755552592242264,group_mean,0.005064961864536307,0.0017086803401886697,0.057008771254956916,0.004101851674949932
ets_unet_ce,ETS-U-Net CE,CE,mean,0.6,0.8773247381087874,0.29596817746324566,0.72,0.8755552592242264,group_mean,0.00468906427286485,0.0015818701406271503,0.057008771254956916,0.004101851674949932
ets_unet_ce,ETS-U-Net CE,CE,mean,0.65,0.8762715008591089,0.2956128646632262,0.72,0.8755552592242264,group_mean,0.004408081288675143,0.0014870796735213469,0.057008771254956916,0.004101851674949932
ets_unet_ce,ETS-U-Net CE,CE,mean,0.7,0.8757793228064165,0.295446826895322,0.72,0.8755552592242264,group_mean,0.004202950616970766,0.001417878215487656,0.057008771254956916,0.004101851674949932
ets_unet_ce,ETS-U-Net CE,CE,mean,0.75,0.8757987436581869,0.2954533785789274,0.72,0.8755552592242264,group_mean,0.004057520208752624,0.0013688168235099934,0.057008771254956916,0.004101851674949932
ets_unet_ce,ETS-U-Net CE,CE,mean,0.8,0.8762813274427245,0.2956161796911938,0.72,0.8755552592242264,group_mean,0.003958977875715877,0.0013355732667686942,0.057008771254956916,0.004101851674949932
ets_unet_ce,ETS-U-Net CE,CE,mean,0.85,0.8771799059022761,0.2959193178764392,0.72,0.8755552592242264,group_mean,0.003897668198592433,0.001314890260111202,0.057008771254956916,0.004101851674949932
ets_unet_ce,ETS-U-Net CE,CE,mean,0.9,0.8784489582763207,0.2963474365672002,0.72,0.8755552592242264,group_mean,0.003866498797824612,0.0013043751676520927,0.057008771254956916,0.004101851674949932
ets_unet_ce,ETS-U-Net CE,CE,mean,0.95,0.8800450507529977,0.296885883234512,0.72,0.8755552592242264,group_mean,0.003860214343811285,0.0013022550879143728,0.057008771254956916,0.004101851674949932
ets_unet_ce,ETS-U-Net CE,CE,mean,1.0,0.8819271609990299,0.2975208188690683,0.72,0.8755552592242264,group_mean,0.0038747632096600006,0.001307163192202724,0.057008771254956916,0.004101851674949932
ets_unet_ce,ETS-U-Net CE,CE,mean,1.05,0.8840569984232468,0.29823932602309816,0.72,0.8755552592242264,group_mean,0.003906804264957813,0.0013179723399772897,0.057008771254956916,0.004101851674949932
ets_unet_ce,ETS-U-Net CE,CE,mean,1.1,0.8863991490054908,0.29902945766883915,0.72,0.8755552592242264,group_mean,0.003953397345928652,0.0013336906580165868,0.057008771254956916,0.004101851674949932
ets_unet_ce,ETS-U-Net CE,CE,mean,1.15,0.8889211466303604,0.2998802612631939,0.72,0.8755552592242264,group_mean,0.004011832196947617,0.0013534038333155108,0.057008771254956916,0.004101851674949932
ets_unet_ce,ETS-U-Net CE,CE,mean,1.2,0.8915935018328802,0.30078178844516895,0.72,0.8755552592242264,group_mean,0.004079578347393934,0.0013762582038886746,0.057008771254956916,0.004101851674949932
ets_unet_ce,ETS-U-Net CE,CE,mean,1.25,0.894389585810323,0.3017250559069094,0.72,0.8755552592242264,group_mean,0.004154278693154303,0.0014014585934710138,0.057008771254956916,0.004101851674949932
ets_unet_ce,ETS-U-Net CE,CE,mean,1.3,0.8972855551522173,0.30270202000113694,0.72,0.8755552592242264,group_mean,0.004233767722690595,0.001428274460137327,0.057008771254956916,0.004101851674949932
ets_unet_ce,ETS-U-Net CE,CE,mean,1.35,0.9002601714053549,0.303705515870855,0.72,0.8755552592242264,group_mean,0.004316111236161399,0.0014560532956691048,0.057008771254956916,0.004101851674949932
ets_unet_ce,ETS-U-Net CE,CE,mean,1.4,0.9032946078707479,0.3047291922717124,0.72,0.8755552592242264,group_mean,0.00439960983929566,0.0014842218042234597,0.057008771254956916,0.004101851674949932
ets_unet_ce,ETS-U-Net CE,CE,mean,1.45,0.9063723063897342,0.305767463258359,0.72,0.8755552592242264,group_mean,0.0044828140111780055,0.0015122909854965777,0.057008771254956916,0.004101851674949932
ets_unet_ce,ETS-U-Net CE,CE,mean,1.5,0.9094787319712697,0.30681542540721424,0.72,0.8755552592242264,group_mean,0.004564524868905645,0.0015398563926828895,0.057008771254956916,0.004101851674949932
ets_unet_ce,ETS-U-Net CE,CE,mean,1.55,0.9126012272547038,0.3078688087190399,0.72,0.8755552592242264,group_mean,0.004643755535659019,0.001566585099876014,0.057008771254956916,0.004101851674949932
ets_unet_ce,ETS-U-Net CE,CE,mean,1.6,0.915728808459521,0.30892390778196316,0.72,0.8755552592242264,group_mean,0.0047197452209972405,0.0015922204520992342,0.057008771254956916,0.004101851674949932
ets_unet_ce,ETS-U-Net CE,CE,mean,1.65,0.9188519740291256,0.3099775172168737,0.72,0.8755552592242264,group_mean,0.004791907217406699,0.0016165645217825586,0.057008771254956916,0.004101851674949932
ets_unet_ce,ETS-U-Net CE,CE,mean,1.7,0.9219625936614945,0.31102689424157515,0.72,0.8755552592242264,group_mean,0.004859818209130555,0.0016394745020636946,0.057008771254956916,0.004101851674949932
ets_unet_ce,ETS-U-Net CE,CE,mean,1.75,0.9250536910673646,0.3120696853835973,0.72,0.8755552592242264,group_mean,0.0049231880820486615,0.0016608525220589748,0.057008771254956916,0.004101851674949932
ets_unet_ce,ETS-U-Net CE,CE,mean,1.8,0.9281193748824197,0.3131039031732112,0.72,0.8755552592242264,group_mean,0.004981840480430774,0.0016806390876246842,0.057008771254956916,0.004101851674949932
ets_unet_event_nll,ETS-U-Net EventNLL,EventNLL,mean,0.4,0.9018726466442459,0.30424948931299,0.72,0.8758178901805443,group_mean,0.0027251539216116703,0.0009193389909703153,0.04472135954999579,0.0035649921809751068
ets_unet_event_nll,ETS-U-Net EventNLL,EventNLL,mean,0.45,0.8939759234061672,0.30158550563262104,0.72,0.8758178901805443,group_mean,0.00251005122761754,0.0008467734407886081,0.04472135954999579,0.0035649921809751068
ets_unet_event_nll,ETS-U-Net EventNLL,EventNLL,mean,0.5,0.887562396058802,0.29942188261179725,0.72,0.8758178901805443,group_mean,0.0023797343562746757,0.0008028106465931522,0.04472135954999579,0.0035649921809751068
ets_unet_event_nll,ETS-U-Net EventNLL,EventNLL,mean,0.55,0.8825993228982151,0.29774757473678826,0.72,0.8758178901805443,group_mean,0.002392280696699897,0.0008070431928194076,0.04472135954999579,0.0035649921809751068
ets_unet_event_nll,ETS-U-Net EventNLL,EventNLL,mean,0.6,0.8790566462316471,0.2965524419532241,0.72,0.8758178901805443,group_mean,0.0026051755318217277,0.0008788639150734867,0.04472135954999579,0.0035649921809751068
ets_unet_event_nll,ETS-U-Net EventNLL,EventNLL,mean,0.65,0.8769031577856452,0.29582595605482664,0.72,0.8758178901805443,group_mean,0.0030407966932499003,0.0010258220431324915,0.04472135954999579,0.0035649921809751068
ets_unet_event_nll,ETS-U-Net EventNLL,EventNLL,mean,0.7,0.8761031522027934,0.2955560717303204,0.72,0.8758178901805443,group_mean,0.003682741951877246,0.0012423842349574634,0.04472135954999579,0.0035649921809751068
ets_unet_event_nll,ETS-U-Net EventNLL,EventNLL,mean,0.75,0.8766135738951549,0.2957282640457355,0.72,0.8758178901805443,group_mean,0.004499507957487568,0.0015179227392238858,0.04472135954999579,0.0035649921809751068
ets_unet_event_nll,ETS-U-Net EventNLL,EventNLL,mean,0.8,0.8783817433650434,0.2963247614117817,0.72,0.8758178901805443,group_mean,0.005461314754470107,0.0018423911970361318,0.04472135954999579,0.0035649921809751068
ets_unet_event_nll,ETS-U-Net EventNLL,EventNLL,mean,0.85,0.8813438127567779,0.29732402455952006,0.72,0.8758178901805443,group_mean,0.00654355824129836,0.002207489339667439,0.04472135954999579,0.0035649921809751068
ets_unet_event_nll,ETS-U-Net EventNLL,EventNLL,mean,0.9,0.8854240522253749,0.2987005057946639,0.72,0.8758178901805443,group_mean,0.007725214541201485,0.0026061246981370885,0.04472135954999579,0.0035649921809751068
ets_unet_event_nll,ETS-U-Net EventNLL,EventNLL,mean,0.95,0.8905351334171627,0.30042474463062907,0.72,0.8758178901805443,group_mean,0.008987115478840006,0.003031830830004678,0.04472135954999579,0.0035649921809751068
ets_unet_event_nll,ETS-U-Net EventNLL,EventNLL,mean,1.0,0.8965793315304469,0.30246377330736707,0.72,0.8758178901805443,group_mean,0.010310999849521232,0.0034784472621450066,0.04472135954999579,0.0035649921809751068
ets_unet_event_nll,ETS-U-Net EventNLL,EventNLL,mean,1.05,0.9034506033689615,0.30478181782903835,0.72,0.8758178901805443,group_mean,0.011679274145586532,0.003940038771064744,0.04472135954999579,0.0035649921809751068
ets_unet_event_nll,ETS-U-Net EventNLL,EventNLL,mean,1.1,0.9110373538763806,0.30734123126287083,0.72,0.8758178901805443,group_mean,0.01307514488416158,0.004410940024072732,0.04472135954999579,0.0035649921809751068
ets_unet_event_nll,ETS-U-Net EventNLL,EventNLL,mean,1.15,0.9192254157076329,0.31010349890663536,0.72,0.8758178901805443,group_mean,0.01448280563226135,0.004885818672769843,0.04472135954999579,0.0035649921809751068
ets_unet_event_nll,ETS-U-Net EventNLL,EventNLL,mean,1.2,0.9279013114259961,0.3130303388007895,0.72,0.8758178901805443,group_mean,0.015887712911318696,0.005359768430283565,0.04472135954999579,0.0035649921809751068
ets_unet_event_nll,ETS-U-Net EventNLL,EventNLL,mean,1.25,0.9369549994655377,0.3160846280872859,0.72,0.8758178901805443,group_mean,0.017276753994904685,0.00582836567834103,0.04472135954999579,0.0035649921809751068
ets_unet_event_nll,ETS-U-Net EventNLL,EventNLL,mean,1.3,0.9462824952730792,0.319231287259812,0.72,0.8758178901805443,group_mean,0.018638351312874397,0.006287704688326151,0.04472135954999579,0.0035649921809751068
ets_unet_event_nll,ETS-U-Net EventNLL,EventNLL,mean,1.35,0.9557877287588397,0.3224379067804327,0.72,0.8758178901805443,group_mean,0.01996255311680197,0.006734428207540745,0.04472135954999579,0.0035649921809751068
ets_unet_event_nll,ETS-U-Net EventNLL,EventNLL,mean,1.4,0.9653837894043832,0.32567516712055566,0.72,0.8758178901805443,group_mean,0.021241019579190897,0.00716572276973079,0.04472135954999579,0.0035649921809751068
ets_unet_event_nll,ETS-U-Net EventNLL,EventNLL,mean,1.45,0.9749938333836345,0.32891714478097356,0.72,0.8758178901805443,group_mean,0.02246700054032302,0.007579311187917994,0.04472135954999579,0.0035649921809751068
ets_unet_event_nll,ETS-U-Net EventNLL,EventNLL,mean,1.5,0.9845511370330327,0.332141330330184,0.72,0.8758178901805443,group_mean,0.023635281317440675,0.007973434272962007,0.04472135954999579,0.0035649921809751068
ets_unet_event_nll,ETS-U-Net EventNLL,EventNLL,mean,1.55,0.9939990607677457,0.3353286162314144,0.72,0.8758178901805443,group_mean,0.024742056604046544,0.00834680829310446,0.04472135954999579,0.0035649921809751068
ets_unet_event_nll,ETS-U-Net EventNLL,EventNLL,mean,1.6,1.0032904970188423,0.338463110602542,0.72,0.8758178901805443,group_mean,0.0257848235522779,0.008698588904981699,0.04472135954999579,0.0035649921809751068
ets_unet_event_nll,ETS-U-Net EventNLL,EventNLL,mean,1.65,1.0123870817722656,0.3415318712263612,0.72,0.8758178901805443,group_mean,0.026762214015832245,0.009028314560263819,0.04472135954999579,0.0035649921809751068
ets_unet_event_nll,ETS-U-Net EventNLL,EventNLL,mean,1.7,1.021258507442488,0.3445246737464136,0.72,0.8758178901805443,group_mean,0.027673874662452594,0.009335866061235773,0.04472135954999579,0.0035649921809751068
ets_unet_event_nll,ETS-U-Net EventNLL,EventNLL,mean,1.75,1.0298814527216316,0.34743365064832443,0.72,0.8758178901805443,group_mean,0.02852026976306196,0.009621400031110117,0.04472135954999579,0.0035649921809751068
ets_unet_event_nll,ETS-U-Net EventNLL,EventNLL,mean,1.8,1.0382388300212613,0.350253037381994,0.72,0.8758178901805443,group_mean,0.029302559405035504,0.009885307828902741,0.04472135954999579,0.0035649921809751068
ets_unet_event_nll_mixture,ETS-U-Net mixture EventNLL,Mixture EventNLL,mean,0.4,0.9007164485212019,0.3038594423481666,0.73,0.872449900011732,group_mean,0.008140451429728685,0.002746206129532526,0.05700877125495691,0.0025290673779526022
ets_unet_event_nll_mixture,ETS-U-Net mixture EventNLL,Mixture EventNLL,mean,0.45,0.8925847284241701,0.30111618176036214,0.73,0.872449900011732,group_mean,0.006652419416426474,0.0022442139892750977,0.05700877125495691,0.0025290673779526022
ets_unet_event_nll_mixture,ETS-U-Net mixture EventNLL,Mixture EventNLL,mean,0.5,0.8859596952993364,0.2988812066201222,0.73,0.872449900011732,group_mean,0.0051805755789146035,0.0017476829795170267,0.05700877125495691,0.0025290673779526022
ets_unet_event_nll_mixture,ETS-U-Net mixture EventNLL,Mixture EventNLL,mean,0.55,0.880776892538288,0.2971327722939163,0.73,0.872449900011732,group_mean,0.0037877053408954613,0.001277793954527267,0.05700877125495691,0.0025290673779526022
ets_unet_event_nll_mixture,ETS-U-Net mixture EventNLL,Mixture EventNLL,mean,0.6,0.8769653164971281,0.2958469254858159,0.73,0.872449900011732,group_mean,0.0025838847275496796,0.000871681397285717,0.05700877125495691,0.0025290673779526022
ets_unet_event_nll_mixture,ETS-U-Net mixture EventNLL,Mixture EventNLL,mean,0.65,0.8744495393679831,0.29499822039467505,0.73,0.872449900011732,group_mean,0.0018364545141203435,0.0006195335340822841,0.05700877125495691,0.0025290673779526022
ets_unet_event_nll_mixture,ETS-U-Net mixture EventNLL,Mixture EventNLL,mean,0.7,0.873150982737181,0.2945601483528678,0.73,0.872449900011732,group_mean,0.0019367629972580683,0.0006533729069493487,0.05700877125495691,0.0025290673779526022
ets_unet_event_nll_mixture,ETS-U-Net mixture EventNLL,Mixture EventNLL,mean,0.75,0.8729887291250208,0.2945054116017061,0.73,0.872449900011732,group_mean,0.0026512200098602213,0.000894397160239565,0.05700877125495691,0.0025290673779526022
ets_unet_event_nll_mixture,ETS-U-Net mixture EventNLL,Mixture EventNLL,mean,0.8,0.8738800774610217,0.2948061106827098,0.73,0.872449900011732,group_mean,0.00352731680955349,0.0011899510889314096,0.05700877125495691,0.0025290673779526022
ets_unet_event_nll_mixture,ETS-U-Net mixture EventNLL,Mixture EventNLL,mean,0.85,0.8757409694645183,0.29543388827840156,0.73,0.872449900011732,group_mean,0.004397605892020954,0.0014835457664955137,0.05700877125495691,0.0025290673779526022
ets_unet_event_nll_mixture,ETS-U-Net mixture EventNLL,Mixture EventNLL,mean,0.9,0.8784863791495425,0.2963600606129674,0.73,0.872449900011732,group_mean,0.005219983275919356,0.0017609772863499287,0.05700877125495691,0.0025290673779526022
ets_unet_event_nll_mixture,ETS-U-Net mixture EventNLL,Mixture EventNLL,mean,0.95,0.8820308112329542,0.29755578559176027,0.73,0.872449900011732,group_mean,0.005992728393816693,0.002021665209821362,0.05700877125495691,0.0025290673779526022
ets_unet_event_nll_mixture,ETS-U-Net mixture EventNLL,Mixture EventNLL,mean,1.0,0.8862888709237653,0.29899225502146737,0.73,0.872449900011732,group_mean,0.006730152027354985,0.0022704373227645487,0.05700877125495691,0.0025290673779526022
ets_unet_event_nll_mixture,ETS-U-Net mixture EventNLL,Mixture EventNLL,mean,1.05,0.8911759994063017,0.30064094272759884,0.73,0.872449900011732,group_mean,0.0074535123769921925,0.002514465143971104,0.05700877125495691,0.0025290673779526022
ets_unet_event_nll_mixture,ETS-U-Net mixture EventNLL,Mixture EventNLL,mean,1.1,0.8966093411676731,0.30247389715005657,0.73,0.872449900011732,group_mean,0.008185905076555018,0.0027615400559863083,0.05700877125495691,0.0025290673779526022
ets_unet_event_nll_mixture,ETS-U-Net mixture EventNLL,Mixture EventNLL,mean,1.15,0.902508525966071,0.3044640051425252,0.73,0.872449900011732,group_mean,0.008948562947052558,0.0030188250157672666,0.05700877125495691,0.0025290673779526022
ets_unet_event_nll_mixture,ETS-U-Net mixture EventNLL,Mixture EventNLL,mean,1.2,0.9087966184820042,0.30658531234021447,0.73,0.872449900011732,group_mean,0.009758179919150544,0.0032919517717637918,0.05700877125495691,0.0025290673779526022
ets_unet_event_nll_mixture,ETS-U-Net mixture EventNLL,Mixture EventNLL,mean,1.25,0.9154007659780745,0.3088132416498608,0.73,0.872449900011732,group_mean,0.01062540221216702,0.003584511858548619,0.05700877125495691,0.0025290673779526022
ets_unet_event_nll_mixture,ETS-U-Net mixture EventNLL,Mixture EventNLL,mean,1.3,0.9222529314762078,0.31112484058930334,0.73,0.872449900011732,group_mean,0.011554497675716568,0.003897945048212117,0.05700877125495691,0.0025290673779526022
ets_unet_event_nll_mixture,ETS-U-Net mixture EventNLL,Mixture EventNLL,mean,1.35,0.9292903228834998,0.31349892605439766,0.73,0.872449900011732,group_mean,0.01254401666788911,0.0042317622996324985,0.05700877125495691,0.0025290673779526022
ets_unet_event_nll_mixture,ETS-U-Net mixture EventNLL,Mixture EventNLL,mean,1.4,0.9364556433859056,0.3159161687900905,0.73,0.872449900011732,group_mean,0.013588016828057586,0.004583958939319724,0.05700877125495691,0.0025290673779526022
ets_unet_event_nll_mixture,ETS-U-Net mixture EventNLL,Mixture EventNLL,mean,1.45,0.9436973591279989,0.3183591836930037,0.73,0.872449900011732,group_mean,0.014677519767076248,0.00495150608029892,0.05700877125495691,0.0025290673779526022
ets_unet_event_nll_mixture,ETS-U-Net mixture EventNLL,Mixture EventNLL,mean,1.5,0.9509695538033679,0.3208124807570608,0.73,0.872449900011732,group_mean,0.01580185469883516,0.0053308039003151265,0.05700877125495691,0.0025290673779526022
ets_unet_event_nll_mixture,ETS-U-Net mixture EventNLL,Mixture EventNLL,mean,1.55,0.9582319205388693,0.32326246233561456,0.73,0.872449900011732,group_mean,0.01694976044411573,0.005718053406196667,0.05700877125495691,0.0025290673779526022
ets_unet_event_nll_mixture,ETS-U-Net mixture EventNLL,Mixture EventNLL,mean,1.6,0.9654494752374768,0.3256973264367831,0.73,0.872449900011732,group_mean,0.018110184869205077,0.0061095261269111,0.05700877125495691,0.0025290673779526022
ets_unet_event_nll_mixture,ETS-U-Net mixture EventNLL,Mixture EventNLL,mean,1.65,0.9725922022086106,0.3281069471757595,0.73,0.872449900011732,group_mean,0.019272817191903553,0.0065017436886211375,0.05700877125495691,0.0025290673779526022
ets_unet_event_nll_mixture,ETS-U-Net mixture EventNLL,Mixture EventNLL,mean,1.7,0.979634808693865,0.33048279196331765,0.73,0.872449900011732,group_mean,0.02042840919418563,0.006891586176755933,0.05700877125495691,0.0025290673779526022
ets_unet_event_nll_mixture,ETS-U-Net mixture EventNLL,Mixture EventNLL,mean,1.75,0.9865561949677666,0.3328177427426856,0.73,0.872449900011732,group_mean,0.02156891496732259,0.007276339279454597,0.05700877125495691,0.0025290673779526022
ets_unet_event_nll_mixture,ETS-U-Net mixture EventNLL,Mixture EventNLL,mean,1.8,0.9933391689144365,0.3351059997011113,0.73,0.872449900011732,group_mean,0.022687537536518095,0.007653710016529371,0.05700877125495691,0.0025290673779526022
ets_unet_hazard_event_nll,ETS-U-Net hazard EventNLL,Hazard EventNLL,mean,0.4,0.8946681304231168,0.30181902378198433,0.6399999999999999,0.8751615671255172,group_mean,0.006143500030705009,0.002072528481589099,0.04183300132670377,0.002812928538976431
ets_unet_hazard_event_nll,ETS-U-Net hazard EventNLL,Hazard EventNLL,mean,0.45,0.8878059191055616,0.29950403585470603,0.6399999999999999,0.8751615671255172,group_mean,0.005374084541052108,0.0018129638183659287,0.04183300132670377,0.002812928538976431
ets_unet_hazard_event_nll,ETS-U-Net hazard EventNLL,Hazard EventNLL,mean,0.5,0.8823708694810148,0.29767050527939476,0.6399999999999999,0.8751615671255172,group_mean,0.004490199300660504,0.0015147824354389049,0.04183300132670377,0.002812928538976431
ets_unet_hazard_event_nll,ETS-U-Net hazard EventNLL,Hazard EventNLL,mean,0.55,0.8784174616499412,0.2963368110841825,0.6399999999999999,0.8751615671255172,group_mean,0.0035921227450453957,0.0012118135690179536,0.04183300132670377,0.002812928538976431
ets_unet_hazard_event_nll,ETS-U-Net hazard EventNLL,Hazard EventNLL,mean,0.6,0.8760563525561279,0.2955402837267137,0.6399999999999999,0.8751615671255172,group_mean,0.0028739869674030733,0.0009695482731160962,0.04183300132670377,0.002812928538976431
ets_unet_hazard_event_nll,ETS-U-Net hazard EventNLL,Hazard EventNLL,mean,0.65,0.8754817864163806,0.2953464520862431,0.6399999999999999,0.8751615671255172,group_mean,0.002661728058840604,0.0008979420826272881,0.04183300132670377,0.002812928538976431
ets_unet_hazard_event_nll,ETS-U-Net hazard EventNLL,Hazard EventNLL,mean,0.7,0.8770067628547553,0.29586090754103067,0.6399999999999999,0.8751615671255172,group_mean,0.0031279563559443706,0.0010552256213008245,0.04183300132670377,0.002812928538976431
ets_unet_hazard_event_nll,ETS-U-Net hazard EventNLL,Hazard EventNLL,mean,0.75,0.8810986850275173,0.29724132997207303,0.6399999999999999,0.8751615671255172,group_mean,0.004021741291730385,0.001356746696677019,0.04183300132670377,0.002812928538976431
ets_unet_hazard_event_nll,ETS-U-Net hazard EventNLL,Hazard EventNLL,mean,0.8,0.8884070987799134,0.2997068456522838,0.6399999999999999,0.8751615671255172,group_mean,0.005046806961227986,0.0017025557281598624,0.04183300132670377,0.002812928538976431
ets_unet_hazard_event_nll,ETS-U-Net hazard EventNLL,Hazard EventNLL,mean,0.85,0.8997735932668636,0.30354136725109404,0.6399999999999999,0.8751615671255172,group_mean,0.006054845013946386,0.0020426204411643097,0.04183300132670377,0.002812928538976431
ets_unet_hazard_event_nll,ETS-U-Net hazard EventNLL,Hazard EventNLL,mean,0.9,0.9162129488241494,0.3090872340112728,0.6399999999999999,0.8751615671255172,group_mean,0.007044216156080101,0.00237638781492294,0.04183300132670377,0.002812928538976431
ets_unet_hazard_event_nll,ETS-U-Net hazard EventNLL,Hazard EventNLL,mean,0.95,0.9388562881433578,0.3167260336243267,0.6399999999999999,0.8751615671255172,group_mean,0.008194681218047615,0.0027645007140982836,0.04183300132670377,0.002812928538976431
ets_unet_hazard_event_nll,ETS-U-Net hazard EventNLL,Hazard EventNLL,mean,1.0,0.9688526192994349,0.3268453874704134,0.6399999999999999,0.8751615671255172,group_mean,0.00988260497788319,0.0033339269449969506,0.04183300132670377,0.002812928538976431
ets_unet_hazard_event_nll,ETS-U-Net hazard EventNLL,Hazard EventNLL,mean,1.05,1.0072369709984212,0.33979446564179455,0.6399999999999999,0.8751615671255172,group_mean,0.01254591697718514,0.004232403374772088,0.04183300132670377,0.002812928538976431
ets_unet_hazard_event_nll,ETS-U-Net hazard EventNLL,Hazard EventNLL,mean,1.1,1.0547859222499703,0.35583524943702444,0.6399999999999999,0.8751615671255172,group_mean,0.01644833371630281,0.005548895569519154,0.04183300132670377,0.002812928538976431
ets_unet_hazard_event_nll,ETS-U-Net hazard EventNLL,Hazard EventNLL,mean,1.15,1.1118888510367246,0.3750990967066924,0.6399999999999999,0.8751615671255172,group_mean,0.02158614986990547,0.007282153526431398,0.04183300132670377,0.002812928538976431
ets_unet_hazard_event_nll,ETS-U-Net hazard EventNLL,Hazard EventNLL,mean,1.2,1.178465148520583,0.39755881381329605,0.6399999999999999,0.8751615671255172,group_mean,0.027759273237183916,0.00936467553100597,0.04183300132670377,0.002812928538976431
ets_unet_hazard_event_nll,ETS-U-Net hazard EventNLL,Hazard EventNLL,mean,1.25,1.2539406159626432,0.42302069306016066,0.6399999999999999,0.8751615671255172,group_mean,0.03466164010831289,0.011693210056812777,0.04183300132670377,0.002812928538976431
ets_unet_hazard_event_nll,ETS-U-Net hazard EventNLL,Hazard EventNLL,mean,1.3,1.3372879690578308,0.4511381769523218,0.6399999999999999,0.8751615671255172,group_mean,0.04194210788366048,0.014149298076392055,0.04183300132670377,0.002812928538976431
ets_unet_hazard_event_nll,ETS-U-Net hazard EventNLL,Hazard EventNLL,mean,1.35,1.427115690167947,0.48144183276846625,0.6399999999999999,0.8751615671255172,group_mean,0.049246946514050836,0.016613607678285038,0.04183300132670377,0.002812928538976431
ets_unet_hazard_event_nll,ETS-U-Net hazard EventNLL,Hazard EventNLL,mean,1.4,1.5217874259563424,0.5133796317173189,0.6399999999999999,0.8751615671255172,group_mean,0.05625294144838272,0.01897710144742327,0.04183300132670377,0.002812928538976431
ets_unet_hazard_event_nll,ETS-U-Net hazard EventNLL,Hazard EventNLL,mean,1.45,1.6195545556979476,0.5463616712615493,0.6399999999999999,0.8751615671255172,group_mean,0.06269230456279934,0.021149440243096916,0.04183300132670377,0.002812928538976431
ets_unet_hazard_event_nll,ETS-U-Net hazard EventNLL,Hazard EventNLL,mean,1.5,1.7186791432922024,0.579801653354508,0.6399999999999999,0.8751615671255172,group_mean,0.06836793397919684,0.023064131145292422,0.04183300132670377,0.002812928538976431
ets_unet_hazard_event_nll,ETS-U-Net hazard EventNLL,Hazard EventNLL,mean,1.55,1.8175409380981506,0.6131529814984472,0.6399999999999999,0.8751615671255172,group_mean,0.07315897235433536,0.024680402560484604,0.04183300132670377,0.002812928538976431
ets_unet_hazard_event_nll,ETS-U-Net hazard EventNLL,Hazard EventNLL,mean,1.6,1.9147148413967348,0.6459348942919578,0.6399999999999999,0.8751615671255172,group_mean,0.07701715253037504,0.02598197141569417,0.04183300132670377,0.002812928538976431
ets_unet_hazard_event_nll,ETS-U-Net hazard EventNLL,Hazard EventNLL,mean,1.65,2.0090183444657455,0.6777484688093035,0.6399999999999999,0.8751615671255172,group_mean,0.07995620807834157,0.026973470773013142,0.04183300132670377,0.002812928538976431
ets_unet_hazard_event_nll,ETS-U-Net hazard EventNLL,Hazard EventNLL,mean,1.7,2.0995326387860516,0.7082837421929099,0.6399999999999999,0.8751615671255172,group_mean,0.08203719068169749,0.02767549660415025,0.04183300132670377,0.002812928538976431
ets_unet_hazard_event_nll,ETS-U-Net hazard EventNLL,Hazard EventNLL,mean,1.75,2.1855965955292933,0.7373176806151666,0.6399999999999999,0.8751615671255172,group_mean,0.08335252776822573,0.028119229583900462,0.04183300132670377,0.002812928538976431
ets_unet_hazard_event_nll,ETS-U-Net hazard EventNLL,Hazard EventNLL,mean,1.8,2.2667865337223354,0.7647073540069689,0.6399999999999999,0.8751615671255172,group_mean,0.08401130415894145,0.028341469809493817,0.04183300132670377,0.002812928538976431
ets_unet_time_only,ETS-U-Net time-only,Time-only,mean,0.4,0.9144999262922411,0.30850934063302937,0.7,0.8926869864019226,group_mean,0.00849319409029894,0.0028652049424322578,0.10606601717798211,0.005562651938473088
ets_unet_time_only,ETS-U-Net time-only,Time-only,mean,0.45,0.9071847676591395,0.3060415495467313,0.7,0.8926869864019226,group_mean,0.006750642695155803,0.002277349912072228,0.10606601717798211,0.005562651938473088
ets_unet_time_only,ETS-U-Net time-only,Time-only,mean,0.5,0.9017915776583518,0.3042221404432253,0.7,0.8926869864019226,group_mean,0.005351925283904694,0.0018054883253506519,0.10606601717798211,0.005562651938473088
ets_unet_time_only,ETS-U-Net time-only,Time-only,mean,0.55,0.898024644144647,0.30295135392798384,0.7,0.8926869864019226,group_mean,0.004438957964675835,0.001497496014387044,0.10606601717798211,0.005562651938473088
ets_unet_time_only,ETS-U-Net time-only,Time-only,mean,0.6,0.8956369798864554,0.30214586810478167,0.7,0.8926869864019226,group_mean,0.004258118038883616,0.0014364891136074173,0.10606601717798211,0.005562651938473088
ets_unet_time_only,ETS-U-Net time-only,Time-only,mean,0.65,0.894418660367234,0.30173486429740126,0.7,0.8926869864019226,group_mean,0.00483538561753559,0.0016312320927357,0.10606601717798211,0.005562651938473088
ets_unet_time_only,ETS-U-Net time-only,Time-only,mean,0.7,0.8941887328041747,0.30165729753240383,0.7,0.8926869864019226,group_mean,0.005888840343140987,0.0019866182589226727,0.10606601717798211,0.005562651938473088
ets_unet_time_only,ETS-U-Net time-only,Time-only,mean,0.75,0.894789826200153,0.30186007822370914,0.7,0.8926869864019226,group_mean,0.00714181672427047,0.002409313664419613,0.10606601717798211,0.005562651938473088
ets_unet_time_only,ETS-U-Net time-only,Time-only,mean,0.8,0.8960845439973794,0.30229685522329575,0.7,0.8926869864019226,group_mean,0.008437782785840606,0.0028465117697916015,0.10606601717798211,0.005562651938473088
ets_unet_time_only,ETS-U-Net time-only,Time-only,mean,0.85,0.8979529288664002,0.30292716056003577,0.7,0.8926869864019226,group_mean,0.009698138760520258,0.003271696703690724,0.10606601717798211,0.005562651938473088
ets_unet_time_only,ETS-U-Net time-only,Time-only,mean,0.9,0.9002905442189169,0.3037157622321896,0.7,0.8926869864019226,group_mean,0.010883429123157245,0.003671558024312585,0.10606601717798211,0.005562651938473088
ets_unet_time_only,ETS-U-Net time-only,Time-only,mean,0.95,0.9030069063977807,0.30463213530191674,0.7,0.8926869864019226,group_mean,0.011974315995615548,0.00403957203946056,0.10606601717798211,0.005562651938473088
ets_unet_time_only,ETS-U-Net time-only,Time-only,mean,1.0,0.9060240559757913,0.3056499799185667,0.7,0.8926869864019226,group_mean,0.012962623749513449,0.004372980675953021,0.10606601717798211,0.005562651938473088
ets_unet_time_only,ETS-U-Net time-only,Time-only,mean,1.05,0.9092752349242506,0.30674677505745296,0.7,0.8926869864019226,group_mean,0.013846738091008625,0.004671239346836413,0.10606601717798211,0.005562651938473088
ets_unet_time_only,ETS-U-Net time-only,Time-only,mean,1.1,0.9127036706877053,0.30790336832375803,0.7,0.8926869864019226,group_mean,0.014629046426319276,0.004935153450883364,0.10606601717798211,0.005562651938473088
ets_unet_time_only,ETS-U-Net time-only,Time-only,mean,1.15,0.9162613492235081,0.3091035620336852,0.7,0.8926869864019226,group_mean,0.015314342582596977,0.005166340200311294,0.10606601717798211,0.005562651938473088
ets_unet_time_only,ETS-U-Net time-only,Time-only,mean,1.2,0.919907987357016,0.31033376653534883,0.7,0.8926869864019226,group_mean,0.015908828161894588,0.005366891724496259,0.10606601717798211,0.005562651938473088
ets_unet_time_only,ETS-U-Net time-only,Time-only,mean,1.25,0.9236099421194881,0.3115826322705863,0.7,0.8926869864019226,group_mean,0.01641941038166196,0.005539138194321615,0.10606601717798211,0.005562651938473088
ets_unet_time_only,ETS-U-Net time-only,Time-only,mean,1.3,0.9273393637622224,0.3128407640416925,0.7,0.8926869864019226,group_mean,0.01685326927555421,0.005685501816049991,0.10606601717798211,0.005562651938473088
ets_unet_time_only,ETS-U-Net time-only,Time-only,mean,1.35,0.9310733395711137,0.3141004321746483,0.7,0.8926869864019226,group_mean,0.01721752669098097,0.005808385166636603,0.10606601717798211,0.005562651938473088
ets_unet_time_only,ETS-U-Net time-only,Time-only,mean,1.4,0.9347931418582084,0.3153553188267769,0.7,0.8926869864019226,group_mean,0.017519059585236724,0.005910108208609034,0.10606601717798211,0.005562651938473088
ets_unet_time_only,ETS-U-Net time-only,Time-only,mean,1.45,0.9384836474828633,0.31660032216043593,0.7,0.8926869864019226,group_mean,0.017764370638900556,0.005992864641102872,0.10606601717798211,0.005562651938473088
ets_unet_time_only,ETS-U-Net time-only,Time-only,mean,1.5,0.9421327055372002,0.3178313430297754,0.7,0.8926869864019226,group_mean,0.017959516560955794,0.006058697713375038,0.10606601717798211,0.005562651938473088
ets_unet_time_only,ETS-U-Net time-only,Time-only,mean,1.55,0.9457307238791912,0.3190451454964128,0.7,0.8926869864019226,group_mean,0.018110081825137233,0.006109491364680385,0.10606601717798211,0.005562651938473088
ets_unet_time_only,ETS-U-Net time-only,Time-only,mean,1.6,0.9492702227578167,0.32023920624351787,0.7,0.8926869864019226,group_mean,0.01822115354413121,0.006146961748006427,0.10606601717798211,0.005562651938473088
ets_unet_time_only,ETS-U-Net time-only,Time-only,mean,1.65,0.952745468447838,0.3214115909813856,0.7,0.8926869864019226,group_mean,0.018297362337234543,0.00617267101690278,0.10606601717798211,0.005562651938473088
ets_unet_time_only,ETS-U-Net time-only,Time-only,mean,1.7,0.9561522204671766,0.3225608691704476,0.7,0.8926869864019226,group_mean,0.01834286582733143,0.006188021758135979,0.10606601717798211,0.005562651938473088
ets_unet_time_only,ETS-U-Net time-only,Time-only,mean,1.75,0.9594874210056654,0.3236860092491131,0.7,0.8926869864019226,group_mean,0.01836140429931238,0.006194275768226916,0.10606601717798211,0.005562651938473088
ets_unet_time_only,ETS-U-Net time-only,Time-only,mean,1.8,0.962749032988142,0.3247863240038603,0.7,0.8926869864019226,group_mean,0.01835632498195,0.006192562245015732,0.10606601717798211,0.005562651938473088
ets_unet_wasserstein,ETS-U-Net Wasserstein,Wasserstein,mean,0.2,0.9031261580453904,0.30467236520912155,2.0700000000000003,0.8935705301512895,group_mean,0.003699614777368359,0.0012480763341225069,0.7839005038906404,0.008502610918008729
ets_unet_wasserstein,ETS-U-Net Wasserstein,Wasserstein,mean,0.25,0.9024455587321253,0.3044427629540158,2.0700000000000003,0.8935705301512895,group_mean,0.0035301616754792407,0.0011909108131322645,0.7839005038906404,0.008502610918008729
ets_unet_wasserstein,ETS-U-Net Wasserstein,Wasserstein,mean,0.3,0.9019309885434094,0.3042691711306968,2.0700000000000003,0.8935705301512895,group_mean,0.00341950354805311,0.0011535799561836742,0.7839005038906404,0.008502610918008729
ets_unet_wasserstein,ETS-U-Net Wasserstein,Wasserstein,mean,0.35,0.9015097427084415,0.3041270625628839,2.0700000000000003,0.8935705301512895,group_mean,0.003350735021811317,0.0011303806840162166,0.7839005038906404,0.008502610918008729
ets_unet_wasserstein,ETS-U-Net Wasserstein,Wasserstein,mean,0.4,0.9011441846403347,0.30400374043314693,2.0700000000000003,0.8935705301512895,group_mean,0.0033147289144105667,0.0011182339138158131,0.7839005038906404,0.008502610918008729
ets_unet_wasserstein,ETS-U-Net Wasserstein,Wasserstein,mean,0.45,0.9008136993025445,0.30389225019600297,2.0700000000000003,0.8935705301512895,group_mean,0.0033061787955996798,0.0011153495051451773,0.7839005038906404,0.008502610918008729
ets_unet_wasserstein,ETS-U-Net Wasserstein,Wasserstein,mean,0.5,0.9005065281990696,0.303788625086946,2.0700000000000003,0.8935705301512895,group_mean,0.0033214990765032515,0.0011205178486561889,0.7839005038906404,0.008502610918008729
ets_unet_wasserstein,ETS-U-Net Wasserstein,Wasserstein,mean,0.55,0.900215823684505,0.303690555031904,2.0700000000000003,0.8935705301512895,group_mean,0.003357844589772444,0.0011327791184619863,0.7839005038906404,0.008502610918008729
ets_unet_wasserstein,ETS-U-Net Wasserstein,Wasserstein,mean,0.6,0.8999374892686548,0.3035966580674094,2.0700000000000003,0.8935705301512895,group_mean,0.003412699971495079,0.0011512847488714293,0.7839005038906404,0.008502610918008729
ets_unet_wasserstein,ETS-U-Net Wasserstein,Wasserstein,mean,0.65,0.8996690310998888,0.3035060928850049,2.0700000000000003,0.8935705301512895,group_mean,0.003483738282375559,0.001175249739812731,0.7839005038906404,0.008502610918008729
ets_unet_wasserstein,ETS-U-Net Wasserstein,Wasserstein,mean,0.7,0.8994088680293071,0.3034183260792845,2.0700000000000003,0.8935705301512895,group_mean,0.003568822088670066,0.001203953021490292,0.7839005038906404,0.008502610918008729
ets_unet_wasserstein,ETS-U-Net Wasserstein,Wasserstein,mean,0.75,0.8991559612746922,0.30333300721389733,2.0700000000000003,0.8935705301512895,group_mean,0.003666023121673135,0.0012367440865724004,0.7839005038906404,0.008502610918008729
ets_unet_wasserstein,ETS-U-Net Wasserstein,Wasserstein,mean,0.8,0.8989095846900643,0.30324989132128144,2.0700000000000003,0.8935705301512895,group_mean,0.0037736330776982786,0.0012730466335976976,0.7839005038906404,0.008502610918008729
ets_unet_wasserstein,ETS-U-Net Wasserstein,Wasserstein,mean,0.85,0.8986692158488123,0.3031688021592253,2.0700000000000003,0.8935705301512895,group_mean,0.003890200146420263,0.0013123708899229604,0.7839005038906404,0.008502610918008729
ets_unet_wasserstein,ETS-U-Net Wasserstein,Wasserstein,mean,0.9,0.8984344715143706,0.30308961044170435,2.0700000000000003,0.8935705301512895,group_mean,0.0040145034614451035,0.0013543049925448108,0.7839005038906404,0.008502610918008729
ets_unet_wasserstein,ETS-U-Net Wasserstein,Wasserstein,mean,0.95,0.8982050867988967,0.30301222680799633,2.0700000000000003,0.8935705301512895,group_mean,0.0041455656863738635,0.0013985192340468236,0.7839005038906404,0.008502610918008729
ets_unet_wasserstein,ETS-U-Net Wasserstein,Wasserstein,mean,1.0,0.8979808990319775,0.3029365963807412,2.0700000000000003,0.8935705301512895,group_mean,0.004282621176815835,0.0014447553219575453,0.7839005038906404,0.008502610918008729
ets_unet_wasserstein,ETS-U-Net Wasserstein,Wasserstein,mean,1.05,0.8977618517082566,0.3028627000976846,2.0700000000000003,0.8935705301512895,group_mean,0.004425107479662713,0.00149282351100459,0.7839005038906404,0.008502610918008729
ets_unet_wasserstein,ETS-U-Net Wasserstein,Wasserstein,mean,1.1,0.8975479859587541,0.3027905518345016,2.0700000000000003,0.8935705301512895,group_mean,0.004572628218428892,0.0015425900823710717,0.7839005038906404,0.008502610918008729
ets_unet_wasserstein,ETS-U-Net Wasserstein,Wasserstein,mean,1.15,0.897339459953929,0.30272020495047913,2.0700000000000003,0.8935705301512895,group_mean,0.00472492669057726,0.0015939684366727555,0.7839005038906404,0.008502610918008729
ets_unet_wasserstein,ETS-U-Net Wasserstein,Wasserstein,mean,1.2,0.8971365328143293,0.3026517468607247,2.0700000000000003,0.8935705301512895,group_mean,0.004881876131610461,0.0016469158095196701,0.7839005038906404,0.008502610918008729
ets_unet_wasserstein,ETS-U-Net Wasserstein,Wasserstein,mean,1.25,0.8969395643259347,0.30258529894013664,2.0700000000000003,0.8935705301512895,group_mean,0.0050434342748641925,0.0017014179421236482,0.7839005038906404,0.008502610918008729
ets_unet_wasserstein,ETS-U-Net Wasserstein,Wasserstein,mean,1.3,0.8967490210041709,0.30252101856911706,2.0700000000000003,0.8935705301512895,group_mean,0.005209643690120324,0.0017574891955304884,0.7839005038906404,0.008502610918008729
ets_unet_wasserstein,ETS-U-Net Wasserstein,Wasserstein,mean,1.35,0.8965654527257673,0.30245909125025877,2.0700000000000003,0.8935705301512895,group_mean,0.005380590285666142,0.0018151585511630545,0.7839005038906404,0.008502610918008729
ets_unet_wasserstein,ETS-U-Net Wasserstein,Wasserstein,mean,1.4,0.8963894953466036,0.30239973149148286,2.0700000000000003,0.8935705301512895,group_mean,0.005556401659347431,0.0018744690545439715,0.7839005038906404,0.008502610918008729
ets_unet_wasserstein,ETS-U-Net Wasserstein,Wasserstein,mean,1.45,0.8962218564867342,0.3023431780105739,2.0700000000000003,0.8935705301512895,group_mean,0.005737223051478847,0.00193546970293657,0.7839005038906404,0.008502610918008729
ets_unet_wasserstein,ETS-U-Net Wasserstein,Wasserstein,mean,1.5,0.8960632996018267,0.30228968836163106,2.0700000000000003,0.8935705301512895,group_mean,0.005923209461459436,0.0019982127858610838,0.7839005038906404,0.008502610918008729
ets_unet_wasserstein,ETS-U-Net Wasserstein,Wasserstein,mean,1.55,0.8959146392566915,0.30223953734057857,2.0700000000000003,0.8935705301512895,group_mean,0.006114513315547534,0.002062749724780877,0.7839005038906404,0.008502610918008729
ets_unet_wasserstein,ETS-U-Net Wasserstein,Wasserstein,mean,1.6,0.8957767194067919,0.3021930096583675,2.0700000000000003,0.8935705301512895,group_mean,0.006311275646661734,0.0021291280975813797,0.7839005038906404,0.008502610918008729
ets_unet_wasserstein,ETS-U-Net Wasserstein,Wasserstein,mean,1.65,0.8956504105262992,0.30215039897211515,2.0700000000000003,0.8935705301512895,group_mean,0.006513612776256865,0.002197387145660316,0.7839005038906404,0.008502610918008729
ets_unet_wasserstein,ETS-U-Net Wasserstein,Wasserstein,mean,1.7,0.8955365846631441,0.30211199946985245,2.0700000000000003,0.8935705301512895,group_mean,0.006721630450713534,0.0022675625428818778,0.7839005038906404,0.008502610918008729
ets_unet_wasserstein,ETS-U-Net Wasserstein,Wasserstein,mean,1.75,0.8954361169265802,0.30207810637235605,2.0700000000000003,0.8935705301512895,group_mean,0.006935398469494494,0.0023396778363077965,0.7839005038906404,0.008502610918008729
ets_unet_wasserstein,ETS-U-Net Wasserstein,Wasserstein,mean,1.8,0.8953498643739037,0.3020490088105202,2.0700000000000003,0.8935705301512895,group_mean,0.007154957950092747,0.0024137468970498,0.7839005038906404,0.008502610918008729
ets_unet_wasserstein,ETS-U-Net Wasserstein,Wasserstein,mean,1.85,0.8952786633405718,0.30202498892466345,2.0700000000000003,0.8935705301512895,group_mean,0.00738032093379228,0.002489773787271782,0.7839005038906404,0.008502610918008729
ets_unet_wasserstein,ETS-U-Net Wasserstein,Wasserstein,mean,1.9,0.8952233153176271,0.3020063171002345,2.0700000000000003,0.8935705301512895,group_mean,0.007611467921794575,0.0025677519289945706,0.7839005038906404,0.008502610918008729
ets_unet_wasserstein,ETS-U-Net Wasserstein,Wasserstein,mean,1.95,0.8951845791559331,0.30199324933788774,2.0700000000000003,0.8935705301512895,group_mean,0.007848346634617948,0.002647663685575494,0.7839005038906404,0.008502610918008729
ets_unet_wasserstein,ETS-U-Net Wasserstein,Wasserstein,mean,2.0,0.8951631771987248,0.3019860293223177,2.0700000000000003,0.8935705301512895,group_mean,0.008090871233158426,0.002729480098930905,0.7839005038906404,0.008502610918008729
ets_unet_wasserstein,ETS-U-Net Wasserstein,Wasserstein,mean,2.05,0.8951597626591491,0.3019848774169728,2.0700000000000003,0.8935705301512895,group_mean,0.008338925019915686,0.002813161800802962,0.7839005038906404,0.008502610918008729
ets_unet_wasserstein,ETS-U-Net Wasserstein,Wasserstein,mean,2.1,0.8951749484964792,0.30199000040553403,2.0700000000000003,0.8935705301512895,group_mean,0.00859236423477928,0.002898660293279751,0.7839005038906404,0.008502610918008729
ets_unet_wasserstein,ETS-U-Net Wasserstein,Wasserstein,mean,2.15,0.8952092758546492,0.30200158084455897,2.0700000000000003,0.8935705301512895,group_mean,0.008851019627138437,0.002985918479151266,0.7839005038906404,0.008502610918008729
ets_unet_wasserstein,ETS-U-Net Wasserstein,Wasserstein,mean,2.2,0.8952632252869108,0.30201978085015335,2.0700000000000003,0.8935705301512895,group_mean,0.009114691607699071,0.003074869026360147,0.7839005038906404,0.008502610918008729
ets_unet_wasserstein,ETS-U-Net Wasserstein,Wasserstein,mean,2.25,0.8953372228160305,0.30204474414239735,2.0700000000000003,0.8935705301512895,group_mean,0.009383157256811816,0.003165436732282424,0.7839005038906404,0.008502610918008729
ets_unet_wasserstein,ETS-U-Net Wasserstein,Wasserstein,mean,2.3,0.8954316187449705,0.3020765888970643,2.0700000000000003,0.8935705301512895,group_mean,0.009656177386900777,0.00325754090625956,0.7839005038906404,0.008502610918008729
ets_unet_wasserstein,ETS-U-Net Wasserstein,Wasserstein,mean,2.35,0.8955467122048434,0.3021154160269478,2.0700000000000003,0.8935705301512895,group_mean,0.00993348330388617,0.0033510909035238128,0.7839005038906404,0.008502610918008729
ets_unet_wasserstein,ETS-U-Net Wasserstein,Wasserstein,mean,2.4,0.8956827241632739,0.3021613000761502,2.0700000000000003,0.8935705301512895,group_mean,0.010214801969916403,0.003445994613922828,0.7839005038906404,0.008502610918008729
ets_unet_wasserstein,ETS-U-Net Wasserstein,Wasserstein,mean,2.45,0.8958398266300481,0.30221429907269776,2.0700000000000003,0.8935705301512895,group_mean,0.010499837678960988,0.003542152280124886,0.7839005038906404,0.008502610918008729
ets_unet_wasserstein,ETS-U-Net Wasserstein,Wasserstein,mean,2.5,0.8960181211136546,0.30227444726078895,2.0700000000000003,0.8935705301512895,group_mean,0.010788284117112829,0.003639460566198739,0.7839005038906404,0.008502610918008729
ets_unet_wasserstein,ETS-U-Net Wasserstein,Wasserstein,mean,2.55,0.8962176599441637,0.3023417622941325,2.0700000000000003,0.8935705301512895,group_mean,0.011079825234673598,0.003737812851814289,0.7839005038906404,0.008502610918008729
ets_unet_wasserstein,ETS-U-Net Wasserstein,Wasserstein,mean,2.6,0.8964384343149672,0.30241624120179234,2.0700000000000003,0.8935705301512895,group_mean,0.011374138066320049,0.003837100183634219,0.7839005038906404,0.008502610918008729
ets_unet_wasserstein,ETS-U-Net Wasserstein,Wasserstein,mean,2.65,0.8966803908262959,0.3024978659691933,2.0700000000000003,0.8935705301512895,group_mean,0.011670895814301615,0.0039372123154402085,0.7839005038906404,0.008502610918008729
ets_unet_wasserstein,ETS-U-Net Wasserstein,Wasserstein,mean,2.7,0.8969434155186555,0.3025865981517525,2.0700000000000003,0.8935705301512895,group_mean,0.011969768221257013,0.004038037833903674,0.7839005038906404,0.008502610918008729
ets_unet_wasserstein,ETS-U-Net Wasserstein,Wasserstein,mean,2.75,0.8972273553220653,0.3026823861108446,2.0700000000000003,0.8935705301512895,group_mean,0.012270418251630576,0.004139463039051478,0.7839005038906404,0.008502610918008729
ets_unet_wasserstein,ETS-U-Net Wasserstein,Wasserstein,mean,2.8,0.8975320131046793,0.30278516334344,2.0700000000000003,0.8935705301512895,group_mean,0.01257251635355025,0.004241376755554013,0.7839005038906404,0.008502610918008729
ets_unet_wasserstein,ETS-U-Net Wasserstein,Wasserstein,mean,2.85,0.8978571488571392,0.3028948488816492,2.0700000000000003,0.8935705301512895,group_mean,0.012875733045817383,0.004343667831923515,0.7839005038906404,0.008502610918008729
ets_unet_wasserstein,ETS-U-Net Wasserstein,Wasserstein,mean,2.9,0.8982024953654832,0.30301135258002676,2.0700000000000003,0.8935705301512895,group_mean,0.013179741056957451,0.004446225862129418,0.7839005038906404,0.008502610918008729
ets_unet_wasserstein,ETS-U-Net Wasserstein,Wasserstein,mean,2.95,0.8985677325824618,0.30313456646965664,2.0700000000000003,0.8935705301512895,group_mean,0.013484218985509439,0.004548942420408148,0.7839005038906404,0.008502610918008729
ets_unet_wasserstein,ETS-U-Net Wasserstein,Wasserstein,mean,3.0,0.8989525303537057,0.3032643791719549,2.0700000000000003,0.8935705301512895,group_mean,0.013788851553810646,0.004651711146878134,0.7839005038906404,0.008502610918008729
ets_unet_wasserstein,ETS-U-Net Wasserstein,Wasserstein,mean,3.05,0.8993565154143119,0.30340066476486743,2.0700000000000003,0.8935705301512895,group_mean,0.014093332814296585,0.004754428829194925,0.7839005038906404,0.008502610918008729
ets_unet_wasserstein,ETS-U-Net Wasserstein,Wasserstein,mean,3.1,0.8997793024777259,0.3035432932707995,2.0700000000000003,0.8935705301512895,group_mean,0.014397368365155799,0.0048569961500091255,0.7839005038906404,0.008502610918008729
ets_unet_wasserstein,ETS-U-Net Wasserstein,Wasserstein,mean,3.15,0.9002204747316049,0.3036921240768354,2.0700000000000003,0.8935705301512895,group_mean,0.014700660307544074,0.0049593126122366125,0.7839005038906404,0.008502610918008729
ets_unet_wasserstein,ETS-U-Net Wasserstein,Wasserstein,mean,3.2,0.9006796023141603,0.3038470121677889,2.0700000000000003,0.8935705301512895,group_mean,0.015002935208535437,0.005061285972445461,0.7839005038906404,0.008502610918008729
ets_unet_wasserstein,ETS-U-Net Wasserstein,Wasserstein,mean,3.25,0.9011562376239324,0.30400780654394205,2.0700000000000003,0.8935705301512895,group_mean,0.015303922890740349,0.005162825085468892,0.7839005038906404,0.008502610918008729
ets_unet_wasserstein,ETS-U-Net Wasserstein,Wasserstein,mean,3.3,0.9016499151239415,0.30417435015497396,2.0700000000000003,0.8935705301512895,group_mean,0.01560336548731835,0.005263842959141408,0.7839005038906404,0.008502610918008729
ets_unet_wasserstein,ETS-U-Net Wasserstein,Wasserstein,mean,3.35,0.9021601629018055,0.3043464837998027,2.0700000000000003,0.8935705301512895,group_mean,0.015901018107890734,0.005364256978946514,0.7839005038906404,0.008502610918008729
ets_unet_wasserstein,ETS-U-Net Wasserstein,Wasserstein,mean,3.4,0.9026865043079105,0.30452404667922656,2.0700000000000003,0.8935705301512895,group_mean,0.01619664842077761,0.005463988767083071,0.7839005038906404,0.008502610918008729
ets_unet_wasserstein,ETS-U-Net Wasserstein,Wasserstein,mean,3.45,0.903228436963024,0.30470686931407837,2.0700000000000003,0.8935705301512895,group_mean,0.016490028126744976,0.005562961306107825,0.7839005038906404,0.008502610918008729
ets_unet_wasserstein,ETS-U-Net Wasserstein,Wasserstein,mean,3.5,0.9037854681288497,0.3048947854775904,2.0700000000000003,0.8935705301512895,group_mean,0.016780950415751776,0.005661104828022402,0.7839005038906404,0.008502610918008729
