name,label,seed,relative_time_ms,mean_posterior_density,curve_type,std_posterior_density
ets_tcn_event_nll_mixture,ets tcn event nll mixture,2025,-1000.0,0.09391357721017989,seed,
ets_tcn_event_nll_mixture,ets tcn event nll mixture,2025,-990.0,0.09339807153066287,seed,
ets_tcn_event_nll_mixture,ets tcn event nll mixture,2025,-980.0,0.09243696968050473,seed,
ets_tcn_event_nll_mixture,ets tcn event nll mixture,2025,-970.0,0.09208373721062339,seed,
ets_tcn_event_nll_mixture,ets tcn event nll mixture,2025,-960.0,0.09218353291023117,seed,
ets_tcn_event_nll_mixture,ets tcn event nll mixture,2025,-950.0,0.09457692172261484,seed,
ets_tcn_event_nll_mixture,ets tcn event nll mixture,2025,-940.0,0.09871386991733998,seed,
ets_tcn_event_nll_mixture,ets tcn event nll mixture,2025,-929.9999999999999,0.10264804703547173,seed,
ets_tcn_event_nll_mixture,ets tcn event nll mixture,2025,-919.9999999999999,0.10729290829320683,seed,
ets_tcn_event_nll_mixture,ets tcn event nll mixture,2025,-909.9999999999999,0.114455040939493,seed,
ets_tcn_event_nll_mixture,ets tcn event nll mixture,2025,-899.9999999999999,0.12120471701674422,seed,
ets_tcn_event_nll_mixture,ets tcn event nll mixture,2025,-889.9999999999999,0.12415055959226665,seed,
ets_tcn_event_nll_mixture,ets tcn event nll mixture,2025,-879.9999999999999,0.12537372905130542,seed,
ets_tcn_event_nll_mixture,ets tcn event nll mixture,2025,-869.9999999999999,0.12456462262513411,seed,
ets_tcn_event_nll_mixture,ets tcn event nll mixture,2025,-859.9999999999999,0.1238095344319581,seed,
ets_tcn_event_nll_mixture,ets tcn event nll mixture,2025,-849.9999999999999,0.1231896838001341,seed,
ets_tcn_event_nll_mixture,ets tcn event nll mixture,2025,-839.9999999999999,0.12269773711357272,seed,
ets_tcn_event_nll_mixture,ets tcn event nll mixture,2025,-829.9999999999999,0.12510301103469482,seed,
ets_tcn_event_nll_mixture,ets tcn event nll mixture,2025,-819.9999999999999,0.12741674444427925,seed,
ets_tcn_event_nll_mixture,ets tcn event nll mixture,2025,-809.9999999999999,0.12885368212763676,seed,
ets_tcn_event_nll_mixture,ets tcn event nll mixture,2025,-799.9999999999998,0.13172953376889895,seed,
ets_tcn_event_nll_mixture,ets tcn event nll mixture,2025,-789.9999999999998,0.1363503084294974,seed,
ets_tcn_event_nll_mixture,ets tcn event nll mixture,2025,-779.9999999999998,0.14094023249514556,seed,
ets_tcn_event_nll_mixture,ets tcn event nll mixture,2025,-769.9999999999998,0.14901376574071573,seed,
ets_tcn_event_nll_mixture,ets tcn event nll mixture,2025,-759.9999999999998,0.15667571889249296,seed,
ets_tcn_event_nll_mixture,ets tcn event nll mixture,2025,-749.9999999999998,0.16228473348081915,seed,
ets_tcn_event_nll_mixture,ets tcn event nll mixture,2025,-739.9999999999998,0.16643714345463576,seed,
ets_tcn_event_nll_mixture,ets tcn event nll mixture,2025,-729.9999999999998,0.17067622175755512,seed,
ets_tcn_event_nll_mixture,ets tcn event nll mixture,2025,-719.9999999999998,0.1754713594008658,seed,
ets_tcn_event_nll_mixture,ets tcn event nll mixture,2025,-709.9999999999998,0.17989439852274197,seed,
ets_tcn_event_nll_mixture,ets tcn event nll mixture,2025,-699.9999999999998,0.18700217543199726,seed,
ets_tcn_event_nll_mixture,ets tcn event nll mixture,2025,-689.9999999999998,0.19364425605727442,seed,
ets_tcn_event_nll_mixture,ets tcn event nll mixture,2025,-679.9999999999998,0.19736708901669642,seed,
ets_tcn_event_nll_mixture,ets tcn event nll mixture,2025,-669.9999999999997,0.1985391075399699,seed,
ets_tcn_event_nll_mixture,ets tcn event nll mixture,2025,-659.9999999999997,0.20100877465577424,seed,
ets_tcn_event_nll_mixture,ets tcn event nll mixture,2025,-649.9999999999997,0.20510127891763127,seed,
ets_tcn_event_nll_mixture,ets tcn event nll mixture,2025,-639.9999999999997,0.21363954025633297,seed,
ets_tcn_event_nll_mixture,ets tcn event nll mixture,2025,-629.9999999999997,0.22343445281535637,seed,
ets_tcn_event_nll_mixture,ets tcn event nll mixture,2025,-619.9999999999997,0.2315216836083591,seed,
ets_tcn_event_nll_mixture,ets tcn event nll mixture,2025,-609.9999999999997,0.23660503151714338,seed,
ets_tcn_event_nll_mixture,ets tcn event nll mixture,2025,-599.9999999999997,0.23926673418627722,seed,
ets_tcn_event_nll_mixture,ets tcn event nll mixture,2025,-589.9999999999997,0.2418765867454671,seed,
ets_tcn_event_nll_mixture,ets tcn event nll mixture,2025,-579.9999999999997,0.24436026127904045,seed,
ets_tcn_event_nll_mixture,ets tcn event nll mixture,2025,-569.9999999999997,0.24790658745033362,seed,
ets_tcn_event_nll_mixture,ets tcn event nll mixture,2025,-559.9999999999997,0.2507388711309192,seed,
ets_tcn_event_nll_mixture,ets tcn event nll mixture,2025,-549.9999999999995,0.2558623398731025,seed,
ets_tcn_event_nll_mixture,ets tcn event nll mixture,2025,-539.9999999999995,0.26579851724588255,seed,
ets_tcn_event_nll_mixture,ets tcn event nll mixture,2025,-529.9999999999995,0.2774722443880714,seed,
ets_tcn_event_nll_mixture,ets tcn event nll mixture,2025,-519.9999999999995,0.2896302342683022,seed,
ets_tcn_event_nll_mixture,ets tcn event nll mixture,2025,-509.99999999999955,0.3010997172285786,seed,
ets_tcn_event_nll_mixture,ets tcn event nll mixture,2025,-499.99999999999955,0.3088215106658244,seed,
ets_tcn_event_nll_mixture,ets tcn event nll mixture,2025,-489.99999999999955,0.31400697095879737,seed,
ets_tcn_event_nll_mixture,ets tcn event nll mixture,2025,-479.99999999999955,0.32098814322386315,seed,
ets_tcn_event_nll_mixture,ets tcn event nll mixture,2025,-469.99999999999955,0.3251991561618478,seed,
ets_tcn_event_nll_mixture,ets tcn event nll mixture,2025,-459.99999999999955,0.3305345090007087,seed,
ets_tcn_event_nll_mixture,ets tcn event nll mixture,2025,-449.9999999999995,0.33659889019575373,seed,
ets_tcn_event_nll_mixture,ets tcn event nll mixture,2025,-439.9999999999995,0.3459105369916022,seed,
ets_tcn_event_nll_mixture,ets tcn event nll mixture,2025,-429.9999999999995,0.355912951457344,seed,
ets_tcn_event_nll_mixture,ets tcn event nll mixture,2025,-419.9999999999995,0.36778320628518674,seed,
ets_tcn_event_nll_mixture,ets tcn event nll mixture,2025,-409.9999999999995,0.38147048670596956,seed,
ets_tcn_event_nll_mixture,ets tcn event nll mixture,2025,-399.9999999999995,0.3987415753491399,seed,
ets_tcn_event_nll_mixture,ets tcn event nll mixture,2025,-389.99999999999943,0.4128733851833258,seed,
ets_tcn_event_nll_mixture,ets tcn event nll mixture,2025,-379.99999999999943,0.4253456106817779,seed,
ets_tcn_event_nll_mixture,ets tcn event nll mixture,2025,-369.99999999999943,0.4359247601595262,seed,
ets_tcn_event_nll_mixture,ets tcn event nll mixture,2025,-359.99999999999943,0.44449473256403127,seed,
ets_tcn_event_nll_mixture,ets tcn event nll mixture,2025,-349.99999999999943,0.4524315027960952,seed,
ets_tcn_event_nll_mixture,ets tcn event nll mixture,2025,-339.99999999999943,0.4645269523573054,seed,
ets_tcn_event_nll_mixture,ets tcn event nll mixture,2025,-329.99999999999943,0.4793174064152139,seed,
ets_tcn_event_nll_mixture,ets tcn event nll mixture,2025,-319.9999999999994,0.49900812890977475,seed,
ets_tcn_event_nll_mixture,ets tcn event nll mixture,2025,-309.9999999999994,0.5183888095033682,seed,
ets_tcn_event_nll_mixture,ets tcn event nll mixture,2025,-299.9999999999994,0.5351000211995115,seed,
ets_tcn_event_nll_mixture,ets tcn event nll mixture,2025,-289.9999999999994,0.5486078514625566,seed,
ets_tcn_event_nll_mixture,ets tcn event nll mixture,2025,-279.9999999999994,0.5647723432597334,seed,
ets_tcn_event_nll_mixture,ets tcn event nll mixture,2025,-269.9999999999994,0.5796347364927104,seed,
ets_tcn_event_nll_mixture,ets tcn event nll mixture,2025,-259.9999999999993,0.5933121714337644,seed,
ets_tcn_event_nll_mixture,ets tcn event nll mixture,2025,-249.99999999999935,0.6031675289824115,seed,
ets_tcn_event_nll_mixture,ets tcn event nll mixture,2025,-239.99999999999932,0.6062549102141814,seed,
ets_tcn_event_nll_mixture,ets tcn event nll mixture,2025,-229.99999999999932,0.6129216780433654,seed,
ets_tcn_event_nll_mixture,ets tcn event nll mixture,2025,-219.99999999999932,0.6304387192941328,seed,
ets_tcn_event_nll_mixture,ets tcn event nll mixture,2025,-209.9999999999993,0.6502061324616066,seed,
ets_tcn_event_nll_mixture,ets tcn event nll mixture,2025,-199.9999999999993,0.6725947711711913,seed,
ets_tcn_event_nll_mixture,ets tcn event nll mixture,2025,-189.9999999999993,0.6991496048869107,seed,
ets_tcn_event_nll_mixture,ets tcn event nll mixture,2025,-179.99999999999926,0.7294758583699807,seed,
ets_tcn_event_nll_mixture,ets tcn event nll mixture,2025,-169.99999999999926,0.7679974880947961,seed,
ets_tcn_event_nll_mixture,ets tcn event nll mixture,2025,-159.99999999999926,0.8123882795796546,seed,
ets_tcn_event_nll_mixture,ets tcn event nll mixture,2025,-149.99999999999923,0.8682083592258388,seed,
ets_tcn_event_nll_mixture,ets tcn event nll mixture,2025,-139.99999999999923,0.940480869920825,seed,
ets_tcn_event_nll_mixture,ets tcn event nll mixture,2025,-129.99999999999923,1.0342694245791733,seed,
ets_tcn_event_nll_mixture,ets tcn event nll mixture,2025,-119.99999999999922,1.153394799426561,seed,
ets_tcn_event_nll_mixture,ets tcn event nll mixture,2025,-109.9999999999992,1.2994606949538619,seed,
ets_tcn_event_nll_mixture,ets tcn event nll mixture,2025,-99.9999999999992,1.464683031425793,seed,
ets_tcn_event_nll_mixture,ets tcn event nll mixture,2025,-89.99999999999919,1.636396794084436,seed,
ets_tcn_event_nll_mixture,ets tcn event nll mixture,2025,-79.99999999999918,1.8114237862633713,seed,
ets_tcn_event_nll_mixture,ets tcn event nll mixture,2025,-69.99999999999918,2.0035065663003255,seed,
ets_tcn_event_nll_mixture,ets tcn event nll mixture,2025,-59.99999999999916,2.195444951301483,seed,
ets_tcn_event_nll_mixture,ets tcn event nll mixture,2025,-49.999999999999154,2.363870167122887,seed,
ets_tcn_event_nll_mixture,ets tcn event nll mixture,2025,-39.99999999999915,2.486048570551998,seed,
ets_tcn_event_nll_mixture,ets tcn event nll mixture,2025,-29.99999999999914,2.56737062622076,seed,
ets_tcn_event_nll_mixture,ets tcn event nll mixture,2025,-19.99999999999913,2.5816958822531553,seed,
ets_tcn_event_nll_mixture,ets tcn event nll mixture,2025,-9.99999999999912,2.5154734284827183,seed,
ets_tcn_event_nll_mixture,ets tcn event nll mixture,2025,8.881784197001252e-13,2.394916762776519,seed,
ets_tcn_event_nll_mixture,ets tcn event nll mixture,2025,10.000000000000897,2.2524716556032613,seed,
ets_tcn_event_nll_mixture,ets tcn event nll mixture,2025,20.000000000000906,2.0899888645208393,seed,
ets_tcn_event_nll_mixture,ets tcn event nll mixture,2025,30.000000000000917,1.9083468999715794,seed,
ets_tcn_event_nll_mixture,ets tcn event nll mixture,2025,40.000000000000924,1.7205277678510618,seed,
ets_tcn_event_nll_mixture,ets tcn event nll mixture,2025,50.00000000000093,1.5380668868792804,seed,
ets_tcn_event_nll_mixture,ets tcn event nll mixture,2025,60.00000000000094,1.36660892710663,seed,
ets_tcn_event_nll_mixture,ets tcn event nll mixture,2025,70.00000000000095,1.2241178773005317,seed,
ets_tcn_event_nll_mixture,ets tcn event nll mixture,2025,80.00000000000097,1.1058506469762857,seed,
ets_tcn_event_nll_mixture,ets tcn event nll mixture,2025,90.00000000000097,1.0082886092244783,seed,
ets_tcn_event_nll_mixture,ets tcn event nll mixture,2025,100.00000000000098,0.9294321389996171,seed,
ets_tcn_event_nll_mixture,ets tcn event nll mixture,2025,110.00000000000098,0.8774730356371074,seed,
ets_tcn_event_nll_mixture,ets tcn event nll mixture,2025,120.000000000001,0.8465048961771422,seed,
ets_tcn_event_nll_mixture,ets tcn event nll mixture,2025,130.000000000001,0.81736886074128,seed,
ets_tcn_event_nll_mixture,ets tcn event nll mixture,2025,140.00000000000102,0.7942392598691469,seed,
ets_tcn_event_nll_mixture,ets tcn event nll mixture,2025,150.00000000000102,0.7703715973842119,seed,
ets_tcn_event_nll_mixture,ets tcn event nll mixture,2025,160.00000000000102,0.7469341096242766,seed,
ets_tcn_event_nll_mixture,ets tcn event nll mixture,2025,170.00000000000105,0.7265408390143767,seed,
ets_tcn_event_nll_mixture,ets tcn event nll mixture,2025,180.00000000000105,0.7172127684530331,seed,
ets_tcn_event_nll_mixture,ets tcn event nll mixture,2025,190.00000000000105,0.7110349258393819,seed,
ets_tcn_event_nll_mixture,ets tcn event nll mixture,2025,200.00000000000108,0.703305578269803,seed,
ets_tcn_event_nll_mixture,ets tcn event nll mixture,2025,210.00000000000108,0.6919667668065621,seed,
ets_tcn_event_nll_mixture,ets tcn event nll mixture,2025,220.00000000000108,0.6720587835112797,seed,
ets_tcn_event_nll_mixture,ets tcn event nll mixture,2025,230.00000000000108,0.6472148774064166,seed,
ets_tcn_event_nll_mixture,ets tcn event nll mixture,2025,240.0000000000011,0.6240354562441036,seed,
ets_tcn_event_nll_mixture,ets tcn event nll mixture,2025,250.0000000000011,0.6020564200311099,seed,
ets_tcn_event_nll_mixture,ets tcn event nll mixture,2025,260.00000000000114,0.5789255642969449,seed,
ets_tcn_event_nll_mixture,ets tcn event nll mixture,2025,270.00000000000114,0.5580558474881179,seed,
ets_tcn_event_nll_mixture,ets tcn event nll mixture,2025,280.00000000000114,0.538131952330051,seed,
ets_tcn_event_nll_mixture,ets tcn event nll mixture,2025,290.00000000000114,0.5192594751881614,seed,
ets_tcn_event_nll_mixture,ets tcn event nll mixture,2025,300.00000000000114,0.5003922703975537,seed,
ets_tcn_event_nll_mixture,ets tcn event nll mixture,2025,310.00000000000114,0.4817661036426042,seed,
ets_tcn_event_nll_mixture,ets tcn event nll mixture,2025,320.0000000000012,0.4669462099954133,seed,
ets_tcn_event_nll_mixture,ets tcn event nll mixture,2025,330.0000000000012,0.45537181820811395,seed,
ets_tcn_event_nll_mixture,ets tcn event nll mixture,2025,340.0000000000012,0.4466375081388368,seed,
ets_tcn_event_nll_mixture,ets tcn event nll mixture,2025,350.0000000000012,0.43882197244442683,seed,
ets_tcn_event_nll_mixture,ets tcn event nll mixture,2025,360.0000000000012,0.4264911679621987,seed,
ets_tcn_event_nll_mixture,ets tcn event nll mixture,2025,370.0000000000012,0.4161946801723928,seed,
ets_tcn_event_nll_mixture,ets tcn event nll mixture,2025,380.00000000000125,0.40600304757839484,seed,
ets_tcn_event_nll_mixture,ets tcn event nll mixture,2025,390.00000000000125,0.39613381935620545,seed,
ets_tcn_event_nll_mixture,ets tcn event nll mixture,2025,400.00000000000125,0.3874384314003028,seed,
ets_tcn_event_nll_mixture,ets tcn event nll mixture,2025,410.00000000000125,0.37668423249240357,seed,
ets_tcn_event_nll_mixture,ets tcn event nll mixture,2025,420.00000000000125,0.3673109124292614,seed,
ets_tcn_event_nll_mixture,ets tcn event nll mixture,2025,430.00000000000125,0.36027523645885484,seed,
ets_tcn_event_nll_mixture,ets tcn event nll mixture,2025,440.00000000000125,0.35192505910855626,seed,
ets_tcn_event_nll_mixture,ets tcn event nll mixture,2025,450.0000000000013,0.3433424957356367,seed,
ets_tcn_event_nll_mixture,ets tcn event nll mixture,2025,460.0000000000013,0.33775650879086017,seed,
ets_tcn_event_nll_mixture,ets tcn event nll mixture,2025,470.0000000000013,0.33074396731956096,seed,
ets_tcn_event_nll_mixture,ets tcn event nll mixture,2025,480.0000000000013,0.3247718412104579,seed,
ets_tcn_event_nll_mixture,ets tcn event nll mixture,2025,490.0000000000013,0.3209805836143113,seed,
ets_tcn_event_nll_mixture,ets tcn event nll mixture,2025,500.0000000000013,0.31487147200355087,seed,
ets_tcn_event_nll_mixture,ets tcn event nll mixture,2025,510.00000000000136,0.3093546701531926,seed,
ets_tcn_event_nll_mixture,ets tcn event nll mixture,2025,520.0000000000014,0.30517422563735236,seed,
ets_tcn_event_nll_mixture,ets tcn event nll mixture,2025,530.0000000000014,0.3047323374833115,seed,
ets_tcn_event_nll_mixture,ets tcn event nll mixture,2025,540.0000000000014,0.3051579798130777,seed,
ets_tcn_event_nll_mixture,ets tcn event nll mixture,2025,550.0000000000014,0.30510394072853586,seed,
ets_tcn_event_nll_mixture,ets tcn event nll mixture,2025,560.0000000000014,0.30598595483143687,seed,
ets_tcn_event_nll_mixture,ets tcn event nll mixture,2025,570.0000000000014,0.30528016819463877,seed,
ets_tcn_event_nll_mixture,ets tcn event nll mixture,2025,580.0000000000014,0.3007546686760598,seed,
ets_tcn_event_nll_mixture,ets tcn event nll mixture,2025,590.0000000000014,0.29569634487902546,seed,
ets_tcn_event_nll_mixture,ets tcn event nll mixture,2025,600.0000000000014,0.28904189673127234,seed,
ets_tcn_event_nll_mixture,ets tcn event nll mixture,2025,610.0000000000015,0.28288420926683205,seed,
ets_tcn_event_nll_mixture,ets tcn event nll mixture,2025,620.0000000000015,0.27848186992534585,seed,
ets_tcn_event_nll_mixture,ets tcn event nll mixture,2025,630.0000000000015,0.2752955686337952,seed,
ets_tcn_event_nll_mixture,ets tcn event nll mixture,2025,640.0000000000015,0.2723590719526409,seed,
ets_tcn_event_nll_mixture,ets tcn event nll mixture,2025,650.0000000000015,0.2696897025391999,seed,
ets_tcn_event_nll_mixture,ets tcn event nll mixture,2025,660.0000000000015,0.2644561658719924,seed,
ets_tcn_event_nll_mixture,ets tcn event nll mixture,2025,670.0000000000015,0.26180879725330247,seed,
ets_tcn_event_nll_mixture,ets tcn event nll mixture,2025,680.0000000000015,0.2597599824436694,seed,
ets_tcn_event_nll_mixture,ets tcn event nll mixture,2025,690.0000000000015,0.25441589716926377,seed,
ets_tcn_event_nll_mixture,ets tcn event nll mixture,2025,700.0000000000015,0.25067357149792807,seed,
ets_tcn_event_nll_mixture,ets tcn event nll mixture,2025,710.0000000000015,0.25028123218849196,seed,
ets_tcn_event_nll_mixture,ets tcn event nll mixture,2025,720.0000000000015,0.2464073486702787,seed,
ets_tcn_event_nll_mixture,ets tcn event nll mixture,2025,730.0000000000016,0.24282086141908926,seed,
ets_tcn_event_nll_mixture,ets tcn event nll mixture,2025,740.0000000000016,0.2406053174363999,seed,
ets_tcn_event_nll_mixture,ets tcn event nll mixture,2025,750.0000000000016,0.2349302275053784,seed,
ets_tcn_event_nll_mixture,ets tcn event nll mixture,2025,760.0000000000016,0.2292370255120566,seed,
ets_tcn_event_nll_mixture,ets tcn event nll mixture,2025,770.0000000000016,0.22826089293031684,seed,
ets_tcn_event_nll_mixture,ets tcn event nll mixture,2025,780.0000000000016,0.2259636901351187,seed,
ets_tcn_event_nll_mixture,ets tcn event nll mixture,2025,790.0000000000016,0.22514095970442477,seed,
ets_tcn_event_nll_mixture,ets tcn event nll mixture,2025,800.0000000000016,0.22517775672019347,seed,
ets_tcn_event_nll_mixture,ets tcn event nll mixture,2025,810.0000000000016,0.23198459169760374,seed,
ets_tcn_event_nll_mixture,ets tcn event nll mixture,2025,820.0000000000016,0.23406180265509055,seed,
ets_tcn_event_nll_mixture,ets tcn event nll mixture,2025,830.0000000000016,0.23394443417768876,seed,
ets_tcn_event_nll_mixture,ets tcn event nll mixture,2025,840.0000000000016,0.2358469723508864,seed,
ets_tcn_event_nll_mixture,ets tcn event nll mixture,2025,850.0000000000016,0.2331856319124347,seed,
ets_tcn_event_nll_mixture,ets tcn event nll mixture,2025,860.0000000000017,0.22653317074825252,seed,
ets_tcn_event_nll_mixture,ets tcn event nll mixture,2025,870.0000000000017,0.22162428769969744,seed,
ets_tcn_event_nll_mixture,ets tcn event nll mixture,2025,880.0000000000017,0.21708235403131923,seed,
ets_tcn_event_nll_mixture,ets tcn event nll mixture,2025,890.0000000000017,0.21297626730339167,seed,
ets_tcn_event_nll_mixture,ets tcn event nll mixture,2025,900.0000000000017,0.21462627039513657,seed,
ets_tcn_event_nll_mixture,ets tcn event nll mixture,2025,910.0000000000017,0.21874103805507933,seed,
ets_tcn_event_nll_mixture,ets tcn event nll mixture,2025,920.0000000000017,0.22393009763338148,seed,
ets_tcn_event_nll_mixture,ets tcn event nll mixture,2025,930.0000000000017,0.2307377666189737,seed,
ets_tcn_event_nll_mixture,ets tcn event nll mixture,2025,940.0000000000017,0.23669591971702753,seed,
ets_tcn_event_nll_mixture,ets tcn event nll mixture,2025,950.0000000000017,0.2447193839444002,seed,
ets_tcn_event_nll_mixture,ets tcn event nll mixture,2025,960.0000000000017,0.25590299448815884,seed,
ets_tcn_event_nll_mixture,ets tcn event nll mixture,2025,970.0000000000017,0.264166506298706,seed,
ets_tcn_event_nll_mixture,ets tcn event nll mixture,2025,980.0000000000017,0.2675629494860149,seed,
ets_tcn_event_nll_mixture,ets tcn event nll mixture,2025,990.0000000000018,0.2679138361681178,seed,
ets_tcn_event_nll_mixture,ets tcn event nll mixture,2025,1000.0000000000018,0.2624089354073497,seed,
ets_tcn_event_nll_mixture,ets tcn event nll mixture,2026,-1000.0,0.11129180618848349,seed,
ets_tcn_event_nll_mixture,ets tcn event nll mixture,2026,-990.0,0.11575425786258801,seed,
ets_tcn_event_nll_mixture,ets tcn event nll mixture,2026,-980.0,0.11487646830751759,seed,
ets_tcn_event_nll_mixture,ets tcn event nll mixture,2026,-970.0,0.11298240807269602,seed,
ets_tcn_event_nll_mixture,ets tcn event nll mixture,2026,-960.0,0.10894148959669205,seed,
ets_tcn_event_nll_mixture,ets tcn event nll mixture,2026,-950.0,0.10726756684563091,seed,
ets_tcn_event_nll_mixture,ets tcn event nll mixture,2026,-940.0,0.11177763881831435,seed,
ets_tcn_event_nll_mixture,ets tcn event nll mixture,2026,-929.9999999999999,0.11936265031754688,seed,
ets_tcn_event_nll_mixture,ets tcn event nll mixture,2026,-919.9999999999999,0.12691189686181792,seed,
ets_tcn_event_nll_mixture,ets tcn event nll mixture,2026,-909.9999999999999,0.13279850541753582,seed,
ets_tcn_event_nll_mixture,ets tcn event nll mixture,2026,-899.9999999999999,0.13625396820650928,seed,
ets_tcn_event_nll_mixture,ets tcn event nll mixture,2026,-889.9999999999999,0.14047996937537433,seed,
ets_tcn_event_nll_mixture,ets tcn event nll mixture,2026,-879.9999999999999,0.1425815852881456,seed,
ets_tcn_event_nll_mixture,ets tcn event nll mixture,2026,-869.9999999999999,0.14307165708835365,seed,
ets_tcn_event_nll_mixture,ets tcn event nll mixture,2026,-859.9999999999999,0.14481718724342857,seed,
ets_tcn_event_nll_mixture,ets tcn event nll mixture,2026,-849.9999999999999,0.14743855551107848,seed,
ets_tcn_event_nll_mixture,ets tcn event nll mixture,2026,-839.9999999999999,0.1479882163139273,seed,
ets_tcn_event_nll_mixture,ets tcn event nll mixture,2026,-829.9999999999999,0.1466266234082304,seed,
ets_tcn_event_nll_mixture,ets tcn event nll mixture,2026,-819.9999999999999,0.1465499187978249,seed,
ets_tcn_event_nll_mixture,ets tcn event nll mixture,2026,-809.9999999999999,0.14823507548142545,seed,
ets_tcn_event_nll_mixture,ets tcn event nll mixture,2026,-799.9999999999998,0.15203592258844079,seed,
ets_tcn_event_nll_mixture,ets tcn event nll mixture,2026,-789.9999999999998,0.15499437706711167,seed,
ets_tcn_event_nll_mixture,ets tcn event nll mixture,2026,-779.9999999999998,0.1558946029945993,seed,
ets_tcn_event_nll_mixture,ets tcn event nll mixture,2026,-769.9999999999998,0.1587520785797627,seed,
ets_tcn_event_nll_mixture,ets tcn event nll mixture,2026,-759.9999999999998,0.16303595647530625,seed,
ets_tcn_event_nll_mixture,ets tcn event nll mixture,2026,-749.9999999999998,0.17002479552893401,seed,
ets_tcn_event_nll_mixture,ets tcn event nll mixture,2026,-739.9999999999998,0.1782154261137358,seed,
ets_tcn_event_nll_mixture,ets tcn event nll mixture,2026,-729.9999999999998,0.18448420095376555,seed,
ets_tcn_event_nll_mixture,ets tcn event nll mixture,2026,-719.9999999999998,0.1877766580209823,seed,
ets_tcn_event_nll_mixture,ets tcn event nll mixture,2026,-709.9999999999998,0.19100252427235437,seed,
ets_tcn_event_nll_mixture,ets tcn event nll mixture,2026,-699.9999999999998,0.19440213239882934,seed,
ets_tcn_event_nll_mixture,ets tcn event nll mixture,2026,-689.9999999999998,0.19755567325275797,seed,
ets_tcn_event_nll_mixture,ets tcn event nll mixture,2026,-679.9999999999998,0.20015009839964013,seed,
ets_tcn_event_nll_mixture,ets tcn event nll mixture,2026,-669.9999999999997,0.20377033430153663,seed,
ets_tcn_event_nll_mixture,ets tcn event nll mixture,2026,-659.9999999999997,0.20578155832357511,seed,
ets_tcn_event_nll_mixture,ets tcn event nll mixture,2026,-649.9999999999997,0.20717476676143334,seed,
ets_tcn_event_nll_mixture,ets tcn event nll mixture,2026,-639.9999999999997,0.21082717097641457,seed,
ets_tcn_event_nll_mixture,ets tcn event nll mixture,2026,-629.9999999999997,0.2187025042440227,seed,
ets_tcn_event_nll_mixture,ets tcn event nll mixture,2026,-619.9999999999997,0.2291684515516897,seed,
ets_tcn_event_nll_mixture,ets tcn event nll mixture,2026,-609.9999999999997,0.24067483623992358,seed,
ets_tcn_event_nll_mixture,ets tcn event nll mixture,2026,-599.9999999999997,0.2521306860665973,seed,
ets_tcn_event_nll_mixture,ets tcn event nll mixture,2026,-589.9999999999997,0.26100591120468636,seed,
ets_tcn_event_nll_mixture,ets tcn event nll mixture,2026,-579.9999999999997,0.26443836289273237,seed,
ets_tcn_event_nll_mixture,ets tcn event nll mixture,2026,-569.9999999999997,0.2643186937596348,seed,
ets_tcn_event_nll_mixture,ets tcn event nll mixture,2026,-559.9999999999997,0.2654011540924627,seed,
ets_tcn_event_nll_mixture,ets tcn event nll mixture,2026,-549.9999999999995,0.2700815001665527,seed,
ets_tcn_event_nll_mixture,ets tcn event nll mixture,2026,-539.9999999999995,0.27793734099252126,seed,
ets_tcn_event_nll_mixture,ets tcn event nll mixture,2026,-529.9999999999995,0.2872552963511299,seed,
ets_tcn_event_nll_mixture,ets tcn event nll mixture,2026,-519.9999999999995,0.2981216975343359,seed,
ets_tcn_event_nll_mixture,ets tcn event nll mixture,2026,-509.99999999999955,0.3079333653937328,seed,
ets_tcn_event_nll_mixture,ets tcn event nll mixture,2026,-499.99999999999955,0.3142848019136364,seed,
ets_tcn_event_nll_mixture,ets tcn event nll mixture,2026,-489.99999999999955,0.32240355714397695,seed,
ets_tcn_event_nll_mixture,ets tcn event nll mixture,2026,-479.99999999999955,0.33300664358272014,seed,
ets_tcn_event_nll_mixture,ets tcn event nll mixture,2026,-469.99999999999955,0.34651161450557455,seed,
ets_tcn_event_nll_mixture,ets tcn event nll mixture,2026,-459.99999999999955,0.35885065137566263,seed,
ets_tcn_event_nll_mixture,ets tcn event nll mixture,2026,-449.9999999999995,0.36719808398242487,seed,
ets_tcn_event_nll_mixture,ets tcn event nll mixture,2026,-439.9999999999995,0.3741216266027494,seed,
ets_tcn_event_nll_mixture,ets tcn event nll mixture,2026,-429.9999999999995,0.3834757729759306,seed,
ets_tcn_event_nll_mixture,ets tcn event nll mixture,2026,-419.9999999999995,0.39283919644292226,seed,
ets_tcn_event_nll_mixture,ets tcn event nll mixture,2026,-409.9999999999995,0.4046014160758685,seed,
ets_tcn_event_nll_mixture,ets tcn event nll mixture,2026,-399.9999999999995,0.4140695016708531,seed,
ets_tcn_event_nll_mixture,ets tcn event nll mixture,2026,-389.99999999999943,0.422930904924209,seed,
ets_tcn_event_nll_mixture,ets tcn event nll mixture,2026,-379.99999999999943,0.439208616876077,seed,
ets_tcn_event_nll_mixture,ets tcn event nll mixture,2026,-369.99999999999943,0.45923731228920606,seed,
ets_tcn_event_nll_mixture,ets tcn event nll mixture,2026,-359.99999999999943,0.47447433875700834,seed,
ets_tcn_event_nll_mixture,ets tcn event nll mixture,2026,-349.99999999999943,0.4849309390429314,seed,
ets_tcn_event_nll_mixture,ets tcn event nll mixture,2026,-339.99999999999943,0.49014097871369017,seed,
ets_tcn_event_nll_mixture,ets tcn event nll mixture,2026,-329.99999999999943,0.49704912886895075,seed,
ets_tcn_event_nll_mixture,ets tcn event nll mixture,2026,-319.9999999999994,0.5068652688560145,seed,
ets_tcn_event_nll_mixture,ets tcn event nll mixture,2026,-309.9999999999994,0.5223383231109946,seed,
ets_tcn_event_nll_mixture,ets tcn event nll mixture,2026,-299.9999999999994,0.5401750982129833,seed,
ets_tcn_event_nll_mixture,ets tcn event nll mixture,2026,-289.9999999999994,0.5592851391633257,seed,
ets_tcn_event_nll_mixture,ets tcn event nll mixture,2026,-279.9999999999994,0.5764063416649734,seed,
ets_tcn_event_nll_mixture,ets tcn event nll mixture,2026,-269.9999999999994,0.5921460914948234,seed,
ets_tcn_event_nll_mixture,ets tcn event nll mixture,2026,-259.9999999999993,0.6037202514619395,seed,
ets_tcn_event_nll_mixture,ets tcn event nll mixture,2026,-249.99999999999935,0.6074280017471456,seed,
ets_tcn_event_nll_mixture,ets tcn event nll mixture,2026,-239.99999999999932,0.6055476247531112,seed,
ets_tcn_event_nll_mixture,ets tcn event nll mixture,2026,-229.99999999999932,0.6122303732257041,seed,
ets_tcn_event_nll_mixture,ets tcn event nll mixture,2026,-219.99999999999932,0.6295081432040361,seed,
ets_tcn_event_nll_mixture,ets tcn event nll mixture,2026,-209.9999999999993,0.6560338886247586,seed,
ets_tcn_event_nll_mixture,ets tcn event nll mixture,2026,-199.9999999999993,0.6921072175778846,seed,
ets_tcn_event_nll_mixture,ets tcn event nll mixture,2026,-189.9999999999993,0.7329826361578999,seed,
ets_tcn_event_nll_mixture,ets tcn event nll mixture,2026,-179.99999999999926,0.768006404295602,seed,
ets_tcn_event_nll_mixture,ets tcn event nll mixture,2026,-169.99999999999926,0.8089703025619099,seed,
ets_tcn_event_nll_mixture,ets tcn event nll mixture,2026,-159.99999999999926,0.8654590565563747,seed,
ets_tcn_event_nll_mixture,ets tcn event nll mixture,2026,-149.99999999999923,0.9357342737094335,seed,
ets_tcn_event_nll_mixture,ets tcn event nll mixture,2026,-139.99999999999923,1.0169169168469203,seed,
ets_tcn_event_nll_mixture,ets tcn event nll mixture,2026,-129.99999999999923,1.1125374412604614,seed,
ets_tcn_event_nll_mixture,ets tcn event nll mixture,2026,-119.99999999999922,1.2214258196762724,seed,
ets_tcn_event_nll_mixture,ets tcn event nll mixture,2026,-109.9999999999992,1.3652470194057884,seed,
ets_tcn_event_nll_mixture,ets tcn event nll mixture,2026,-99.9999999999992,1.522302147506939,seed,
ets_tcn_event_nll_mixture,ets tcn event nll mixture,2026,-89.99999999999919,1.683827076775693,seed,
ets_tcn_event_nll_mixture,ets tcn event nll mixture,2026,-79.99999999999918,1.8574242432714716,seed,
ets_tcn_event_nll_mixture,ets tcn event nll mixture,2026,-69.99999999999918,2.0423263718585765,seed,
ets_tcn_event_nll_mixture,ets tcn event nll mixture,2026,-59.99999999999916,2.2226314924584663,seed,
ets_tcn_event_nll_mixture,ets tcn event nll mixture,2026,-49.999999999999154,2.3787721852519015,seed,
ets_tcn_event_nll_mixture,ets tcn event nll mixture,2026,-39.99999999999915,2.4903750402645075,seed,
ets_tcn_event_nll_mixture,ets tcn event nll mixture,2026,-29.99999999999914,2.5707309555516438,seed,
ets_tcn_event_nll_mixture,ets tcn event nll mixture,2026,-19.99999999999913,2.615692318967179,seed,
ets_tcn_event_nll_mixture,ets tcn event nll mixture,2026,-9.99999999999912,2.559288000790537,seed,
ets_tcn_event_nll_mixture,ets tcn event nll mixture,2026,8.881784197001252e-13,2.450483656693441,seed,
ets_tcn_event_nll_mixture,ets tcn event nll mixture,2026,10.000000000000897,2.290148242491375,seed,
ets_tcn_event_nll_mixture,ets tcn event nll mixture,2026,20.000000000000906,2.0893676249668434,seed,
ets_tcn_event_nll_mixture,ets tcn event nll mixture,2026,30.000000000000917,1.8840219383525318,seed,
ets_tcn_event_nll_mixture,ets tcn event nll mixture,2026,40.000000000000924,1.680070990948626,seed,
ets_tcn_event_nll_mixture,ets tcn event nll mixture,2026,50.00000000000093,1.4893595701402078,seed,
ets_tcn_event_nll_mixture,ets tcn event nll mixture,2026,60.00000000000094,1.3305638770942543,seed,
ets_tcn_event_nll_mixture,ets tcn event nll mixture,2026,70.00000000000095,1.1765430119401665,seed,
ets_tcn_event_nll_mixture,ets tcn event nll mixture,2026,80.00000000000097,1.0366596755928243,seed,
ets_tcn_event_nll_mixture,ets tcn event nll mixture,2026,90.00000000000097,0.9289785582264463,seed,
ets_tcn_event_nll_mixture,ets tcn event nll mixture,2026,100.00000000000098,0.8639911537243501,seed,
ets_tcn_event_nll_mixture,ets tcn event nll mixture,2026,110.00000000000098,0.8227152488177716,seed,
ets_tcn_event_nll_mixture,ets tcn event nll mixture,2026,120.000000000001,0.7906743901097595,seed,
ets_tcn_event_nll_mixture,ets tcn event nll mixture,2026,130.000000000001,0.7652031569565607,seed,
ets_tcn_event_nll_mixture,ets tcn event nll mixture,2026,140.00000000000102,0.7402961219487325,seed,
ets_tcn_event_nll_mixture,ets tcn event nll mixture,2026,150.00000000000102,0.7245937049539964,seed,
ets_tcn_event_nll_mixture,ets tcn event nll mixture,2026,160.00000000000102,0.7139005171841027,seed,
ets_tcn_event_nll_mixture,ets tcn event nll mixture,2026,170.00000000000105,0.7105541653633007,seed,
ets_tcn_event_nll_mixture,ets tcn event nll mixture,2026,180.00000000000105,0.7051149647256959,seed,
ets_tcn_event_nll_mixture,ets tcn event nll mixture,2026,190.00000000000105,0.6987349444993881,seed,
ets_tcn_event_nll_mixture,ets tcn event nll mixture,2026,200.00000000000108,0.6882704577821184,seed,
ets_tcn_event_nll_mixture,ets tcn event nll mixture,2026,210.00000000000108,0.675969554229024,seed,
ets_tcn_event_nll_mixture,ets tcn event nll mixture,2026,220.00000000000108,0.6671956374499527,seed,
ets_tcn_event_nll_mixture,ets tcn event nll mixture,2026,230.00000000000108,0.6526096097320639,seed,
ets_tcn_event_nll_mixture,ets tcn event nll mixture,2026,240.0000000000011,0.6266675909567763,seed,
ets_tcn_event_nll_mixture,ets tcn event nll mixture,2026,250.0000000000011,0.5991210258161093,seed,
ets_tcn_event_nll_mixture,ets tcn event nll mixture,2026,260.00000000000114,0.5706684711863315,seed,
ets_tcn_event_nll_mixture,ets tcn event nll mixture,2026,270.00000000000114,0.5418217757352729,seed,
ets_tcn_event_nll_mixture,ets tcn event nll mixture,2026,280.00000000000114,0.516030706064329,seed,
ets_tcn_event_nll_mixture,ets tcn event nll mixture,2026,290.00000000000114,0.494222259395725,seed,
ets_tcn_event_nll_mixture,ets tcn event nll mixture,2026,300.00000000000114,0.475186745144646,seed,
ets_tcn_event_nll_mixture,ets tcn event nll mixture,2026,310.00000000000114,0.45574065125456253,seed,
ets_tcn_event_nll_mixture,ets tcn event nll mixture,2026,320.0000000000012,0.43762447209851413,seed,
ets_tcn_event_nll_mixture,ets tcn event nll mixture,2026,330.0000000000012,0.4238346715025282,seed,
ets_tcn_event_nll_mixture,ets tcn event nll mixture,2026,340.0000000000012,0.40864322419894655,seed,
ets_tcn_event_nll_mixture,ets tcn event nll mixture,2026,350.0000000000012,0.3923042511061127,seed,
ets_tcn_event_nll_mixture,ets tcn event nll mixture,2026,360.0000000000012,0.3817949228673673,seed,
ets_tcn_event_nll_mixture,ets tcn event nll mixture,2026,370.0000000000012,0.3732857854431167,seed,
ets_tcn_event_nll_mixture,ets tcn event nll mixture,2026,380.00000000000125,0.36665324477821415,seed,
ets_tcn_event_nll_mixture,ets tcn event nll mixture,2026,390.00000000000125,0.3626204554077364,seed,
ets_tcn_event_nll_mixture,ets tcn event nll mixture,2026,400.00000000000125,0.3595968616983862,seed,
ets_tcn_event_nll_mixture,ets tcn event nll mixture,2026,410.00000000000125,0.3571460382702246,seed,
ets_tcn_event_nll_mixture,ets tcn event nll mixture,2026,420.00000000000125,0.3544067702536003,seed,
ets_tcn_event_nll_mixture,ets tcn event nll mixture,2026,430.00000000000125,0.34618827760482046,seed,
ets_tcn_event_nll_mixture,ets tcn event nll mixture,2026,440.00000000000125,0.3339394685280822,seed,
ets_tcn_event_nll_mixture,ets tcn event nll mixture,2026,450.0000000000013,0.3219448879190752,seed,
ets_tcn_event_nll_mixture,ets tcn event nll mixture,2026,460.0000000000013,0.3171314542636438,seed,
ets_tcn_event_nll_mixture,ets tcn event nll mixture,2026,470.0000000000013,0.31164475348687243,seed,
ets_tcn_event_nll_mixture,ets tcn event nll mixture,2026,480.0000000000013,0.306564436573992,seed,
ets_tcn_event_nll_mixture,ets tcn event nll mixture,2026,490.0000000000013,0.30206738035735053,seed,
ets_tcn_event_nll_mixture,ets tcn event nll mixture,2026,500.0000000000013,0.2932482758674534,seed,
ets_tcn_event_nll_mixture,ets tcn event nll mixture,2026,510.00000000000136,0.28504222240026333,seed,
ets_tcn_event_nll_mixture,ets tcn event nll mixture,2026,520.0000000000014,0.27861414633770637,seed,
ets_tcn_event_nll_mixture,ets tcn event nll mixture,2026,530.0000000000014,0.27439516913864315,seed,
ets_tcn_event_nll_mixture,ets tcn event nll mixture,2026,540.0000000000014,0.2733994788308745,seed,
ets_tcn_event_nll_mixture,ets tcn event nll mixture,2026,550.0000000000014,0.27335512423179914,seed,
ets_tcn_event_nll_mixture,ets tcn event nll mixture,2026,560.0000000000014,0.27497479917409245,seed,
ets_tcn_event_nll_mixture,ets tcn event nll mixture,2026,570.0000000000014,0.27353413294971435,seed,
ets_tcn_event_nll_mixture,ets tcn event nll mixture,2026,580.0000000000014,0.266947442595409,seed,
ets_tcn_event_nll_mixture,ets tcn event nll mixture,2026,590.0000000000014,0.258518245874653,seed,
ets_tcn_event_nll_mixture,ets tcn event nll mixture,2026,600.0000000000014,0.2504622953471055,seed,
ets_tcn_event_nll_mixture,ets tcn event nll mixture,2026,610.0000000000015,0.24503741069407606,seed,
ets_tcn_event_nll_mixture,ets tcn event nll mixture,2026,620.0000000000015,0.24251358009501658,seed,
ets_tcn_event_nll_mixture,ets tcn event nll mixture,2026,630.0000000000015,0.2409312362409877,seed,
ets_tcn_event_nll_mixture,ets tcn event nll mixture,2026,640.0000000000015,0.24078545205787175,seed,
ets_tcn_event_nll_mixture,ets tcn event nll mixture,2026,650.0000000000015,0.24424098323218704,seed,
ets_tcn_event_nll_mixture,ets tcn event nll mixture,2026,660.0000000000015,0.2426269386493565,seed,
ets_tcn_event_nll_mixture,ets tcn event nll mixture,2026,670.0000000000015,0.23850421711202685,seed,
ets_tcn_event_nll_mixture,ets tcn event nll mixture,2026,680.0000000000015,0.23657437355585464,seed,
ets_tcn_event_nll_mixture,ets tcn event nll mixture,2026,690.0000000000015,0.2343540355282051,seed,
ets_tcn_event_nll_mixture,ets tcn event nll mixture,2026,700.0000000000015,0.22979989348641877,seed,
ets_tcn_event_nll_mixture,ets tcn event nll mixture,2026,710.0000000000015,0.22603058788420247,seed,
ets_tcn_event_nll_mixture,ets tcn event nll mixture,2026,720.0000000000015,0.21948590108593927,seed,
ets_tcn_event_nll_mixture,ets tcn event nll mixture,2026,730.0000000000016,0.21382517114810876,seed,
ets_tcn_event_nll_mixture,ets tcn event nll mixture,2026,740.0000000000016,0.20959052624770222,seed,
ets_tcn_event_nll_mixture,ets tcn event nll mixture,2026,750.0000000000016,0.20642557269709194,seed,
ets_tcn_event_nll_mixture,ets tcn event nll mixture,2026,760.0000000000016,0.20505549497453146,seed,
ets_tcn_event_nll_mixture,ets tcn event nll mixture,2026,770.0000000000016,0.20528474582853717,seed,
ets_tcn_event_nll_mixture,ets tcn event nll mixture,2026,780.0000000000016,0.20348143558847945,seed,
ets_tcn_event_nll_mixture,ets tcn event nll mixture,2026,790.0000000000016,0.2012701534605609,seed,
ets_tcn_event_nll_mixture,ets tcn event nll mixture,2026,800.0000000000016,0.19717301721967223,seed,
ets_tcn_event_nll_mixture,ets tcn event nll mixture,2026,810.0000000000016,0.1969942290471114,seed,
ets_tcn_event_nll_mixture,ets tcn event nll mixture,2026,820.0000000000016,0.19972773680455863,seed,
ets_tcn_event_nll_mixture,ets tcn event nll mixture,2026,830.0000000000016,0.20318605071542903,seed,
ets_tcn_event_nll_mixture,ets tcn event nll mixture,2026,840.0000000000016,0.20717963197508943,seed,
ets_tcn_event_nll_mixture,ets tcn event nll mixture,2026,850.0000000000016,0.20502688924137016,seed,
ets_tcn_event_nll_mixture,ets tcn event nll mixture,2026,860.0000000000017,0.20099232069532122,seed,
ets_tcn_event_nll_mixture,ets tcn event nll mixture,2026,870.0000000000017,0.20424394691513953,seed,
ets_tcn_event_nll_mixture,ets tcn event nll mixture,2026,880.0000000000017,0.20452978115445186,seed,
ets_tcn_event_nll_mixture,ets tcn event nll mixture,2026,890.0000000000017,0.20056526658354637,seed,
ets_tcn_event_nll_mixture,ets tcn event nll mixture,2026,900.0000000000017,0.19645402085616326,seed,
ets_tcn_event_nll_mixture,ets tcn event nll mixture,2026,910.0000000000017,0.19445979897302,seed,
ets_tcn_event_nll_mixture,ets tcn event nll mixture,2026,920.0000000000017,0.20031000292191822,seed,
ets_tcn_event_nll_mixture,ets tcn event nll mixture,2026,930.0000000000017,0.20921090230517375,seed,
ets_tcn_event_nll_mixture,ets tcn event nll mixture,2026,940.0000000000017,0.21295663270804668,seed,
ets_tcn_event_nll_mixture,ets tcn event nll mixture,2026,950.0000000000017,0.21408834421968712,seed,
ets_tcn_event_nll_mixture,ets tcn event nll mixture,2026,960.0000000000017,0.21895417235462397,seed,
ets_tcn_event_nll_mixture,ets tcn event nll mixture,2026,970.0000000000017,0.22725761069234837,seed,
ets_tcn_event_nll_mixture,ets tcn event nll mixture,2026,980.0000000000017,0.23673632259800345,seed,
ets_tcn_event_nll_mixture,ets tcn event nll mixture,2026,990.0000000000018,0.23963159757696645,seed,
ets_tcn_event_nll_mixture,ets tcn event nll mixture,2026,1000.0000000000018,0.22939133079349272,seed,
ets_tcn_event_nll_mixture,ets tcn event nll mixture,2027,-1000.0,0.10401567401762171,seed,
ets_tcn_event_nll_mixture,ets tcn event nll mixture,2027,-990.0,0.10439934346245407,seed,
ets_tcn_event_nll_mixture,ets tcn event nll mixture,2027,-980.0,0.10420078334338294,seed,
ets_tcn_event_nll_mixture,ets tcn event nll mixture,2027,-970.0,0.10432678981320272,seed,
ets_tcn_event_nll_mixture,ets tcn event nll mixture,2027,-960.0,0.10331668508199726,seed,
ets_tcn_event_nll_mixture,ets tcn event nll mixture,2027,-950.0,0.10256670962213939,seed,
ets_tcn_event_nll_mixture,ets tcn event nll mixture,2027,-940.0,0.10400742080148093,seed,
ets_tcn_event_nll_mixture,ets tcn event nll mixture,2027,-929.9999999999999,0.10709778538312632,seed,
ets_tcn_event_nll_mixture,ets tcn event nll mixture,2027,-919.9999999999999,0.11357827264561436,seed,
ets_tcn_event_nll_mixture,ets tcn event nll mixture,2027,-909.9999999999999,0.12100525685087116,seed,
ets_tcn_event_nll_mixture,ets tcn event nll mixture,2027,-899.9999999999999,0.1251986690663868,seed,
ets_tcn_event_nll_mixture,ets tcn event nll mixture,2027,-889.9999999999999,0.12699885915140083,seed,
ets_tcn_event_nll_mixture,ets tcn event nll mixture,2027,-879.9999999999999,0.1260797763586436,seed,
ets_tcn_event_nll_mixture,ets tcn event nll mixture,2027,-869.9999999999999,0.12469747596133386,seed,
ets_tcn_event_nll_mixture,ets tcn event nll mixture,2027,-859.9999999999999,0.12426980404411106,seed,
ets_tcn_event_nll_mixture,ets tcn event nll mixture,2027,-849.9999999999999,0.12442906070986198,seed,
ets_tcn_event_nll_mixture,ets tcn event nll mixture,2027,-839.9999999999999,0.12471542642828243,seed,
ets_tcn_event_nll_mixture,ets tcn event nll mixture,2027,-829.9999999999999,0.12534157849860506,seed,
ets_tcn_event_nll_mixture,ets tcn event nll mixture,2027,-819.9999999999999,0.1279960741168328,seed,
ets_tcn_event_nll_mixture,ets tcn event nll mixture,2027,-809.9999999999999,0.1311243832228605,seed,
ets_tcn_event_nll_mixture,ets tcn event nll mixture,2027,-799.9999999999998,0.13508068849193425,seed,
ets_tcn_event_nll_mixture,ets tcn event nll mixture,2027,-789.9999999999998,0.13932886853209359,seed,
ets_tcn_event_nll_mixture,ets tcn event nll mixture,2027,-779.9999999999998,0.14225902959327197,seed,
ets_tcn_event_nll_mixture,ets tcn event nll mixture,2027,-769.9999999999998,0.1478209734370228,seed,
ets_tcn_event_nll_mixture,ets tcn event nll mixture,2027,-759.9999999999998,0.1532271030103825,seed,
ets_tcn_event_nll_mixture,ets tcn event nll mixture,2027,-749.9999999999998,0.15696382705579684,seed,
ets_tcn_event_nll_mixture,ets tcn event nll mixture,2027,-739.9999999999998,0.16269291490659293,seed,
ets_tcn_event_nll_mixture,ets tcn event nll mixture,2027,-729.9999999999998,0.16876322576170572,seed,
ets_tcn_event_nll_mixture,ets tcn event nll mixture,2027,-719.9999999999998,0.17526887523666407,seed,
ets_tcn_event_nll_mixture,ets tcn event nll mixture,2027,-709.9999999999998,0.18011152882231504,seed,
ets_tcn_event_nll_mixture,ets tcn event nll mixture,2027,-699.9999999999998,0.1852293333018399,seed,
ets_tcn_event_nll_mixture,ets tcn event nll mixture,2027,-689.9999999999998,0.19074386132951013,seed,
ets_tcn_event_nll_mixture,ets tcn event nll mixture,2027,-679.9999999999998,0.19459272463309069,seed,
ets_tcn_event_nll_mixture,ets tcn event nll mixture,2027,-669.9999999999997,0.1981700053793072,seed,
ets_tcn_event_nll_mixture,ets tcn event nll mixture,2027,-659.9999999999997,0.20124961450252646,seed,
ets_tcn_event_nll_mixture,ets tcn event nll mixture,2027,-649.9999999999997,0.20298455739001686,seed,
ets_tcn_event_nll_mixture,ets tcn event nll mixture,2027,-639.9999999999997,0.2060735847952823,seed,
ets_tcn_event_nll_mixture,ets tcn event nll mixture,2027,-629.9999999999997,0.2123249150481417,seed,
ets_tcn_event_nll_mixture,ets tcn event nll mixture,2027,-619.9999999999997,0.22104321377710473,seed,
ets_tcn_event_nll_mixture,ets tcn event nll mixture,2027,-609.9999999999997,0.2296248000227804,seed,
ets_tcn_event_nll_mixture,ets tcn event nll mixture,2027,-599.9999999999997,0.238249763006709,seed,
ets_tcn_event_nll_mixture,ets tcn event nll mixture,2027,-589.9999999999997,0.24183361418167026,seed,
ets_tcn_event_nll_mixture,ets tcn event nll mixture,2027,-579.9999999999997,0.2403557488595952,seed,
ets_tcn_event_nll_mixture,ets tcn event nll mixture,2027,-569.9999999999997,0.23856077183794142,seed,
ets_tcn_event_nll_mixture,ets tcn event nll mixture,2027,-559.9999999999997,0.23730199293291576,seed,
ets_tcn_event_nll_mixture,ets tcn event nll mixture,2027,-549.9999999999995,0.23793681216127277,seed,
ets_tcn_event_nll_mixture,ets tcn event nll mixture,2027,-539.9999999999995,0.24300920201250095,seed,
ets_tcn_event_nll_mixture,ets tcn event nll mixture,2027,-529.9999999999995,0.2519638807734201,seed,
ets_tcn_event_nll_mixture,ets tcn event nll mixture,2027,-519.9999999999995,0.26151434309609173,seed,
ets_tcn_event_nll_mixture,ets tcn event nll mixture,2027,-509.99999999999955,0.27115561785951914,seed,
ets_tcn_event_nll_mixture,ets tcn event nll mixture,2027,-499.99999999999955,0.2810535520825363,seed,
ets_tcn_event_nll_mixture,ets tcn event nll mixture,2027,-489.99999999999955,0.29306942907373634,seed,
ets_tcn_event_nll_mixture,ets tcn event nll mixture,2027,-479.99999999999955,0.3050959938890639,seed,
ets_tcn_event_nll_mixture,ets tcn event nll mixture,2027,-469.99999999999955,0.3112599206944591,seed,
ets_tcn_event_nll_mixture,ets tcn event nll mixture,2027,-459.99999999999955,0.3125025054028936,seed,
ets_tcn_event_nll_mixture,ets tcn event nll mixture,2027,-449.9999999999995,0.3138620482002583,seed,
ets_tcn_event_nll_mixture,ets tcn event nll mixture,2027,-439.9999999999995,0.3217419261173014,seed,
ets_tcn_event_nll_mixture,ets tcn event nll mixture,2027,-429.9999999999995,0.3352408225278959,seed,
ets_tcn_event_nll_mixture,ets tcn event nll mixture,2027,-419.9999999999995,0.3520474275994259,seed,
ets_tcn_event_nll_mixture,ets tcn event nll mixture,2027,-409.9999999999995,0.36918804420265183,seed,
ets_tcn_event_nll_mixture,ets tcn event nll mixture,2027,-399.9999999999995,0.38287373041587136,seed,
ets_tcn_event_nll_mixture,ets tcn event nll mixture,2027,-389.99999999999943,0.39221323048337137,seed,
ets_tcn_event_nll_mixture,ets tcn event nll mixture,2027,-379.99999999999943,0.3997430463344511,seed,
ets_tcn_event_nll_mixture,ets tcn event nll mixture,2027,-369.99999999999943,0.40779587018389624,seed,
ets_tcn_event_nll_mixture,ets tcn event nll mixture,2027,-359.99999999999943,0.4177495896308926,seed,
ets_tcn_event_nll_mixture,ets tcn event nll mixture,2027,-349.99999999999943,0.42831074546489256,seed,
ets_tcn_event_nll_mixture,ets tcn event nll mixture,2027,-339.99999999999943,0.4385926106286964,seed,
ets_tcn_event_nll_mixture,ets tcn event nll mixture,2027,-329.99999999999943,0.44955477369411295,seed,
ets_tcn_event_nll_mixture,ets tcn event nll mixture,2027,-319.9999999999994,0.4663529738403597,seed,
ets_tcn_event_nll_mixture,ets tcn event nll mixture,2027,-309.9999999999994,0.48339606185661305,seed,
ets_tcn_event_nll_mixture,ets tcn event nll mixture,2027,-299.9999999999994,0.5011632134611582,seed,
ets_tcn_event_nll_mixture,ets tcn event nll mixture,2027,-289.9999999999994,0.5190298916345573,seed,
ets_tcn_event_nll_mixture,ets tcn event nll mixture,2027,-279.9999999999994,0.5413638705265833,seed,
ets_tcn_event_nll_mixture,ets tcn event nll mixture,2027,-269.9999999999994,0.5632911053149084,seed,
ets_tcn_event_nll_mixture,ets tcn event nll mixture,2027,-259.9999999999993,0.5808604284293797,seed,
ets_tcn_event_nll_mixture,ets tcn event nll mixture,2027,-249.99999999999935,0.5948519754133634,seed,
ets_tcn_event_nll_mixture,ets tcn event nll mixture,2027,-239.99999999999932,0.6043765531945938,seed,
ets_tcn_event_nll_mixture,ets tcn event nll mixture,2027,-229.99999999999932,0.6160924842975959,seed,
ets_tcn_event_nll_mixture,ets tcn event nll mixture,2027,-219.99999999999932,0.6316641690284203,seed,
ets_tcn_event_nll_mixture,ets tcn event nll mixture,2027,-209.9999999999993,0.6478324687064153,seed,
ets_tcn_event_nll_mixture,ets tcn event nll mixture,2027,-199.9999999999993,0.667182083327522,seed,
ets_tcn_event_nll_mixture,ets tcn event nll mixture,2027,-189.9999999999993,0.6967805539741417,seed,
ets_tcn_event_nll_mixture,ets tcn event nll mixture,2027,-179.99999999999926,0.7347272360914613,seed,
ets_tcn_event_nll_mixture,ets tcn event nll mixture,2027,-169.99999999999926,0.7796521849072651,seed,
ets_tcn_event_nll_mixture,ets tcn event nll mixture,2027,-159.99999999999926,0.8353428369178414,seed,
ets_tcn_event_nll_mixture,ets tcn event nll mixture,2027,-149.99999999999923,0.8980491525892128,seed,
ets_tcn_event_nll_mixture,ets tcn event nll mixture,2027,-139.99999999999923,0.9697360685639076,seed,
ets_tcn_event_nll_mixture,ets tcn event nll mixture,2027,-129.99999999999923,1.051483025533709,seed,
ets_tcn_event_nll_mixture,ets tcn event nll mixture,2027,-119.99999999999922,1.1475444376535175,seed,
ets_tcn_event_nll_mixture,ets tcn event nll mixture,2027,-109.9999999999992,1.2790147154521354,seed,
ets_tcn_event_nll_mixture,ets tcn event nll mixture,2027,-99.9999999999992,1.440783943517408,seed,
ets_tcn_event_nll_mixture,ets tcn event nll mixture,2027,-89.99999999999919,1.6272802254668846,seed,
ets_tcn_event_nll_mixture,ets tcn event nll mixture,2027,-79.99999999999918,1.819565735507736,seed,
ets_tcn_event_nll_mixture,ets tcn event nll mixture,2027,-69.99999999999918,1.9975268151285894,seed,
ets_tcn_event_nll_mixture,ets tcn event nll mixture,2027,-59.99999999999916,2.154778214541741,seed,
ets_tcn_event_nll_mixture,ets tcn event nll mixture,2027,-49.999999999999154,2.298061071088947,seed,
ets_tcn_event_nll_mixture,ets tcn event nll mixture,2027,-39.99999999999915,2.4257835696883485,seed,
ets_tcn_event_nll_mixture,ets tcn event nll mixture,2027,-29.99999999999914,2.5251097935950857,seed,
ets_tcn_event_nll_mixture,ets tcn event nll mixture,2027,-19.99999999999913,2.5710771362931286,seed,
ets_tcn_event_nll_mixture,ets tcn event nll mixture,2027,-9.99999999999912,2.533279487495767,seed,
ets_tcn_event_nll_mixture,ets tcn event nll mixture,2027,8.881784197001252e-13,2.4241624478683073,seed,
ets_tcn_event_nll_mixture,ets tcn event nll mixture,2027,10.000000000000897,2.279351610027296,seed,
ets_tcn_event_nll_mixture,ets tcn event nll mixture,2027,20.000000000000906,2.102100017543156,seed,
ets_tcn_event_nll_mixture,ets tcn event nll mixture,2027,30.000000000000917,1.9055382408755053,seed,
ets_tcn_event_nll_mixture,ets tcn event nll mixture,2027,40.000000000000924,1.6873347386596176,seed,
ets_tcn_event_nll_mixture,ets tcn event nll mixture,2027,50.00000000000093,1.4714548823187685,seed,
ets_tcn_event_nll_mixture,ets tcn event nll mixture,2027,60.00000000000094,1.2904616288286737,seed,
ets_tcn_event_nll_mixture,ets tcn event nll mixture,2027,70.00000000000095,1.1448302085254731,seed,
ets_tcn_event_nll_mixture,ets tcn event nll mixture,2027,80.00000000000097,1.0261227891538103,seed,
ets_tcn_event_nll_mixture,ets tcn event nll mixture,2027,90.00000000000097,0.9262152582829353,seed,
ets_tcn_event_nll_mixture,ets tcn event nll mixture,2027,100.00000000000098,0.846242929694328,seed,
ets_tcn_event_nll_mixture,ets tcn event nll mixture,2027,110.00000000000098,0.7885862940830336,seed,
ets_tcn_event_nll_mixture,ets tcn event nll mixture,2027,120.000000000001,0.7539134118801829,seed,
ets_tcn_event_nll_mixture,ets tcn event nll mixture,2027,130.000000000001,0.7346970052962558,seed,
ets_tcn_event_nll_mixture,ets tcn event nll mixture,2027,140.00000000000102,0.721611261711152,seed,
ets_tcn_event_nll_mixture,ets tcn event nll mixture,2027,150.00000000000102,0.7094552679646089,seed,
ets_tcn_event_nll_mixture,ets tcn event nll mixture,2027,160.00000000000102,0.6978261995670314,seed,
ets_tcn_event_nll_mixture,ets tcn event nll mixture,2027,170.00000000000105,0.6922944545963869,seed,
ets_tcn_event_nll_mixture,ets tcn event nll mixture,2027,180.00000000000105,0.6951781376740392,seed,
ets_tcn_event_nll_mixture,ets tcn event nll mixture,2027,190.00000000000105,0.702506166176621,seed,
ets_tcn_event_nll_mixture,ets tcn event nll mixture,2027,200.00000000000108,0.707321793701472,seed,
ets_tcn_event_nll_mixture,ets tcn event nll mixture,2027,210.00000000000108,0.7084417485771313,seed,
ets_tcn_event_nll_mixture,ets tcn event nll mixture,2027,220.00000000000108,0.7012154199683314,seed,
ets_tcn_event_nll_mixture,ets tcn event nll mixture,2027,230.00000000000108,0.6888276258338981,seed,
ets_tcn_event_nll_mixture,ets tcn event nll mixture,2027,240.0000000000011,0.6738917499342045,seed,
ets_tcn_event_nll_mixture,ets tcn event nll mixture,2027,250.0000000000011,0.6556028327277638,seed,
ets_tcn_event_nll_mixture,ets tcn event nll mixture,2027,260.00000000000114,0.6320620686868852,seed,
ets_tcn_event_nll_mixture,ets tcn event nll mixture,2027,270.00000000000114,0.6080453409024313,seed,
ets_tcn_event_nll_mixture,ets tcn event nll mixture,2027,280.00000000000114,0.5878985796717716,seed,
ets_tcn_event_nll_mixture,ets tcn event nll mixture,2027,290.00000000000114,0.5623415214563069,seed,
ets_tcn_event_nll_mixture,ets tcn event nll mixture,2027,300.00000000000114,0.5341810513999994,seed,
ets_tcn_event_nll_mixture,ets tcn event nll mixture,2027,310.00000000000114,0.5097880212156828,seed,
ets_tcn_event_nll_mixture,ets tcn event nll mixture,2027,320.0000000000012,0.48760869658395334,seed,
ets_tcn_event_nll_mixture,ets tcn event nll mixture,2027,330.0000000000012,0.4692703799530607,seed,
ets_tcn_event_nll_mixture,ets tcn event nll mixture,2027,340.0000000000012,0.45639679346422657,seed,
ets_tcn_event_nll_mixture,ets tcn event nll mixture,2027,350.0000000000012,0.4467843555762869,seed,
ets_tcn_event_nll_mixture,ets tcn event nll mixture,2027,360.0000000000012,0.4371127531420038,seed,
ets_tcn_event_nll_mixture,ets tcn event nll mixture,2027,370.0000000000012,0.42928376294841114,seed,
ets_tcn_event_nll_mixture,ets tcn event nll mixture,2027,380.00000000000125,0.4194916376671869,seed,
ets_tcn_event_nll_mixture,ets tcn event nll mixture,2027,390.00000000000125,0.41005607057366916,seed,
ets_tcn_event_nll_mixture,ets tcn event nll mixture,2027,400.00000000000125,0.4055333568533151,seed,
ets_tcn_event_nll_mixture,ets tcn event nll mixture,2027,410.00000000000125,0.4014074299959531,seed,
ets_tcn_event_nll_mixture,ets tcn event nll mixture,2027,420.00000000000125,0.39693230201493884,seed,
ets_tcn_event_nll_mixture,ets tcn event nll mixture,2027,430.00000000000125,0.3900633997712103,seed,
ets_tcn_event_nll_mixture,ets tcn event nll mixture,2027,440.00000000000125,0.3778961907445114,seed,
ets_tcn_event_nll_mixture,ets tcn event nll mixture,2027,450.0000000000013,0.3659644514324749,seed,
ets_tcn_event_nll_mixture,ets tcn event nll mixture,2027,460.0000000000013,0.36055503631608554,seed,
ets_tcn_event_nll_mixture,ets tcn event nll mixture,2027,470.0000000000013,0.3600209498974957,seed,
ets_tcn_event_nll_mixture,ets tcn event nll mixture,2027,480.0000000000013,0.3624022239134235,seed,
ets_tcn_event_nll_mixture,ets tcn event nll mixture,2027,490.0000000000013,0.3625638028123491,seed,
ets_tcn_event_nll_mixture,ets tcn event nll mixture,2027,500.0000000000013,0.3571708776251291,seed,
ets_tcn_event_nll_mixture,ets tcn event nll mixture,2027,510.00000000000136,0.34774282753833496,seed,
ets_tcn_event_nll_mixture,ets tcn event nll mixture,2027,520.0000000000014,0.33640982047969376,seed,
ets_tcn_event_nll_mixture,ets tcn event nll mixture,2027,530.0000000000014,0.32756525194948455,seed,
ets_tcn_event_nll_mixture,ets tcn event nll mixture,2027,540.0000000000014,0.32222332765494777,seed,
ets_tcn_event_nll_mixture,ets tcn event nll mixture,2027,550.0000000000014,0.3180238671694846,seed,
ets_tcn_event_nll_mixture,ets tcn event nll mixture,2027,560.0000000000014,0.3163302814882367,seed,
ets_tcn_event_nll_mixture,ets tcn event nll mixture,2027,570.0000000000014,0.31282926636731295,seed,
ets_tcn_event_nll_mixture,ets tcn event nll mixture,2027,580.0000000000014,0.30689870791536955,seed,
ets_tcn_event_nll_mixture,ets tcn event nll mixture,2027,590.0000000000014,0.3043157170722301,seed,
ets_tcn_event_nll_mixture,ets tcn event nll mixture,2027,600.0000000000014,0.30135982602134526,seed,
ets_tcn_event_nll_mixture,ets tcn event nll mixture,2027,610.0000000000015,0.2953867417691395,seed,
ets_tcn_event_nll_mixture,ets tcn event nll mixture,2027,620.0000000000015,0.2891559737839552,seed,
ets_tcn_event_nll_mixture,ets tcn event nll mixture,2027,630.0000000000015,0.2850317727099024,seed,
ets_tcn_event_nll_mixture,ets tcn event nll mixture,2027,640.0000000000015,0.2816959280223668,seed,
ets_tcn_event_nll_mixture,ets tcn event nll mixture,2027,650.0000000000015,0.2820994913813057,seed,
ets_tcn_event_nll_mixture,ets tcn event nll mixture,2027,660.0000000000015,0.2799764117461659,seed,
ets_tcn_event_nll_mixture,ets tcn event nll mixture,2027,670.0000000000015,0.27792077463887777,seed,
ets_tcn_event_nll_mixture,ets tcn event nll mixture,2027,680.0000000000015,0.2767265266641685,seed,
ets_tcn_event_nll_mixture,ets tcn event nll mixture,2027,690.0000000000015,0.2739681744168195,seed,
ets_tcn_event_nll_mixture,ets tcn event nll mixture,2027,700.0000000000015,0.26873878878940666,seed,
ets_tcn_event_nll_mixture,ets tcn event nll mixture,2027,710.0000000000015,0.2649899754322922,seed,
ets_tcn_event_nll_mixture,ets tcn event nll mixture,2027,720.0000000000015,0.2588015586859509,seed,
ets_tcn_event_nll_mixture,ets tcn event nll mixture,2027,730.0000000000016,0.25347862338258964,seed,
ets_tcn_event_nll_mixture,ets tcn event nll mixture,2027,740.0000000000016,0.2528812418776964,seed,
ets_tcn_event_nll_mixture,ets tcn event nll mixture,2027,750.0000000000016,0.2513770320557347,seed,
ets_tcn_event_nll_mixture,ets tcn event nll mixture,2027,760.0000000000016,0.2505941621653656,seed,
ets_tcn_event_nll_mixture,ets tcn event nll mixture,2027,770.0000000000016,0.24880820907724793,seed,
ets_tcn_event_nll_mixture,ets tcn event nll mixture,2027,780.0000000000016,0.24352906912317432,seed,
ets_tcn_event_nll_mixture,ets tcn event nll mixture,2027,790.0000000000016,0.24218713847504986,seed,
ets_tcn_event_nll_mixture,ets tcn event nll mixture,2027,800.0000000000016,0.2411100789728246,seed,
ets_tcn_event_nll_mixture,ets tcn event nll mixture,2027,810.0000000000016,0.24547833197454463,seed,
ets_tcn_event_nll_mixture,ets tcn event nll mixture,2027,820.0000000000016,0.2464759614263996,seed,
ets_tcn_event_nll_mixture,ets tcn event nll mixture,2027,830.0000000000016,0.2480412967397969,seed,
ets_tcn_event_nll_mixture,ets tcn event nll mixture,2027,840.0000000000016,0.2545329984605797,seed,
ets_tcn_event_nll_mixture,ets tcn event nll mixture,2027,850.0000000000016,0.2563559944375383,seed,
ets_tcn_event_nll_mixture,ets tcn event nll mixture,2027,860.0000000000017,0.25251880676672955,seed,
ets_tcn_event_nll_mixture,ets tcn event nll mixture,2027,870.0000000000017,0.25297275015770354,seed,
ets_tcn_event_nll_mixture,ets tcn event nll mixture,2027,880.0000000000017,0.24988535867212947,seed,
ets_tcn_event_nll_mixture,ets tcn event nll mixture,2027,890.0000000000017,0.24821481054298095,seed,
ets_tcn_event_nll_mixture,ets tcn event nll mixture,2027,900.0000000000017,0.24908786433216973,seed,
ets_tcn_event_nll_mixture,ets tcn event nll mixture,2027,910.0000000000017,0.24693492141154935,seed,
ets_tcn_event_nll_mixture,ets tcn event nll mixture,2027,920.0000000000017,0.250459208839266,seed,
ets_tcn_event_nll_mixture,ets tcn event nll mixture,2027,930.0000000000017,0.26157271436719637,seed,
ets_tcn_event_nll_mixture,ets tcn event nll mixture,2027,940.0000000000017,0.26585988609283523,seed,
ets_tcn_event_nll_mixture,ets tcn event nll mixture,2027,950.0000000000017,0.26679450275141114,seed,
ets_tcn_event_nll_mixture,ets tcn event nll mixture,2027,960.0000000000017,0.261029412828914,seed,
ets_tcn_event_nll_mixture,ets tcn event nll mixture,2027,970.0000000000017,0.25233775928257385,seed,
ets_tcn_event_nll_mixture,ets tcn event nll mixture,2027,980.0000000000017,0.24794849344140082,seed,
ets_tcn_event_nll_mixture,ets tcn event nll mixture,2027,990.0000000000018,0.25172317636112607,seed,
ets_tcn_event_nll_mixture,ets tcn event nll mixture,2027,1000.0000000000018,0.2500586500267842,seed,
ets_tcn_event_nll_mixture,ets tcn event nll mixture,2028,-1000.0,0.09135894125560126,seed,
ets_tcn_event_nll_mixture,ets tcn event nll mixture,2028,-990.0,0.09305713986426123,seed,
ets_tcn_event_nll_mixture,ets tcn event nll mixture,2028,-980.0,0.09409564766822673,seed,
ets_tcn_event_nll_mixture,ets tcn event nll mixture,2028,-970.0,0.09571768947832461,seed,
ets_tcn_event_nll_mixture,ets tcn event nll mixture,2028,-960.0,0.09679664471193995,seed,
ets_tcn_event_nll_mixture,ets tcn event nll mixture,2028,-950.0,0.09797082287121732,seed,
ets_tcn_event_nll_mixture,ets tcn event nll mixture,2028,-940.0,0.09926821234785205,seed,
ets_tcn_event_nll_mixture,ets tcn event nll mixture,2028,-929.9999999999999,0.10076223220712753,seed,
ets_tcn_event_nll_mixture,ets tcn event nll mixture,2028,-919.9999999999999,0.10488006305868501,seed,
ets_tcn_event_nll_mixture,ets tcn event nll mixture,2028,-909.9999999999999,0.11249496819746191,seed,
ets_tcn_event_nll_mixture,ets tcn event nll mixture,2028,-899.9999999999999,0.1206991056722741,seed,
ets_tcn_event_nll_mixture,ets tcn event nll mixture,2028,-889.9999999999999,0.127978195613826,seed,
ets_tcn_event_nll_mixture,ets tcn event nll mixture,2028,-879.9999999999999,0.13069411082105548,seed,
ets_tcn_event_nll_mixture,ets tcn event nll mixture,2028,-869.9999999999999,0.1282574557246732,seed,
ets_tcn_event_nll_mixture,ets tcn event nll mixture,2028,-859.9999999999999,0.12686931141439384,seed,
ets_tcn_event_nll_mixture,ets tcn event nll mixture,2028,-849.9999999999999,0.12391154546214839,seed,
ets_tcn_event_nll_mixture,ets tcn event nll mixture,2028,-839.9999999999999,0.12277816814127906,seed,
ets_tcn_event_nll_mixture,ets tcn event nll mixture,2028,-829.9999999999999,0.12292692200406764,seed,
ets_tcn_event_nll_mixture,ets tcn event nll mixture,2028,-819.9999999999999,0.12318915951208036,seed,
ets_tcn_event_nll_mixture,ets tcn event nll mixture,2028,-809.9999999999999,0.12664225079756283,seed,
ets_tcn_event_nll_mixture,ets tcn event nll mixture,2028,-799.9999999999998,0.13138891604680442,seed,
ets_tcn_event_nll_mixture,ets tcn event nll mixture,2028,-789.9999999999998,0.1360287052749529,seed,
ets_tcn_event_nll_mixture,ets tcn event nll mixture,2028,-779.9999999999998,0.14006293787907073,seed,
ets_tcn_event_nll_mixture,ets tcn event nll mixture,2028,-769.9999999999998,0.14674337796806391,seed,
ets_tcn_event_nll_mixture,ets tcn event nll mixture,2028,-759.9999999999998,0.1507094745348626,seed,
ets_tcn_event_nll_mixture,ets tcn event nll mixture,2028,-749.9999999999998,0.152070126126803,seed,
ets_tcn_event_nll_mixture,ets tcn event nll mixture,2028,-739.9999999999998,0.15324587369701542,seed,
ets_tcn_event_nll_mixture,ets tcn event nll mixture,2028,-729.9999999999998,0.15525700676962526,seed,
ets_tcn_event_nll_mixture,ets tcn event nll mixture,2028,-719.9999999999998,0.15650921135090667,seed,
ets_tcn_event_nll_mixture,ets tcn event nll mixture,2028,-709.9999999999998,0.15933884128416803,seed,
ets_tcn_event_nll_mixture,ets tcn event nll mixture,2028,-699.9999999999998,0.16455750840239072,seed,
ets_tcn_event_nll_mixture,ets tcn event nll mixture,2028,-689.9999999999998,0.17217360946246787,seed,
ets_tcn_event_nll_mixture,ets tcn event nll mixture,2028,-679.9999999999998,0.1794988961218367,seed,
ets_tcn_event_nll_mixture,ets tcn event nll mixture,2028,-669.9999999999997,0.18605320455053917,seed,
ets_tcn_event_nll_mixture,ets tcn event nll mixture,2028,-659.9999999999997,0.19474418470216562,seed,
ets_tcn_event_nll_mixture,ets tcn event nll mixture,2028,-649.9999999999997,0.20139239146049484,seed,
ets_tcn_event_nll_mixture,ets tcn event nll mixture,2028,-639.9999999999997,0.20592124463265365,seed,
ets_tcn_event_nll_mixture,ets tcn event nll mixture,2028,-629.9999999999997,0.2102784018323722,seed,
ets_tcn_event_nll_mixture,ets tcn event nll mixture,2028,-619.9999999999997,0.2162842677547974,seed,
ets_tcn_event_nll_mixture,ets tcn event nll mixture,2028,-609.9999999999997,0.2259359436539032,seed,
ets_tcn_event_nll_mixture,ets tcn event nll mixture,2028,-599.9999999999997,0.2328422113476076,seed,
ets_tcn_event_nll_mixture,ets tcn event nll mixture,2028,-589.9999999999997,0.23905369172770902,seed,
ets_tcn_event_nll_mixture,ets tcn event nll mixture,2028,-579.9999999999997,0.24665886896337438,seed,
ets_tcn_event_nll_mixture,ets tcn event nll mixture,2028,-569.9999999999997,0.2532627777346904,seed,
ets_tcn_event_nll_mixture,ets tcn event nll mixture,2028,-559.9999999999997,0.2573175999577065,seed,
ets_tcn_event_nll_mixture,ets tcn event nll mixture,2028,-549.9999999999995,0.26096147557980626,seed,
ets_tcn_event_nll_mixture,ets tcn event nll mixture,2028,-539.9999999999995,0.2658058760458042,seed,
ets_tcn_event_nll_mixture,ets tcn event nll mixture,2028,-529.9999999999995,0.2756369686295272,seed,
ets_tcn_event_nll_mixture,ets tcn event nll mixture,2028,-519.9999999999995,0.2891164503404436,seed,
ets_tcn_event_nll_mixture,ets tcn event nll mixture,2028,-509.99999999999955,0.30030658865437315,seed,
ets_tcn_event_nll_mixture,ets tcn event nll mixture,2028,-499.99999999999955,0.30627861561561087,seed,
ets_tcn_event_nll_mixture,ets tcn event nll mixture,2028,-489.99999999999955,0.31236437197224687,seed,
ets_tcn_event_nll_mixture,ets tcn event nll mixture,2028,-479.99999999999955,0.32181858917306855,seed,
ets_tcn_event_nll_mixture,ets tcn event nll mixture,2028,-469.99999999999955,0.32938086990244003,seed,
ets_tcn_event_nll_mixture,ets tcn event nll mixture,2028,-459.99999999999955,0.334091821224124,seed,
ets_tcn_event_nll_mixture,ets tcn event nll mixture,2028,-449.9999999999995,0.3383589727783401,seed,
ets_tcn_event_nll_mixture,ets tcn event nll mixture,2028,-439.9999999999995,0.34493754571296165,seed,
ets_tcn_event_nll_mixture,ets tcn event nll mixture,2028,-429.9999999999995,0.3537415641744446,seed,
ets_tcn_event_nll_mixture,ets tcn event nll mixture,2028,-419.9999999999995,0.36253858847228904,seed,
ets_tcn_event_nll_mixture,ets tcn event nll mixture,2028,-409.9999999999995,0.3764173289122013,seed,
ets_tcn_event_nll_mixture,ets tcn event nll mixture,2028,-399.9999999999995,0.3937923745208763,seed,
ets_tcn_event_nll_mixture,ets tcn event nll mixture,2028,-389.99999999999943,0.4115328489374688,seed,
ets_tcn_event_nll_mixture,ets tcn event nll mixture,2028,-379.99999999999943,0.4222344450775545,seed,
ets_tcn_event_nll_mixture,ets tcn event nll mixture,2028,-369.99999999999943,0.42759380041357087,seed,
ets_tcn_event_nll_mixture,ets tcn event nll mixture,2028,-359.99999999999943,0.43135723752201227,seed,
ets_tcn_event_nll_mixture,ets tcn event nll mixture,2028,-349.99999999999943,0.4353413362760721,seed,
ets_tcn_event_nll_mixture,ets tcn event nll mixture,2028,-339.99999999999943,0.4410960825446807,seed,
ets_tcn_event_nll_mixture,ets tcn event nll mixture,2028,-329.99999999999943,0.44959172417342813,seed,
ets_tcn_event_nll_mixture,ets tcn event nll mixture,2028,-319.9999999999994,0.4589066395421774,seed,
ets_tcn_event_nll_mixture,ets tcn event nll mixture,2028,-309.9999999999994,0.47017086927266516,seed,
ets_tcn_event_nll_mixture,ets tcn event nll mixture,2028,-299.9999999999994,0.48256042387903436,seed,
ets_tcn_event_nll_mixture,ets tcn event nll mixture,2028,-289.9999999999994,0.4969637929974623,seed,
ets_tcn_event_nll_mixture,ets tcn event nll mixture,2028,-279.9999999999994,0.5160648208500288,seed,
ets_tcn_event_nll_mixture,ets tcn event nll mixture,2028,-269.9999999999994,0.5352119096279195,seed,
ets_tcn_event_nll_mixture,ets tcn event nll mixture,2028,-259.9999999999993,0.5523341118312625,seed,
ets_tcn_event_nll_mixture,ets tcn event nll mixture,2028,-249.99999999999935,0.5679961628846497,seed,
ets_tcn_event_nll_mixture,ets tcn event nll mixture,2028,-239.99999999999932,0.5809121677966602,seed,
ets_tcn_event_nll_mixture,ets tcn event nll mixture,2028,-229.99999999999932,0.5933923357523634,seed,
ets_tcn_event_nll_mixture,ets tcn event nll mixture,2028,-219.99999999999932,0.6114206762713021,seed,
ets_tcn_event_nll_mixture,ets tcn event nll mixture,2028,-209.9999999999993,0.6273976636889632,seed,
ets_tcn_event_nll_mixture,ets tcn event nll mixture,2028,-199.9999999999993,0.6492961342348194,seed,
ets_tcn_event_nll_mixture,ets tcn event nll mixture,2028,-189.9999999999993,0.6723071926348775,seed,
ets_tcn_event_nll_mixture,ets tcn event nll mixture,2028,-179.99999999999926,0.6992759364400222,seed,
ets_tcn_event_nll_mixture,ets tcn event nll mixture,2028,-169.99999999999926,0.7354144149301571,seed,
ets_tcn_event_nll_mixture,ets tcn event nll mixture,2028,-159.99999999999926,0.786092244121012,seed,
ets_tcn_event_nll_mixture,ets tcn event nll mixture,2028,-149.99999999999923,0.8450063478590926,seed,
ets_tcn_event_nll_mixture,ets tcn event nll mixture,2028,-139.99999999999923,0.9225562439958896,seed,
ets_tcn_event_nll_mixture,ets tcn event nll mixture,2028,-129.99999999999923,1.0182426408418095,seed,
ets_tcn_event_nll_mixture,ets tcn event nll mixture,2028,-119.99999999999922,1.120906810548943,seed,
ets_tcn_event_nll_mixture,ets tcn event nll mixture,2028,-109.9999999999992,1.2379066770202265,seed,
ets_tcn_event_nll_mixture,ets tcn event nll mixture,2028,-99.9999999999992,1.3800867569303596,seed,
ets_tcn_event_nll_mixture,ets tcn event nll mixture,2028,-89.99999999999919,1.5425947200050452,seed,
ets_tcn_event_nll_mixture,ets tcn event nll mixture,2028,-79.99999999999918,1.7257432073711494,seed,
ets_tcn_event_nll_mixture,ets tcn event nll mixture,2028,-69.99999999999918,1.9070365195373196,seed,
ets_tcn_event_nll_mixture,ets tcn event nll mixture,2028,-59.99999999999916,2.0796889835446435,seed,
ets_tcn_event_nll_mixture,ets tcn event nll mixture,2028,-49.999999999999154,2.246890654405427,seed,
ets_tcn_event_nll_mixture,ets tcn event nll mixture,2028,-39.99999999999915,2.4127827566499627,seed,
ets_tcn_event_nll_mixture,ets tcn event nll mixture,2028,-29.99999999999914,2.542529797668009,seed,
ets_tcn_event_nll_mixture,ets tcn event nll mixture,2028,-19.99999999999913,2.595733886630015,seed,
ets_tcn_event_nll_mixture,ets tcn event nll mixture,2028,-9.99999999999912,2.571296350821461,seed,
ets_tcn_event_nll_mixture,ets tcn event nll mixture,2028,8.881784197001252e-13,2.4933825956065996,seed,
ets_tcn_event_nll_mixture,ets tcn event nll mixture,2028,10.000000000000897,2.352688394724557,seed,
ets_tcn_event_nll_mixture,ets tcn event nll mixture,2028,20.000000000000906,2.176046501816274,seed,
ets_tcn_event_nll_mixture,ets tcn event nll mixture,2028,30.000000000000917,2.0040550079680086,seed,
ets_tcn_event_nll_mixture,ets tcn event nll mixture,2028,40.000000000000924,1.8122121653881946,seed,
ets_tcn_event_nll_mixture,ets tcn event nll mixture,2028,50.00000000000093,1.6365638327220753,seed,
ets_tcn_event_nll_mixture,ets tcn event nll mixture,2028,60.00000000000094,1.4590083357059012,seed,
ets_tcn_event_nll_mixture,ets tcn event nll mixture,2028,70.00000000000095,1.2915860890003634,seed,
ets_tcn_event_nll_mixture,ets tcn event nll mixture,2028,80.00000000000097,1.1512245968899446,seed,
ets_tcn_event_nll_mixture,ets tcn event nll mixture,2028,90.00000000000097,1.0360689025970624,seed,
ets_tcn_event_nll_mixture,ets tcn event nll mixture,2028,100.00000000000098,0.9376424821558424,seed,
ets_tcn_event_nll_mixture,ets tcn event nll mixture,2028,110.00000000000098,0.8622545974217475,seed,
ets_tcn_event_nll_mixture,ets tcn event nll mixture,2028,120.000000000001,0.8057757096551831,seed,
ets_tcn_event_nll_mixture,ets tcn event nll mixture,2028,130.000000000001,0.7653281015298494,seed,
ets_tcn_event_nll_mixture,ets tcn event nll mixture,2028,140.00000000000102,0.7312673884725479,seed,
ets_tcn_event_nll_mixture,ets tcn event nll mixture,2028,150.00000000000102,0.7029899340679318,seed,
ets_tcn_event_nll_mixture,ets tcn event nll mixture,2028,160.00000000000102,0.6832176468138904,seed,
ets_tcn_event_nll_mixture,ets tcn event nll mixture,2028,170.00000000000105,0.6696995306680641,seed,
ets_tcn_event_nll_mixture,ets tcn event nll mixture,2028,180.00000000000105,0.6594041871811019,seed,
ets_tcn_event_nll_mixture,ets tcn event nll mixture,2028,190.00000000000105,0.6548628352910184,seed,
ets_tcn_event_nll_mixture,ets tcn event nll mixture,2028,200.00000000000108,0.6554673959906457,seed,
ets_tcn_event_nll_mixture,ets tcn event nll mixture,2028,210.00000000000108,0.6536224787281933,seed,
ets_tcn_event_nll_mixture,ets tcn event nll mixture,2028,220.00000000000108,0.6430466256290688,seed,
ets_tcn_event_nll_mixture,ets tcn event nll mixture,2028,230.00000000000108,0.6308596589320665,seed,
ets_tcn_event_nll_mixture,ets tcn event nll mixture,2028,240.0000000000011,0.6176869495618725,seed,
ets_tcn_event_nll_mixture,ets tcn event nll mixture,2028,250.0000000000011,0.6031956003421136,seed,
ets_tcn_event_nll_mixture,ets tcn event nll mixture,2028,260.00000000000114,0.5890088671813415,seed,
ets_tcn_event_nll_mixture,ets tcn event nll mixture,2028,270.00000000000114,0.5778178858802303,seed,
ets_tcn_event_nll_mixture,ets tcn event nll mixture,2028,280.00000000000114,0.556959587706708,seed,
ets_tcn_event_nll_mixture,ets tcn event nll mixture,2028,290.00000000000114,0.5342393581071055,seed,
ets_tcn_event_nll_mixture,ets tcn event nll mixture,2028,300.00000000000114,0.5119892562586217,seed,
ets_tcn_event_nll_mixture,ets tcn event nll mixture,2028,310.00000000000114,0.492676102696498,seed,
ets_tcn_event_nll_mixture,ets tcn event nll mixture,2028,320.0000000000012,0.4763193297412643,seed,
ets_tcn_event_nll_mixture,ets tcn event nll mixture,2028,330.0000000000012,0.4657589660673631,seed,
ets_tcn_event_nll_mixture,ets tcn event nll mixture,2028,340.0000000000012,0.4581312011860623,seed,
ets_tcn_event_nll_mixture,ets tcn event nll mixture,2028,350.0000000000012,0.45012864023106886,seed,
ets_tcn_event_nll_mixture,ets tcn event nll mixture,2028,360.0000000000012,0.44101931348215856,seed,
ets_tcn_event_nll_mixture,ets tcn event nll mixture,2028,370.0000000000012,0.4259668626679795,seed,
ets_tcn_event_nll_mixture,ets tcn event nll mixture,2028,380.00000000000125,0.4100334157486662,seed,
ets_tcn_event_nll_mixture,ets tcn event nll mixture,2028,390.00000000000125,0.39756377127500575,seed,
ets_tcn_event_nll_mixture,ets tcn event nll mixture,2028,400.00000000000125,0.39133597509611506,seed,
ets_tcn_event_nll_mixture,ets tcn event nll mixture,2028,410.00000000000125,0.38637713306866206,seed,
ets_tcn_event_nll_mixture,ets tcn event nll mixture,2028,420.00000000000125,0.38120429506532777,seed,
ets_tcn_event_nll_mixture,ets tcn event nll mixture,2028,430.00000000000125,0.37716721056423114,seed,
ets_tcn_event_nll_mixture,ets tcn event nll mixture,2028,440.00000000000125,0.3700205699979049,seed,
ets_tcn_event_nll_mixture,ets tcn event nll mixture,2028,450.0000000000013,0.36599704695063273,seed,
ets_tcn_event_nll_mixture,ets tcn event nll mixture,2028,460.0000000000013,0.36381452504012424,seed,
ets_tcn_event_nll_mixture,ets tcn event nll mixture,2028,470.0000000000013,0.3621134155087356,seed,
ets_tcn_event_nll_mixture,ets tcn event nll mixture,2028,480.0000000000013,0.36160779221825173,seed,
ets_tcn_event_nll_mixture,ets tcn event nll mixture,2028,490.0000000000013,0.36061819170072273,seed,
ets_tcn_event_nll_mixture,ets tcn event nll mixture,2028,500.0000000000013,0.35790238167218436,seed,
ets_tcn_event_nll_mixture,ets tcn event nll mixture,2028,510.00000000000136,0.35523597169097504,seed,
ets_tcn_event_nll_mixture,ets tcn event nll mixture,2028,520.0000000000014,0.34958983981484953,seed,
ets_tcn_event_nll_mixture,ets tcn event nll mixture,2028,530.0000000000014,0.34704369320895107,seed,
ets_tcn_event_nll_mixture,ets tcn event nll mixture,2028,540.0000000000014,0.34141058898825677,seed,
ets_tcn_event_nll_mixture,ets tcn event nll mixture,2028,550.0000000000014,0.3350049823966492,seed,
ets_tcn_event_nll_mixture,ets tcn event nll mixture,2028,560.0000000000014,0.3313980713075539,seed,
ets_tcn_event_nll_mixture,ets tcn event nll mixture,2028,570.0000000000014,0.3257141771955879,seed,
ets_tcn_event_nll_mixture,ets tcn event nll mixture,2028,580.0000000000014,0.31817131755614264,seed,
ets_tcn_event_nll_mixture,ets tcn event nll mixture,2028,590.0000000000014,0.31430432620713156,seed,
ets_tcn_event_nll_mixture,ets tcn event nll mixture,2028,600.0000000000014,0.30911247035225425,seed,
ets_tcn_event_nll_mixture,ets tcn event nll mixture,2028,610.0000000000015,0.3025354884861728,seed,
ets_tcn_event_nll_mixture,ets tcn event nll mixture,2028,620.0000000000015,0.2998830835887101,seed,
ets_tcn_event_nll_mixture,ets tcn event nll mixture,2028,630.0000000000015,0.29699437938511913,seed,
ets_tcn_event_nll_mixture,ets tcn event nll mixture,2028,640.0000000000015,0.2904823892707046,seed,
ets_tcn_event_nll_mixture,ets tcn event nll mixture,2028,650.0000000000015,0.2870904195325928,seed,
ets_tcn_event_nll_mixture,ets tcn event nll mixture,2028,660.0000000000015,0.28355924251120174,seed,
ets_tcn_event_nll_mixture,ets tcn event nll mixture,2028,670.0000000000015,0.28360444491390946,seed,
ets_tcn_event_nll_mixture,ets tcn event nll mixture,2028,680.0000000000015,0.2872773892423679,seed,
ets_tcn_event_nll_mixture,ets tcn event nll mixture,2028,690.0000000000015,0.28569040020796177,seed,
ets_tcn_event_nll_mixture,ets tcn event nll mixture,2028,700.0000000000015,0.2795897133038335,seed,
ets_tcn_event_nll_mixture,ets tcn event nll mixture,2028,710.0000000000015,0.2784750904534357,seed,
ets_tcn_event_nll_mixture,ets tcn event nll mixture,2028,720.0000000000015,0.2700896765260283,seed,
ets_tcn_event_nll_mixture,ets tcn event nll mixture,2028,730.0000000000016,0.2652996203368475,seed,
ets_tcn_event_nll_mixture,ets tcn event nll mixture,2028,740.0000000000016,0.2639432718473138,seed,
ets_tcn_event_nll_mixture,ets tcn event nll mixture,2028,750.0000000000016,0.26234379029557475,seed,
ets_tcn_event_nll_mixture,ets tcn event nll mixture,2028,760.0000000000016,0.2614061386861582,seed,
ets_tcn_event_nll_mixture,ets tcn event nll mixture,2028,770.0000000000016,0.25827288016327155,seed,
ets_tcn_event_nll_mixture,ets tcn event nll mixture,2028,780.0000000000016,0.25086018006751565,seed,
ets_tcn_event_nll_mixture,ets tcn event nll mixture,2028,790.0000000000016,0.24474120811208444,seed,
ets_tcn_event_nll_mixture,ets tcn event nll mixture,2028,800.0000000000016,0.24054686289626467,seed,
ets_tcn_event_nll_mixture,ets tcn event nll mixture,2028,810.0000000000016,0.24071303531868118,seed,
ets_tcn_event_nll_mixture,ets tcn event nll mixture,2028,820.0000000000016,0.24168946335000227,seed,
ets_tcn_event_nll_mixture,ets tcn event nll mixture,2028,830.0000000000016,0.24527413022415004,seed,
ets_tcn_event_nll_mixture,ets tcn event nll mixture,2028,840.0000000000016,0.25426131780855354,seed,
ets_tcn_event_nll_mixture,ets tcn event nll mixture,2028,850.0000000000016,0.2563437225341744,seed,
ets_tcn_event_nll_mixture,ets tcn event nll mixture,2028,860.0000000000017,0.25264479412807583,seed,
ets_tcn_event_nll_mixture,ets tcn event nll mixture,2028,870.0000000000017,0.24717966967384136,seed,
ets_tcn_event_nll_mixture,ets tcn event nll mixture,2028,880.0000000000017,0.23444439734481204,seed,
ets_tcn_event_nll_mixture,ets tcn event nll mixture,2028,890.0000000000017,0.22238238428064017,seed,
ets_tcn_event_nll_mixture,ets tcn event nll mixture,2028,900.0000000000017,0.2171064525801505,seed,
ets_tcn_event_nll_mixture,ets tcn event nll mixture,2028,910.0000000000017,0.2129869446268325,seed,
ets_tcn_event_nll_mixture,ets tcn event nll mixture,2028,920.0000000000017,0.21539775449014753,seed,
ets_tcn_event_nll_mixture,ets tcn event nll mixture,2028,930.0000000000017,0.22692206643419693,seed,
ets_tcn_event_nll_mixture,ets tcn event nll mixture,2028,940.0000000000017,0.23969924282682104,seed,
ets_tcn_event_nll_mixture,ets tcn event nll mixture,2028,950.0000000000017,0.25396030794959346,seed,
ets_tcn_event_nll_mixture,ets tcn event nll mixture,2028,960.0000000000017,0.26808253835976276,seed,
ets_tcn_event_nll_mixture,ets tcn event nll mixture,2028,970.0000000000017,0.27531773900765477,seed,
ets_tcn_event_nll_mixture,ets tcn event nll mixture,2028,980.0000000000017,0.28212252115384806,seed,
ets_tcn_event_nll_mixture,ets tcn event nll mixture,2028,990.0000000000018,0.28512154771625314,seed,
ets_tcn_event_nll_mixture,ets tcn event nll mixture,2028,1000.0000000000018,0.27412143155029073,seed,
ets_tcn_event_nll_mixture,ets tcn event nll mixture,2029,-1000.0,0.10281123482735277,seed,
ets_tcn_event_nll_mixture,ets tcn event nll mixture,2029,-990.0,0.1073560615894723,seed,
ets_tcn_event_nll_mixture,ets tcn event nll mixture,2029,-980.0,0.11137897338337113,seed,
ets_tcn_event_nll_mixture,ets tcn event nll mixture,2029,-970.0,0.11502593497507696,seed,
ets_tcn_event_nll_mixture,ets tcn event nll mixture,2029,-960.0,0.11660383694946791,seed,
ets_tcn_event_nll_mixture,ets tcn event nll mixture,2029,-950.0,0.11658175861259781,seed,
ets_tcn_event_nll_mixture,ets tcn event nll mixture,2029,-940.0,0.1168914684945075,seed,
ets_tcn_event_nll_mixture,ets tcn event nll mixture,2029,-929.9999999999999,0.11672871458831087,seed,
ets_tcn_event_nll_mixture,ets tcn event nll mixture,2029,-919.9999999999999,0.11899640128418537,seed,
ets_tcn_event_nll_mixture,ets tcn event nll mixture,2029,-909.9999999999999,0.12377034691177197,seed,
ets_tcn_event_nll_mixture,ets tcn event nll mixture,2029,-899.9999999999999,0.12850463858388134,seed,
ets_tcn_event_nll_mixture,ets tcn event nll mixture,2029,-889.9999999999999,0.13336688411555353,seed,
ets_tcn_event_nll_mixture,ets tcn event nll mixture,2029,-879.9999999999999,0.13676282339249107,seed,
ets_tcn_event_nll_mixture,ets tcn event nll mixture,2029,-869.9999999999999,0.13756799776608608,seed,
ets_tcn_event_nll_mixture,ets tcn event nll mixture,2029,-859.9999999999999,0.13797891656044695,seed,
ets_tcn_event_nll_mixture,ets tcn event nll mixture,2029,-849.9999999999999,0.13861466090522653,seed,
ets_tcn_event_nll_mixture,ets tcn event nll mixture,2029,-839.9999999999999,0.13814821690179874,seed,
ets_tcn_event_nll_mixture,ets tcn event nll mixture,2029,-829.9999999999999,0.13838789873194032,seed,
ets_tcn_event_nll_mixture,ets tcn event nll mixture,2029,-819.9999999999999,0.14006400801440508,seed,
ets_tcn_event_nll_mixture,ets tcn event nll mixture,2029,-809.9999999999999,0.14317401893934345,seed,
ets_tcn_event_nll_mixture,ets tcn event nll mixture,2029,-799.9999999999998,0.146846384643842,seed,
ets_tcn_event_nll_mixture,ets tcn event nll mixture,2029,-789.9999999999998,0.15025951123775705,seed,
ets_tcn_event_nll_mixture,ets tcn event nll mixture,2029,-779.9999999999998,0.15049126921266764,seed,
ets_tcn_event_nll_mixture,ets tcn event nll mixture,2029,-769.9999999999998,0.15008267073665038,seed,
ets_tcn_event_nll_mixture,ets tcn event nll mixture,2029,-759.9999999999998,0.14984742214849311,seed,
ets_tcn_event_nll_mixture,ets tcn event nll mixture,2029,-749.9999999999998,0.15188349729177605,seed,
ets_tcn_event_nll_mixture,ets tcn event nll mixture,2029,-739.9999999999998,0.15671360974287604,seed,
ets_tcn_event_nll_mixture,ets tcn event nll mixture,2029,-729.9999999999998,0.16317357618547765,seed,
ets_tcn_event_nll_mixture,ets tcn event nll mixture,2029,-719.9999999999998,0.17172799840962352,seed,
ets_tcn_event_nll_mixture,ets tcn event nll mixture,2029,-709.9999999999998,0.1792658382563053,seed,
ets_tcn_event_nll_mixture,ets tcn event nll mixture,2029,-699.9999999999998,0.1856535150685666,seed,
ets_tcn_event_nll_mixture,ets tcn event nll mixture,2029,-689.9999999999998,0.1897961849254129,seed,
ets_tcn_event_nll_mixture,ets tcn event nll mixture,2029,-679.9999999999998,0.1916528395470348,seed,
ets_tcn_event_nll_mixture,ets tcn event nll mixture,2029,-669.9999999999997,0.19280305452973395,seed,
ets_tcn_event_nll_mixture,ets tcn event nll mixture,2029,-659.9999999999997,0.19655037990484941,seed,
ets_tcn_event_nll_mixture,ets tcn event nll mixture,2029,-649.9999999999997,0.20048195990086412,seed,
ets_tcn_event_nll_mixture,ets tcn event nll mixture,2029,-639.9999999999997,0.20588021677473045,seed,
ets_tcn_event_nll_mixture,ets tcn event nll mixture,2029,-629.9999999999997,0.21365190215760965,seed,
ets_tcn_event_nll_mixture,ets tcn event nll mixture,2029,-619.9999999999997,0.22371885312528222,seed,
ets_tcn_event_nll_mixture,ets tcn event nll mixture,2029,-609.9999999999997,0.23403666556284108,seed,
ets_tcn_event_nll_mixture,ets tcn event nll mixture,2029,-599.9999999999997,0.2416772796749863,seed,
ets_tcn_event_nll_mixture,ets tcn event nll mixture,2029,-589.9999999999997,0.24653631593042194,seed,
ets_tcn_event_nll_mixture,ets tcn event nll mixture,2029,-579.9999999999997,0.24831485971920297,seed,
ets_tcn_event_nll_mixture,ets tcn event nll mixture,2029,-569.9999999999997,0.24925787905989544,seed,
ets_tcn_event_nll_mixture,ets tcn event nll mixture,2029,-559.9999999999997,0.24974845819828326,seed,
ets_tcn_event_nll_mixture,ets tcn event nll mixture,2029,-549.9999999999995,0.2528499764837082,seed,
ets_tcn_event_nll_mixture,ets tcn event nll mixture,2029,-539.9999999999995,0.257916237178076,seed,
ets_tcn_event_nll_mixture,ets tcn event nll mixture,2029,-529.9999999999995,0.26423550002926516,seed,
ets_tcn_event_nll_mixture,ets tcn event nll mixture,2029,-519.9999999999995,0.272013683511997,seed,
ets_tcn_event_nll_mixture,ets tcn event nll mixture,2029,-509.99999999999955,0.28168471232093867,seed,
ets_tcn_event_nll_mixture,ets tcn event nll mixture,2029,-499.99999999999955,0.2927879016610427,seed,
ets_tcn_event_nll_mixture,ets tcn event nll mixture,2029,-489.99999999999955,0.30471152238397414,seed,
ets_tcn_event_nll_mixture,ets tcn event nll mixture,2029,-479.99999999999955,0.3170858825067734,seed,
ets_tcn_event_nll_mixture,ets tcn event nll mixture,2029,-469.99999999999955,0.3260215524185587,seed,
ets_tcn_event_nll_mixture,ets tcn event nll mixture,2029,-459.99999999999955,0.3293105547889307,seed,
ets_tcn_event_nll_mixture,ets tcn event nll mixture,2029,-449.9999999999995,0.33016273905621185,seed,
ets_tcn_event_nll_mixture,ets tcn event nll mixture,2029,-439.9999999999995,0.3357932085733569,seed,
ets_tcn_event_nll_mixture,ets tcn event nll mixture,2029,-429.9999999999995,0.3462857015981431,seed,
ets_tcn_event_nll_mixture,ets tcn event nll mixture,2029,-419.9999999999995,0.3568299852484344,seed,
ets_tcn_event_nll_mixture,ets tcn event nll mixture,2029,-409.9999999999995,0.36663618679448046,seed,
ets_tcn_event_nll_mixture,ets tcn event nll mixture,2029,-399.9999999999995,0.37581870253476024,seed,
ets_tcn_event_nll_mixture,ets tcn event nll mixture,2029,-389.99999999999943,0.38871613008210365,seed,
ets_tcn_event_nll_mixture,ets tcn event nll mixture,2029,-379.99999999999943,0.40796466107948076,seed,
ets_tcn_event_nll_mixture,ets tcn event nll mixture,2029,-369.99999999999943,0.42769609386260726,seed,
ets_tcn_event_nll_mixture,ets tcn event nll mixture,2029,-359.99999999999943,0.4448251464804691,seed,
ets_tcn_event_nll_mixture,ets tcn event nll mixture,2029,-349.99999999999943,0.45643344986015055,seed,
ets_tcn_event_nll_mixture,ets tcn event nll mixture,2029,-339.99999999999943,0.46321741904561353,seed,
ets_tcn_event_nll_mixture,ets tcn event nll mixture,2029,-329.99999999999943,0.4683983521570766,seed,
ets_tcn_event_nll_mixture,ets tcn event nll mixture,2029,-319.9999999999994,0.48190462040673926,seed,
ets_tcn_event_nll_mixture,ets tcn event nll mixture,2029,-309.9999999999994,0.5042056688890596,seed,
ets_tcn_event_nll_mixture,ets tcn event nll mixture,2029,-299.9999999999994,0.5267637350738179,seed,
ets_tcn_event_nll_mixture,ets tcn event nll mixture,2029,-289.9999999999994,0.5471584202409409,seed,
ets_tcn_event_nll_mixture,ets tcn event nll mixture,2029,-279.9999999999994,0.564376138770707,seed,
ets_tcn_event_nll_mixture,ets tcn event nll mixture,2029,-269.9999999999994,0.5782942750157148,seed,
ets_tcn_event_nll_mixture,ets tcn event nll mixture,2029,-259.9999999999993,0.5889669737346512,seed,
ets_tcn_event_nll_mixture,ets tcn event nll mixture,2029,-249.99999999999935,0.595710261466861,seed,
ets_tcn_event_nll_mixture,ets tcn event nll mixture,2029,-239.99999999999932,0.5981847448933905,seed,
ets_tcn_event_nll_mixture,ets tcn event nll mixture,2029,-229.99999999999932,0.6043212059417119,seed,
ets_tcn_event_nll_mixture,ets tcn event nll mixture,2029,-219.99999999999932,0.6110624534261224,seed,
ets_tcn_event_nll_mixture,ets tcn event nll mixture,2029,-209.9999999999993,0.6221078454796438,seed,
ets_tcn_event_nll_mixture,ets tcn event nll mixture,2029,-199.9999999999993,0.641229708586982,seed,
ets_tcn_event_nll_mixture,ets tcn event nll mixture,2029,-189.9999999999993,0.6705129727787357,seed,
ets_tcn_event_nll_mixture,ets tcn event nll mixture,2029,-179.99999999999926,0.7018019253150181,seed,
ets_tcn_event_nll_mixture,ets tcn event nll mixture,2029,-169.99999999999926,0.7278794747266377,seed,
ets_tcn_event_nll_mixture,ets tcn event nll mixture,2029,-159.99999999999926,0.7580558256796529,seed,
ets_tcn_event_nll_mixture,ets tcn event nll mixture,2029,-149.99999999999923,0.7987994087081547,seed,
ets_tcn_event_nll_mixture,ets tcn event nll mixture,2029,-139.99999999999923,0.8594923796528265,seed,
ets_tcn_event_nll_mixture,ets tcn event nll mixture,2029,-129.99999999999923,0.9354995296619485,seed,
ets_tcn_event_nll_mixture,ets tcn event nll mixture,2029,-119.99999999999922,1.028966868042965,seed,
ets_tcn_event_nll_mixture,ets tcn event nll mixture,2029,-109.9999999999992,1.1421257362673187,seed,
ets_tcn_event_nll_mixture,ets tcn event nll mixture,2029,-99.9999999999992,1.268885326595381,seed,
ets_tcn_event_nll_mixture,ets tcn event nll mixture,2029,-89.99999999999919,1.4135306470092055,seed,
ets_tcn_event_nll_mixture,ets tcn event nll mixture,2029,-79.99999999999918,1.5741113463543663,seed,
ets_tcn_event_nll_mixture,ets tcn event nll mixture,2029,-69.99999999999918,1.7454113813793724,seed,
ets_tcn_event_nll_mixture,ets tcn event nll mixture,2029,-59.99999999999916,1.9129580252447085,seed,
ets_tcn_event_nll_mixture,ets tcn event nll mixture,2029,-49.999999999999154,2.0772323005721676,seed,
ets_tcn_event_nll_mixture,ets tcn event nll mixture,2029,-39.99999999999915,2.230805709607153,seed,
ets_tcn_event_nll_mixture,ets tcn event nll mixture,2029,-29.99999999999914,2.3554617200525723,seed,
ets_tcn_event_nll_mixture,ets tcn event nll mixture,2029,-19.99999999999913,2.4328836563262968,seed,
ets_tcn_event_nll_mixture,ets tcn event nll mixture,2029,-9.99999999999912,2.4532766043533685,seed,
ets_tcn_event_nll_mixture,ets tcn event nll mixture,2029,8.881784197001252e-13,2.423609824207201,seed,
ets_tcn_event_nll_mixture,ets tcn event nll mixture,2029,10.000000000000897,2.334079095557201,seed,
ets_tcn_event_nll_mixture,ets tcn event nll mixture,2029,20.000000000000906,2.191876041022148,seed,
ets_tcn_event_nll_mixture,ets tcn event nll mixture,2029,30.000000000000917,2.0112524516141206,seed,
ets_tcn_event_nll_mixture,ets tcn event nll mixture,2029,40.000000000000924,1.8211835541653123,seed,
ets_tcn_event_nll_mixture,ets tcn event nll mixture,2029,50.00000000000093,1.6554371738669253,seed,
ets_tcn_event_nll_mixture,ets tcn event nll mixture,2029,60.00000000000094,1.4999238018882626,seed,
ets_tcn_event_nll_mixture,ets tcn event nll mixture,2029,70.00000000000095,1.3410637332216246,seed,
ets_tcn_event_nll_mixture,ets tcn event nll mixture,2029,80.00000000000097,1.2008217096388205,seed,
ets_tcn_event_nll_mixture,ets tcn event nll mixture,2029,90.00000000000097,1.089036941351168,seed,
ets_tcn_event_nll_mixture,ets tcn event nll mixture,2029,100.00000000000098,0.9935821245113567,seed,
ets_tcn_event_nll_mixture,ets tcn event nll mixture,2029,110.00000000000098,0.9161547408945685,seed,
ets_tcn_event_nll_mixture,ets tcn event nll mixture,2029,120.000000000001,0.8613259531077465,seed,
ets_tcn_event_nll_mixture,ets tcn event nll mixture,2029,130.000000000001,0.8175467859256792,seed,
ets_tcn_event_nll_mixture,ets tcn event nll mixture,2029,140.00000000000102,0.7816708527019406,seed,
ets_tcn_event_nll_mixture,ets tcn event nll mixture,2029,150.00000000000102,0.7592742774997658,seed,
ets_tcn_event_nll_mixture,ets tcn event nll mixture,2029,160.00000000000102,0.7479274510705951,seed,
ets_tcn_event_nll_mixture,ets tcn event nll mixture,2029,170.00000000000105,0.7439573357292056,seed,
ets_tcn_event_nll_mixture,ets tcn event nll mixture,2029,180.00000000000105,0.7411601069436675,seed,
ets_tcn_event_nll_mixture,ets tcn event nll mixture,2029,190.00000000000105,0.7377826015288128,seed,
ets_tcn_event_nll_mixture,ets tcn event nll mixture,2029,200.00000000000108,0.730284058353804,seed,
ets_tcn_event_nll_mixture,ets tcn event nll mixture,2029,210.00000000000108,0.727182082322164,seed,
ets_tcn_event_nll_mixture,ets tcn event nll mixture,2029,220.00000000000108,0.7236358411300542,seed,
ets_tcn_event_nll_mixture,ets tcn event nll mixture,2029,230.00000000000108,0.7127007128702106,seed,
ets_tcn_event_nll_mixture,ets tcn event nll mixture,2029,240.0000000000011,0.6972260699584071,seed,
ets_tcn_event_nll_mixture,ets tcn event nll mixture,2029,250.0000000000011,0.6756765789999662,seed,
ets_tcn_event_nll_mixture,ets tcn event nll mixture,2029,260.00000000000114,0.6479056479973963,seed,
ets_tcn_event_nll_mixture,ets tcn event nll mixture,2029,270.00000000000114,0.6158058276909227,seed,
ets_tcn_event_nll_mixture,ets tcn event nll mixture,2029,280.00000000000114,0.5903047797097261,seed,
ets_tcn_event_nll_mixture,ets tcn event nll mixture,2029,290.00000000000114,0.5680127288587478,seed,
ets_tcn_event_nll_mixture,ets tcn event nll mixture,2029,300.00000000000114,0.5426446854143699,seed,
ets_tcn_event_nll_mixture,ets tcn event nll mixture,2029,310.00000000000114,0.5170803402732549,seed,
ets_tcn_event_nll_mixture,ets tcn event nll mixture,2029,320.0000000000012,0.49042784873189565,seed,
ets_tcn_event_nll_mixture,ets tcn event nll mixture,2029,330.0000000000012,0.4633759166981708,seed,
ets_tcn_event_nll_mixture,ets tcn event nll mixture,2029,340.0000000000012,0.4461472327300765,seed,
ets_tcn_event_nll_mixture,ets tcn event nll mixture,2029,350.0000000000012,0.43507911354772355,seed,
ets_tcn_event_nll_mixture,ets tcn event nll mixture,2029,360.0000000000012,0.42704467447208794,seed,
ets_tcn_event_nll_mixture,ets tcn event nll mixture,2029,370.0000000000012,0.42197679901170826,seed,
ets_tcn_event_nll_mixture,ets tcn event nll mixture,2029,380.00000000000125,0.4155470968030193,seed,
ets_tcn_event_nll_mixture,ets tcn event nll mixture,2029,390.00000000000125,0.4073878271280107,seed,
ets_tcn_event_nll_mixture,ets tcn event nll mixture,2029,400.00000000000125,0.40106625357515213,seed,
ets_tcn_event_nll_mixture,ets tcn event nll mixture,2029,410.00000000000125,0.3927395726714659,seed,
ets_tcn_event_nll_mixture,ets tcn event nll mixture,2029,420.00000000000125,0.3855494561072942,seed,
ets_tcn_event_nll_mixture,ets tcn event nll mixture,2029,430.00000000000125,0.3786604110870027,seed,
ets_tcn_event_nll_mixture,ets tcn event nll mixture,2029,440.00000000000125,0.37009326230168,seed,
ets_tcn_event_nll_mixture,ets tcn event nll mixture,2029,450.0000000000013,0.3659072492475633,seed,
ets_tcn_event_nll_mixture,ets tcn event nll mixture,2029,460.0000000000013,0.36648387644825103,seed,
ets_tcn_event_nll_mixture,ets tcn event nll mixture,2029,470.0000000000013,0.36571801505827845,seed,
ets_tcn_event_nll_mixture,ets tcn event nll mixture,2029,480.0000000000013,0.3637758984227999,seed,
ets_tcn_event_nll_mixture,ets tcn event nll mixture,2029,490.0000000000013,0.3610165350682064,seed,
ets_tcn_event_nll_mixture,ets tcn event nll mixture,2029,500.0000000000013,0.3540539025985257,seed,
ets_tcn_event_nll_mixture,ets tcn event nll mixture,2029,510.00000000000136,0.3459668583061157,seed,
ets_tcn_event_nll_mixture,ets tcn event nll mixture,2029,520.0000000000014,0.34013487773141826,seed,
ets_tcn_event_nll_mixture,ets tcn event nll mixture,2029,530.0000000000014,0.3393549466086293,seed,
ets_tcn_event_nll_mixture,ets tcn event nll mixture,2029,540.0000000000014,0.3353807140877359,seed,
ets_tcn_event_nll_mixture,ets tcn event nll mixture,2029,550.0000000000014,0.3272216800253515,seed,
ets_tcn_event_nll_mixture,ets tcn event nll mixture,2029,560.0000000000014,0.32036908401953723,seed,
ets_tcn_event_nll_mixture,ets tcn event nll mixture,2029,570.0000000000014,0.3140948998116889,seed,
ets_tcn_event_nll_mixture,ets tcn event nll mixture,2029,580.0000000000014,0.30805695158412943,seed,
ets_tcn_event_nll_mixture,ets tcn event nll mixture,2029,590.0000000000014,0.3031759808980602,seed,
ets_tcn_event_nll_mixture,ets tcn event nll mixture,2029,600.0000000000014,0.2963563530900574,seed,
ets_tcn_event_nll_mixture,ets tcn event nll mixture,2029,610.0000000000015,0.289528089934081,seed,
ets_tcn_event_nll_mixture,ets tcn event nll mixture,2029,620.0000000000015,0.2851363392764017,seed,
ets_tcn_event_nll_mixture,ets tcn event nll mixture,2029,630.0000000000015,0.27918004172040917,seed,
ets_tcn_event_nll_mixture,ets tcn event nll mixture,2029,640.0000000000015,0.27179200388529423,seed,
ets_tcn_event_nll_mixture,ets tcn event nll mixture,2029,650.0000000000015,0.2678676119946245,seed,
ets_tcn_event_nll_mixture,ets tcn event nll mixture,2029,660.0000000000015,0.26332470478704595,seed,
ets_tcn_event_nll_mixture,ets tcn event nll mixture,2029,670.0000000000015,0.26167112332276854,seed,
ets_tcn_event_nll_mixture,ets tcn event nll mixture,2029,680.0000000000015,0.26337397152466907,seed,
ets_tcn_event_nll_mixture,ets tcn event nll mixture,2029,690.0000000000015,0.2645476542601823,seed,
ets_tcn_event_nll_mixture,ets tcn event nll mixture,2029,700.0000000000015,0.2629028768978173,seed,
ets_tcn_event_nll_mixture,ets tcn event nll mixture,2029,710.0000000000015,0.26213753023984,seed,
ets_tcn_event_nll_mixture,ets tcn event nll mixture,2029,720.0000000000015,0.2563988810514124,seed,
ets_tcn_event_nll_mixture,ets tcn event nll mixture,2029,730.0000000000016,0.25332679142578735,seed,
ets_tcn_event_nll_mixture,ets tcn event nll mixture,2029,740.0000000000016,0.25396771101230475,seed,
ets_tcn_event_nll_mixture,ets tcn event nll mixture,2029,750.0000000000016,0.25170424248259216,seed,
ets_tcn_event_nll_mixture,ets tcn event nll mixture,2029,760.0000000000016,0.248307145052235,seed,
ets_tcn_event_nll_mixture,ets tcn event nll mixture,2029,770.0000000000016,0.24847920038011426,seed,
ets_tcn_event_nll_mixture,ets tcn event nll mixture,2029,780.0000000000016,0.2452316124495363,seed,
ets_tcn_event_nll_mixture,ets tcn event nll mixture,2029,790.0000000000016,0.24095473593851505,seed,
ets_tcn_event_nll_mixture,ets tcn event nll mixture,2029,800.0000000000016,0.23415482293571274,seed,
ets_tcn_event_nll_mixture,ets tcn event nll mixture,2029,810.0000000000016,0.23216273649791247,seed,
ets_tcn_event_nll_mixture,ets tcn event nll mixture,2029,820.0000000000016,0.22987591317614528,seed,
ets_tcn_event_nll_mixture,ets tcn event nll mixture,2029,830.0000000000016,0.23080511610341917,seed,
ets_tcn_event_nll_mixture,ets tcn event nll mixture,2029,840.0000000000016,0.23767040206175363,seed,
ets_tcn_event_nll_mixture,ets tcn event nll mixture,2029,850.0000000000016,0.2448739671804139,seed,
ets_tcn_event_nll_mixture,ets tcn event nll mixture,2029,860.0000000000017,0.2487859345282744,seed,
ets_tcn_event_nll_mixture,ets tcn event nll mixture,2029,870.0000000000017,0.25115966690570474,seed,
ets_tcn_event_nll_mixture,ets tcn event nll mixture,2029,880.0000000000017,0.24734587689715795,seed,
ets_tcn_event_nll_mixture,ets tcn event nll mixture,2029,890.0000000000017,0.24077772018248197,seed,
ets_tcn_event_nll_mixture,ets tcn event nll mixture,2029,900.0000000000017,0.2380898938182319,seed,
ets_tcn_event_nll_mixture,ets tcn event nll mixture,2029,910.0000000000017,0.23121954619155435,seed,
ets_tcn_event_nll_mixture,ets tcn event nll mixture,2029,920.0000000000017,0.22980834984317336,seed,
ets_tcn_event_nll_mixture,ets tcn event nll mixture,2029,930.0000000000017,0.23511563183809275,seed,
ets_tcn_event_nll_mixture,ets tcn event nll mixture,2029,940.0000000000017,0.23833286677946797,seed,
ets_tcn_event_nll_mixture,ets tcn event nll mixture,2029,950.0000000000017,0.24431151894606903,seed,
ets_tcn_event_nll_mixture,ets tcn event nll mixture,2029,960.0000000000017,0.25058014086439595,seed,
ets_tcn_event_nll_mixture,ets tcn event nll mixture,2029,970.0000000000017,0.25537340999584235,seed,
ets_tcn_event_nll_mixture,ets tcn event nll mixture,2029,980.0000000000017,0.2626699619841002,seed,
ets_tcn_event_nll_mixture,ets tcn event nll mixture,2029,990.0000000000018,0.26909514134242757,seed,
ets_tcn_event_nll_mixture,ets tcn event nll mixture,2029,1000.0000000000018,0.2658545661429474,seed,
ets_tcn_event_nll_mixture,ets tcn event nll mixture,mean,-1000.0,0.10067824669984782,group_mean,0.008076910172521367
ets_tcn_event_nll_mixture,ets tcn event nll mixture,mean,-990.0,0.1027929748618877,group_mean,0.009675325954362662
ets_tcn_event_nll_mixture,ets tcn event nll mixture,mean,-980.0,0.10339776847660062,group_mean,0.010034609810930668
ets_tcn_event_nll_mixture,ets tcn event nll mixture,mean,-970.0,0.10402731190998474,group_mean,0.010160609543500263
ets_tcn_event_nll_mixture,ets tcn event nll mixture,mean,-960.0,0.10356843785006567,group_mean,0.009673778178709265
ets_tcn_event_nll_mixture,ets tcn event nll mixture,mean,-950.0,0.10379275593484005,group_mean,0.008601781715767635
ets_tcn_event_nll_mixture,ets tcn event nll mixture,mean,-940.0,0.10613172207589897,group_mean,0.007973290901390288
ets_tcn_event_nll_mixture,ets tcn event nll mixture,mean,-929.9999999999999,0.10931988590631667,group_mean,0.008343147801452667
ets_tcn_event_nll_mixture,ets tcn event nll mixture,mean,-919.9999999999999,0.11433190842870192,group_mean,0.008936812536860508
ets_tcn_event_nll_mixture,ets tcn event nll mixture,mean,-909.9999999999999,0.12090482366342678,group_mean,0.008093304981964214
ets_tcn_event_nll_mixture,ets tcn event nll mixture,mean,-899.9999999999999,0.12637221970915916,group_mean,0.0063730034458825266
ets_tcn_event_nll_mixture,ets tcn event nll mixture,mean,-889.9999999999999,0.13059489356968426,group_mean,0.006455746808325095
ets_tcn_event_nll_mixture,ets tcn event nll mixture,mean,-879.9999999999999,0.13229840498232823,group_mean,0.007329240537188037
ets_tcn_event_nll_mixture,ets tcn event nll mixture,mean,-869.9999999999999,0.1316318418331162,group_mean,0.008299470153581503
ets_tcn_event_nll_mixture,ets tcn event nll mixture,mean,-859.9999999999999,0.1315489507388677,group_mean,0.00938315146939244
ets_tcn_event_nll_mixture,ets tcn event nll mixture,mean,-849.9999999999999,0.1315167012776899,group_mean,0.010969260879525093
ets_tcn_event_nll_mixture,ets tcn event nll mixture,mean,-839.9999999999999,0.13126555297977202,group_mean,0.011350835427462765
ets_tcn_event_nll_mixture,ets tcn event nll mixture,mean,-829.9999999999999,0.13167720673550765,group_mean,0.010349470555006209
ets_tcn_event_nll_mixture,ets tcn event nll mixture,mean,-819.9999999999999,0.13304318097708448,group_mean,0.009822878824400694
ets_tcn_event_nll_mixture,ets tcn event nll mixture,mean,-809.9999999999999,0.1356058821137658,group_mean,0.009523601517586244
ets_tcn_event_nll_mixture,ets tcn event nll mixture,mean,-799.9999999999998,0.1394162891079841,group_mean,0.009444361114723934
ets_tcn_event_nll_mixture,ets tcn event nll mixture,mean,-789.9999999999998,0.14339235410828252,group_mean,0.00869037442071226
ets_tcn_event_nll_mixture,ets tcn event nll mixture,mean,-779.9999999999998,0.14592961443495106,group_mean,0.006944327007304642
ets_tcn_event_nll_mixture,ets tcn event nll mixture,mean,-769.9999999999998,0.1504825732924431,group_mean,0.004789773763952224
ets_tcn_event_nll_mixture,ets tcn event nll mixture,mean,-759.9999999999998,0.15469913501230748,group_mean,0.0053626687058358526
ets_tcn_event_nll_mixture,ets tcn event nll mixture,mean,-749.9999999999998,0.15864539589682583,group_mean,0.007657033255415569
ets_tcn_event_nll_mixture,ets tcn event nll mixture,mean,-739.9999999999998,0.16346099358297123,group_mean,0.009708457076006302
ets_tcn_event_nll_mixture,ets tcn event nll mixture,mean,-729.9999999999998,0.16847084628562586,group_mean,0.01077083236948745
ets_tcn_event_nll_mixture,ets tcn event nll mixture,mean,-719.9999999999998,0.17335082048380848,group_mean,0.011208855401562459
ets_tcn_event_nll_mixture,ets tcn event nll mixture,mean,-709.9999999999998,0.17792262623157695,group_mean,0.011477414721878748
ets_tcn_event_nll_mixture,ets tcn event nll mixture,mean,-699.9999999999998,0.18336893292072473,group_mean,0.011152152700786459
ets_tcn_event_nll_mixture,ets tcn event nll mixture,mean,-689.9999999999998,0.18878271700548463,group_mean,0.009763900103551432
ets_tcn_event_nll_mixture,ets tcn event nll mixture,mean,-679.9999999999998,0.19265232954365977,group_mean,0.008003474539927502
ets_tcn_event_nll_mixture,ets tcn event nll mixture,mean,-669.9999999999997,0.19586714126021737,group_mean,0.006719468513821927
ets_tcn_event_nll_mixture,ets tcn event nll mixture,mean,-659.9999999999997,0.19986690241777816,group_mean,0.004342823901961941
ets_tcn_event_nll_mixture,ets tcn event nll mixture,mean,-649.9999999999997,0.2034269908860881,group_mean,0.0027321060626093966
ets_tcn_event_nll_mixture,ets tcn event nll mixture,mean,-639.9999999999997,0.2084683514870828,group_mean,0.0035786283963199768
ets_tcn_event_nll_mixture,ets tcn event nll mixture,mean,-629.9999999999997,0.21567843521950053,group_mean,0.005334184492147043
ets_tcn_event_nll_mixture,ets tcn event nll mixture,mean,-619.9999999999997,0.22434729396344663,group_mean,0.0061449105500795366
ets_tcn_event_nll_mixture,ets tcn event nll mixture,mean,-609.9999999999997,0.23337545539931837,group_mean,0.005778452911486973
ets_tcn_event_nll_mixture,ets tcn event nll mixture,mean,-599.9999999999997,0.2408333348564355,group_mean,0.007094531755484007
ets_tcn_event_nll_mixture,ets tcn event nll mixture,mean,-589.9999999999997,0.24606122395799096,group_mean,0.00877580153409833
ets_tcn_event_nll_mixture,ets tcn event nll mixture,mean,-579.9999999999997,0.24882562034278907,group_mean,0.009224851928291776
ets_tcn_event_nll_mixture,ets tcn event nll mixture,mean,-569.9999999999997,0.2506613419684991,group_mean,0.009344422187435949
ets_tcn_event_nll_mixture,ets tcn event nll mixture,mean,-559.9999999999997,0.25210161526245745,group_mean,0.010374336969966716
ets_tcn_event_nll_mixture,ets tcn event nll mixture,mean,-549.9999999999995,0.25553842085288847,group_mean,0.011811646410273085
ets_tcn_event_nll_mixture,ets tcn event nll mixture,mean,-539.9999999999995,0.26209343469495694,group_mean,0.012847141125867361
ets_tcn_event_nll_mixture,ets tcn event nll mixture,mean,-529.9999999999995,0.2713127780342827,group_mean,0.013557924154550599
ets_tcn_event_nll_mixture,ets tcn event nll mixture,mean,-519.9999999999995,0.2820792817502341,group_mean,0.014900760883503483
ets_tcn_event_nll_mixture,ets tcn event nll mixture,mean,-509.99999999999955,0.29243600029142847,group_mean,0.015375462163239317
ets_tcn_event_nll_mixture,ets tcn event nll mixture,mean,-499.99999999999955,0.3006452763877301,group_mean,0.013511069288224582
ets_tcn_event_nll_mixture,ets tcn event nll mixture,mean,-489.99999999999955,0.3093111703065463,group_mean,0.011042351386403476
ets_tcn_event_nll_mixture,ets tcn event nll mixture,mean,-479.99999999999955,0.3195990504750978,group_mean,0.010040843430842075
ets_tcn_event_nll_mixture,ets tcn event nll mixture,mean,-469.99999999999955,0.327674622736576,group_mean,0.012609981737365052
ets_tcn_event_nll_mixture,ets tcn event nll mixture,mean,-459.99999999999955,0.3330580083584639,group_mean,0.016652847818576802
ets_tcn_event_nll_mixture,ets tcn event nll mixture,mean,-449.9999999999995,0.3372361468425978,group_mean,0.01933756768793062
ets_tcn_event_nll_mixture,ets tcn event nll mixture,mean,-439.9999999999995,0.34450096879959435,group_mean,0.019192185666000172
ets_tcn_event_nll_mixture,ets tcn event nll mixture,mean,-429.9999999999995,0.3549313625467516,group_mean,0.017885939471956862
ets_tcn_event_nll_mixture,ets tcn event nll mixture,mean,-419.9999999999995,0.3664076808096517,group_mean,0.015917255487723624
ets_tcn_event_nll_mixture,ets tcn event nll mixture,mean,-409.9999999999995,0.37966269253823437,group_mean,0.01512571110849668
ets_tcn_event_nll_mixture,ets tcn event nll mixture,mean,-399.9999999999995,0.39305917689830017,group_mean,0.014792212936899498
ets_tcn_event_nll_mixture,ets tcn event nll mixture,mean,-389.99999999999943,0.40565329992209576,group_mean,0.014600663949964095
ets_tcn_event_nll_mixture,ets tcn event nll mixture,mean,-379.99999999999943,0.41889927600986826,group_mean,0.015424613843508014
ets_tcn_event_nll_mixture,ets tcn event nll mixture,mean,-369.99999999999943,0.4316495673817613,group_mean,0.018577129830383173
ets_tcn_event_nll_mixture,ets tcn event nll mixture,mean,-359.99999999999943,0.4425802089908827,group_mean,0.021026503541807354
ets_tcn_event_nll_mixture,ets tcn event nll mixture,mean,-349.99999999999943,0.45148959468802835,group_mean,0.02203223608805031
ets_tcn_event_nll_mixture,ets tcn event nll mixture,mean,-339.99999999999943,0.45951480865799726,group_mean,0.020939084521773323
ets_tcn_event_nll_mixture,ets tcn event nll mixture,mean,-329.99999999999943,0.4687822770617565,group_mean,0.020298555772695175
ets_tcn_event_nll_mixture,ets tcn event nll mixture,mean,-319.9999999999994,0.4826075263110131,group_mean,0.020517397650181755
ets_tcn_event_nll_mixture,ets tcn event nll mixture,mean,-309.9999999999994,0.4996999465265401,group_mean,0.02247139451919895
ets_tcn_event_nll_mixture,ets tcn event nll mixture,mean,-299.9999999999994,0.5171524983653011,group_mean,0.024478553877360774
ets_tcn_event_nll_mixture,ets tcn event nll mixture,mean,-289.9999999999994,0.5342090190997685,group_mean,0.025599989935474816
ets_tcn_event_nll_mixture,ets tcn event nll mixture,mean,-279.9999999999994,0.5525967030144052,group_mean,0.024055431585000075
ets_tcn_event_nll_mixture,ets tcn event nll mixture,mean,-269.9999999999994,0.5697156235892152,group_mean,0.02183396816736482
ets_tcn_event_nll_mixture,ets tcn event nll mixture,mean,-259.9999999999993,0.5838387873781994,group_mean,0.019446922110128124
ets_tcn_event_nll_mixture,ets tcn event nll mixture,mean,-249.99999999999935,0.5938307860988863,group_mean,0.015362796400352423
ets_tcn_event_nll_mixture,ets tcn event nll mixture,mean,-239.99999999999932,0.5990552001703875,group_mean,0.010632867860890825
ets_tcn_event_nll_mixture,ets tcn event nll mixture,mean,-229.99999999999932,0.6077916154521481,group_mean,0.009142039356650604
ets_tcn_event_nll_mixture,ets tcn event nll mixture,mean,-219.99999999999932,0.6228188322448027,group_mean,0.010596932871048669
ets_tcn_event_nll_mixture,ets tcn event nll mixture,mean,-209.9999999999993,0.6407155997922775,group_mean,0.014991547192128309
ets_tcn_event_nll_mixture,ets tcn event nll mixture,mean,-199.9999999999993,0.6644819829796799,group_mean,0.020047067910730028
ets_tcn_event_nll_mixture,ets tcn event nll mixture,mean,-189.9999999999993,0.6943465920865131,group_mean,0.025374758823554243
ets_tcn_event_nll_mixture,ets tcn event nll mixture,mean,-179.99999999999926,0.7266574721024168,group_mean,0.02806396838848817
ets_tcn_event_nll_mixture,ets tcn event nll mixture,mean,-169.99999999999926,0.7639827730441533,group_mean,0.033185559555014905
ets_tcn_event_nll_mixture,ets tcn event nll mixture,mean,-159.99999999999926,0.811467648570907,group_mean,0.041781210764743074
ets_tcn_event_nll_mixture,ets tcn event nll mixture,mean,-149.99999999999923,0.8691595084183465,group_mean,0.05196545582138734
ets_tcn_event_nll_mixture,ets tcn event nll mixture,mean,-139.99999999999923,0.9418364957960739,group_mean,0.05824425954590888
ets_tcn_event_nll_mixture,ets tcn event nll mixture,mean,-129.99999999999923,1.0304064123754202,group_mean,0.06395296340971332
ets_tcn_event_nll_mixture,ets tcn event nll mixture,mean,-119.99999999999922,1.134447747069652,group_mean,0.06965140345629785
ets_tcn_event_nll_mixture,ets tcn event nll mixture,mean,-109.9999999999992,1.2647509686198664,group_mean,0.08256094627674355
ets_tcn_event_nll_mixture,ets tcn event nll mixture,mean,-99.9999999999992,1.415348241195176,group_mean,0.09645567917532678
ets_tcn_event_nll_mixture,ets tcn event nll mixture,mean,-89.99999999999919,1.5807258926682528,group_mean,0.10642444013340284
ets_tcn_event_nll_mixture,ets tcn event nll mixture,mean,-79.99999999999918,1.7576536637536186,group_mean,0.11334081209316699
ets_tcn_event_nll_mixture,ets tcn event nll mixture,mean,-69.99999999999918,1.939161530840837,group_mean,0.11912274256841078
ets_tcn_event_nll_mixture,ets tcn event nll mixture,mean,-59.99999999999916,2.113100333418209,group_mean,0.12418536396389682
ets_tcn_event_nll_mixture,ets tcn event nll mixture,mean,-49.999999999999154,2.2729652756882657,group_mean,0.12153176927020266
ets_tcn_event_nll_mixture,ets tcn event nll mixture,mean,-39.99999999999915,2.409159129352394,group_mean,0.10560238560204162
ets_tcn_event_nll_mixture,ets tcn event nll mixture,mean,-29.99999999999914,2.512240578617614,group_mean,0.08961460584132838
ets_tcn_event_nll_mixture,ets tcn event nll mixture,mean,-19.99999999999913,2.559416576093955,group_mean,0.0726787833768019
ets_tcn_event_nll_mixture,ets tcn event nll mixture,mean,-9.99999999999912,2.5265227743887704,group_mean,0.04639767195008246
ets_tcn_event_nll_mixture,ets tcn event nll mixture,mean,8.881784197001252e-13,2.4373110574304135,group_mean,0.0369980428848696
ets_tcn_event_nll_mixture,ets tcn event nll mixture,mean,10.000000000000897,2.301747799680738,group_mean,0.04094061043022028
ets_tcn_event_nll_mixture,ets tcn event nll mixture,mean,20.000000000000906,2.129875809973852,group_mean,0.04994781664531677
ets_tcn_event_nll_mixture,ets tcn event nll mixture,mean,30.000000000000917,1.942642907756349,group_mean,0.06014172027164885
ets_tcn_event_nll_mixture,ets tcn event nll mixture,mean,40.000000000000924,1.7442658434025624,group_mean,0.06793133095281005
ets_tcn_event_nll_mixture,ets tcn event nll mixture,mean,50.00000000000093,1.5581764691854514,group_mean,0.08406101647132168
ets_tcn_event_nll_mixture,ets tcn event nll mixture,mean,60.00000000000094,1.3893133141247442,group_mean,0.08779338993287389
ets_tcn_event_nll_mixture,ets tcn event nll mixture,mean,70.00000000000095,1.235628183997632,group_mean,0.08080185523802047
ets_tcn_event_nll_mixture,ets tcn event nll mixture,mean,80.00000000000097,1.104135883650337,group_mean,0.0745109351733792
ets_tcn_event_nll_mixture,ets tcn event nll mixture,mean,90.00000000000097,0.997717653936418,group_mean,0.07028412247208168
ets_tcn_event_nll_mixture,ets tcn event nll mixture,mean,100.00000000000098,0.9141781658170988,group_mean,0.05962838876171183
ets_tcn_event_nll_mixture,ets tcn event nll mixture,mean,110.00000000000098,0.8534367833708456,group_mean,0.04934175744173364
ets_tcn_event_nll_mixture,ets tcn event nll mixture,mean,120.000000000001,0.8116388721860028,group_mean,0.04327401238209065
ets_tcn_event_nll_mixture,ets tcn event nll mixture,mean,130.000000000001,0.7800287820899252,group_mean,0.03637568295683435
ets_tcn_event_nll_mixture,ets tcn event nll mixture,mean,140.00000000000102,0.753816976940704,group_mean,0.032164829026879685
ets_tcn_event_nll_mixture,ets tcn event nll mixture,mean,150.00000000000102,0.733336956374103,group_mean,0.03005008532208358
ets_tcn_event_nll_mixture,ets tcn event nll mixture,mean,160.00000000000102,0.7179611848519792,group_mean,0.029010461779693766
ets_tcn_event_nll_mixture,ets tcn event nll mixture,mean,170.00000000000105,0.7086092650742669,group_mean,0.028960967493424812
ets_tcn_event_nll_mixture,ets tcn event nll mixture,mean,180.00000000000105,0.7036140329955075,group_mean,0.030093856797656526
ets_tcn_event_nll_mixture,ets tcn event nll mixture,mean,190.00000000000105,0.7009842946670444,group_mean,0.029957032809083604
ets_tcn_event_nll_mixture,ets tcn event nll mixture,mean,200.00000000000108,0.6969298568195686,group_mean,0.027637229355683406
ets_tcn_event_nll_mixture,ets tcn event nll mixture,mean,210.00000000000108,0.691436526132615,group_mean,0.02844438843528856
ets_tcn_event_nll_mixture,ets tcn event nll mixture,mean,220.00000000000108,0.6814304615377373,group_mean,0.031370830685276914
ets_tcn_event_nll_mixture,ets tcn event nll mixture,mean,230.00000000000108,0.6664424969549312,group_mean,0.03342194271274854
ets_tcn_event_nll_mixture,ets tcn event nll mixture,mean,240.0000000000011,0.6479015633310727,group_mean,0.035502789641085136
ets_tcn_event_nll_mixture,ets tcn event nll mixture,mean,250.0000000000011,0.6271304915834126,group_mean,0.03589399347108275
ets_tcn_event_nll_mixture,ets tcn event nll mixture,mean,260.00000000000114,0.6037141238697799,group_mean,0.03420244582379783
ets_tcn_event_nll_mixture,ets tcn event nll mixture,mean,270.00000000000114,0.5803093355393951,group_mean,0.03167019205850436
ets_tcn_event_nll_mixture,ets tcn event nll mixture,mean,280.00000000000114,0.5578651210965171,group_mean,0.031994828903685095
ets_tcn_event_nll_mixture,ets tcn event nll mixture,mean,290.00000000000114,0.5356150686012093,group_mean,0.030605041829561308
ets_tcn_event_nll_mixture,ets tcn event nll mixture,mean,300.00000000000114,0.5128788017230381,group_mean,0.027005506651467264
ets_tcn_event_nll_mixture,ets tcn event nll mixture,mean,310.00000000000114,0.49141024381652043,group_mean,0.024308579895612265
ets_tcn_event_nll_mixture,ets tcn event nll mixture,mean,320.0000000000012,0.47178531143020813,group_mean,0.021265352591455032
ets_tcn_event_nll_mixture,ets tcn event nll mixture,mean,330.0000000000012,0.4555223504858473,group_mean,0.01843642301507381
ets_tcn_event_nll_mixture,ets tcn event nll mixture,mean,340.0000000000012,0.4431911919436297,group_mean,0.020073422325433903
ets_tcn_event_nll_mixture,ets tcn event nll mixture,mean,350.0000000000012,0.4326236665811238,group_mean,0.023329448637561104
ets_tcn_event_nll_mixture,ets tcn event nll mixture,mean,360.0000000000012,0.4226925663851633,group_mean,0.02371602258658391
ets_tcn_event_nll_mixture,ets tcn event nll mixture,mean,370.0000000000012,0.41334157804872174,group_mean,0.022916832379083794
ets_tcn_event_nll_mixture,ets tcn event nll mixture,mean,380.00000000000125,0.4035456885150963,group_mean,0.021257285329720967
ets_tcn_event_nll_mixture,ets tcn event nll mixture,mean,390.00000000000125,0.3947523887481255,group_mean,0.01894815520636473
ets_tcn_event_nll_mixture,ets tcn event nll mixture,mean,400.00000000000125,0.3889941757246542,group_mean,0.01796792985219133
ets_tcn_event_nll_mixture,ets tcn event nll mixture,mean,410.00000000000125,0.38287088129974184,group_mean,0.016980361309340924
ets_tcn_event_nll_mixture,ets tcn event nll mixture,mean,420.00000000000125,0.3770807471740845,group_mean,0.016525478874589786
ets_tcn_event_nll_mixture,ets tcn event nll mixture,mean,430.00000000000125,0.37047090709722386,group_mean,0.017243636650461157
ets_tcn_event_nll_mixture,ets tcn event nll mixture,mean,440.00000000000125,0.36077491013614693,group_mean,0.01777577672382401
ets_tcn_event_nll_mixture,ets tcn event nll mixture,mean,450.0000000000013,0.35263122625707655,group_mean,0.019752244923858166
ets_tcn_event_nll_mixture,ets tcn event nll mixture,mean,460.0000000000013,0.349148280171793,group_mean,0.021216652180314214
ets_tcn_event_nll_mixture,ets tcn event nll mixture,mean,470.0000000000013,0.34604822025418863,group_mean,0.023759456977083673
ets_tcn_event_nll_mixture,ets tcn event nll mixture,mean,480.0000000000013,0.343824438467785,group_mean,0.02650826163854557
ets_tcn_event_nll_mixture,ets tcn event nll mixture,mean,490.0000000000013,0.34144929871058805,group_mean,0.028133828709753648
ets_tcn_event_nll_mixture,ets tcn event nll mixture,mean,500.0000000000013,0.3354493819533687,group_mean,0.029692054879230764
ets_tcn_event_nll_mixture,ets tcn event nll mixture,mean,510.00000000000136,0.3286685100177763,group_mean,0.030187620988318273
ets_tcn_event_nll_mixture,ets tcn event nll mixture,mean,520.0000000000014,0.3219845820002041,group_mean,0.029424283211042915
ets_tcn_event_nll_mixture,ets tcn event nll mixture,mean,530.0000000000014,0.318618279677804,group_mean,0.02943876992604544
ets_tcn_event_nll_mixture,ets tcn event nll mixture,mean,540.0000000000014,0.3155144178749785,group_mean,0.027345999588584968
ets_tcn_event_nll_mixture,ets tcn event nll mixture,mean,550.0000000000014,0.31174191891036407,group_mean,0.024175735567460024
ets_tcn_event_nll_mixture,ets tcn event nll mixture,mean,560.0000000000014,0.30981163816417145,group_mean,0.021495160347227767
ets_tcn_event_nll_mixture,ets tcn event nll mixture,mean,570.0000000000014,0.3062905289037886,group_mean,0.01971638728641216
ets_tcn_event_nll_mixture,ets tcn event nll mixture,mean,580.0000000000014,0.3001658176654221,group_mean,0.019593411008297833
ets_tcn_event_nll_mixture,ets tcn event nll mixture,mean,590.0000000000014,0.29520212298622006,group_mean,0.021549276497551235
ets_tcn_event_nll_mixture,ets tcn event nll mixture,mean,600.0000000000014,0.28926656830840697,group_mean,0.022892104728860174
ets_tcn_event_nll_mixture,ets tcn event nll mixture,mean,610.0000000000015,0.2830743880300603,group_mean,0.02246567696868515
ets_tcn_event_nll_mixture,ets tcn event nll mixture,mean,620.0000000000015,0.2790341693338859,group_mean,0.021842751096923938
ets_tcn_event_nll_mixture,ets tcn event nll mixture,mean,630.0000000000015,0.2754865997380427,group_mean,0.02098479250185366
ets_tcn_event_nll_mixture,ets tcn event nll mixture,mean,640.0000000000015,0.27142296903777574,group_mean,0.018764761575851923
ets_tcn_event_nll_mixture,ets tcn event nll mixture,mean,650.0000000000015,0.270197641735982,group_mean,0.016631710135847633
ets_tcn_event_nll_mixture,ets tcn event nll mixture,mean,660.0000000000015,0.2667886927131525,group_mean,0.016251134784060924
ets_tcn_event_nll_mixture,ets tcn event nll mixture,mean,670.0000000000015,0.2647018714481771,group_mean,0.01757782047358015
ets_tcn_event_nll_mixture,ets tcn event nll mixture,mean,680.0000000000015,0.26474244868614594,group_mean,0.01918058801888266
ets_tcn_event_nll_mixture,ets tcn event nll mixture,mean,690.0000000000015,0.2625952323164865,group_mean,0.019564056729652272
ets_tcn_event_nll_mixture,ets tcn event nll mixture,mean,700.0000000000015,0.25834096879508084,group_mean,0.01906447462203958
ets_tcn_event_nll_mixture,ets tcn event nll mixture,mean,710.0000000000015,0.2563828832396525,group_mean,0.019708853318881232
ets_tcn_event_nll_mixture,ets tcn event nll mixture,mean,720.0000000000015,0.2502366732039219,group_mean,0.019142528059399387
ets_tcn_event_nll_mixture,ets tcn event nll mixture,mean,730.0000000000016,0.2457502135424845,group_mean,0.019539073627192535
ets_tcn_event_nll_mixture,ets tcn event nll mixture,mean,740.0000000000016,0.24419761368428344,group_mean,0.021043444999972256
ets_tcn_event_nll_mixture,ets tcn event nll mixture,mean,750.0000000000016,0.2413561730072744,group_mean,0.021848454470501637
ets_tcn_event_nll_mixture,ets tcn event nll mixture,mean,760.0000000000016,0.23891999327806937,group_mean,0.0221956959964202
ets_tcn_event_nll_mixture,ets tcn event nll mixture,mean,770.0000000000016,0.23782118567589755,group_mean,0.021228511979081974
ets_tcn_event_nll_mixture,ets tcn event nll mixture,mean,780.0000000000016,0.2338131974727649,group_mean,0.019345597189951748
ets_tcn_event_nll_mixture,ets tcn event nll mixture,mean,790.0000000000016,0.230858839138127,group_mean,0.018242547325855212
ets_tcn_event_nll_mixture,ets tcn event nll mixture,mean,800.0000000000016,0.22763250774893354,group_mean,0.01819871187939826
ets_tcn_event_nll_mixture,ets tcn event nll mixture,mean,810.0000000000016,0.2294665849071707,group_mean,0.019045486195601417
ets_tcn_event_nll_mixture,ets tcn event nll mixture,mean,820.0000000000016,0.23036617548243926,group_mean,0.018305422647663622
ets_tcn_event_nll_mixture,ets tcn event nll mixture,mean,830.0000000000016,0.2322502055920968,group_mean,0.017809161724249054
ets_tcn_event_nll_mixture,ets tcn event nll mixture,mean,840.0000000000016,0.23789826453137258,group_mean,0.019315524795421046
ets_tcn_event_nll_mixture,ets tcn event nll mixture,mean,850.0000000000016,0.23915724106118627,group_mean,0.02135646419596467
ets_tcn_event_nll_mixture,ets tcn event nll mixture,mean,860.0000000000017,0.23629500537333073,group_mean,0.022517346623511195
ets_tcn_event_nll_mixture,ets tcn event nll mixture,mean,870.0000000000017,0.23543606427041733,group_mean,0.021542937687082046
ets_tcn_event_nll_mixture,ets tcn event nll mixture,mean,880.0000000000017,0.23065755361997411,group_mean,0.01955438150521354
ets_tcn_event_nll_mixture,ets tcn event nll mixture,mean,890.0000000000017,0.22498328977860824,group_mean,0.01959809138470241
ets_tcn_event_nll_mixture,ets tcn event nll mixture,mean,900.0000000000017,0.22307290039637037,group_mean,0.020723158819969074
ets_tcn_event_nll_mixture,ets tcn event nll mixture,mean,910.0000000000017,0.22086844985160708,group_mean,0.01968925456823723
ets_tcn_event_nll_mixture,ets tcn event nll mixture,mean,920.0000000000017,0.22398108274557732,group_mean,0.01850029963743944
ets_tcn_event_nll_mixture,ets tcn event nll mixture,mean,930.0000000000017,0.2327118163127267,group_mean,0.018897359608092225
ets_tcn_event_nll_mixture,ets tcn event nll mixture,mean,940.0000000000017,0.23870890962483968,group_mean,0.018745196624777593
ets_tcn_event_nll_mixture,ets tcn event nll mixture,mean,950.0000000000017,0.2447748115622322,group_mean,0.01943654505167474
ets_tcn_event_nll_mixture,ets tcn event nll mixture,mean,960.0000000000017,0.25090985177917113,group_mean,0.01899679124956877
ets_tcn_event_nll_mixture,ets tcn event nll mixture,mean,970.0000000000017,0.25489060505542505,group_mean,0.01784406515481913
ets_tcn_event_nll_mixture,ets tcn event nll mixture,mean,980.0000000000017,0.2594080497326735,group_mean,0.01759558407050042
ets_tcn_event_nll_mixture,ets tcn event nll mixture,mean,990.0000000000018,0.2626970598329782,group_mean,0.017488921684146706
ets_tcn_event_nll_mixture,ets tcn event nll mixture,mean,1000.0000000000018,0.2563669827841729,group_mean,0.017386925712869296
ets_tcn_time_only,ets tcn time only,2025,-1000.0,0.09317613940262416,seed,
ets_tcn_time_only,ets tcn time only,2025,-990.0,0.0951707243700603,seed,
ets_tcn_time_only,ets tcn time only,2025,-980.0,0.09665570557502616,seed,
ets_tcn_time_only,ets tcn time only,2025,-970.0,0.0983747288885722,seed,
ets_tcn_time_only,ets tcn time only,2025,-960.0,0.10055248927563652,seed,
ets_tcn_time_only,ets tcn time only,2025,-950.0,0.10235561372939737,seed,
ets_tcn_time_only,ets tcn time only,2025,-940.0,0.1043745292180054,seed,
ets_tcn_time_only,ets tcn time only,2025,-929.9999999999999,0.10519993613432434,seed,
ets_tcn_time_only,ets tcn time only,2025,-919.9999999999999,0.10760634454481839,seed,
ets_tcn_time_only,ets tcn time only,2025,-909.9999999999999,0.11064623579002371,seed,
ets_tcn_time_only,ets tcn time only,2025,-899.9999999999999,0.11306925468313435,seed,
ets_tcn_time_only,ets tcn time only,2025,-889.9999999999999,0.1159214223073463,seed,
ets_tcn_time_only,ets tcn time only,2025,-879.9999999999999,0.11836187369652085,seed,
ets_tcn_time_only,ets tcn time only,2025,-869.9999999999999,0.12037381166178604,seed,
ets_tcn_time_only,ets tcn time only,2025,-859.9999999999999,0.1229030811765886,seed,
ets_tcn_time_only,ets tcn time only,2025,-849.9999999999999,0.12541062148546903,seed,
ets_tcn_time_only,ets tcn time only,2025,-839.9999999999999,0.12916085857128523,seed,
ets_tcn_time_only,ets tcn time only,2025,-829.9999999999999,0.13343255160759263,seed,
ets_tcn_time_only,ets tcn time only,2025,-819.9999999999999,0.13676583899753153,seed,
ets_tcn_time_only,ets tcn time only,2025,-809.9999999999999,0.14016363192256936,seed,
ets_tcn_time_only,ets tcn time only,2025,-799.9999999999998,0.1433082290227449,seed,
ets_tcn_time_only,ets tcn time only,2025,-789.9999999999998,0.1453360635369575,seed,
ets_tcn_time_only,ets tcn time only,2025,-779.9999999999998,0.1477504166901461,seed,
ets_tcn_time_only,ets tcn time only,2025,-769.9999999999998,0.15241894033188236,seed,
ets_tcn_time_only,ets tcn time only,2025,-759.9999999999998,0.15688036226807442,seed,
ets_tcn_time_only,ets tcn time only,2025,-749.9999999999998,0.1614813259768546,seed,
ets_tcn_time_only,ets tcn time only,2025,-739.9999999999998,0.16641294603585677,seed,
ets_tcn_time_only,ets tcn time only,2025,-729.9999999999998,0.17172401043101745,seed,
ets_tcn_time_only,ets tcn time only,2025,-719.9999999999998,0.17720105171066372,seed,
ets_tcn_time_only,ets tcn time only,2025,-709.9999999999998,0.18122175994521794,seed,
ets_tcn_time_only,ets tcn time only,2025,-699.9999999999998,0.18570877847232609,seed,
ets_tcn_time_only,ets tcn time only,2025,-689.9999999999998,0.19197982350754983,seed,
ets_tcn_time_only,ets tcn time only,2025,-679.9999999999998,0.19665104275314546,seed,
ets_tcn_time_only,ets tcn time only,2025,-669.9999999999997,0.20115152656981042,seed,
ets_tcn_time_only,ets tcn time only,2025,-659.9999999999997,0.20582465801894068,seed,
ets_tcn_time_only,ets tcn time only,2025,-649.9999999999997,0.21040588197130156,seed,
ets_tcn_time_only,ets tcn time only,2025,-639.9999999999997,0.21615380456442534,seed,
ets_tcn_time_only,ets tcn time only,2025,-629.9999999999997,0.22264515922302916,seed,
ets_tcn_time_only,ets tcn time only,2025,-619.9999999999997,0.22898665166478652,seed,
ets_tcn_time_only,ets tcn time only,2025,-609.9999999999997,0.23518294058470343,seed,
ets_tcn_time_only,ets tcn time only,2025,-599.9999999999997,0.24235059690404015,seed,
ets_tcn_time_only,ets tcn time only,2025,-589.9999999999997,0.24946005908508692,seed,
ets_tcn_time_only,ets tcn time only,2025,-579.9999999999997,0.25746630645663077,seed,
ets_tcn_time_only,ets tcn time only,2025,-569.9999999999997,0.2657322200430407,seed,
ets_tcn_time_only,ets tcn time only,2025,-559.9999999999997,0.2748421965962755,seed,
ets_tcn_time_only,ets tcn time only,2025,-549.9999999999995,0.28518907848973285,seed,
ets_tcn_time_only,ets tcn time only,2025,-539.9999999999995,0.29472821621988265,seed,
ets_tcn_time_only,ets tcn time only,2025,-529.9999999999995,0.30325538776275035,seed,
ets_tcn_time_only,ets tcn time only,2025,-519.9999999999995,0.31207144264110787,seed,
ets_tcn_time_only,ets tcn time only,2025,-509.99999999999955,0.3206239778380037,seed,
ets_tcn_time_only,ets tcn time only,2025,-499.99999999999955,0.33123550663284707,seed,
ets_tcn_time_only,ets tcn time only,2025,-489.99999999999955,0.34177124844682955,seed,
ets_tcn_time_only,ets tcn time only,2025,-479.99999999999955,0.3525002660804149,seed,
ets_tcn_time_only,ets tcn time only,2025,-469.99999999999955,0.3639530833526115,seed,
ets_tcn_time_only,ets tcn time only,2025,-459.99999999999955,0.37323128702773695,seed,
ets_tcn_time_only,ets tcn time only,2025,-449.9999999999995,0.38291268077268464,seed,
ets_tcn_time_only,ets tcn time only,2025,-439.9999999999995,0.3924801717329213,seed,
ets_tcn_time_only,ets tcn time only,2025,-429.9999999999995,0.40334486822773513,seed,
ets_tcn_time_only,ets tcn time only,2025,-419.9999999999995,0.41660245943092017,seed,
ets_tcn_time_only,ets tcn time only,2025,-409.9999999999995,0.43133985986542445,seed,
ets_tcn_time_only,ets tcn time only,2025,-399.9999999999995,0.4484499117042169,seed,
ets_tcn_time_only,ets tcn time only,2025,-389.99999999999943,0.46567540086824805,seed,
ets_tcn_time_only,ets tcn time only,2025,-379.99999999999943,0.4817999500300009,seed,
ets_tcn_time_only,ets tcn time only,2025,-369.99999999999943,0.49842947981580993,seed,
ets_tcn_time_only,ets tcn time only,2025,-359.99999999999943,0.5168047887052902,seed,
ets_tcn_time_only,ets tcn time only,2025,-349.99999999999943,0.5352361379712774,seed,
ets_tcn_time_only,ets tcn time only,2025,-339.99999999999943,0.5547149135829815,seed,
ets_tcn_time_only,ets tcn time only,2025,-329.99999999999943,0.5758203433169232,seed,
ets_tcn_time_only,ets tcn time only,2025,-319.9999999999994,0.5979820813638138,seed,
ets_tcn_time_only,ets tcn time only,2025,-309.9999999999994,0.6195896654574227,seed,
ets_tcn_time_only,ets tcn time only,2025,-299.9999999999994,0.6422586845701679,seed,
ets_tcn_time_only,ets tcn time only,2025,-289.9999999999994,0.6671423028325417,seed,
ets_tcn_time_only,ets tcn time only,2025,-279.9999999999994,0.692475904454743,seed,
ets_tcn_time_only,ets tcn time only,2025,-269.9999999999994,0.7182335649550573,seed,
ets_tcn_time_only,ets tcn time only,2025,-259.9999999999993,0.7444706067656588,seed,
ets_tcn_time_only,ets tcn time only,2025,-249.99999999999935,0.7733091055801912,seed,
ets_tcn_time_only,ets tcn time only,2025,-239.99999999999932,0.7998733141877042,seed,
ets_tcn_time_only,ets tcn time only,2025,-229.99999999999932,0.826111636018044,seed,
ets_tcn_time_only,ets tcn time only,2025,-219.99999999999932,0.8521586957890861,seed,
ets_tcn_time_only,ets tcn time only,2025,-209.9999999999993,0.8766997003115893,seed,
ets_tcn_time_only,ets tcn time only,2025,-199.9999999999993,0.9047474238786284,seed,
ets_tcn_time_only,ets tcn time only,2025,-189.9999999999993,0.9337130958130779,seed,
ets_tcn_time_only,ets tcn time only,2025,-179.99999999999926,0.9652896210817286,seed,
ets_tcn_time_only,ets tcn time only,2025,-169.99999999999926,0.9976879641406233,seed,
ets_tcn_time_only,ets tcn time only,2025,-159.99999999999926,1.030904521043641,seed,
ets_tcn_time_only,ets tcn time only,2025,-149.99999999999923,1.0672016736227343,seed,
ets_tcn_time_only,ets tcn time only,2025,-139.99999999999923,1.1055203447345474,seed,
ets_tcn_time_only,ets tcn time only,2025,-129.99999999999923,1.1434453846950874,seed,
ets_tcn_time_only,ets tcn time only,2025,-119.99999999999922,1.181783822400609,seed,
ets_tcn_time_only,ets tcn time only,2025,-109.9999999999992,1.2188650507349825,seed,
ets_tcn_time_only,ets tcn time only,2025,-99.9999999999992,1.2567550764376012,seed,
ets_tcn_time_only,ets tcn time only,2025,-89.99999999999919,1.2946873956748535,seed,
ets_tcn_time_only,ets tcn time only,2025,-79.99999999999918,1.3272900280427045,seed,
ets_tcn_time_only,ets tcn time only,2025,-69.99999999999918,1.3575466354525483,seed,
ets_tcn_time_only,ets tcn time only,2025,-59.99999999999916,1.3856213007404572,seed,
ets_tcn_time_only,ets tcn time only,2025,-49.999999999999154,1.4145220190756935,seed,
ets_tcn_time_only,ets tcn time only,2025,-39.99999999999915,1.4442896359412867,seed,
ets_tcn_time_only,ets tcn time only,2025,-29.99999999999914,1.4731096965742878,seed,
ets_tcn_time_only,ets tcn time only,2025,-19.99999999999913,1.4985557630063322,seed,
ets_tcn_time_only,ets tcn time only,2025,-9.99999999999912,1.5165244543554453,seed,
ets_tcn_time_only,ets tcn time only,2025,8.881784197001252e-13,1.5310419080088198,seed,
ets_tcn_time_only,ets tcn time only,2025,10.000000000000897,1.5394460693991072,seed,
ets_tcn_time_only,ets tcn time only,2025,20.000000000000906,1.537626604534136,seed,
ets_tcn_time_only,ets tcn time only,2025,30.000000000000917,1.5267517677047426,seed,
ets_tcn_time_only,ets tcn time only,2025,40.000000000000924,1.501805261788113,seed,
ets_tcn_time_only,ets tcn time only,2025,50.00000000000093,1.468616152935208,seed,
ets_tcn_time_only,ets tcn time only,2025,60.00000000000094,1.426938742882683,seed,
ets_tcn_time_only,ets tcn time only,2025,70.00000000000095,1.3821870132832832,seed,
ets_tcn_time_only,ets tcn time only,2025,80.00000000000097,1.3374554988125635,seed,
ets_tcn_time_only,ets tcn time only,2025,90.00000000000097,1.2860984461854181,seed,
ets_tcn_time_only,ets tcn time only,2025,100.00000000000098,1.231074605214238,seed,
ets_tcn_time_only,ets tcn time only,2025,110.00000000000098,1.1807809075286209,seed,
ets_tcn_time_only,ets tcn time only,2025,120.000000000001,1.1332743424676357,seed,
ets_tcn_time_only,ets tcn time only,2025,130.000000000001,1.0862154542011835,seed,
ets_tcn_time_only,ets tcn time only,2025,140.00000000000102,1.0434993353928224,seed,
ets_tcn_time_only,ets tcn time only,2025,150.00000000000102,1.0039915622651592,seed,
ets_tcn_time_only,ets tcn time only,2025,160.00000000000102,0.9632133403172428,seed,
ets_tcn_time_only,ets tcn time only,2025,170.00000000000105,0.9218326442458048,seed,
ets_tcn_time_only,ets tcn time only,2025,180.00000000000105,0.8858836579883057,seed,
ets_tcn_time_only,ets tcn time only,2025,190.00000000000105,0.8544863583284026,seed,
ets_tcn_time_only,ets tcn time only,2025,200.00000000000108,0.8261941473474674,seed,
ets_tcn_time_only,ets tcn time only,2025,210.00000000000108,0.8014731514166336,seed,
ets_tcn_time_only,ets tcn time only,2025,220.00000000000108,0.7790994771856758,seed,
ets_tcn_time_only,ets tcn time only,2025,230.00000000000108,0.7565884024856572,seed,
ets_tcn_time_only,ets tcn time only,2025,240.0000000000011,0.7345860262895664,seed,
ets_tcn_time_only,ets tcn time only,2025,250.0000000000011,0.7128729213655526,seed,
ets_tcn_time_only,ets tcn time only,2025,260.00000000000114,0.6902328384149132,seed,
ets_tcn_time_only,ets tcn time only,2025,270.00000000000114,0.6667697800945597,seed,
ets_tcn_time_only,ets tcn time only,2025,280.00000000000114,0.6458254530256967,seed,
ets_tcn_time_only,ets tcn time only,2025,290.00000000000114,0.6245654738496609,seed,
ets_tcn_time_only,ets tcn time only,2025,300.00000000000114,0.6047999128291893,seed,
ets_tcn_time_only,ets tcn time only,2025,310.00000000000114,0.5874325858285125,seed,
ets_tcn_time_only,ets tcn time only,2025,320.0000000000012,0.5705121166503966,seed,
ets_tcn_time_only,ets tcn time only,2025,330.0000000000012,0.5542432851324691,seed,
ets_tcn_time_only,ets tcn time only,2025,340.0000000000012,0.5392346086701653,seed,
ets_tcn_time_only,ets tcn time only,2025,350.0000000000012,0.524500369856137,seed,
ets_tcn_time_only,ets tcn time only,2025,360.0000000000012,0.5117278115440612,seed,
ets_tcn_time_only,ets tcn time only,2025,370.0000000000012,0.4990054836045267,seed,
ets_tcn_time_only,ets tcn time only,2025,380.00000000000125,0.4845482590352577,seed,
ets_tcn_time_only,ets tcn time only,2025,390.00000000000125,0.4702405322692122,seed,
ets_tcn_time_only,ets tcn time only,2025,400.00000000000125,0.4576173323462938,seed,
ets_tcn_time_only,ets tcn time only,2025,410.00000000000125,0.44545532203963095,seed,
ets_tcn_time_only,ets tcn time only,2025,420.00000000000125,0.43483931114293023,seed,
ets_tcn_time_only,ets tcn time only,2025,430.00000000000125,0.4241277911109655,seed,
ets_tcn_time_only,ets tcn time only,2025,440.00000000000125,0.4131486486093854,seed,
ets_tcn_time_only,ets tcn time only,2025,450.0000000000013,0.403619226080532,seed,
ets_tcn_time_only,ets tcn time only,2025,460.0000000000013,0.39477191283883306,seed,
ets_tcn_time_only,ets tcn time only,2025,470.0000000000013,0.38465187031630854,seed,
ets_tcn_time_only,ets tcn time only,2025,480.0000000000013,0.37541818501861024,seed,
ets_tcn_time_only,ets tcn time only,2025,490.0000000000013,0.36786276291282927,seed,
ets_tcn_time_only,ets tcn time only,2025,500.0000000000013,0.3569920736831693,seed,
ets_tcn_time_only,ets tcn time only,2025,510.00000000000136,0.3465150152673135,seed,
ets_tcn_time_only,ets tcn time only,2025,520.0000000000014,0.3369160218271069,seed,
ets_tcn_time_only,ets tcn time only,2025,530.0000000000014,0.3305867267527221,seed,
ets_tcn_time_only,ets tcn time only,2025,540.0000000000014,0.3255034937348042,seed,
ets_tcn_time_only,ets tcn time only,2025,550.0000000000014,0.3193913711018395,seed,
ets_tcn_time_only,ets tcn time only,2025,560.0000000000014,0.3162099934924426,seed,
ets_tcn_time_only,ets tcn time only,2025,570.0000000000014,0.31133140236522644,seed,
ets_tcn_time_only,ets tcn time only,2025,580.0000000000014,0.30476985688926556,seed,
ets_tcn_time_only,ets tcn time only,2025,590.0000000000014,0.30027287490085747,seed,
ets_tcn_time_only,ets tcn time only,2025,600.0000000000014,0.29566998256076055,seed,
ets_tcn_time_only,ets tcn time only,2025,610.0000000000015,0.29234988107460513,seed,
ets_tcn_time_only,ets tcn time only,2025,620.0000000000015,0.2908272021330028,seed,
ets_tcn_time_only,ets tcn time only,2025,630.0000000000015,0.28661265693634913,seed,
ets_tcn_time_only,ets tcn time only,2025,640.0000000000015,0.28104498792207494,seed,
ets_tcn_time_only,ets tcn time only,2025,650.0000000000015,0.2767780842343318,seed,
ets_tcn_time_only,ets tcn time only,2025,660.0000000000015,0.2706263158946555,seed,
ets_tcn_time_only,ets tcn time only,2025,670.0000000000015,0.2650812084452617,seed,
ets_tcn_time_only,ets tcn time only,2025,680.0000000000015,0.2618828512060053,seed,
ets_tcn_time_only,ets tcn time only,2025,690.0000000000015,0.25763140939625584,seed,
ets_tcn_time_only,ets tcn time only,2025,700.0000000000015,0.25339929448534837,seed,
ets_tcn_time_only,ets tcn time only,2025,710.0000000000015,0.25297090130223643,seed,
ets_tcn_time_only,ets tcn time only,2025,720.0000000000015,0.2500045526420555,seed,
ets_tcn_time_only,ets tcn time only,2025,730.0000000000016,0.24670708470686797,seed,
ets_tcn_time_only,ets tcn time only,2025,740.0000000000016,0.24451128225113727,seed,
ets_tcn_time_only,ets tcn time only,2025,750.0000000000016,0.2410226069174501,seed,
ets_tcn_time_only,ets tcn time only,2025,760.0000000000016,0.23745244759029024,seed,
ets_tcn_time_only,ets tcn time only,2025,770.0000000000016,0.23555301437095114,seed,
ets_tcn_time_only,ets tcn time only,2025,780.0000000000016,0.23118571947063787,seed,
ets_tcn_time_only,ets tcn time only,2025,790.0000000000016,0.22778746559835625,seed,
ets_tcn_time_only,ets tcn time only,2025,800.0000000000016,0.2248355824498261,seed,
ets_tcn_time_only,ets tcn time only,2025,810.0000000000016,0.22510165598052556,seed,
ets_tcn_time_only,ets tcn time only,2025,820.0000000000016,0.22470950565516942,seed,
ets_tcn_time_only,ets tcn time only,2025,830.0000000000016,0.22284241559847506,seed,
ets_tcn_time_only,ets tcn time only,2025,840.0000000000016,0.22393414966448794,seed,
ets_tcn_time_only,ets tcn time only,2025,850.0000000000016,0.22389630280925513,seed,
ets_tcn_time_only,ets tcn time only,2025,860.0000000000017,0.222305155642618,seed,
ets_tcn_time_only,ets tcn time only,2025,870.0000000000017,0.22232358688284476,seed,
ets_tcn_time_only,ets tcn time only,2025,880.0000000000017,0.21895829049230128,seed,
ets_tcn_time_only,ets tcn time only,2025,890.0000000000017,0.21556383877794763,seed,
ets_tcn_time_only,ets tcn time only,2025,900.0000000000017,0.21496111723926517,seed,
ets_tcn_time_only,ets tcn time only,2025,910.0000000000017,0.21348429241965447,seed,
ets_tcn_time_only,ets tcn time only,2025,920.0000000000017,0.2124727117615808,seed,
ets_tcn_time_only,ets tcn time only,2025,930.0000000000017,0.21368072015578363,seed,
ets_tcn_time_only,ets tcn time only,2025,940.0000000000017,0.21279538698258785,seed,
ets_tcn_time_only,ets tcn time only,2025,950.0000000000017,0.21257211284661126,seed,
ets_tcn_time_only,ets tcn time only,2025,960.0000000000017,0.2122092539179524,seed,
ets_tcn_time_only,ets tcn time only,2025,970.0000000000017,0.21069363559034257,seed,
ets_tcn_time_only,ets tcn time only,2025,980.0000000000017,0.21015517832447034,seed,
ets_tcn_time_only,ets tcn time only,2025,990.0000000000018,0.2137185489928462,seed,
ets_tcn_time_only,ets tcn time only,2025,1000.0000000000018,0.21314826396729206,seed,
ets_tcn_time_only,ets tcn time only,2026,-1000.0,0.06610150550370401,seed,
ets_tcn_time_only,ets tcn time only,2026,-990.0,0.06766939412325762,seed,
ets_tcn_time_only,ets tcn time only,2026,-980.0,0.06924498849556869,seed,
ets_tcn_time_only,ets tcn time only,2026,-970.0,0.07157532281054325,seed,
ets_tcn_time_only,ets tcn time only,2026,-960.0,0.07345713110833772,seed,
ets_tcn_time_only,ets tcn time only,2026,-950.0,0.07532606349134245,seed,
ets_tcn_time_only,ets tcn time only,2026,-940.0,0.07784965233016977,seed,
ets_tcn_time_only,ets tcn time only,2026,-929.9999999999999,0.07995683342003222,seed,
ets_tcn_time_only,ets tcn time only,2026,-919.9999999999999,0.08336560772144384,seed,
ets_tcn_time_only,ets tcn time only,2026,-909.9999999999999,0.0868331639026031,seed,
ets_tcn_time_only,ets tcn time only,2026,-899.9999999999999,0.08932526292943098,seed,
ets_tcn_time_only,ets tcn time only,2026,-889.9999999999999,0.09289409249327979,seed,
ets_tcn_time_only,ets tcn time only,2026,-879.9999999999999,0.09579968295921905,seed,
ets_tcn_time_only,ets tcn time only,2026,-869.9999999999999,0.09820935585412342,seed,
ets_tcn_time_only,ets tcn time only,2026,-859.9999999999999,0.10119976166047683,seed,
ets_tcn_time_only,ets tcn time only,2026,-849.9999999999999,0.10422737556843363,seed,
ets_tcn_time_only,ets tcn time only,2026,-839.9999999999999,0.1075589370737162,seed,
ets_tcn_time_only,ets tcn time only,2026,-829.9999999999999,0.11139480277575077,seed,
ets_tcn_time_only,ets tcn time only,2026,-819.9999999999999,0.11635380104825853,seed,
ets_tcn_time_only,ets tcn time only,2026,-809.9999999999999,0.12118724464147826,seed,
ets_tcn_time_only,ets tcn time only,2026,-799.9999999999998,0.12442202835374265,seed,
ets_tcn_time_only,ets tcn time only,2026,-789.9999999999998,0.1275341378573165,seed,
ets_tcn_time_only,ets tcn time only,2026,-779.9999999999998,0.13151156245306223,seed,
ets_tcn_time_only,ets tcn time only,2026,-769.9999999999998,0.13613500929962896,seed,
ets_tcn_time_only,ets tcn time only,2026,-759.9999999999998,0.14093681234041827,seed,
ets_tcn_time_only,ets tcn time only,2026,-749.9999999999998,0.1457891437631872,seed,
ets_tcn_time_only,ets tcn time only,2026,-739.9999999999998,0.15175757937330464,seed,
ets_tcn_time_only,ets tcn time only,2026,-729.9999999999998,0.15767861155148283,seed,
ets_tcn_time_only,ets tcn time only,2026,-719.9999999999998,0.16286380568891898,seed,
ets_tcn_time_only,ets tcn time only,2026,-709.9999999999998,0.16809236515373488,seed,
ets_tcn_time_only,ets tcn time only,2026,-699.9999999999998,0.1736895807186264,seed,
ets_tcn_time_only,ets tcn time only,2026,-689.9999999999998,0.18058860826206505,seed,
ets_tcn_time_only,ets tcn time only,2026,-679.9999999999998,0.18739674778489146,seed,
ets_tcn_time_only,ets tcn time only,2026,-669.9999999999997,0.19463053842810413,seed,
ets_tcn_time_only,ets tcn time only,2026,-659.9999999999997,0.20293482778598698,seed,
ets_tcn_time_only,ets tcn time only,2026,-649.9999999999997,0.2092167212974942,seed,
ets_tcn_time_only,ets tcn time only,2026,-639.9999999999997,0.21436682552751357,seed,
ets_tcn_time_only,ets tcn time only,2026,-629.9999999999997,0.22090344297894374,seed,
ets_tcn_time_only,ets tcn time only,2026,-619.9999999999997,0.2272227844448718,seed,
ets_tcn_time_only,ets tcn time only,2026,-609.9999999999997,0.23365754461391783,seed,
ets_tcn_time_only,ets tcn time only,2026,-599.9999999999997,0.2402580096695265,seed,
ets_tcn_time_only,ets tcn time only,2026,-589.9999999999997,0.24770210742885126,seed,
ets_tcn_time_only,ets tcn time only,2026,-579.9999999999997,0.2555036743742825,seed,
ets_tcn_time_only,ets tcn time only,2026,-569.9999999999997,0.26345256806663403,seed,
ets_tcn_time_only,ets tcn time only,2026,-559.9999999999997,0.26994564235353097,seed,
ets_tcn_time_only,ets tcn time only,2026,-549.9999999999995,0.27920120918349894,seed,
ets_tcn_time_only,ets tcn time only,2026,-539.9999999999995,0.288338677697812,seed,
ets_tcn_time_only,ets tcn time only,2026,-529.9999999999995,0.2987153523805804,seed,
ets_tcn_time_only,ets tcn time only,2026,-519.9999999999995,0.3079191558038794,seed,
ets_tcn_time_only,ets tcn time only,2026,-509.99999999999955,0.31765232963711526,seed,
ets_tcn_time_only,ets tcn time only,2026,-499.99999999999955,0.32716084214877555,seed,
ets_tcn_time_only,ets tcn time only,2026,-489.99999999999955,0.3361107992080603,seed,
ets_tcn_time_only,ets tcn time only,2026,-479.99999999999955,0.3461881675292074,seed,
ets_tcn_time_only,ets tcn time only,2026,-469.99999999999955,0.36058264044892024,seed,
ets_tcn_time_only,ets tcn time only,2026,-459.99999999999955,0.3736513697777474,seed,
ets_tcn_time_only,ets tcn time only,2026,-449.9999999999995,0.38533486782415693,seed,
ets_tcn_time_only,ets tcn time only,2026,-439.9999999999995,0.3967848621398162,seed,
ets_tcn_time_only,ets tcn time only,2026,-429.9999999999995,0.4079650656484711,seed,
ets_tcn_time_only,ets tcn time only,2026,-419.9999999999995,0.4209644011369109,seed,
ets_tcn_time_only,ets tcn time only,2026,-409.9999999999995,0.43373321670765247,seed,
ets_tcn_time_only,ets tcn time only,2026,-399.9999999999995,0.44929229918816005,seed,
ets_tcn_time_only,ets tcn time only,2026,-389.99999999999943,0.4645739774020757,seed,
ets_tcn_time_only,ets tcn time only,2026,-379.99999999999943,0.4786337429181199,seed,
ets_tcn_time_only,ets tcn time only,2026,-369.99999999999943,0.4927064329794053,seed,
ets_tcn_time_only,ets tcn time only,2026,-359.99999999999943,0.5077284168055425,seed,
ets_tcn_time_only,ets tcn time only,2026,-349.99999999999943,0.5237802560510378,seed,
ets_tcn_time_only,ets tcn time only,2026,-339.99999999999943,0.5400362426468025,seed,
ets_tcn_time_only,ets tcn time only,2026,-329.99999999999943,0.5582440213379979,seed,
ets_tcn_time_only,ets tcn time only,2026,-319.9999999999994,0.5787424542615878,seed,
ets_tcn_time_only,ets tcn time only,2026,-309.9999999999994,0.600591197957501,seed,
ets_tcn_time_only,ets tcn time only,2026,-299.9999999999994,0.6226765685567455,seed,
ets_tcn_time_only,ets tcn time only,2026,-289.9999999999994,0.6497401559423824,seed,
ets_tcn_time_only,ets tcn time only,2026,-279.9999999999994,0.6773750296886888,seed,
ets_tcn_time_only,ets tcn time only,2026,-269.9999999999994,0.7046936810497583,seed,
ets_tcn_time_only,ets tcn time only,2026,-259.9999999999993,0.7292777282689045,seed,
ets_tcn_time_only,ets tcn time only,2026,-249.99999999999935,0.7548244580069176,seed,
ets_tcn_time_only,ets tcn time only,2026,-239.99999999999932,0.7811064757172598,seed,
ets_tcn_time_only,ets tcn time only,2026,-229.99999999999932,0.8120932191695519,seed,
ets_tcn_time_only,ets tcn time only,2026,-219.99999999999932,0.8418652184351596,seed,
ets_tcn_time_only,ets tcn time only,2026,-209.9999999999993,0.8731206337692884,seed,
ets_tcn_time_only,ets tcn time only,2026,-199.9999999999993,0.9080798380706435,seed,
ets_tcn_time_only,ets tcn time only,2026,-189.9999999999993,0.9428731479571524,seed,
ets_tcn_time_only,ets tcn time only,2026,-179.99999999999926,0.9746871032873865,seed,
ets_tcn_time_only,ets tcn time only,2026,-169.99999999999926,1.002330985248177,seed,
ets_tcn_time_only,ets tcn time only,2026,-159.99999999999926,1.034988180701589,seed,
ets_tcn_time_only,ets tcn time only,2026,-149.99999999999923,1.0752632770950525,seed,
ets_tcn_time_only,ets tcn time only,2026,-139.99999999999923,1.1196784404981448,seed,
ets_tcn_time_only,ets tcn time only,2026,-129.99999999999923,1.163326171742898,seed,
ets_tcn_time_only,ets tcn time only,2026,-119.99999999999922,1.209237364020987,seed,
ets_tcn_time_only,ets tcn time only,2026,-109.9999999999992,1.256268526202468,seed,
ets_tcn_time_only,ets tcn time only,2026,-99.9999999999992,1.3029640568037035,seed,
ets_tcn_time_only,ets tcn time only,2026,-89.99999999999919,1.3501601950226778,seed,
ets_tcn_time_only,ets tcn time only,2026,-79.99999999999918,1.3942586544731836,seed,
ets_tcn_time_only,ets tcn time only,2026,-69.99999999999918,1.4372455379490312,seed,
ets_tcn_time_only,ets tcn time only,2026,-59.99999999999916,1.4758122585276343,seed,
ets_tcn_time_only,ets tcn time only,2026,-49.999999999999154,1.5163238911851598,seed,
ets_tcn_time_only,ets tcn time only,2026,-39.99999999999915,1.5542037628667702,seed,
ets_tcn_time_only,ets tcn time only,2026,-29.99999999999914,1.5966972964962025,seed,
ets_tcn_time_only,ets tcn time only,2026,-19.99999999999913,1.6408114403279934,seed,
ets_tcn_time_only,ets tcn time only,2026,-9.99999999999912,1.672930321779124,seed,
ets_tcn_time_only,ets tcn time only,2026,8.881784197001252e-13,1.696308384492718,seed,
ets_tcn_time_only,ets tcn time only,2026,10.000000000000897,1.7142954445943164,seed,
ets_tcn_time_only,ets tcn time only,2026,20.000000000000906,1.7154905538081,seed,
ets_tcn_time_only,ets tcn time only,2026,30.000000000000917,1.6973646713702462,seed,
ets_tcn_time_only,ets tcn time only,2026,40.000000000000924,1.6652869462848718,seed,
ets_tcn_time_only,ets tcn time only,2026,50.00000000000093,1.6200959572625895,seed,
ets_tcn_time_only,ets tcn time only,2026,60.00000000000094,1.5619149190125947,seed,
ets_tcn_time_only,ets tcn time only,2026,70.00000000000095,1.487842907544669,seed,
ets_tcn_time_only,ets tcn time only,2026,80.00000000000097,1.4136837735602072,seed,
ets_tcn_time_only,ets tcn time only,2026,90.00000000000097,1.3356424216772693,seed,
ets_tcn_time_only,ets tcn time only,2026,100.00000000000098,1.257864988338742,seed,
ets_tcn_time_only,ets tcn time only,2026,110.00000000000098,1.1893470185935149,seed,
ets_tcn_time_only,ets tcn time only,2026,120.000000000001,1.1290872528757896,seed,
ets_tcn_time_only,ets tcn time only,2026,130.000000000001,1.073620665517914,seed,
ets_tcn_time_only,ets tcn time only,2026,140.00000000000102,1.025543323696441,seed,
ets_tcn_time_only,ets tcn time only,2026,150.00000000000102,0.9851931139475527,seed,
ets_tcn_time_only,ets tcn time only,2026,160.00000000000102,0.9493864360458447,seed,
ets_tcn_time_only,ets tcn time only,2026,170.00000000000105,0.9149698466973744,seed,
ets_tcn_time_only,ets tcn time only,2026,180.00000000000105,0.8846838495617175,seed,
ets_tcn_time_only,ets tcn time only,2026,190.00000000000105,0.8570649356659971,seed,
ets_tcn_time_only,ets tcn time only,2026,200.00000000000108,0.8285540822407002,seed,
ets_tcn_time_only,ets tcn time only,2026,210.00000000000108,0.8053754647118183,seed,
ets_tcn_time_only,ets tcn time only,2026,220.00000000000108,0.7812682962725392,seed,
ets_tcn_time_only,ets tcn time only,2026,230.00000000000108,0.7561450858629744,seed,
ets_tcn_time_only,ets tcn time only,2026,240.0000000000011,0.7327810929498443,seed,
ets_tcn_time_only,ets tcn time only,2026,250.0000000000011,0.7096043960326874,seed,
ets_tcn_time_only,ets tcn time only,2026,260.00000000000114,0.6867180973687723,seed,
ets_tcn_time_only,ets tcn time only,2026,270.00000000000114,0.6614791377998896,seed,
ets_tcn_time_only,ets tcn time only,2026,280.00000000000114,0.6387764653960877,seed,
ets_tcn_time_only,ets tcn time only,2026,290.00000000000114,0.6144290402301623,seed,
ets_tcn_time_only,ets tcn time only,2026,300.00000000000114,0.5874734079018026,seed,
ets_tcn_time_only,ets tcn time only,2026,310.00000000000114,0.5656460231021195,seed,
ets_tcn_time_only,ets tcn time only,2026,320.0000000000012,0.5455463361130674,seed,
ets_tcn_time_only,ets tcn time only,2026,330.0000000000012,0.5264790968153997,seed,
ets_tcn_time_only,ets tcn time only,2026,340.0000000000012,0.5096820679161354,seed,
ets_tcn_time_only,ets tcn time only,2026,350.0000000000012,0.49303256014277286,seed,
ets_tcn_time_only,ets tcn time only,2026,360.0000000000012,0.47811012376460144,seed,
ets_tcn_time_only,ets tcn time only,2026,370.0000000000012,0.46339219037031437,seed,
ets_tcn_time_only,ets tcn time only,2026,380.00000000000125,0.44798336533345173,seed,
ets_tcn_time_only,ets tcn time only,2026,390.00000000000125,0.4349866108516147,seed,
ets_tcn_time_only,ets tcn time only,2026,400.00000000000125,0.42319977134431186,seed,
ets_tcn_time_only,ets tcn time only,2026,410.00000000000125,0.4123894493640631,seed,
ets_tcn_time_only,ets tcn time only,2026,420.00000000000125,0.4033997231105672,seed,
ets_tcn_time_only,ets tcn time only,2026,430.00000000000125,0.3954130693382853,seed,
ets_tcn_time_only,ets tcn time only,2026,440.00000000000125,0.3849135791167702,seed,
ets_tcn_time_only,ets tcn time only,2026,450.0000000000013,0.37547016184538046,seed,
ets_tcn_time_only,ets tcn time only,2026,460.0000000000013,0.36689760982109415,seed,
ets_tcn_time_only,ets tcn time only,2026,470.0000000000013,0.3574989960858706,seed,
ets_tcn_time_only,ets tcn time only,2026,480.0000000000013,0.3484762894872049,seed,
ets_tcn_time_only,ets tcn time only,2026,490.0000000000013,0.34108153156913446,seed,
ets_tcn_time_only,ets tcn time only,2026,500.0000000000013,0.3316358158546607,seed,
ets_tcn_time_only,ets tcn time only,2026,510.00000000000136,0.32263290588216775,seed,
ets_tcn_time_only,ets tcn time only,2026,520.0000000000014,0.3140057783867451,seed,
ets_tcn_time_only,ets tcn time only,2026,530.0000000000014,0.30814106371642924,seed,
ets_tcn_time_only,ets tcn time only,2026,540.0000000000014,0.3020415983598478,seed,
ets_tcn_time_only,ets tcn time only,2026,550.0000000000014,0.29532879223208974,seed,
ets_tcn_time_only,ets tcn time only,2026,560.0000000000014,0.29364465095832487,seed,
ets_tcn_time_only,ets tcn time only,2026,570.0000000000014,0.29079188683242985,seed,
ets_tcn_time_only,ets tcn time only,2026,580.0000000000014,0.2869254418640117,seed,
ets_tcn_time_only,ets tcn time only,2026,590.0000000000014,0.2848859604354689,seed,
ets_tcn_time_only,ets tcn time only,2026,600.0000000000014,0.2821346137874264,seed,
ets_tcn_time_only,ets tcn time only,2026,610.0000000000015,0.2793778821668273,seed,
ets_tcn_time_only,ets tcn time only,2026,620.0000000000015,0.2781281338589776,seed,
ets_tcn_time_only,ets tcn time only,2026,630.0000000000015,0.27510461865605446,seed,
ets_tcn_time_only,ets tcn time only,2026,640.0000000000015,0.27116286410385426,seed,
ets_tcn_time_only,ets tcn time only,2026,650.0000000000015,0.27008878700030214,seed,
ets_tcn_time_only,ets tcn time only,2026,660.0000000000015,0.2655608270656806,seed,
ets_tcn_time_only,ets tcn time only,2026,670.0000000000015,0.26090254366610777,seed,
ets_tcn_time_only,ets tcn time only,2026,680.0000000000015,0.2588128062831095,seed,
ets_tcn_time_only,ets tcn time only,2026,690.0000000000015,0.25370498858126017,seed,
ets_tcn_time_only,ets tcn time only,2026,700.0000000000015,0.24935777740555462,seed,
ets_tcn_time_only,ets tcn time only,2026,710.0000000000015,0.24739941971856388,seed,
ets_tcn_time_only,ets tcn time only,2026,720.0000000000015,0.24296348844196927,seed,
ets_tcn_time_only,ets tcn time only,2026,730.0000000000016,0.23990464986364254,seed,
ets_tcn_time_only,ets tcn time only,2026,740.0000000000016,0.23849647556628178,seed,
ets_tcn_time_only,ets tcn time only,2026,750.0000000000016,0.2350890623459522,seed,
ets_tcn_time_only,ets tcn time only,2026,760.0000000000016,0.23206661802727394,seed,
ets_tcn_time_only,ets tcn time only,2026,770.0000000000016,0.2308128434683529,seed,
ets_tcn_time_only,ets tcn time only,2026,780.0000000000016,0.22785514392699127,seed,
ets_tcn_time_only,ets tcn time only,2026,790.0000000000016,0.22622247827300238,seed,
ets_tcn_time_only,ets tcn time only,2026,800.0000000000016,0.22346730436861764,seed,
ets_tcn_time_only,ets tcn time only,2026,810.0000000000016,0.22393686362620788,seed,
ets_tcn_time_only,ets tcn time only,2026,820.0000000000016,0.22321391343110142,seed,
ets_tcn_time_only,ets tcn time only,2026,830.0000000000016,0.22138886157511622,seed,
ets_tcn_time_only,ets tcn time only,2026,840.0000000000016,0.22178893675469746,seed,
ets_tcn_time_only,ets tcn time only,2026,850.0000000000016,0.22346697361748905,seed,
ets_tcn_time_only,ets tcn time only,2026,860.0000000000017,0.22441356106219315,seed,
ets_tcn_time_only,ets tcn time only,2026,870.0000000000017,0.22698522986417813,seed,
ets_tcn_time_only,ets tcn time only,2026,880.0000000000017,0.2270561996542543,seed,
ets_tcn_time_only,ets tcn time only,2026,890.0000000000017,0.2256567109296455,seed,
ets_tcn_time_only,ets tcn time only,2026,900.0000000000017,0.22715573389840696,seed,
ets_tcn_time_only,ets tcn time only,2026,910.0000000000017,0.22561744987730387,seed,
ets_tcn_time_only,ets tcn time only,2026,920.0000000000017,0.22416627827175536,seed,
ets_tcn_time_only,ets tcn time only,2026,930.0000000000017,0.22457802302023674,seed,
ets_tcn_time_only,ets tcn time only,2026,940.0000000000017,0.22080543687065585,seed,
ets_tcn_time_only,ets tcn time only,2026,950.0000000000017,0.2205321732644213,seed,
ets_tcn_time_only,ets tcn time only,2026,960.0000000000017,0.22312702274876037,seed,
ets_tcn_time_only,ets tcn time only,2026,970.0000000000017,0.22415062471320166,seed,
ets_tcn_time_only,ets tcn time only,2026,980.0000000000017,0.22484708028397615,seed,
ets_tcn_time_only,ets tcn time only,2026,990.0000000000018,0.22806386695299807,seed,
ets_tcn_time_only,ets tcn time only,2026,1000.0000000000018,0.22645465041599383,seed,
ets_tcn_time_only,ets tcn time only,2027,-1000.0,0.07945352238074675,seed,
ets_tcn_time_only,ets tcn time only,2027,-990.0,0.08115399394857868,seed,
ets_tcn_time_only,ets tcn time only,2027,-980.0,0.08257407117469508,seed,
ets_tcn_time_only,ets tcn time only,2027,-970.0,0.08383318772787926,seed,
ets_tcn_time_only,ets tcn time only,2027,-960.0,0.08493265125211916,seed,
ets_tcn_time_only,ets tcn time only,2027,-950.0,0.08723289225485498,seed,
ets_tcn_time_only,ets tcn time only,2027,-940.0,0.08907220074017648,seed,
ets_tcn_time_only,ets tcn time only,2027,-929.9999999999999,0.09030877280182459,seed,
ets_tcn_time_only,ets tcn time only,2027,-919.9999999999999,0.09292052551497605,seed,
ets_tcn_time_only,ets tcn time only,2027,-909.9999999999999,0.09599708545271164,seed,
ets_tcn_time_only,ets tcn time only,2027,-899.9999999999999,0.09865294045608686,seed,
ets_tcn_time_only,ets tcn time only,2027,-889.9999999999999,0.10090806042427136,seed,
ets_tcn_time_only,ets tcn time only,2027,-879.9999999999999,0.1034554206081202,seed,
ets_tcn_time_only,ets tcn time only,2027,-869.9999999999999,0.10586681122716037,seed,
ets_tcn_time_only,ets tcn time only,2027,-859.9999999999999,0.10862752066848415,seed,
ets_tcn_time_only,ets tcn time only,2027,-849.9999999999999,0.11229836408155724,seed,
ets_tcn_time_only,ets tcn time only,2027,-839.9999999999999,0.11551545343420805,seed,
ets_tcn_time_only,ets tcn time only,2027,-829.9999999999999,0.11918677292101179,seed,
ets_tcn_time_only,ets tcn time only,2027,-819.9999999999999,0.12281783758037006,seed,
ets_tcn_time_only,ets tcn time only,2027,-809.9999999999999,0.12725711020275823,seed,
ets_tcn_time_only,ets tcn time only,2027,-799.9999999999998,0.13183495421737046,seed,
ets_tcn_time_only,ets tcn time only,2027,-789.9999999999998,0.1354254235979756,seed,
ets_tcn_time_only,ets tcn time only,2027,-779.9999999999998,0.1385442757749282,seed,
ets_tcn_time_only,ets tcn time only,2027,-769.9999999999998,0.14360124266201124,seed,
ets_tcn_time_only,ets tcn time only,2027,-759.9999999999998,0.1495239489521756,seed,
ets_tcn_time_only,ets tcn time only,2027,-749.9999999999998,0.15567018054629086,seed,
ets_tcn_time_only,ets tcn time only,2027,-739.9999999999998,0.1634600173178093,seed,
ets_tcn_time_only,ets tcn time only,2027,-729.9999999999998,0.17044098892865756,seed,
ets_tcn_time_only,ets tcn time only,2027,-719.9999999999998,0.1766527121961445,seed,
ets_tcn_time_only,ets tcn time only,2027,-709.9999999999998,0.18314671581212294,seed,
ets_tcn_time_only,ets tcn time only,2027,-699.9999999999998,0.18810205745795447,seed,
ets_tcn_time_only,ets tcn time only,2027,-689.9999999999998,0.1939429179851376,seed,
ets_tcn_time_only,ets tcn time only,2027,-679.9999999999998,0.19834560900402762,seed,
ets_tcn_time_only,ets tcn time only,2027,-669.9999999999997,0.20411170938223272,seed,
ets_tcn_time_only,ets tcn time only,2027,-659.9999999999997,0.21231937122969188,seed,
ets_tcn_time_only,ets tcn time only,2027,-649.9999999999997,0.22094341680394983,seed,
ets_tcn_time_only,ets tcn time only,2027,-639.9999999999997,0.22776111690052794,seed,
ets_tcn_time_only,ets tcn time only,2027,-629.9999999999997,0.23546263891120098,seed,
ets_tcn_time_only,ets tcn time only,2027,-619.9999999999997,0.24256550499293886,seed,
ets_tcn_time_only,ets tcn time only,2027,-609.9999999999997,0.24865722803380896,seed,
ets_tcn_time_only,ets tcn time only,2027,-599.9999999999997,0.25671804212328153,seed,
ets_tcn_time_only,ets tcn time only,2027,-589.9999999999997,0.26355410217993286,seed,
ets_tcn_time_only,ets tcn time only,2027,-579.9999999999997,0.27063961225372263,seed,
ets_tcn_time_only,ets tcn time only,2027,-569.9999999999997,0.27756329202364005,seed,
ets_tcn_time_only,ets tcn time only,2027,-559.9999999999997,0.28485297236777996,seed,
ets_tcn_time_only,ets tcn time only,2027,-549.9999999999995,0.2946899622540629,seed,
ets_tcn_time_only,ets tcn time only,2027,-539.9999999999995,0.30527155421850755,seed,
ets_tcn_time_only,ets tcn time only,2027,-529.9999999999995,0.31674890952180274,seed,
ets_tcn_time_only,ets tcn time only,2027,-519.9999999999995,0.32593139033532736,seed,
ets_tcn_time_only,ets tcn time only,2027,-509.99999999999955,0.3354985682355655,seed,
ets_tcn_time_only,ets tcn time only,2027,-499.99999999999955,0.3435017052492398,seed,
ets_tcn_time_only,ets tcn time only,2027,-489.99999999999955,0.3516121002640995,seed,
ets_tcn_time_only,ets tcn time only,2027,-479.99999999999955,0.36353576915026203,seed,
ets_tcn_time_only,ets tcn time only,2027,-469.99999999999955,0.37838869289650967,seed,
ets_tcn_time_only,ets tcn time only,2027,-459.99999999999955,0.3924374212160864,seed,
ets_tcn_time_only,ets tcn time only,2027,-449.9999999999995,0.40582310123243465,seed,
ets_tcn_time_only,ets tcn time only,2027,-439.9999999999995,0.4194693351111275,seed,
ets_tcn_time_only,ets tcn time only,2027,-429.9999999999995,0.4295529606146514,seed,
ets_tcn_time_only,ets tcn time only,2027,-419.9999999999995,0.4425593402469517,seed,
ets_tcn_time_only,ets tcn time only,2027,-409.9999999999995,0.4572029399890863,seed,
ets_tcn_time_only,ets tcn time only,2027,-399.9999999999995,0.47211564048845767,seed,
ets_tcn_time_only,ets tcn time only,2027,-389.99999999999943,0.48744322256515626,seed,
ets_tcn_time_only,ets tcn time only,2027,-379.99999999999943,0.5050100459316332,seed,
ets_tcn_time_only,ets tcn time only,2027,-369.99999999999943,0.5246238986923228,seed,
ets_tcn_time_only,ets tcn time only,2027,-359.99999999999943,0.54343376137254,seed,
ets_tcn_time_only,ets tcn time only,2027,-349.99999999999943,0.563184064637119,seed,
ets_tcn_time_only,ets tcn time only,2027,-339.99999999999943,0.5817447107720367,seed,
ets_tcn_time_only,ets tcn time only,2027,-329.99999999999943,0.6011030076655431,seed,
ets_tcn_time_only,ets tcn time only,2027,-319.9999999999994,0.622747423055392,seed,
ets_tcn_time_only,ets tcn time only,2027,-309.9999999999994,0.646086686276742,seed,
ets_tcn_time_only,ets tcn time only,2027,-299.9999999999994,0.6725796550229582,seed,
ets_tcn_time_only,ets tcn time only,2027,-289.9999999999994,0.7010024509957408,seed,
ets_tcn_time_only,ets tcn time only,2027,-279.9999999999994,0.7282727644087748,seed,
ets_tcn_time_only,ets tcn time only,2027,-269.9999999999994,0.7527168003384298,seed,
ets_tcn_time_only,ets tcn time only,2027,-259.9999999999993,0.7734562560678695,seed,
ets_tcn_time_only,ets tcn time only,2027,-249.99999999999935,0.7954858263182003,seed,
ets_tcn_time_only,ets tcn time only,2027,-239.99999999999932,0.8163363938469139,seed,
ets_tcn_time_only,ets tcn time only,2027,-229.99999999999932,0.8408906449211406,seed,
ets_tcn_time_only,ets tcn time only,2027,-219.99999999999932,0.8685417845310547,seed,
ets_tcn_time_only,ets tcn time only,2027,-209.9999999999993,0.8971686570401609,seed,
ets_tcn_time_only,ets tcn time only,2027,-199.9999999999993,0.9264376441859651,seed,
ets_tcn_time_only,ets tcn time only,2027,-189.9999999999993,0.9572598671327791,seed,
ets_tcn_time_only,ets tcn time only,2027,-179.99999999999926,0.986767121658583,seed,
ets_tcn_time_only,ets tcn time only,2027,-169.99999999999926,1.0170495664571868,seed,
ets_tcn_time_only,ets tcn time only,2027,-159.99999999999926,1.0496854812725211,seed,
ets_tcn_time_only,ets tcn time only,2027,-149.99999999999923,1.0841649750737836,seed,
ets_tcn_time_only,ets tcn time only,2027,-139.99999999999923,1.1205285218713237,seed,
ets_tcn_time_only,ets tcn time only,2027,-129.99999999999923,1.1554463871178537,seed,
ets_tcn_time_only,ets tcn time only,2027,-119.99999999999922,1.186609272508092,seed,
ets_tcn_time_only,ets tcn time only,2027,-109.9999999999992,1.2168923170394816,seed,
ets_tcn_time_only,ets tcn time only,2027,-99.9999999999992,1.2497898210520488,seed,
ets_tcn_time_only,ets tcn time only,2027,-89.99999999999919,1.2829819996553127,seed,
ets_tcn_time_only,ets tcn time only,2027,-79.99999999999918,1.3188964090595,seed,
ets_tcn_time_only,ets tcn time only,2027,-69.99999999999918,1.3568398430723905,seed,
ets_tcn_time_only,ets tcn time only,2027,-59.99999999999916,1.3985769644951904,seed,
ets_tcn_time_only,ets tcn time only,2027,-49.999999999999154,1.4412521759851966,seed,
ets_tcn_time_only,ets tcn time only,2027,-39.99999999999915,1.490092047796073,seed,
ets_tcn_time_only,ets tcn time only,2027,-29.99999999999914,1.548651394043929,seed,
ets_tcn_time_only,ets tcn time only,2027,-19.99999999999913,1.6066576112578927,seed,
ets_tcn_time_only,ets tcn time only,2027,-9.99999999999912,1.6494516577816347,seed,
ets_tcn_time_only,ets tcn time only,2027,8.881784197001252e-13,1.682990934150662,seed,
ets_tcn_time_only,ets tcn time only,2027,10.000000000000897,1.710614512993591,seed,
ets_tcn_time_only,ets tcn time only,2027,20.000000000000906,1.7189387230954891,seed,
ets_tcn_time_only,ets tcn time only,2027,30.000000000000917,1.7095016723089462,seed,
ets_tcn_time_only,ets tcn time only,2027,40.000000000000924,1.6772349620985083,seed,
ets_tcn_time_only,ets tcn time only,2027,50.00000000000093,1.6246386670819206,seed,
ets_tcn_time_only,ets tcn time only,2027,60.00000000000094,1.5577107984212872,seed,
ets_tcn_time_only,ets tcn time only,2027,70.00000000000095,1.4832042396597809,seed,
ets_tcn_time_only,ets tcn time only,2027,80.00000000000097,1.4047972445904384,seed,
ets_tcn_time_only,ets tcn time only,2027,90.00000000000097,1.3180587181167172,seed,
ets_tcn_time_only,ets tcn time only,2027,100.00000000000098,1.2349016983076782,seed,
ets_tcn_time_only,ets tcn time only,2027,110.00000000000098,1.163949912550209,seed,
ets_tcn_time_only,ets tcn time only,2027,120.000000000001,1.095032708511285,seed,
ets_tcn_time_only,ets tcn time only,2027,130.000000000001,1.0317874154840891,seed,
ets_tcn_time_only,ets tcn time only,2027,140.00000000000102,0.9786517318905572,seed,
ets_tcn_time_only,ets tcn time only,2027,150.00000000000102,0.9362227346603428,seed,
ets_tcn_time_only,ets tcn time only,2027,160.00000000000102,0.8997581684836529,seed,
ets_tcn_time_only,ets tcn time only,2027,170.00000000000105,0.8694417254853408,seed,
ets_tcn_time_only,ets tcn time only,2027,180.00000000000105,0.8464935656411394,seed,
ets_tcn_time_only,ets tcn time only,2027,190.00000000000105,0.8260397444234855,seed,
ets_tcn_time_only,ets tcn time only,2027,200.00000000000108,0.8010805940128541,seed,
ets_tcn_time_only,ets tcn time only,2027,210.00000000000108,0.7785645834345595,seed,
ets_tcn_time_only,ets tcn time only,2027,220.00000000000108,0.7556838871792709,seed,
ets_tcn_time_only,ets tcn time only,2027,230.00000000000108,0.7297155300139404,seed,
ets_tcn_time_only,ets tcn time only,2027,240.0000000000011,0.7047646505350161,seed,
ets_tcn_time_only,ets tcn time only,2027,250.0000000000011,0.6840003540268281,seed,
ets_tcn_time_only,ets tcn time only,2027,260.00000000000114,0.6617897365688986,seed,
ets_tcn_time_only,ets tcn time only,2027,270.00000000000114,0.6406412242839323,seed,
ets_tcn_time_only,ets tcn time only,2027,280.00000000000114,0.6209407698551899,seed,
ets_tcn_time_only,ets tcn time only,2027,290.00000000000114,0.5996566790021863,seed,
ets_tcn_time_only,ets tcn time only,2027,300.00000000000114,0.5775637352446109,seed,
ets_tcn_time_only,ets tcn time only,2027,310.00000000000114,0.5565789079146258,seed,
ets_tcn_time_only,ets tcn time only,2027,320.0000000000012,0.5381109914116465,seed,
ets_tcn_time_only,ets tcn time only,2027,330.0000000000012,0.51925336620816,seed,
ets_tcn_time_only,ets tcn time only,2027,340.0000000000012,0.5026772291805867,seed,
ets_tcn_time_only,ets tcn time only,2027,350.0000000000012,0.4895898766654242,seed,
ets_tcn_time_only,ets tcn time only,2027,360.0000000000012,0.4777478814138203,seed,
ets_tcn_time_only,ets tcn time only,2027,370.0000000000012,0.4635549247622193,seed,
ets_tcn_time_only,ets tcn time only,2027,380.00000000000125,0.44837659924765333,seed,
ets_tcn_time_only,ets tcn time only,2027,390.00000000000125,0.43452144216690974,seed,
ets_tcn_time_only,ets tcn time only,2027,400.00000000000125,0.42029848660265506,seed,
ets_tcn_time_only,ets tcn time only,2027,410.00000000000125,0.4067763375996223,seed,
ets_tcn_time_only,ets tcn time only,2027,420.00000000000125,0.39567898821845277,seed,
ets_tcn_time_only,ets tcn time only,2027,430.00000000000125,0.3859643956667913,seed,
ets_tcn_time_only,ets tcn time only,2027,440.00000000000125,0.37524248112672864,seed,
ets_tcn_time_only,ets tcn time only,2027,450.0000000000013,0.36427073899717055,seed,
ets_tcn_time_only,ets tcn time only,2027,460.0000000000013,0.35381563676173666,seed,
ets_tcn_time_only,ets tcn time only,2027,470.0000000000013,0.34210419677095244,seed,
ets_tcn_time_only,ets tcn time only,2027,480.0000000000013,0.33308404629580995,seed,
ets_tcn_time_only,ets tcn time only,2027,490.0000000000013,0.326464178021113,seed,
ets_tcn_time_only,ets tcn time only,2027,500.0000000000013,0.31818755030814005,seed,
ets_tcn_time_only,ets tcn time only,2027,510.00000000000136,0.3102283235393857,seed,
ets_tcn_time_only,ets tcn time only,2027,520.0000000000014,0.30019797892506506,seed,
ets_tcn_time_only,ets tcn time only,2027,530.0000000000014,0.29237997099527296,seed,
ets_tcn_time_only,ets tcn time only,2027,540.0000000000014,0.2868016172215074,seed,
ets_tcn_time_only,ets tcn time only,2027,550.0000000000014,0.2805325946940828,seed,
ets_tcn_time_only,ets tcn time only,2027,560.0000000000014,0.27800652976027385,seed,
ets_tcn_time_only,ets tcn time only,2027,570.0000000000014,0.27407250327852495,seed,
ets_tcn_time_only,ets tcn time only,2027,580.0000000000014,0.2696900500919272,seed,
ets_tcn_time_only,ets tcn time only,2027,590.0000000000014,0.2673967466412074,seed,
ets_tcn_time_only,ets tcn time only,2027,600.0000000000014,0.2628940933771503,seed,
ets_tcn_time_only,ets tcn time only,2027,610.0000000000015,0.25947686177624,seed,
ets_tcn_time_only,ets tcn time only,2027,620.0000000000015,0.2570693419583366,seed,
ets_tcn_time_only,ets tcn time only,2027,630.0000000000015,0.25231106168752493,seed,
ets_tcn_time_only,ets tcn time only,2027,640.0000000000015,0.24788451677739293,seed,
ets_tcn_time_only,ets tcn time only,2027,650.0000000000015,0.2456390120172257,seed,
ets_tcn_time_only,ets tcn time only,2027,660.0000000000015,0.2421337061495344,seed,
ets_tcn_time_only,ets tcn time only,2027,670.0000000000015,0.2388111000782514,seed,
ets_tcn_time_only,ets tcn time only,2027,680.0000000000015,0.23749283870762022,seed,
ets_tcn_time_only,ets tcn time only,2027,690.0000000000015,0.2347057004139624,seed,
ets_tcn_time_only,ets tcn time only,2027,700.0000000000015,0.22993666976494068,seed,
ets_tcn_time_only,ets tcn time only,2027,710.0000000000015,0.22729790004533734,seed,
ets_tcn_time_only,ets tcn time only,2027,720.0000000000015,0.2226165692469364,seed,
ets_tcn_time_only,ets tcn time only,2027,730.0000000000016,0.22002936952620614,seed,
ets_tcn_time_only,ets tcn time only,2027,740.0000000000016,0.2200041731139773,seed,
ets_tcn_time_only,ets tcn time only,2027,750.0000000000016,0.21711512832620872,seed,
ets_tcn_time_only,ets tcn time only,2027,760.0000000000016,0.2135440912780799,seed,
ets_tcn_time_only,ets tcn time only,2027,770.0000000000016,0.21079853551801564,seed,
ets_tcn_time_only,ets tcn time only,2027,780.0000000000016,0.20539131902611502,seed,
ets_tcn_time_only,ets tcn time only,2027,790.0000000000016,0.2020816057272869,seed,
ets_tcn_time_only,ets tcn time only,2027,800.0000000000016,0.19804588118327274,seed,
ets_tcn_time_only,ets tcn time only,2027,810.0000000000016,0.19806992825266523,seed,
ets_tcn_time_only,ets tcn time only,2027,820.0000000000016,0.19779677741784835,seed,
ets_tcn_time_only,ets tcn time only,2027,830.0000000000016,0.1959167689464832,seed,
ets_tcn_time_only,ets tcn time only,2027,840.0000000000016,0.19579802191322,seed,
ets_tcn_time_only,ets tcn time only,2027,850.0000000000016,0.19588577383242844,seed,
ets_tcn_time_only,ets tcn time only,2027,860.0000000000017,0.19586903837769418,seed,
ets_tcn_time_only,ets tcn time only,2027,870.0000000000017,0.19923225555294502,seed,
ets_tcn_time_only,ets tcn time only,2027,880.0000000000017,0.20086891327633927,seed,
ets_tcn_time_only,ets tcn time only,2027,890.0000000000017,0.19973640946579233,seed,
ets_tcn_time_only,ets tcn time only,2027,900.0000000000017,0.2000256580348297,seed,
ets_tcn_time_only,ets tcn time only,2027,910.0000000000017,0.19775050758151816,seed,
ets_tcn_time_only,ets tcn time only,2027,920.0000000000017,0.19758950234966194,seed,
ets_tcn_time_only,ets tcn time only,2027,930.0000000000017,0.19966077736003918,seed,
ets_tcn_time_only,ets tcn time only,2027,940.0000000000017,0.19873678320828977,seed,
ets_tcn_time_only,ets tcn time only,2027,950.0000000000017,0.20019342204780088,seed,
ets_tcn_time_only,ets tcn time only,2027,960.0000000000017,0.2030421221073223,seed,
ets_tcn_time_only,ets tcn time only,2027,970.0000000000017,0.20697247068302452,seed,
ets_tcn_time_only,ets tcn time only,2027,980.0000000000017,0.20882757622756098,seed,
ets_tcn_time_only,ets tcn time only,2027,990.0000000000018,0.21188852544783263,seed,
ets_tcn_time_only,ets tcn time only,2027,1000.0000000000018,0.21444815759409688,seed,
ets_tcn_time_only,ets tcn time only,2028,-1000.0,0.10525959925004554,seed,
ets_tcn_time_only,ets tcn time only,2028,-990.0,0.10778056514530682,seed,
ets_tcn_time_only,ets tcn time only,2028,-980.0,0.11031188903763789,seed,
ets_tcn_time_only,ets tcn time only,2028,-970.0,0.1126470406443275,seed,
ets_tcn_time_only,ets tcn time only,2028,-960.0,0.1140904588369043,seed,
ets_tcn_time_only,ets tcn time only,2028,-950.0,0.11565773500877415,seed,
ets_tcn_time_only,ets tcn time only,2028,-940.0,0.11903459824688083,seed,
ets_tcn_time_only,ets tcn time only,2028,-929.9999999999999,0.12168187493791296,seed,
ets_tcn_time_only,ets tcn time only,2028,-919.9999999999999,0.12482588435262416,seed,
ets_tcn_time_only,ets tcn time only,2028,-909.9999999999999,0.12848774652164804,seed,
ets_tcn_time_only,ets tcn time only,2028,-899.9999999999999,0.1310742051307151,seed,
ets_tcn_time_only,ets tcn time only,2028,-889.9999999999999,0.13390473290816488,seed,
ets_tcn_time_only,ets tcn time only,2028,-879.9999999999999,0.13654592019199516,seed,
ets_tcn_time_only,ets tcn time only,2028,-869.9999999999999,0.13899811343737029,seed,
ets_tcn_time_only,ets tcn time only,2028,-859.9999999999999,0.14175576306769697,seed,
ets_tcn_time_only,ets tcn time only,2028,-849.9999999999999,0.14505193616219977,seed,
ets_tcn_time_only,ets tcn time only,2028,-839.9999999999999,0.14768418732371982,seed,
ets_tcn_time_only,ets tcn time only,2028,-829.9999999999999,0.1507312345934557,seed,
ets_tcn_time_only,ets tcn time only,2028,-819.9999999999999,0.15443736683986672,seed,
ets_tcn_time_only,ets tcn time only,2028,-809.9999999999999,0.1585110717595214,seed,
ets_tcn_time_only,ets tcn time only,2028,-799.9999999999998,0.16377942848686336,seed,
ets_tcn_time_only,ets tcn time only,2028,-789.9999999999998,0.16773363326308796,seed,
ets_tcn_time_only,ets tcn time only,2028,-779.9999999999998,0.17128359259710466,seed,
ets_tcn_time_only,ets tcn time only,2028,-769.9999999999998,0.17613193564911256,seed,
ets_tcn_time_only,ets tcn time only,2028,-759.9999999999998,0.17997809869908865,seed,
ets_tcn_time_only,ets tcn time only,2028,-749.9999999999998,0.18361406484721468,seed,
ets_tcn_time_only,ets tcn time only,2028,-739.9999999999998,0.18740297027280461,seed,
ets_tcn_time_only,ets tcn time only,2028,-729.9999999999998,0.19171679518686052,seed,
ets_tcn_time_only,ets tcn time only,2028,-719.9999999999998,0.1950287373814585,seed,
ets_tcn_time_only,ets tcn time only,2028,-709.9999999999998,0.1987630185684711,seed,
ets_tcn_time_only,ets tcn time only,2028,-699.9999999999998,0.20276879941738277,seed,
ets_tcn_time_only,ets tcn time only,2028,-689.9999999999998,0.20847175757270608,seed,
ets_tcn_time_only,ets tcn time only,2028,-679.9999999999998,0.21281347154450284,seed,
ets_tcn_time_only,ets tcn time only,2028,-669.9999999999997,0.21755412663497456,seed,
ets_tcn_time_only,ets tcn time only,2028,-659.9999999999997,0.2242525258755958,seed,
ets_tcn_time_only,ets tcn time only,2028,-649.9999999999997,0.22998790072627942,seed,
ets_tcn_time_only,ets tcn time only,2028,-639.9999999999997,0.23674864289140884,seed,
ets_tcn_time_only,ets tcn time only,2028,-629.9999999999997,0.24256829595877188,seed,
ets_tcn_time_only,ets tcn time only,2028,-619.9999999999997,0.24756014171099266,seed,
ets_tcn_time_only,ets tcn time only,2028,-609.9999999999997,0.2533892727364468,seed,
ets_tcn_time_only,ets tcn time only,2028,-599.9999999999997,0.25960214200881715,seed,
ets_tcn_time_only,ets tcn time only,2028,-589.9999999999997,0.26654306185622767,seed,
ets_tcn_time_only,ets tcn time only,2028,-579.9999999999997,0.27364218965653175,seed,
ets_tcn_time_only,ets tcn time only,2028,-569.9999999999997,0.28022731909442583,seed,
ets_tcn_time_only,ets tcn time only,2028,-559.9999999999997,0.28647396098238775,seed,
ets_tcn_time_only,ets tcn time only,2028,-549.9999999999995,0.294154195848839,seed,
ets_tcn_time_only,ets tcn time only,2028,-539.9999999999995,0.3025833583893988,seed,
ets_tcn_time_only,ets tcn time only,2028,-529.9999999999995,0.3108848832969812,seed,
ets_tcn_time_only,ets tcn time only,2028,-519.9999999999995,0.3194056083292775,seed,
ets_tcn_time_only,ets tcn time only,2028,-509.99999999999955,0.329081489813385,seed,
ets_tcn_time_only,ets tcn time only,2028,-499.99999999999955,0.3385474031782524,seed,
ets_tcn_time_only,ets tcn time only,2028,-489.99999999999955,0.3486067678762021,seed,
ets_tcn_time_only,ets tcn time only,2028,-479.99999999999955,0.3594901735890004,seed,
ets_tcn_time_only,ets tcn time only,2028,-469.99999999999955,0.3720167327563715,seed,
ets_tcn_time_only,ets tcn time only,2028,-459.99999999999955,0.38436235351123377,seed,
ets_tcn_time_only,ets tcn time only,2028,-449.9999999999995,0.39444964161022117,seed,
ets_tcn_time_only,ets tcn time only,2028,-439.9999999999995,0.40493276511323534,seed,
ets_tcn_time_only,ets tcn time only,2028,-429.9999999999995,0.4160901493800331,seed,
ets_tcn_time_only,ets tcn time only,2028,-419.9999999999995,0.42905682747837415,seed,
ets_tcn_time_only,ets tcn time only,2028,-409.9999999999995,0.4436183293564534,seed,
ets_tcn_time_only,ets tcn time only,2028,-399.9999999999995,0.45891013403028125,seed,
ets_tcn_time_only,ets tcn time only,2028,-389.99999999999943,0.47574403591931025,seed,
ets_tcn_time_only,ets tcn time only,2028,-379.99999999999943,0.49075448960537255,seed,
ets_tcn_time_only,ets tcn time only,2028,-369.99999999999943,0.5052831604043974,seed,
ets_tcn_time_only,ets tcn time only,2028,-359.99999999999943,0.5204867586369915,seed,
ets_tcn_time_only,ets tcn time only,2028,-349.99999999999943,0.5370958687380865,seed,
ets_tcn_time_only,ets tcn time only,2028,-339.99999999999943,0.5544827052323833,seed,
ets_tcn_time_only,ets tcn time only,2028,-329.99999999999943,0.5711757464993757,seed,
ets_tcn_time_only,ets tcn time only,2028,-319.9999999999994,0.5929904932682603,seed,
ets_tcn_time_only,ets tcn time only,2028,-309.9999999999994,0.6144577746823299,seed,
ets_tcn_time_only,ets tcn time only,2028,-299.9999999999994,0.6345534878636646,seed,
ets_tcn_time_only,ets tcn time only,2028,-289.9999999999994,0.6578052278715893,seed,
ets_tcn_time_only,ets tcn time only,2028,-279.9999999999994,0.6807642358769326,seed,
ets_tcn_time_only,ets tcn time only,2028,-269.9999999999994,0.704625553249943,seed,
ets_tcn_time_only,ets tcn time only,2028,-259.9999999999993,0.7296973768335552,seed,
ets_tcn_time_only,ets tcn time only,2028,-249.99999999999935,0.7571057777361612,seed,
ets_tcn_time_only,ets tcn time only,2028,-239.99999999999932,0.783047496657681,seed,
ets_tcn_time_only,ets tcn time only,2028,-229.99999999999932,0.8112556421968833,seed,
ets_tcn_time_only,ets tcn time only,2028,-219.99999999999932,0.8379493381458495,seed,
ets_tcn_time_only,ets tcn time only,2028,-209.9999999999993,0.8651716565394406,seed,
ets_tcn_time_only,ets tcn time only,2028,-199.9999999999993,0.8906585349607062,seed,
ets_tcn_time_only,ets tcn time only,2028,-189.9999999999993,0.9175614555509208,seed,
ets_tcn_time_only,ets tcn time only,2028,-179.99999999999926,0.9467244367983261,seed,
ets_tcn_time_only,ets tcn time only,2028,-169.99999999999926,0.9765255880765451,seed,
ets_tcn_time_only,ets tcn time only,2028,-159.99999999999926,1.0077565744463532,seed,
ets_tcn_time_only,ets tcn time only,2028,-149.99999999999923,1.0418220970702945,seed,
ets_tcn_time_only,ets tcn time only,2028,-139.99999999999923,1.0791537822401722,seed,
ets_tcn_time_only,ets tcn time only,2028,-129.99999999999923,1.1208543569768696,seed,
ets_tcn_time_only,ets tcn time only,2028,-119.99999999999922,1.1630016116433062,seed,
ets_tcn_time_only,ets tcn time only,2028,-109.9999999999992,1.205943123017996,seed,
ets_tcn_time_only,ets tcn time only,2028,-99.9999999999992,1.2541183384505927,seed,
ets_tcn_time_only,ets tcn time only,2028,-89.99999999999919,1.3011667921119676,seed,
ets_tcn_time_only,ets tcn time only,2028,-79.99999999999918,1.3447795163756697,seed,
ets_tcn_time_only,ets tcn time only,2028,-69.99999999999918,1.3819351552690338,seed,
ets_tcn_time_only,ets tcn time only,2028,-59.99999999999916,1.4082207963272815,seed,
ets_tcn_time_only,ets tcn time only,2028,-49.999999999999154,1.4327562062075927,seed,
ets_tcn_time_only,ets tcn time only,2028,-39.99999999999915,1.4551252506113588,seed,
ets_tcn_time_only,ets tcn time only,2028,-29.99999999999914,1.4754050085926136,seed,
ets_tcn_time_only,ets tcn time only,2028,-19.99999999999913,1.4885306017877526,seed,
ets_tcn_time_only,ets tcn time only,2028,-9.99999999999912,1.4931345159042,seed,
ets_tcn_time_only,ets tcn time only,2028,8.881784197001252e-13,1.4939358974415453,seed,
ets_tcn_time_only,ets tcn time only,2028,10.000000000000897,1.4933293578603892,seed,
ets_tcn_time_only,ets tcn time only,2028,20.000000000000906,1.4854767775990279,seed,
ets_tcn_time_only,ets tcn time only,2028,30.000000000000917,1.474722836418569,seed,
ets_tcn_time_only,ets tcn time only,2028,40.000000000000924,1.4595423385537658,seed,
ets_tcn_time_only,ets tcn time only,2028,50.00000000000093,1.437363597395575,seed,
ets_tcn_time_only,ets tcn time only,2028,60.00000000000094,1.4048744000164943,seed,
ets_tcn_time_only,ets tcn time only,2028,70.00000000000095,1.3658817585921792,seed,
ets_tcn_time_only,ets tcn time only,2028,80.00000000000097,1.3261964353871316,seed,
ets_tcn_time_only,ets tcn time only,2028,90.00000000000097,1.2825034633901304,seed,
ets_tcn_time_only,ets tcn time only,2028,100.00000000000098,1.235102455453723,seed,
ets_tcn_time_only,ets tcn time only,2028,110.00000000000098,1.191436357091562,seed,
ets_tcn_time_only,ets tcn time only,2028,120.000000000001,1.1480079788322977,seed,
ets_tcn_time_only,ets tcn time only,2028,130.000000000001,1.1040441083489978,seed,
ets_tcn_time_only,ets tcn time only,2028,140.00000000000102,1.0648133513641902,seed,
ets_tcn_time_only,ets tcn time only,2028,150.00000000000102,1.0250459738166875,seed,
ets_tcn_time_only,ets tcn time only,2028,160.00000000000102,0.9810656762063639,seed,
ets_tcn_time_only,ets tcn time only,2028,170.00000000000105,0.9388809521559531,seed,
ets_tcn_time_only,ets tcn time only,2028,180.00000000000105,0.9026748915792181,seed,
ets_tcn_time_only,ets tcn time only,2028,190.00000000000105,0.8699896944282984,seed,
ets_tcn_time_only,ets tcn time only,2028,200.00000000000108,0.8404184045430666,seed,
ets_tcn_time_only,ets tcn time only,2028,210.00000000000108,0.8154165279664506,seed,
ets_tcn_time_only,ets tcn time only,2028,220.00000000000108,0.7906810818279315,seed,
ets_tcn_time_only,ets tcn time only,2028,230.00000000000108,0.7680819181463304,seed,
ets_tcn_time_only,ets tcn time only,2028,240.0000000000011,0.7484586136831773,seed,
ets_tcn_time_only,ets tcn time only,2028,250.0000000000011,0.727949544971023,seed,
ets_tcn_time_only,ets tcn time only,2028,260.00000000000114,0.707203116551849,seed,
ets_tcn_time_only,ets tcn time only,2028,270.00000000000114,0.6832684841266355,seed,
ets_tcn_time_only,ets tcn time only,2028,280.00000000000114,0.6615113597120584,seed,
ets_tcn_time_only,ets tcn time only,2028,290.00000000000114,0.639244978529769,seed,
ets_tcn_time_only,ets tcn time only,2028,300.00000000000114,0.6167240519488708,seed,
ets_tcn_time_only,ets tcn time only,2028,310.00000000000114,0.5973164375567072,seed,
ets_tcn_time_only,ets tcn time only,2028,320.0000000000012,0.5789193132787362,seed,
ets_tcn_time_only,ets tcn time only,2028,330.0000000000012,0.5613201577712846,seed,
ets_tcn_time_only,ets tcn time only,2028,340.0000000000012,0.545460876639347,seed,
ets_tcn_time_only,ets tcn time only,2028,350.0000000000012,0.5314039356359456,seed,
ets_tcn_time_only,ets tcn time only,2028,360.0000000000012,0.5192057615709726,seed,
ets_tcn_time_only,ets tcn time only,2028,370.0000000000012,0.5071419996807913,seed,
ets_tcn_time_only,ets tcn time only,2028,380.00000000000125,0.4917589495209138,seed,
ets_tcn_time_only,ets tcn time only,2028,390.00000000000125,0.4753580430070857,seed,
ets_tcn_time_only,ets tcn time only,2028,400.00000000000125,0.4597128355881053,seed,
ets_tcn_time_only,ets tcn time only,2028,410.00000000000125,0.44330866600172736,seed,
ets_tcn_time_only,ets tcn time only,2028,420.00000000000125,0.4280122881778225,seed,
ets_tcn_time_only,ets tcn time only,2028,430.00000000000125,0.4143514288837543,seed,
ets_tcn_time_only,ets tcn time only,2028,440.00000000000125,0.39958097949543514,seed,
ets_tcn_time_only,ets tcn time only,2028,450.0000000000013,0.3871491840657899,seed,
ets_tcn_time_only,ets tcn time only,2028,460.0000000000013,0.3765225904276632,seed,
ets_tcn_time_only,ets tcn time only,2028,470.0000000000013,0.362348529650684,seed,
ets_tcn_time_only,ets tcn time only,2028,480.0000000000013,0.3497442010184904,seed,
ets_tcn_time_only,ets tcn time only,2028,490.0000000000013,0.3406469459756815,seed,
ets_tcn_time_only,ets tcn time only,2028,500.0000000000013,0.3302881321696945,seed,
ets_tcn_time_only,ets tcn time only,2028,510.00000000000136,0.3217557748918084,seed,
ets_tcn_time_only,ets tcn time only,2028,520.0000000000014,0.31290855492916925,seed,
ets_tcn_time_only,ets tcn time only,2028,530.0000000000014,0.3060725678683077,seed,
ets_tcn_time_only,ets tcn time only,2028,540.0000000000014,0.30031295201120756,seed,
ets_tcn_time_only,ets tcn time only,2028,550.0000000000014,0.29348039861223,seed,
ets_tcn_time_only,ets tcn time only,2028,560.0000000000014,0.2898041881422777,seed,
ets_tcn_time_only,ets tcn time only,2028,570.0000000000014,0.28520022084712127,seed,
ets_tcn_time_only,ets tcn time only,2028,580.0000000000014,0.2795201481956698,seed,
ets_tcn_time_only,ets tcn time only,2028,590.0000000000014,0.27470785280911164,seed,
ets_tcn_time_only,ets tcn time only,2028,600.0000000000014,0.26988719530876437,seed,
ets_tcn_time_only,ets tcn time only,2028,610.0000000000015,0.2642482937947197,seed,
ets_tcn_time_only,ets tcn time only,2028,620.0000000000015,0.25880776896609387,seed,
ets_tcn_time_only,ets tcn time only,2028,630.0000000000015,0.25495155301015754,seed,
ets_tcn_time_only,ets tcn time only,2028,640.0000000000015,0.25081320267599594,seed,
ets_tcn_time_only,ets tcn time only,2028,650.0000000000015,0.24669075616345437,seed,
ets_tcn_time_only,ets tcn time only,2028,660.0000000000015,0.24223154063341043,seed,
ets_tcn_time_only,ets tcn time only,2028,670.0000000000015,0.23818014709116114,seed,
ets_tcn_time_only,ets tcn time only,2028,680.0000000000015,0.23405462402295535,seed,
ets_tcn_time_only,ets tcn time only,2028,690.0000000000015,0.22998060676326526,seed,
ets_tcn_time_only,ets tcn time only,2028,700.0000000000015,0.225692285330447,seed,
ets_tcn_time_only,ets tcn time only,2028,710.0000000000015,0.22305978396953127,seed,
ets_tcn_time_only,ets tcn time only,2028,720.0000000000015,0.219458748123965,seed,
ets_tcn_time_only,ets tcn time only,2028,730.0000000000016,0.21704867417514442,seed,
ets_tcn_time_only,ets tcn time only,2028,740.0000000000016,0.2155560389475052,seed,
ets_tcn_time_only,ets tcn time only,2028,750.0000000000016,0.2137641129696596,seed,
ets_tcn_time_only,ets tcn time only,2028,760.0000000000016,0.2114326820444835,seed,
ets_tcn_time_only,ets tcn time only,2028,770.0000000000016,0.2107268624138759,seed,
ets_tcn_time_only,ets tcn time only,2028,780.0000000000016,0.20896205856243222,seed,
ets_tcn_time_only,ets tcn time only,2028,790.0000000000016,0.20865086337699829,seed,
ets_tcn_time_only,ets tcn time only,2028,800.0000000000016,0.2080546204511016,seed,
ets_tcn_time_only,ets tcn time only,2028,810.0000000000016,0.20953467027692288,seed,
ets_tcn_time_only,ets tcn time only,2028,820.0000000000016,0.20973308670738594,seed,
ets_tcn_time_only,ets tcn time only,2028,830.0000000000016,0.20713719985037427,seed,
ets_tcn_time_only,ets tcn time only,2028,840.0000000000016,0.2075754246947339,seed,
ets_tcn_time_only,ets tcn time only,2028,850.0000000000016,0.20705736149276302,seed,
ets_tcn_time_only,ets tcn time only,2028,860.0000000000017,0.20564341757622465,seed,
ets_tcn_time_only,ets tcn time only,2028,870.0000000000017,0.2072237834627328,seed,
ets_tcn_time_only,ets tcn time only,2028,880.0000000000017,0.20752364028599002,seed,
ets_tcn_time_only,ets tcn time only,2028,890.0000000000017,0.20606334005495353,seed,
ets_tcn_time_only,ets tcn time only,2028,900.0000000000017,0.20674224017465828,seed,
ets_tcn_time_only,ets tcn time only,2028,910.0000000000017,0.20767763931224964,seed,
ets_tcn_time_only,ets tcn time only,2028,920.0000000000017,0.20900055752130742,seed,
ets_tcn_time_only,ets tcn time only,2028,930.0000000000017,0.21117626731269176,seed,
ets_tcn_time_only,ets tcn time only,2028,940.0000000000017,0.20920331464988887,seed,
ets_tcn_time_only,ets tcn time only,2028,950.0000000000017,0.2080256655320221,seed,
ets_tcn_time_only,ets tcn time only,2028,960.0000000000017,0.2084525514713413,seed,
ets_tcn_time_only,ets tcn time only,2028,970.0000000000017,0.20887745365723234,seed,
ets_tcn_time_only,ets tcn time only,2028,980.0000000000017,0.20870982171057986,seed,
ets_tcn_time_only,ets tcn time only,2028,990.0000000000018,0.21286344597460136,seed,
ets_tcn_time_only,ets tcn time only,2028,1000.0000000000018,0.21367631867133313,seed,
ets_tcn_time_only,ets tcn time only,2029,-1000.0,0.08197802620877463,seed,
ets_tcn_time_only,ets tcn time only,2029,-990.0,0.08404925003187615,seed,
ets_tcn_time_only,ets tcn time only,2029,-980.0,0.08587166169902459,seed,
ets_tcn_time_only,ets tcn time only,2029,-970.0,0.08809281627132917,seed,
ets_tcn_time_only,ets tcn time only,2029,-960.0,0.08967580310123956,seed,
ets_tcn_time_only,ets tcn time only,2029,-950.0,0.0909504369178396,seed,
ets_tcn_time_only,ets tcn time only,2029,-940.0,0.09376221697140916,seed,
ets_tcn_time_only,ets tcn time only,2029,-929.9999999999999,0.09564059960553026,seed,
ets_tcn_time_only,ets tcn time only,2029,-919.9999999999999,0.09787329589997464,seed,
ets_tcn_time_only,ets tcn time only,2029,-909.9999999999999,0.10114456121893889,seed,
ets_tcn_time_only,ets tcn time only,2029,-899.9999999999999,0.10394120089872566,seed,
ets_tcn_time_only,ets tcn time only,2029,-889.9999999999999,0.10661026085434853,seed,
ets_tcn_time_only,ets tcn time only,2029,-879.9999999999999,0.108516287179636,seed,
ets_tcn_time_only,ets tcn time only,2029,-869.9999999999999,0.11027273637552155,seed,
ets_tcn_time_only,ets tcn time only,2029,-859.9999999999999,0.11317839043295813,seed,
ets_tcn_time_only,ets tcn time only,2029,-849.9999999999999,0.11739893589720261,seed,
ets_tcn_time_only,ets tcn time only,2029,-839.9999999999999,0.12124819950268291,seed,
ets_tcn_time_only,ets tcn time only,2029,-829.9999999999999,0.12556442287914193,seed,
ets_tcn_time_only,ets tcn time only,2029,-819.9999999999999,0.12935679652525242,seed,
ets_tcn_time_only,ets tcn time only,2029,-809.9999999999999,0.13273409859171856,seed,
ets_tcn_time_only,ets tcn time only,2029,-799.9999999999998,0.13605081513365064,seed,
ets_tcn_time_only,ets tcn time only,2029,-789.9999999999998,0.14036973743876086,seed,
ets_tcn_time_only,ets tcn time only,2029,-779.9999999999998,0.14402070757513577,seed,
ets_tcn_time_only,ets tcn time only,2029,-769.9999999999998,0.14853654691405074,seed,
ets_tcn_time_only,ets tcn time only,2029,-759.9999999999998,0.15338137376294747,seed,
ets_tcn_time_only,ets tcn time only,2029,-749.9999999999998,0.15805314294945919,seed,
ets_tcn_time_only,ets tcn time only,2029,-739.9999999999998,0.1626340639435361,seed,
ets_tcn_time_only,ets tcn time only,2029,-729.9999999999998,0.16794396239819245,seed,
ets_tcn_time_only,ets tcn time only,2029,-719.9999999999998,0.17361236475784173,seed,
ets_tcn_time_only,ets tcn time only,2029,-709.9999999999998,0.17838727387968042,seed,
ets_tcn_time_only,ets tcn time only,2029,-699.9999999999998,0.1832817006177974,seed,
ets_tcn_time_only,ets tcn time only,2029,-689.9999999999998,0.18897571246886258,seed,
ets_tcn_time_only,ets tcn time only,2029,-679.9999999999998,0.1943914158841534,seed,
ets_tcn_time_only,ets tcn time only,2029,-669.9999999999997,0.2007485934370369,seed,
ets_tcn_time_only,ets tcn time only,2029,-659.9999999999997,0.20767263202862116,seed,
ets_tcn_time_only,ets tcn time only,2029,-649.9999999999997,0.21412538985807245,seed,
ets_tcn_time_only,ets tcn time only,2029,-639.9999999999997,0.22053012265739924,seed,
ets_tcn_time_only,ets tcn time only,2029,-629.9999999999997,0.22805045874673227,seed,
ets_tcn_time_only,ets tcn time only,2029,-619.9999999999997,0.2342544920549511,seed,
ets_tcn_time_only,ets tcn time only,2029,-609.9999999999997,0.2404147547966394,seed,
ets_tcn_time_only,ets tcn time only,2029,-599.9999999999997,0.24599624511422813,seed,
ets_tcn_time_only,ets tcn time only,2029,-589.9999999999997,0.25260879877842174,seed,
ets_tcn_time_only,ets tcn time only,2029,-579.9999999999997,0.25976172570367817,seed,
ets_tcn_time_only,ets tcn time only,2029,-569.9999999999997,0.2663861718701359,seed,
ets_tcn_time_only,ets tcn time only,2029,-559.9999999999997,0.2750271774927049,seed,
ets_tcn_time_only,ets tcn time only,2029,-549.9999999999995,0.28523749317549263,seed,
ets_tcn_time_only,ets tcn time only,2029,-539.9999999999995,0.2956370957872647,seed,
ets_tcn_time_only,ets tcn time only,2029,-529.9999999999995,0.30462073441984583,seed,
ets_tcn_time_only,ets tcn time only,2029,-519.9999999999995,0.3136602991192581,seed,
ets_tcn_time_only,ets tcn time only,2029,-509.99999999999955,0.32290461803987397,seed,
ets_tcn_time_only,ets tcn time only,2029,-499.99999999999955,0.3314711691077768,seed,
ets_tcn_time_only,ets tcn time only,2029,-489.99999999999955,0.3404393990212997,seed,
ets_tcn_time_only,ets tcn time only,2029,-479.99999999999955,0.351267198475978,seed,
ets_tcn_time_only,ets tcn time only,2029,-469.99999999999955,0.36473509396648496,seed,
ets_tcn_time_only,ets tcn time only,2029,-459.99999999999955,0.37732663254873483,seed,
ets_tcn_time_only,ets tcn time only,2029,-449.9999999999995,0.3881701486157191,seed,
ets_tcn_time_only,ets tcn time only,2029,-439.9999999999995,0.39950667330763107,seed,
ets_tcn_time_only,ets tcn time only,2029,-429.9999999999995,0.4104776539362199,seed,
ets_tcn_time_only,ets tcn time only,2029,-419.9999999999995,0.42229487246192393,seed,
ets_tcn_time_only,ets tcn time only,2029,-409.9999999999995,0.4364564132936051,seed,
ets_tcn_time_only,ets tcn time only,2029,-399.9999999999995,0.45231754135201374,seed,
ets_tcn_time_only,ets tcn time only,2029,-389.99999999999943,0.4701213503348617,seed,
ets_tcn_time_only,ets tcn time only,2029,-379.99999999999943,0.48832808957251,seed,
ets_tcn_time_only,ets tcn time only,2029,-369.99999999999943,0.5053066708241254,seed,
ets_tcn_time_only,ets tcn time only,2029,-359.99999999999943,0.5239274834236516,seed,
ets_tcn_time_only,ets tcn time only,2029,-349.99999999999943,0.542534900399882,seed,
ets_tcn_time_only,ets tcn time only,2029,-339.99999999999943,0.5604999779495026,seed,
ets_tcn_time_only,ets tcn time only,2029,-329.99999999999943,0.5811914868278317,seed,
ets_tcn_time_only,ets tcn time only,2029,-319.9999999999994,0.6050960231658051,seed,
ets_tcn_time_only,ets tcn time only,2029,-309.9999999999994,0.6281535523512364,seed,
ets_tcn_time_only,ets tcn time only,2029,-299.9999999999994,0.6510300211306074,seed,
ets_tcn_time_only,ets tcn time only,2029,-289.9999999999994,0.6770695663851796,seed,
ets_tcn_time_only,ets tcn time only,2029,-279.9999999999994,0.7023417951262728,seed,
ets_tcn_time_only,ets tcn time only,2029,-269.9999999999994,0.7224957173417624,seed,
ets_tcn_time_only,ets tcn time only,2029,-259.9999999999993,0.7422407932027808,seed,
ets_tcn_time_only,ets tcn time only,2029,-249.99999999999935,0.7656911664067219,seed,
ets_tcn_time_only,ets tcn time only,2029,-239.99999999999932,0.7901913100538189,seed,
ets_tcn_time_only,ets tcn time only,2029,-229.99999999999932,0.8203504693246361,seed,
ets_tcn_time_only,ets tcn time only,2029,-219.99999999999932,0.8479081163557587,seed,
ets_tcn_time_only,ets tcn time only,2029,-209.9999999999993,0.8735870589588717,seed,
ets_tcn_time_only,ets tcn time only,2029,-199.9999999999993,0.9011183279773103,seed,
ets_tcn_time_only,ets tcn time only,2029,-189.9999999999993,0.9317886901382995,seed,
ets_tcn_time_only,ets tcn time only,2029,-179.99999999999926,0.9619333909458633,seed,
ets_tcn_time_only,ets tcn time only,2029,-169.99999999999926,0.9930004133554791,seed,
ets_tcn_time_only,ets tcn time only,2029,-159.99999999999926,1.029353942371419,seed,
ets_tcn_time_only,ets tcn time only,2029,-149.99999999999923,1.0723064152547426,seed,
ets_tcn_time_only,ets tcn time only,2029,-139.99999999999923,1.1163624300000945,seed,
ets_tcn_time_only,ets tcn time only,2029,-129.99999999999923,1.160431199503536,seed,
ets_tcn_time_only,ets tcn time only,2029,-119.99999999999922,1.20417458485148,seed,
ets_tcn_time_only,ets tcn time only,2029,-109.9999999999992,1.2481049886691145,seed,
ets_tcn_time_only,ets tcn time only,2029,-99.9999999999992,1.2920088510399252,seed,
ets_tcn_time_only,ets tcn time only,2029,-89.99999999999919,1.3408995708680942,seed,
ets_tcn_time_only,ets tcn time only,2029,-79.99999999999918,1.3898949440525283,seed,
ets_tcn_time_only,ets tcn time only,2029,-69.99999999999918,1.4378509629948162,seed,
ets_tcn_time_only,ets tcn time only,2029,-59.99999999999916,1.4831871568562,seed,
ets_tcn_time_only,ets tcn time only,2029,-49.999999999999154,1.5262648089202742,seed,
ets_tcn_time_only,ets tcn time only,2029,-39.99999999999915,1.5719197969375975,seed,
ets_tcn_time_only,ets tcn time only,2029,-29.99999999999914,1.6162762969678917,seed,
ets_tcn_time_only,ets tcn time only,2029,-19.99999999999913,1.6511626521145273,seed,
ets_tcn_time_only,ets tcn time only,2029,-9.99999999999912,1.6734493750534354,seed,
ets_tcn_time_only,ets tcn time only,2029,8.881784197001252e-13,1.6849813258934612,seed,
ets_tcn_time_only,ets tcn time only,2029,10.000000000000897,1.6871285322828915,seed,
ets_tcn_time_only,ets tcn time only,2029,20.000000000000906,1.6747879771742635,seed,
ets_tcn_time_only,ets tcn time only,2029,30.000000000000917,1.6472684420664232,seed,
ets_tcn_time_only,ets tcn time only,2029,40.000000000000924,1.6075037610595342,seed,
ets_tcn_time_only,ets tcn time only,2029,50.00000000000093,1.5554944495100025,seed,
ets_tcn_time_only,ets tcn time only,2029,60.00000000000094,1.4957237770158283,seed,
ets_tcn_time_only,ets tcn time only,2029,70.00000000000095,1.437653312411787,seed,
ets_tcn_time_only,ets tcn time only,2029,80.00000000000097,1.3845772101656375,seed,
ets_tcn_time_only,ets tcn time only,2029,90.00000000000097,1.3261826909376413,seed,
ets_tcn_time_only,ets tcn time only,2029,100.00000000000098,1.2641828588440451,seed,
ets_tcn_time_only,ets tcn time only,2029,110.00000000000098,1.2041472019521697,seed,
ets_tcn_time_only,ets tcn time only,2029,120.000000000001,1.1500504249930739,seed,
ets_tcn_time_only,ets tcn time only,2029,130.000000000001,1.1006083962695907,seed,
ets_tcn_time_only,ets tcn time only,2029,140.00000000000102,1.0585526140434809,seed,
ets_tcn_time_only,ets tcn time only,2029,150.00000000000102,1.0222062484197627,seed,
ets_tcn_time_only,ets tcn time only,2029,160.00000000000102,0.9817915692053953,seed,
ets_tcn_time_only,ets tcn time only,2029,170.00000000000105,0.9447057076389317,seed,
ets_tcn_time_only,ets tcn time only,2029,180.00000000000105,0.9110949977853396,seed,
ets_tcn_time_only,ets tcn time only,2029,190.00000000000105,0.8765637875257584,seed,
ets_tcn_time_only,ets tcn time only,2029,200.00000000000108,0.8391915831429937,seed,
ets_tcn_time_only,ets tcn time only,2029,210.00000000000108,0.8054518776335015,seed,
ets_tcn_time_only,ets tcn time only,2029,220.00000000000108,0.7689334620321143,seed,
ets_tcn_time_only,ets tcn time only,2029,230.00000000000108,0.7343271053826461,seed,
ets_tcn_time_only,ets tcn time only,2029,240.0000000000011,0.7031287547277885,seed,
ets_tcn_time_only,ets tcn time only,2029,250.0000000000011,0.6742327867230258,seed,
ets_tcn_time_only,ets tcn time only,2029,260.00000000000114,0.6465607072021154,seed,
ets_tcn_time_only,ets tcn time only,2029,270.00000000000114,0.6204300096185777,seed,
ets_tcn_time_only,ets tcn time only,2029,280.00000000000114,0.6012444586550134,seed,
ets_tcn_time_only,ets tcn time only,2029,290.00000000000114,0.5820929996871284,seed,
ets_tcn_time_only,ets tcn time only,2029,300.00000000000114,0.5625099718360091,seed,
ets_tcn_time_only,ets tcn time only,2029,310.00000000000114,0.5456283617885316,seed,
ets_tcn_time_only,ets tcn time only,2029,320.0000000000012,0.5299727772653988,seed,
ets_tcn_time_only,ets tcn time only,2029,330.0000000000012,0.5161765844219051,seed,
ets_tcn_time_only,ets tcn time only,2029,340.0000000000012,0.505289182397497,seed,
ets_tcn_time_only,ets tcn time only,2029,350.0000000000012,0.49276088863722756,seed,
ets_tcn_time_only,ets tcn time only,2029,360.0000000000012,0.4800044859620256,seed,
ets_tcn_time_only,ets tcn time only,2029,370.0000000000012,0.4676177399245592,seed,
ets_tcn_time_only,ets tcn time only,2029,380.00000000000125,0.4556566721194531,seed,
ets_tcn_time_only,ets tcn time only,2029,390.00000000000125,0.442838319035817,seed,
ets_tcn_time_only,ets tcn time only,2029,400.00000000000125,0.43098150247762695,seed,
ets_tcn_time_only,ets tcn time only,2029,410.00000000000125,0.41913646283967315,seed,
ets_tcn_time_only,ets tcn time only,2029,420.00000000000125,0.4083842991744183,seed,
ets_tcn_time_only,ets tcn time only,2029,430.00000000000125,0.39805033118067573,seed,
ets_tcn_time_only,ets tcn time only,2029,440.00000000000125,0.3865431689004274,seed,
ets_tcn_time_only,ets tcn time only,2029,450.0000000000013,0.3745184360033442,seed,
ets_tcn_time_only,ets tcn time only,2029,460.0000000000013,0.36529364257513275,seed,
ets_tcn_time_only,ets tcn time only,2029,470.0000000000013,0.35441566986384354,seed,
ets_tcn_time_only,ets tcn time only,2029,480.0000000000013,0.34309350047916465,seed,
ets_tcn_time_only,ets tcn time only,2029,490.0000000000013,0.3345605492854194,seed,
ets_tcn_time_only,ets tcn time only,2029,500.0000000000013,0.32331402548491694,seed,
ets_tcn_time_only,ets tcn time only,2029,510.00000000000136,0.3148318995070827,seed,
ets_tcn_time_only,ets tcn time only,2029,520.0000000000014,0.30723340048883513,seed,
ets_tcn_time_only,ets tcn time only,2029,530.0000000000014,0.30143197896844265,seed,
ets_tcn_time_only,ets tcn time only,2029,540.0000000000014,0.2946541200861828,seed,
ets_tcn_time_only,ets tcn time only,2029,550.0000000000014,0.2855706292514342,seed,
ets_tcn_time_only,ets tcn time only,2029,560.0000000000014,0.2794921162620237,seed,
ets_tcn_time_only,ets tcn time only,2029,570.0000000000014,0.27326637416463256,seed,
ets_tcn_time_only,ets tcn time only,2029,580.0000000000014,0.2683715234903147,seed,
ets_tcn_time_only,ets tcn time only,2029,590.0000000000014,0.2653247183221414,seed,
ets_tcn_time_only,ets tcn time only,2029,600.0000000000014,0.259663121878186,seed,
ets_tcn_time_only,ets tcn time only,2029,610.0000000000015,0.25395975867933507,seed,
ets_tcn_time_only,ets tcn time only,2029,620.0000000000015,0.2504946519157237,seed,
ets_tcn_time_only,ets tcn time only,2029,630.0000000000015,0.24618406670828558,seed,
ets_tcn_time_only,ets tcn time only,2029,640.0000000000015,0.24084069954694695,seed,
ets_tcn_time_only,ets tcn time only,2029,650.0000000000015,0.23644797189137878,seed,
ets_tcn_time_only,ets tcn time only,2029,660.0000000000015,0.23171586627947102,seed,
ets_tcn_time_only,ets tcn time only,2029,670.0000000000015,0.22765764070443326,seed,
ets_tcn_time_only,ets tcn time only,2029,680.0000000000015,0.22515130718360632,seed,
ets_tcn_time_only,ets tcn time only,2029,690.0000000000015,0.22073358662971626,seed,
ets_tcn_time_only,ets tcn time only,2029,700.0000000000015,0.21600662032409254,seed,
ets_tcn_time_only,ets tcn time only,2029,710.0000000000015,0.21374192167300815,seed,
ets_tcn_time_only,ets tcn time only,2029,720.0000000000015,0.20962210478911547,seed,
ets_tcn_time_only,ets tcn time only,2029,730.0000000000016,0.20712321378643067,seed,
ets_tcn_time_only,ets tcn time only,2029,740.0000000000016,0.2059542247358522,seed,
ets_tcn_time_only,ets tcn time only,2029,750.0000000000016,0.2042472259766801,seed,
ets_tcn_time_only,ets tcn time only,2029,760.0000000000016,0.20294301272627038,seed,
ets_tcn_time_only,ets tcn time only,2029,770.0000000000016,0.2025040271096524,seed,
ets_tcn_time_only,ets tcn time only,2029,780.0000000000016,0.19965388936037137,seed,
ets_tcn_time_only,ets tcn time only,2029,790.0000000000016,0.19696758402962897,seed,
ets_tcn_time_only,ets tcn time only,2029,800.0000000000016,0.19435305967515945,seed,
ets_tcn_time_only,ets tcn time only,2029,810.0000000000016,0.19650133608886136,seed,
ets_tcn_time_only,ets tcn time only,2029,820.0000000000016,0.1965142154653362,seed,
ets_tcn_time_only,ets tcn time only,2029,830.0000000000016,0.193287575550839,seed,
ets_tcn_time_only,ets tcn time only,2029,840.0000000000016,0.19350646271960095,seed,
ets_tcn_time_only,ets tcn time only,2029,850.0000000000016,0.1917642209532784,seed,
ets_tcn_time_only,ets tcn time only,2029,860.0000000000017,0.19083827757001454,seed,
ets_tcn_time_only,ets tcn time only,2029,870.0000000000017,0.19408008384641864,seed,
ets_tcn_time_only,ets tcn time only,2029,880.0000000000017,0.19409523551237232,seed,
ets_tcn_time_only,ets tcn time only,2029,890.0000000000017,0.1929662765738011,seed,
ets_tcn_time_only,ets tcn time only,2029,900.0000000000017,0.19390230135060219,seed,
ets_tcn_time_only,ets tcn time only,2029,910.0000000000017,0.19358029509542948,seed,
ets_tcn_time_only,ets tcn time only,2029,920.0000000000017,0.19509540001035144,seed,
ets_tcn_time_only,ets tcn time only,2029,930.0000000000017,0.19819593971291505,seed,
ets_tcn_time_only,ets tcn time only,2029,940.0000000000017,0.1986691680348235,seed,
ets_tcn_time_only,ets tcn time only,2029,950.0000000000017,0.19911784421099635,seed,
ets_tcn_time_only,ets tcn time only,2029,960.0000000000017,0.19880793607995823,seed,
ets_tcn_time_only,ets tcn time only,2029,970.0000000000017,0.19772887730329378,seed,
ets_tcn_time_only,ets tcn time only,2029,980.0000000000017,0.19884506625436005,seed,
ets_tcn_time_only,ets tcn time only,2029,990.0000000000018,0.20243411640796657,seed,
ets_tcn_time_only,ets tcn time only,2029,1000.0000000000018,0.2022366821639525,seed,
ets_tcn_time_only,ets tcn time only,mean,-1000.0,0.08519375854917902,group_mean,0.014783113163580846
ets_tcn_time_only,ets tcn time only,mean,-990.0,0.08716478552381592,group_mean,0.015124581720126396
ets_tcn_time_only,ets tcn time only,mean,-980.0,0.08893166319639048,group_mean,0.015444437784716273
ets_tcn_time_only,ets tcn time only,mean,-970.0,0.09090461926853029,group_mean,0.015492486136092712
ets_tcn_time_only,ets tcn time only,mean,-960.0,0.09254170671484745,group_mean,0.015482679918961415
ets_tcn_time_only,ets tcn time only,mean,-950.0,0.0943045482804417,group_mean,0.015347797115428535
ets_tcn_time_only,ets tcn time only,mean,-940.0,0.09681863950132832,group_mean,0.01565097280407777
ets_tcn_time_only,ets tcn time only,mean,-929.9999999999999,0.09855760337992488,group_mean,0.015822399308690706
ets_tcn_time_only,ets tcn time only,mean,-919.9999999999999,0.10131833160676743,group_mean,0.015786353726299548
ets_tcn_time_only,ets tcn time only,mean,-909.9999999999999,0.10462175857718507,group_mean,0.015880724910422372
ets_tcn_time_only,ets tcn time only,mean,-899.9999999999999,0.10721257281961857,group_mean,0.015871383482163975
ets_tcn_time_only,ets tcn time only,mean,-889.9999999999999,0.11004771379748217,group_mean,0.015757965310224997
ets_tcn_time_only,ets tcn time only,mean,-879.9999999999999,0.11253583692709826,group_mean,0.015725269418683994
ets_tcn_time_only,ets tcn time only,mean,-869.9999999999999,0.11474416571119232,group_mean,0.015749189929816165
ets_tcn_time_only,ets tcn time only,mean,-859.9999999999999,0.11753290340124094,group_mean,0.015657465341582088
ets_tcn_time_only,ets tcn time only,mean,-849.9999999999999,0.12087744663897246,group_mean,0.015555394394382006
ets_tcn_time_only,ets tcn time only,mean,-839.9999999999999,0.12423352718112243,group_mean,0.015306624400944794
ets_tcn_time_only,ets tcn time only,mean,-829.9999999999999,0.12806195695539058,group_mean,0.015046096105833736
ets_tcn_time_only,ets tcn time only,mean,-819.9999999999999,0.13194632819825586,group_mean,0.01468193125658618
ets_tcn_time_only,ets tcn time only,mean,-809.9999999999999,0.13597063142360916,group_mean,0.01441008175991125
ets_tcn_time_only,ets tcn time only,mean,-799.9999999999998,0.13987909104287438,group_mean,0.015010577419788451
ets_tcn_time_only,ets tcn time only,mean,-789.9999999999998,0.14327979913881966,group_mean,0.015168254267374217
ets_tcn_time_only,ets tcn time only,mean,-779.9999999999998,0.14662211101807537,group_mean,0.015081521370425606
ets_tcn_time_only,ets tcn time only,mean,-769.9999999999998,0.15136473497133718,group_mean,0.01512233929419675
ets_tcn_time_only,ets tcn time only,mean,-759.9999999999998,0.15614011920454088,group_mean,0.01458871268309907
ets_tcn_time_only,ets tcn time only,mean,-749.9999999999998,0.1609215716166013,group_mean,0.013964758661500909
ets_tcn_time_only,ets tcn time only,mean,-739.9999999999998,0.16633351538866228,group_mean,0.013022375755065442
ets_tcn_time_only,ets tcn time only,mean,-729.9999999999998,0.17190087369924215,group_mean,0.012377026866401013
ets_tcn_time_only,ets tcn time only,mean,-719.9999999999998,0.1770717343470055,group_mean,0.011581005302115591
ets_tcn_time_only,ets tcn time only,mean,-709.9999999999998,0.1819222266718455,group_mean,0.011060778225877378
ets_tcn_time_only,ets tcn time only,mean,-699.9999999999998,0.1867101833368174,group_mean,0.010513204340140211
ets_tcn_time_only,ets tcn time only,mean,-689.9999999999998,0.19279176395926423,group_mean,0.010140585049116663
ets_tcn_time_only,ets tcn time only,mean,-679.9999999999998,0.19791965739414416,group_mean,0.009311238271895788
ets_tcn_time_only,ets tcn time only,mean,-669.9999999999997,0.20363929889043178,group_mean,0.008508063190853071
ets_tcn_time_only,ets tcn time only,mean,-659.9999999999997,0.2106008029877673,group_mean,0.00835876689966525
ets_tcn_time_only,ets tcn time only,mean,-649.9999999999997,0.21693586213141947,group_mean,0.008610179098598824
ets_tcn_time_only,ets tcn time only,mean,-639.9999999999997,0.22311210250825503,group_mean,0.00920778160221236
ets_tcn_time_only,ets tcn time only,mean,-629.9999999999997,0.2299259991637356,group_mean,0.009061137485888889
ets_tcn_time_only,ets tcn time only,mean,-619.9999999999997,0.2361179149737082,group_mean,0.00874566432931012
ets_tcn_time_only,ets tcn time only,mean,-609.9999999999997,0.2422603481531033,group_mean,0.008548057908823698
ets_tcn_time_only,ets tcn time only,mean,-599.9999999999997,0.2489850071639787,group_mean,0.0086837774808931
ets_tcn_time_only,ets tcn time only,mean,-589.9999999999997,0.2559736258657041,group_mean,0.008534389683691846
ets_tcn_time_only,ets tcn time only,mean,-579.9999999999997,0.2634027016889692,group_mean,0.008187064726723814
ets_tcn_time_only,ets tcn time only,mean,-569.9999999999997,0.2706723142195753,group_mean,0.007643362716764945
ets_tcn_time_only,ets tcn time only,mean,-559.9999999999997,0.2782283899585358,group_mean,0.007109720603379471
ets_tcn_time_only,ets tcn time only,mean,-549.9999999999995,0.28769438779032525,group_mean,0.0066165355534074256
ets_tcn_time_only,ets tcn time only,mean,-539.9999999999995,0.29731178046257317,group_mean,0.006729477659318055
ets_tcn_time_only,ets tcn time only,mean,-529.9999999999995,0.3068450534763921,group_mean,0.007041518384833452
ets_tcn_time_only,ets tcn time only,mean,-519.9999999999995,0.31579757924577,group_mean,0.007004170495708056
ets_tcn_time_only,ets tcn time only,mean,-509.99999999999955,0.3251521967127887,group_mean,0.007146522409175509
ets_tcn_time_only,ets tcn time only,mean,-499.99999999999955,0.33438332526337833,group_mean,0.006539076318444189
ets_tcn_time_only,ets tcn time only,mean,-489.99999999999955,0.34370806296329826,group_mean,0.006297319796543274
ets_tcn_time_only,ets tcn time only,mean,-479.99999999999955,0.3545963149649725,group_mean,0.0068926967543222195
ets_tcn_time_only,ets tcn time only,mean,-469.99999999999955,0.3679352486841796,group_mean,0.007177960834007505
ets_tcn_time_only,ets tcn time only,mean,-459.99999999999955,0.3802018128163078,group_mean,0.008166752829743046
ets_tcn_time_only,ets tcn time only,mean,-449.9999999999995,0.39133808801104336,group_mean,0.009172777027450745
ets_tcn_time_only,ets tcn time only,mean,-439.9999999999995,0.40263476148094623,group_mean,0.010437979221047637
ets_tcn_time_only,ets tcn time only,mean,-429.9999999999995,0.4134861395614221,group_mean,0.010090865090078907
ets_tcn_time_only,ets tcn time only,mean,-419.9999999999995,0.4262955801510161,group_mean,0.01013062313297335
ets_tcn_time_only,ets tcn time only,mean,-409.9999999999995,0.4404701518424444,group_mean,0.010425399807136635
ets_tcn_time_only,ets tcn time only,mean,-399.9999999999995,0.45621710535262594,group_mean,0.009791637502304341
ets_tcn_time_only,ets tcn time only,mean,-389.99999999999943,0.4727115974179304,group_mean,0.009336149689547822
ets_tcn_time_only,ets tcn time only,mean,-379.99999999999943,0.4889052636115273,group_mean,0.010236044141568375
ets_tcn_time_only,ets tcn time only,mean,-369.99999999999943,0.5052699285432121,group_mean,0.012033399822826857
ets_tcn_time_only,ets tcn time only,mean,-359.99999999999943,0.5224762417888031,group_mean,0.013180909437631264
ets_tcn_time_only,ets tcn time only,mean,-349.99999999999943,0.5403662455594807,group_mean,0.014469488135998973
ets_tcn_time_only,ets tcn time only,mean,-339.99999999999943,0.5582957100367413,group_mean,0.015128480514915136
ets_tcn_time_only,ets tcn time only,mean,-329.99999999999943,0.5775069211295344,group_mean,0.015687088237577876
ets_tcn_time_only,ets tcn time only,mean,-319.9999999999994,0.5995116950229719,group_mean,0.016181091821009092
ets_tcn_time_only,ets tcn time only,mean,-309.9999999999994,0.6217757753450465,group_mean,0.01687316626406191
ets_tcn_time_only,ets tcn time only,mean,-299.9999999999994,0.6446196834288287,group_mean,0.018783339293450614
ets_tcn_time_only,ets tcn time only,mean,-289.9999999999994,0.6705519408054867,group_mean,0.01985540055600556
ets_tcn_time_only,ets tcn time only,mean,-279.9999999999994,0.6962459459110824,group_mean,0.020450455483772712
ets_tcn_time_only,ets tcn time only,mean,-269.9999999999994,0.7205530633869902,group_mean,0.019677814533945185
ets_tcn_time_only,ets tcn time only,mean,-259.9999999999993,0.7438285522277537,group_mean,0.01797324847858382
ets_tcn_time_only,ets tcn time only,mean,-249.99999999999935,0.7692832668096383,group_mean,0.016378591820110346
ets_tcn_time_only,ets tcn time only,mean,-239.99999999999932,0.7941109980926756,group_mean,0.014440006265132945
ets_tcn_time_only,ets tcn time only,mean,-229.99999999999932,0.8221403223260513,group_mean,0.012144649510982673
ets_tcn_time_only,ets tcn time only,mean,-219.99999999999932,0.8496846306513817,group_mean,0.011871494760427464
ets_tcn_time_only,ets tcn time only,mean,-209.9999999999993,0.8771495413238704,group_mean,0.011972473132063496
ets_tcn_time_only,ets tcn time only,mean,-199.9999999999993,0.9062083538146506,group_mean,0.013062983846930106
ets_tcn_time_only,ets tcn time only,mean,-189.9999999999993,0.9366392513184459,group_mean,0.01466393437157761
ets_tcn_time_only,ets tcn time only,mean,-179.99999999999926,0.9670803347543775,group_mean,0.014912182718745169
ets_tcn_time_only,ets tcn time only,mean,-169.99999999999926,0.9973189034556024,group_mean,0.014710264727092621
ets_tcn_time_only,ets tcn time only,mean,-159.99999999999926,1.0305377399671045,group_mean,0.01505788686552532
ets_tcn_time_only,ets tcn time only,mean,-149.99999999999923,1.0681516876233217,group_mean,0.01595628173140768
ets_tcn_time_only,ets tcn time only,mean,-139.99999999999923,1.1082487038688567,group_mean,0.017329337620538142
ets_tcn_time_only,ets tcn time only,mean,-129.99999999999923,1.1487007000072489,group_mean,0.01732087249327117
ets_tcn_time_only,ets tcn time only,mean,-119.99999999999922,1.188961331084895,group_mean,0.018530491397556893
ets_tcn_time_only,ets tcn time only,mean,-109.9999999999992,1.2292148011328083,group_mean,0.02173289658046395
ets_tcn_time_only,ets tcn time only,mean,-99.9999999999992,1.271127228756774,group_mean,0.024498835934370602
ets_tcn_time_only,ets tcn time only,mean,-89.99999999999919,1.3139791906665812,group_mean,0.029710809092500647
ets_tcn_time_only,ets tcn time only,mean,-79.99999999999918,1.3550239104007171,group_mean,0.03512359008958887
ets_tcn_time_only,ets tcn time only,mean,-69.99999999999918,1.394283626947564,group_mean,0.040767532470531054
ets_tcn_time_only,ets tcn time only,mean,-59.99999999999916,1.4302836953893527,group_mean,0.04571226337483837
ets_tcn_time_only,ets tcn time only,mean,-49.999999999999154,1.4662238202747833,group_mean,0.05131198173881753
ets_tcn_time_only,ets tcn time only,mean,-39.99999999999915,1.5031260988306172,group_mean,0.057613362044085355
ets_tcn_time_only,ets tcn time only,mean,-29.99999999999914,1.5420279385349847,group_mean,0.06658409431277752
ets_tcn_time_only,ets tcn time only,mean,-19.99999999999913,1.5771436136988997,group_mean,0.0781533786921607
ets_tcn_time_only,ets tcn time only,mean,-9.99999999999912,1.601098064974768,group_mean,0.0887996039773552
ets_tcn_time_only,ets tcn time only,mean,8.881784197001252e-13,1.6178516899974411,group_mean,0.09720599769198673
ets_tcn_time_only,ets tcn time only,mean,10.000000000000897,1.6289627834260592,group_mean,0.10457245163565218
ets_tcn_time_only,ets tcn time only,mean,20.000000000000906,1.6264641272422034,group_mean,0.10791430416989584
ets_tcn_time_only,ets tcn time only,mean,30.000000000000917,1.6111218779737855,group_mean,0.10505473750139548
ets_tcn_time_only,ets tcn time only,mean,40.000000000000924,1.5822746539569583,group_mean,0.09757503902807121
ets_tcn_time_only,ets tcn time only,mean,50.00000000000093,1.5412417648370593,group_mean,0.08579236440766047
ets_tcn_time_only,ets tcn time only,mean,60.00000000000094,1.4894325274697775,group_mean,0.0724754255233603
ets_tcn_time_only,ets tcn time only,mean,70.00000000000095,1.43135384629834,group_mean,0.05617635699935479
ets_tcn_time_only,ets tcn time only,mean,80.00000000000097,1.3733420325031958,group_mean,0.03954006285980755
ets_tcn_time_only,ets tcn time only,mean,90.00000000000097,1.3096971480614352,group_mean,0.024037686124857165
ets_tcn_time_only,ets tcn time only,mean,100.00000000000098,1.2446253212316853,group_mean,0.015220395712196612
ets_tcn_time_only,ets tcn time only,mean,110.00000000000098,1.1859322795432152,group_mean,0.014861862291214063
ets_tcn_time_only,ets tcn time only,mean,120.000000000001,1.1310905415360164,group_mean,0.022105578140954357
ets_tcn_time_only,ets tcn time only,mean,130.000000000001,1.079255207964355,group_mean,0.029171187207097927
ets_tcn_time_only,ets tcn time only,mean,140.00000000000102,1.0342120712774983,group_mean,0.034558834388802605
ets_tcn_time_only,ets tcn time only,mean,150.00000000000102,0.9945319266219009,group_mean,0.03630989933563874
ets_tcn_time_only,ets tcn time only,mean,160.00000000000102,0.9550430380517,group_mean,0.033718798184127735
ets_tcn_time_only,ets tcn time only,mean,170.00000000000105,0.9179661752446808,group_mean,0.02971102605792271
ets_tcn_time_only,ets tcn time only,mean,180.00000000000105,0.8861661925111441,group_mean,0.024850437453201472
ets_tcn_time_only,ets tcn time only,mean,190.00000000000105,0.8568289040743883,group_mean,0.019469126913345323
ets_tcn_time_only,ets tcn time only,mean,200.00000000000108,0.8270877622574165,group_mean,0.015839270388655298
ets_tcn_time_only,ets tcn time only,mean,210.00000000000108,0.8012563210325926,group_mean,0.0136934607649477
ets_tcn_time_only,ets tcn time only,mean,220.00000000000108,0.7751332408995063,group_mean,0.013339976671483688
ets_tcn_time_only,ets tcn time only,mean,230.00000000000108,0.7489716083783098,group_mean,0.0162783314032117
ets_tcn_time_only,ets tcn time only,mean,240.0000000000011,0.7247438276370785,group_mean,0.019938884621416037
ets_tcn_time_only,ets tcn time only,mean,250.0000000000011,0.7017320006238233,group_mean,0.022045818267003213
ets_tcn_time_only,ets tcn time only,mean,260.00000000000114,0.6785008992213097,group_mean,0.024126835918458735
ets_tcn_time_only,ets tcn time only,mean,270.00000000000114,0.654517727184719,group_mean,0.02439113509359632
ets_tcn_time_only,ets tcn time only,mean,280.00000000000114,0.6336597013288092,group_mean,0.023250918471102527
ets_tcn_time_only,ets tcn time only,mean,290.00000000000114,0.6119978342597814,group_mean,0.02209562423937629
ets_tcn_time_only,ets tcn time only,mean,300.00000000000114,0.5898142159520965,group_mean,0.021504568066512568
ets_tcn_time_only,ets tcn time only,mean,310.00000000000114,0.5705204632380992,group_mean,0.02145802866207047
ets_tcn_time_only,ets tcn time only,mean,320.0000000000012,0.5526123069438491,group_mean,0.021125968438404148
ets_tcn_time_only,ets tcn time only,mean,330.0000000000012,0.5354944980698437,group_mean,0.020836958313119637
ets_tcn_time_only,ets tcn time only,mean,340.0000000000012,0.5204687929607462,group_mean,0.020248912573404332
ets_tcn_time_only,ets tcn time only,mean,350.0000000000012,0.5062575261875015,group_mean,0.020000079661751137
ets_tcn_time_only,ets tcn time only,mean,360.0000000000012,0.4933592128510963,group_mean,0.020371834822654908
ets_tcn_time_only,ets tcn time only,mean,370.0000000000012,0.4801424676684822,group_mean,0.021197731443359666
ets_tcn_time_only,ets tcn time only,mean,380.00000000000125,0.4656647690513459,group_mean,0.020911523767683148
ets_tcn_time_only,ets tcn time only,mean,390.00000000000125,0.4515889894661279,group_mean,0.019725379176449398
ets_tcn_time_only,ets tcn time only,mean,400.00000000000125,0.43836198567179857,group_mean,0.018955747425363437
ets_tcn_time_only,ets tcn time only,mean,410.00000000000125,0.4254132475689434,group_mean,0.01787653846104325
ets_tcn_time_only,ets tcn time only,mean,420.00000000000125,0.4140629219648382,group_mean,0.016659552452096205
ets_tcn_time_only,ets tcn time only,mean,430.00000000000125,0.4035814032360944,group_mean,0.015377100666259516
ets_tcn_time_only,ets tcn time only,mean,440.00000000000125,0.3918857714497494,group_mean,0.01470952202381665
ets_tcn_time_only,ets tcn time only,mean,450.0000000000013,0.38100554939844344,group_mean,0.015015822111508662
ets_tcn_time_only,ets tcn time only,mean,460.0000000000013,0.371460278484892,group_mean,0.015323495226085154
ets_tcn_time_only,ets tcn time only,mean,470.0000000000013,0.3602038525375318,group_mean,0.015578206405005441
ets_tcn_time_only,ets tcn time only,mean,480.0000000000013,0.34996324445985605,group_mean,0.01567094227376731
ets_tcn_time_only,ets tcn time only,mean,490.0000000000013,0.34212319355283555,group_mean,0.015557860980654436
ets_tcn_time_only,ets tcn time only,mean,500.0000000000013,0.3320835195001163,group_mean,0.014948761744517937
ets_tcn_time_only,ets tcn time only,mean,510.00000000000136,0.32319278381755157,group_mean,0.014002558288654302
ets_tcn_time_only,ets tcn time only,mean,520.0000000000014,0.31425234691138426,group_mean,0.013804886833942653
ets_tcn_time_only,ets tcn time only,mean,530.0000000000014,0.307722461660235,group_mean,0.014147739993774631
ets_tcn_time_only,ets tcn time only,mean,540.0000000000014,0.3018627562827099,group_mean,0.014492417764836004
ets_tcn_time_only,ets tcn time only,mean,550.0000000000014,0.29486075717833526,group_mean,0.014962270742770878
ets_tcn_time_only,ets tcn time only,mean,560.0000000000014,0.29143149572306853,group_mean,0.015364721204611338
ets_tcn_time_only,ets tcn time only,mean,570.0000000000014,0.286932477497587,group_mean,0.01553499762983244
ets_tcn_time_only,ets tcn time only,mean,580.0000000000014,0.28185540410623783,group_mean,0.014883226499457993
ets_tcn_time_only,ets tcn time only,mean,590.0000000000014,0.2785176306217574,group_mean,0.014370870543354917
ets_tcn_time_only,ets tcn time only,mean,600.0000000000014,0.2740498013824575,group_mean,0.014845454551724199
ets_tcn_time_only,ets tcn time only,mean,610.0000000000015,0.26988253549834545,group_mean,0.01572021606412846
ets_tcn_time_only,ets tcn time only,mean,620.0000000000015,0.2670654197664269,group_mean,0.01680555458604069
ets_tcn_time_only,ets tcn time only,mean,630.0000000000015,0.2630327913996743,group_mean,0.017072496139187925
ets_tcn_time_only,ets tcn time only,mean,640.0000000000015,0.258349254205253,group_mean,0.016971573408842977
ets_tcn_time_only,ets tcn time only,mean,650.0000000000015,0.25512892226133854,group_mean,0.017340146462780263
ets_tcn_time_only,ets tcn time only,mean,660.0000000000015,0.2504536512045504,group_mean,0.01675628490342951
ets_tcn_time_only,ets tcn time only,mean,670.0000000000015,0.24612652799704304,group_mean,0.0160885891465819
ets_tcn_time_only,ets tcn time only,mean,680.0000000000015,0.24347888548065938,group_mean,0.01608092556277707
ets_tcn_time_only,ets tcn time only,mean,690.0000000000015,0.23935125835689203,group_mean,0.015781330059654586
ets_tcn_time_only,ets tcn time only,mean,700.0000000000015,0.23487852946207663,group_mean,0.015950120462557338
ets_tcn_time_only,ets tcn time only,mean,710.0000000000015,0.23289398534173542,group_mean,0.01664571574752874
ets_tcn_time_only,ets tcn time only,mean,720.0000000000015,0.22893309264880832,group_mean,0.016907353108476166
ets_tcn_time_only,ets tcn time only,mean,730.0000000000016,0.22616259841165834,group_mean,0.01653857743051571
ets_tcn_time_only,ets tcn time only,mean,740.0000000000016,0.22490443892295073,group_mean,0.016122093305818895
ets_tcn_time_only,ets tcn time only,mean,750.0000000000016,0.22224762730719014,group_mean,0.015327502426885404
ets_tcn_time_only,ets tcn time only,mean,760.0000000000016,0.2194877703332796,group_mean,0.014619317790029318
ets_tcn_time_only,ets tcn time only,mean,770.0000000000016,0.21807905657616958,group_mean,0.01429275007119443
ets_tcn_time_only,ets tcn time only,mean,780.0000000000016,0.21460962606930956,group_mean,0.014060199854217519
ets_tcn_time_only,ets tcn time only,mean,790.0000000000016,0.21234199940105455,group_mean,0.014022329792766998
ets_tcn_time_only,ets tcn time only,mean,800.0000000000016,0.20975128962559547,group_mean,0.014077159773314715
ets_tcn_time_only,ets tcn time only,mean,810.0000000000016,0.21062889084503658,group_mean,0.013648037712876681
ets_tcn_time_only,ets tcn time only,mean,820.0000000000016,0.2103934997353683,group_mean,0.013426272036441431
ets_tcn_time_only,ets tcn time only,mean,830.0000000000016,0.20811456430425754,group_mean,0.013808490324249488
ets_tcn_time_only,ets tcn time only,mean,840.0000000000016,0.20852059914934803,group_mean,0.01415810669989332
ets_tcn_time_only,ets tcn time only,mean,850.0000000000016,0.2084141265410428,group_mean,0.015019202510253493
ets_tcn_time_only,ets tcn time only,mean,860.0000000000017,0.2078138900457489,group_mean,0.015174878150188567
ets_tcn_time_only,ets tcn time only,mean,870.0000000000017,0.2099689879218239,group_mean,0.01429562387173928
ets_tcn_time_only,ets tcn time only,mean,880.0000000000017,0.20970045584425145,group_mean,0.013352779834917448
ets_tcn_time_only,ets tcn time only,mean,890.0000000000017,0.20799731516042802,group_mean,0.01291337951685446
ets_tcn_time_only,ets tcn time only,mean,900.0000000000017,0.20855741013955248,group_mean,0.013016940508928602
ets_tcn_time_only,ets tcn time only,mean,910.0000000000017,0.2076220368572311,group_mean,0.012775187118214291
ets_tcn_time_only,ets tcn time only,mean,920.0000000000017,0.20766488998293142,group_mean,0.011797250607856592
ets_tcn_time_only,ets tcn time only,mean,930.0000000000017,0.20945834551233328,group_mean,0.01086529425480988
ets_tcn_time_only,ets tcn time only,mean,940.0000000000017,0.20804201794924918,group_mean,0.009503758452055276
ets_tcn_time_only,ets tcn time only,mean,950.0000000000017,0.20808824358037037,group_mean,0.008912865104270161
ets_tcn_time_only,ets tcn time only,mean,960.0000000000017,0.2091277772650669,group_mean,0.009346986454632734
ets_tcn_time_only,ets tcn time only,mean,970.0000000000017,0.209684612389419,group_mean,0.009503031880352042
ets_tcn_time_only,ets tcn time only,mean,980.0000000000017,0.21027694456018944,group_mean,0.009321320537005665
ets_tcn_time_only,ets tcn time only,mean,990.0000000000018,0.21379370075524898,group_mean,0.009181210630285954
ets_tcn_time_only,ets tcn time only,mean,1000.0000000000018,0.2139928145625337,group_mean,0.008580862055251472
ets_tcn_ce,ets tcn ce,2025,-1000.0,0.10687878145171274,seed,
ets_tcn_ce,ets tcn ce,2025,-990.0,0.10950520753587198,seed,
ets_tcn_ce,ets tcn ce,2025,-980.0,0.11183802988628862,seed,
ets_tcn_ce,ets tcn ce,2025,-970.0,0.11423847158556603,seed,
ets_tcn_ce,ets tcn ce,2025,-960.0,0.1161384489422983,seed,
ets_tcn_ce,ets tcn ce,2025,-950.0,0.11866187993186342,seed,
ets_tcn_ce,ets tcn ce,2025,-940.0,0.12156747010259132,seed,
ets_tcn_ce,ets tcn ce,2025,-929.9999999999999,0.12325929972005846,seed,
ets_tcn_ce,ets tcn ce,2025,-919.9999999999999,0.12571200064385643,seed,
ets_tcn_ce,ets tcn ce,2025,-909.9999999999999,0.12871115541983608,seed,
ets_tcn_ce,ets tcn ce,2025,-899.9999999999999,0.13125539536310585,seed,
ets_tcn_ce,ets tcn ce,2025,-889.9999999999999,0.1342591352124342,seed,
ets_tcn_ce,ets tcn ce,2025,-879.9999999999999,0.13754818856081794,seed,
ets_tcn_ce,ets tcn ce,2025,-869.9999999999999,0.14031767186646577,seed,
ets_tcn_ce,ets tcn ce,2025,-859.9999999999999,0.14370335737143425,seed,
ets_tcn_ce,ets tcn ce,2025,-849.9999999999999,0.14700866541762742,seed,
ets_tcn_ce,ets tcn ce,2025,-839.9999999999999,0.14982874455790032,seed,
ets_tcn_ce,ets tcn ce,2025,-829.9999999999999,0.15378112900675947,seed,
ets_tcn_ce,ets tcn ce,2025,-819.9999999999999,0.15755507997127222,seed,
ets_tcn_ce,ets tcn ce,2025,-809.9999999999999,0.16119062240883097,seed,
ets_tcn_ce,ets tcn ce,2025,-799.9999999999998,0.16525611967833892,seed,
ets_tcn_ce,ets tcn ce,2025,-789.9999999999998,0.16936515228719035,seed,
ets_tcn_ce,ets tcn ce,2025,-779.9999999999998,0.17305995983476863,seed,
ets_tcn_ce,ets tcn ce,2025,-769.9999999999998,0.17766823173739996,seed,
ets_tcn_ce,ets tcn ce,2025,-759.9999999999998,0.18238907307262298,seed,
ets_tcn_ce,ets tcn ce,2025,-749.9999999999998,0.18661340646376037,seed,
ets_tcn_ce,ets tcn ce,2025,-739.9999999999998,0.19171092097178613,seed,
ets_tcn_ce,ets tcn ce,2025,-729.9999999999998,0.1968323110052243,seed,
ets_tcn_ce,ets tcn ce,2025,-719.9999999999998,0.20241305526111075,seed,
ets_tcn_ce,ets tcn ce,2025,-709.9999999999998,0.20746368681506316,seed,
ets_tcn_ce,ets tcn ce,2025,-699.9999999999998,0.2131277726291178,seed,
ets_tcn_ce,ets tcn ce,2025,-689.9999999999998,0.21918824475399656,seed,
ets_tcn_ce,ets tcn ce,2025,-679.9999999999998,0.22477511276463158,seed,
ets_tcn_ce,ets tcn ce,2025,-669.9999999999997,0.23096427265220715,seed,
ets_tcn_ce,ets tcn ce,2025,-659.9999999999997,0.23741912862253484,seed,
ets_tcn_ce,ets tcn ce,2025,-649.9999999999997,0.24389214061294115,seed,
ets_tcn_ce,ets tcn ce,2025,-639.9999999999997,0.25067429290954363,seed,
ets_tcn_ce,ets tcn ce,2025,-629.9999999999997,0.25814217739474754,seed,
ets_tcn_ce,ets tcn ce,2025,-619.9999999999997,0.26538298614678596,seed,
ets_tcn_ce,ets tcn ce,2025,-609.9999999999997,0.2733302377231598,seed,
ets_tcn_ce,ets tcn ce,2025,-599.9999999999997,0.28138916719291013,seed,
ets_tcn_ce,ets tcn ce,2025,-589.9999999999997,0.2894498628350505,seed,
ets_tcn_ce,ets tcn ce,2025,-579.9999999999997,0.2981040039585426,seed,
ets_tcn_ce,ets tcn ce,2025,-569.9999999999997,0.30689648289319427,seed,
ets_tcn_ce,ets tcn ce,2025,-559.9999999999997,0.3159705305815973,seed,
ets_tcn_ce,ets tcn ce,2025,-549.9999999999995,0.3259927264221471,seed,
ets_tcn_ce,ets tcn ce,2025,-539.9999999999995,0.33611025209181183,seed,
ets_tcn_ce,ets tcn ce,2025,-529.9999999999995,0.3465292588391861,seed,
ets_tcn_ce,ets tcn ce,2025,-519.9999999999995,0.3576117358250455,seed,
ets_tcn_ce,ets tcn ce,2025,-509.99999999999955,0.36889972702844587,seed,
ets_tcn_ce,ets tcn ce,2025,-499.99999999999955,0.38022867513314074,seed,
ets_tcn_ce,ets tcn ce,2025,-489.99999999999955,0.39252982651724033,seed,
ets_tcn_ce,ets tcn ce,2025,-479.99999999999955,0.4052127254009947,seed,
ets_tcn_ce,ets tcn ce,2025,-469.99999999999955,0.41866407567532693,seed,
ets_tcn_ce,ets tcn ce,2025,-459.99999999999955,0.43197298474830736,seed,
ets_tcn_ce,ets tcn ce,2025,-449.9999999999995,0.4460421854787998,seed,
ets_tcn_ce,ets tcn ce,2025,-439.9999999999995,0.4610840840482357,seed,
ets_tcn_ce,ets tcn ce,2025,-429.9999999999995,0.4759860000678889,seed,
ets_tcn_ce,ets tcn ce,2025,-419.9999999999995,0.4916706840695876,seed,
ets_tcn_ce,ets tcn ce,2025,-409.9999999999995,0.5080420358615872,seed,
ets_tcn_ce,ets tcn ce,2025,-399.9999999999995,0.5250126985259932,seed,
ets_tcn_ce,ets tcn ce,2025,-389.99999999999943,0.5427110374295738,seed,
ets_tcn_ce,ets tcn ce,2025,-379.99999999999943,0.5606814720151548,seed,
ets_tcn_ce,ets tcn ce,2025,-369.99999999999943,0.5787423690301866,seed,
ets_tcn_ce,ets tcn ce,2025,-359.99999999999943,0.5977206757280114,seed,
ets_tcn_ce,ets tcn ce,2025,-349.99999999999943,0.6173728997358631,seed,
ets_tcn_ce,ets tcn ce,2025,-339.99999999999943,0.6374392919365763,seed,
ets_tcn_ce,ets tcn ce,2025,-329.99999999999943,0.6580533353668077,seed,
ets_tcn_ce,ets tcn ce,2025,-319.9999999999994,0.6789359277060445,seed,
ets_tcn_ce,ets tcn ce,2025,-309.9999999999994,0.7000719689525963,seed,
ets_tcn_ce,ets tcn ce,2025,-299.9999999999994,0.7218292258602723,seed,
ets_tcn_ce,ets tcn ce,2025,-289.9999999999994,0.7438933604221336,seed,
ets_tcn_ce,ets tcn ce,2025,-279.9999999999994,0.7657107131465023,seed,
ets_tcn_ce,ets tcn ce,2025,-269.9999999999994,0.7882057667314954,seed,
ets_tcn_ce,ets tcn ce,2025,-259.9999999999993,0.8105669648799008,seed,
ets_tcn_ce,ets tcn ce,2025,-249.99999999999935,0.8333638329019508,seed,
ets_tcn_ce,ets tcn ce,2025,-239.99999999999932,0.856284789743775,seed,
ets_tcn_ce,ets tcn ce,2025,-229.99999999999932,0.8795106645260157,seed,
ets_tcn_ce,ets tcn ce,2025,-219.99999999999932,0.902165404423335,seed,
ets_tcn_ce,ets tcn ce,2025,-209.9999999999993,0.924247680035454,seed,
ets_tcn_ce,ets tcn ce,2025,-199.9999999999993,0.9462583370692425,seed,
ets_tcn_ce,ets tcn ce,2025,-189.9999999999993,0.9680816787795878,seed,
ets_tcn_ce,ets tcn ce,2025,-179.99999999999926,0.9894013573950379,seed,
ets_tcn_ce,ets tcn ce,2025,-169.99999999999926,1.0102037889050157,seed,
ets_tcn_ce,ets tcn ce,2025,-159.99999999999926,1.0304192164767567,seed,
ets_tcn_ce,ets tcn ce,2025,-149.99999999999923,1.0492244627484264,seed,
ets_tcn_ce,ets tcn ce,2025,-139.99999999999923,1.068036870024499,seed,
ets_tcn_ce,ets tcn ce,2025,-129.99999999999923,1.0856587032450622,seed,
ets_tcn_ce,ets tcn ce,2025,-119.99999999999922,1.101501227762164,seed,
ets_tcn_ce,ets tcn ce,2025,-109.9999999999992,1.116536351724018,seed,
ets_tcn_ce,ets tcn ce,2025,-99.9999999999992,1.1303473617679671,seed,
ets_tcn_ce,ets tcn ce,2025,-89.99999999999919,1.14276428146489,seed,
ets_tcn_ce,ets tcn ce,2025,-79.99999999999918,1.1537422014474363,seed,
ets_tcn_ce,ets tcn ce,2025,-69.99999999999918,1.1625235517727537,seed,
ets_tcn_ce,ets tcn ce,2025,-59.99999999999916,1.1695294177871522,seed,
ets_tcn_ce,ets tcn ce,2025,-49.999999999999154,1.1756545280508273,seed,
ets_tcn_ce,ets tcn ce,2025,-39.99999999999915,1.1800591150841304,seed,
ets_tcn_ce,ets tcn ce,2025,-29.99999999999914,1.1826355355476632,seed,
ets_tcn_ce,ets tcn ce,2025,-19.99999999999913,1.1836060157393498,seed,
ets_tcn_ce,ets tcn ce,2025,-9.99999999999912,1.1823018742026594,seed,
ets_tcn_ce,ets tcn ce,2025,8.881784197001252e-13,1.17823260007154,seed,
ets_tcn_ce,ets tcn ce,2025,10.000000000000897,1.173780278388596,seed,
ets_tcn_ce,ets tcn ce,2025,20.000000000000906,1.167395518011047,seed,
ets_tcn_ce,ets tcn ce,2025,30.000000000000917,1.1593414023728636,seed,
ets_tcn_ce,ets tcn ce,2025,40.000000000000924,1.1499389834604763,seed,
ets_tcn_ce,ets tcn ce,2025,50.00000000000093,1.1389812267293122,seed,
ets_tcn_ce,ets tcn ce,2025,60.00000000000094,1.1263179530346519,seed,
ets_tcn_ce,ets tcn ce,2025,70.00000000000095,1.1124332121032934,seed,
ets_tcn_ce,ets tcn ce,2025,80.00000000000097,1.09716476943839,seed,
ets_tcn_ce,ets tcn ce,2025,90.00000000000097,1.0819209478355727,seed,
ets_tcn_ce,ets tcn ce,2025,100.00000000000098,1.065738821160569,seed,
ets_tcn_ce,ets tcn ce,2025,110.00000000000098,1.0477197186460867,seed,
ets_tcn_ce,ets tcn ce,2025,120.000000000001,1.0304159715434233,seed,
ets_tcn_ce,ets tcn ce,2025,130.000000000001,1.012159368247672,seed,
ets_tcn_ce,ets tcn ce,2025,140.00000000000102,0.9927555829334022,seed,
ets_tcn_ce,ets tcn ce,2025,150.00000000000102,0.9739041534908742,seed,
ets_tcn_ce,ets tcn ce,2025,160.00000000000102,0.9532313586023805,seed,
ets_tcn_ce,ets tcn ce,2025,170.00000000000105,0.9326023494917738,seed,
ets_tcn_ce,ets tcn ce,2025,180.00000000000105,0.9133463643021461,seed,
ets_tcn_ce,ets tcn ce,2025,190.00000000000105,0.8921804652316021,seed,
ets_tcn_ce,ets tcn ce,2025,200.00000000000108,0.8710198400190355,seed,
ets_tcn_ce,ets tcn ce,2025,210.00000000000108,0.8509516271464694,seed,
ets_tcn_ce,ets tcn ce,2025,220.00000000000108,0.8295848184901724,seed,
ets_tcn_ce,ets tcn ce,2025,230.00000000000108,0.8085561175279903,seed,
ets_tcn_ce,ets tcn ce,2025,240.0000000000011,0.788121778531654,seed,
ets_tcn_ce,ets tcn ce,2025,250.0000000000011,0.767802203341722,seed,
ets_tcn_ce,ets tcn ce,2025,260.00000000000114,0.7475644779236044,seed,
ets_tcn_ce,ets tcn ce,2025,270.00000000000114,0.7271983306746861,seed,
ets_tcn_ce,ets tcn ce,2025,280.00000000000114,0.7081996875151935,seed,
ets_tcn_ce,ets tcn ce,2025,290.00000000000114,0.6889589243314543,seed,
ets_tcn_ce,ets tcn ce,2025,300.00000000000114,0.6700905371416543,seed,
ets_tcn_ce,ets tcn ce,2025,310.00000000000114,0.6527372548804666,seed,
ets_tcn_ce,ets tcn ce,2025,320.0000000000012,0.6346130748938599,seed,
ets_tcn_ce,ets tcn ce,2025,330.0000000000012,0.6164801211489466,seed,
ets_tcn_ce,ets tcn ce,2025,340.0000000000012,0.6000519917916246,seed,
ets_tcn_ce,ets tcn ce,2025,350.0000000000012,0.5834252757788219,seed,
ets_tcn_ce,ets tcn ce,2025,360.0000000000012,0.5669860383621013,seed,
ets_tcn_ce,ets tcn ce,2025,370.0000000000012,0.5520484854002119,seed,
ets_tcn_ce,ets tcn ce,2025,380.00000000000125,0.5366613872791901,seed,
ets_tcn_ce,ets tcn ce,2025,390.00000000000125,0.5217686616191078,seed,
ets_tcn_ce,ets tcn ce,2025,400.00000000000125,0.5087197051226393,seed,
ets_tcn_ce,ets tcn ce,2025,410.00000000000125,0.4945545181190023,seed,
ets_tcn_ce,ets tcn ce,2025,420.00000000000125,0.4820447428027375,seed,
ets_tcn_ce,ets tcn ce,2025,430.00000000000125,0.47030947833754744,seed,
ets_tcn_ce,ets tcn ce,2025,440.00000000000125,0.4578135481013711,seed,
ets_tcn_ce,ets tcn ce,2025,450.0000000000013,0.4459809568033868,seed,
ets_tcn_ce,ets tcn ce,2025,460.0000000000013,0.43569491516253567,seed,
ets_tcn_ce,ets tcn ce,2025,470.0000000000013,0.42475277883599644,seed,
ets_tcn_ce,ets tcn ce,2025,480.0000000000013,0.4143007615635843,seed,
ets_tcn_ce,ets tcn ce,2025,490.0000000000013,0.40572646562530706,seed,
ets_tcn_ce,ets tcn ce,2025,500.0000000000013,0.3960203995799378,seed,
ets_tcn_ce,ets tcn ce,2025,510.00000000000136,0.3871379740541306,seed,
ets_tcn_ce,ets tcn ce,2025,520.0000000000014,0.3783338767951976,seed,
ets_tcn_ce,ets tcn ce,2025,530.0000000000014,0.3715329382643374,seed,
ets_tcn_ce,ets tcn ce,2025,540.0000000000014,0.3639132776685526,seed,
ets_tcn_ce,ets tcn ce,2025,550.0000000000014,0.35545585693027504,seed,
ets_tcn_ce,ets tcn ce,2025,560.0000000000014,0.3495063583531167,seed,
ets_tcn_ce,ets tcn ce,2025,570.0000000000014,0.3427212920608461,seed,
ets_tcn_ce,ets tcn ce,2025,580.0000000000014,0.3356403194217372,seed,
ets_tcn_ce,ets tcn ce,2025,590.0000000000014,0.3303472808813139,seed,
ets_tcn_ce,ets tcn ce,2025,600.0000000000014,0.3244543310113004,seed,
ets_tcn_ce,ets tcn ce,2025,610.0000000000015,0.31812603698545094,seed,
ets_tcn_ce,ets tcn ce,2025,620.0000000000015,0.31443224971995365,seed,
ets_tcn_ce,ets tcn ce,2025,630.0000000000015,0.30959146548975575,seed,
ets_tcn_ce,ets tcn ce,2025,640.0000000000015,0.30393977281291396,seed,
ets_tcn_ce,ets tcn ce,2025,650.0000000000015,0.3003836925507824,seed,
ets_tcn_ce,ets tcn ce,2025,660.0000000000015,0.29499918706792744,seed,
ets_tcn_ce,ets tcn ce,2025,670.0000000000015,0.2904875876075801,seed,
ets_tcn_ce,ets tcn ce,2025,680.0000000000015,0.28786826049947734,seed,
ets_tcn_ce,ets tcn ce,2025,690.0000000000015,0.2839546000133019,seed,
ets_tcn_ce,ets tcn ce,2025,700.0000000000015,0.280181453982657,seed,
ets_tcn_ce,ets tcn ce,2025,710.0000000000015,0.2782125408811487,seed,
ets_tcn_ce,ets tcn ce,2025,720.0000000000015,0.2737361642838061,seed,
ets_tcn_ce,ets tcn ce,2025,730.0000000000016,0.27059050207065877,seed,
ets_tcn_ce,ets tcn ce,2025,740.0000000000016,0.26976781824524654,seed,
ets_tcn_ce,ets tcn ce,2025,750.0000000000016,0.26674523162951275,seed,
ets_tcn_ce,ets tcn ce,2025,760.0000000000016,0.2640277780922274,seed,
ets_tcn_ce,ets tcn ce,2025,770.0000000000016,0.26316696122766026,seed,
ets_tcn_ce,ets tcn ce,2025,780.0000000000016,0.2598207568374871,seed,
ets_tcn_ce,ets tcn ce,2025,790.0000000000016,0.2583566481767438,seed,
ets_tcn_ce,ets tcn ce,2025,800.0000000000016,0.25606960859253625,seed,
ets_tcn_ce,ets tcn ce,2025,810.0000000000016,0.2566678385667248,seed,
ets_tcn_ce,ets tcn ce,2025,820.0000000000016,0.2547013097193411,seed,
ets_tcn_ce,ets tcn ce,2025,830.0000000000016,0.25163823050150014,seed,
ets_tcn_ce,ets tcn ce,2025,840.0000000000016,0.25197702512810377,seed,
ets_tcn_ce,ets tcn ce,2025,850.0000000000016,0.25103786548055007,seed,
ets_tcn_ce,ets tcn ce,2025,860.0000000000017,0.24935112565489373,seed,
ets_tcn_ce,ets tcn ce,2025,870.0000000000017,0.2503813056784365,seed,
ets_tcn_ce,ets tcn ce,2025,880.0000000000017,0.24823198420611697,seed,
ets_tcn_ce,ets tcn ce,2025,890.0000000000017,0.24612550986018053,seed,
ets_tcn_ce,ets tcn ce,2025,900.0000000000017,0.2468046280890747,seed,
ets_tcn_ce,ets tcn ce,2025,910.0000000000017,0.2453262316693461,seed,
ets_tcn_ce,ets tcn ce,2025,920.0000000000017,0.24502358201196797,seed,
ets_tcn_ce,ets tcn ce,2025,930.0000000000017,0.24653785924863741,seed,
ets_tcn_ce,ets tcn ce,2025,940.0000000000017,0.2446383053776633,seed,
ets_tcn_ce,ets tcn ce,2025,950.0000000000017,0.244595656177001,seed,
ets_tcn_ce,ets tcn ce,2025,960.0000000000017,0.2457859436976955,seed,
ets_tcn_ce,ets tcn ce,2025,970.0000000000017,0.2443650715450037,seed,
ets_tcn_ce,ets tcn ce,2025,980.0000000000017,0.24427167595532803,seed,
ets_tcn_ce,ets tcn ce,2025,990.0000000000018,0.24717813607226255,seed,
ets_tcn_ce,ets tcn ce,2025,1000.0000000000018,0.2454600358907953,seed,
ets_tcn_ce,ets tcn ce,2026,-1000.0,0.11423965381844696,seed,
ets_tcn_ce,ets tcn ce,2026,-990.0,0.11628613872923105,seed,
ets_tcn_ce,ets tcn ce,2026,-980.0,0.11823312098576769,seed,
ets_tcn_ce,ets tcn ce,2026,-970.0,0.12006866697564252,seed,
ets_tcn_ce,ets tcn ce,2026,-960.0,0.1213965154655693,seed,
ets_tcn_ce,ets tcn ce,2026,-950.0,0.12338374695435006,seed,
ets_tcn_ce,ets tcn ce,2026,-940.0,0.12577896859775278,seed,
ets_tcn_ce,ets tcn ce,2026,-929.9999999999999,0.12703685153783603,seed,
ets_tcn_ce,ets tcn ce,2026,-919.9999999999999,0.12892306018075,seed,
ets_tcn_ce,ets tcn ce,2026,-909.9999999999999,0.1312902691845511,seed,
ets_tcn_ce,ets tcn ce,2026,-899.9999999999999,0.13332560340276697,seed,
ets_tcn_ce,ets tcn ce,2026,-889.9999999999999,0.13582401560822072,seed,
ets_tcn_ce,ets tcn ce,2026,-879.9999999999999,0.13853223762015368,seed,
ets_tcn_ce,ets tcn ce,2026,-869.9999999999999,0.1407644013609076,seed,
ets_tcn_ce,ets tcn ce,2026,-859.9999999999999,0.1435858887143912,seed,
ets_tcn_ce,ets tcn ce,2026,-849.9999999999999,0.14634863743611293,seed,
ets_tcn_ce,ets tcn ce,2026,-839.9999999999999,0.14870718939984404,seed,
ets_tcn_ce,ets tcn ce,2026,-829.9999999999999,0.15189681673162347,seed,
ets_tcn_ce,ets tcn ce,2026,-819.9999999999999,0.15510682711048493,seed,
ets_tcn_ce,ets tcn ce,2026,-809.9999999999999,0.1581442598221528,seed,
ets_tcn_ce,ets tcn ce,2026,-799.9999999999998,0.16156168175316865,seed,
ets_tcn_ce,ets tcn ce,2026,-789.9999999999998,0.16496362583041232,seed,
ets_tcn_ce,ets tcn ce,2026,-779.9999999999998,0.1679854047425512,seed,
ets_tcn_ce,ets tcn ce,2026,-769.9999999999998,0.17181735980171486,seed,
ets_tcn_ce,ets tcn ce,2026,-759.9999999999998,0.1758637732002819,seed,
ets_tcn_ce,ets tcn ce,2026,-749.9999999999998,0.17940286748286616,seed,
ets_tcn_ce,ets tcn ce,2026,-739.9999999999998,0.18361854170415728,seed,
ets_tcn_ce,ets tcn ce,2026,-729.9999999999998,0.18795296055592786,seed,
ets_tcn_ce,ets tcn ce,2026,-719.9999999999998,0.1925777081549118,seed,
ets_tcn_ce,ets tcn ce,2026,-709.9999999999998,0.1966552987779349,seed,
ets_tcn_ce,ets tcn ce,2026,-699.9999999999998,0.20128836234609154,seed,
ets_tcn_ce,ets tcn ce,2026,-689.9999999999998,0.20634387806330148,seed,
ets_tcn_ce,ets tcn ce,2026,-679.9999999999998,0.2109361576454893,seed,
ets_tcn_ce,ets tcn ce,2026,-669.9999999999997,0.21614718100749944,seed,
ets_tcn_ce,ets tcn ce,2026,-659.9999999999997,0.2215018482455445,seed,
ets_tcn_ce,ets tcn ce,2026,-649.9999999999997,0.22683179864026665,seed,
ets_tcn_ce,ets tcn ce,2026,-639.9999999999997,0.23246955257888074,seed,
ets_tcn_ce,ets tcn ce,2026,-629.9999999999997,0.23858926343464848,seed,
ets_tcn_ce,ets tcn ce,2026,-619.9999999999997,0.24453114214478294,seed,
ets_tcn_ce,ets tcn ce,2026,-609.9999999999997,0.25108286594819296,seed,
ets_tcn_ce,ets tcn ce,2026,-599.9999999999997,0.25770855763089207,seed,
ets_tcn_ce,ets tcn ce,2026,-589.9999999999997,0.264465375557319,seed,
ets_tcn_ce,ets tcn ce,2026,-579.9999999999997,0.2715875407125887,seed,
ets_tcn_ce,ets tcn ce,2026,-569.9999999999997,0.278965842605296,seed,
ets_tcn_ce,ets tcn ce,2026,-559.9999999999997,0.28661257126635786,seed,
ets_tcn_ce,ets tcn ce,2026,-549.9999999999995,0.2949787400331907,seed,
ets_tcn_ce,ets tcn ce,2026,-539.9999999999995,0.303452167021994,seed,
ets_tcn_ce,ets tcn ce,2026,-529.9999999999995,0.312123064803643,seed,
ets_tcn_ce,ets tcn ce,2026,-519.9999999999995,0.3212955712382999,seed,
ets_tcn_ce,ets tcn ce,2026,-509.99999999999955,0.330672366016076,seed,
ets_tcn_ce,ets tcn ce,2026,-499.99999999999955,0.34022952583688965,seed,
ets_tcn_ce,ets tcn ce,2026,-489.99999999999955,0.3505345632558018,seed,
ets_tcn_ce,ets tcn ce,2026,-479.99999999999955,0.36121898539768155,seed,
ets_tcn_ce,ets tcn ce,2026,-469.99999999999955,0.3725077303970961,seed,
ets_tcn_ce,ets tcn ce,2026,-459.99999999999955,0.3835507528418325,seed,
ets_tcn_ce,ets tcn ce,2026,-449.9999999999995,0.3954112022223094,seed,
ets_tcn_ce,ets tcn ce,2026,-439.9999999999995,0.407812863202172,seed,
ets_tcn_ce,ets tcn ce,2026,-429.9999999999995,0.4202817544865509,seed,
ets_tcn_ce,ets tcn ce,2026,-419.9999999999995,0.4334133200862843,seed,
ets_tcn_ce,ets tcn ce,2026,-409.9999999999995,0.44703012793080993,seed,
ets_tcn_ce,ets tcn ce,2026,-399.9999999999995,0.4612177460827945,seed,
ets_tcn_ce,ets tcn ce,2026,-389.99999999999943,0.4760355873438881,seed,
ets_tcn_ce,ets tcn ce,2026,-379.99999999999943,0.4912677019464345,seed,
ets_tcn_ce,ets tcn ce,2026,-369.99999999999943,0.506704822783514,seed,
ets_tcn_ce,ets tcn ce,2026,-359.99999999999943,0.5227777785376355,seed,
ets_tcn_ce,ets tcn ce,2026,-349.99999999999943,0.539545676264123,seed,
ets_tcn_ce,ets tcn ce,2026,-339.99999999999943,0.5566963708150536,seed,
ets_tcn_ce,ets tcn ce,2026,-329.99999999999943,0.5743286660568709,seed,
ets_tcn_ce,ets tcn ce,2026,-319.9999999999994,0.5924726026114642,seed,
ets_tcn_ce,ets tcn ce,2026,-309.9999999999994,0.6109290560849739,seed,
ets_tcn_ce,ets tcn ce,2026,-299.9999999999994,0.6299033901564931,seed,
ets_tcn_ce,ets tcn ce,2026,-289.9999999999994,0.649298377960262,seed,
ets_tcn_ce,ets tcn ce,2026,-279.9999999999994,0.6687723525148178,seed,
ets_tcn_ce,ets tcn ce,2026,-269.9999999999994,0.688973126119025,seed,
ets_tcn_ce,ets tcn ce,2026,-259.9999999999993,0.7092896425725341,seed,
ets_tcn_ce,ets tcn ce,2026,-249.99999999999935,0.7301293627708851,seed,
ets_tcn_ce,ets tcn ce,2026,-239.99999999999932,0.7509338008798373,seed,
ets_tcn_ce,ets tcn ce,2026,-229.99999999999932,0.7720536481511503,seed,
ets_tcn_ce,ets tcn ce,2026,-219.99999999999932,0.7930790592023506,seed,
ets_tcn_ce,ets tcn ce,2026,-209.9999999999993,0.8138379668747295,seed,
ets_tcn_ce,ets tcn ce,2026,-199.9999999999993,0.8345228597830925,seed,
ets_tcn_ce,ets tcn ce,2026,-189.9999999999993,0.8553501474759113,seed,
ets_tcn_ce,ets tcn ce,2026,-179.99999999999926,0.8758825877514756,seed,
ets_tcn_ce,ets tcn ce,2026,-169.99999999999926,0.8961659777999278,seed,
ets_tcn_ce,ets tcn ce,2026,-159.99999999999926,0.9163695378944274,seed,
ets_tcn_ce,ets tcn ce,2026,-149.99999999999923,0.9352908061864521,seed,
ets_tcn_ce,ets tcn ce,2026,-139.99999999999923,0.9542869344414731,seed,
ets_tcn_ce,ets tcn ce,2026,-129.99999999999923,0.9726059972726396,seed,
ets_tcn_ce,ets tcn ce,2026,-119.99999999999922,0.9895194205264518,seed,
ets_tcn_ce,ets tcn ce,2026,-109.9999999999992,1.0061571295881109,seed,
ets_tcn_ce,ets tcn ce,2026,-99.9999999999992,1.0215049028810337,seed,
ets_tcn_ce,ets tcn ce,2026,-89.99999999999919,1.0358578768281732,seed,
ets_tcn_ce,ets tcn ce,2026,-79.99999999999918,1.0491635914868274,seed,
ets_tcn_ce,ets tcn ce,2026,-69.99999999999918,1.0609301527061505,seed,
ets_tcn_ce,ets tcn ce,2026,-59.99999999999916,1.0708575453933769,seed,
ets_tcn_ce,ets tcn ce,2026,-49.999999999999154,1.0801091344328542,seed,
ets_tcn_ce,ets tcn ce,2026,-39.99999999999915,1.087628377291076,seed,
ets_tcn_ce,ets tcn ce,2026,-29.99999999999914,1.0936990640899176,seed,
ets_tcn_ce,ets tcn ce,2026,-19.99999999999913,1.0983879976806685,seed,
ets_tcn_ce,ets tcn ce,2026,-9.99999999999912,1.101602989912903,seed,
ets_tcn_ce,ets tcn ce,2026,8.881784197001252e-13,1.1025251942370329,seed,
ets_tcn_ce,ets tcn ce,2026,10.000000000000897,1.1028014172695246,seed,
ets_tcn_ce,ets tcn ce,2026,20.000000000000906,1.101413742783905,seed,
ets_tcn_ce,ets tcn ce,2026,30.000000000000917,1.098554530705721,seed,
ets_tcn_ce,ets tcn ce,2026,40.000000000000924,1.09438221808443,seed,
ets_tcn_ce,ets tcn ce,2026,50.00000000000093,1.0889150316653775,seed,
ets_tcn_ce,ets tcn ce,2026,60.00000000000094,1.08220419490511,seed,
ets_tcn_ce,ets tcn ce,2026,70.00000000000095,1.0741295923756042,seed,
ets_tcn_ce,ets tcn ce,2026,80.00000000000097,1.0650900582244105,seed,
ets_tcn_ce,ets tcn ce,2026,90.00000000000097,1.0554263384593423,seed,
ets_tcn_ce,ets tcn ce,2026,100.00000000000098,1.0449276806088097,seed,
ets_tcn_ce,ets tcn ce,2026,110.00000000000098,1.033123534231281,seed,
ets_tcn_ce,ets tcn ce,2026,120.000000000001,1.0213217957528284,seed,
ets_tcn_ce,ets tcn ce,2026,130.000000000001,1.009117547219481,seed,
ets_tcn_ce,ets tcn ce,2026,140.00000000000102,0.995569343124127,seed,
ets_tcn_ce,ets tcn ce,2026,150.00000000000102,0.98217726950593,seed,
ets_tcn_ce,ets tcn ce,2026,160.00000000000102,0.9674921242382196,seed,
ets_tcn_ce,ets tcn ce,2026,170.00000000000105,0.9524126347762333,seed,
ets_tcn_ce,ets tcn ce,2026,180.00000000000105,0.9378496803452415,seed,
ets_tcn_ce,ets tcn ce,2026,190.00000000000105,0.9217737123629461,seed,
ets_tcn_ce,ets tcn ce,2026,200.00000000000108,0.9051467841868037,seed,
ets_tcn_ce,ets tcn ce,2026,210.00000000000108,0.8893913595496075,seed,
ets_tcn_ce,ets tcn ce,2026,220.00000000000108,0.8719899193373132,seed,
ets_tcn_ce,ets tcn ce,2026,230.00000000000108,0.8545443208524468,seed,
ets_tcn_ce,ets tcn ce,2026,240.0000000000011,0.8376587965182237,seed,
ets_tcn_ce,ets tcn ce,2026,250.0000000000011,0.8204355915133852,seed,
ets_tcn_ce,ets tcn ce,2026,260.00000000000114,0.8032001603962642,seed,
ets_tcn_ce,ets tcn ce,2026,270.00000000000114,0.7857644696614499,seed,
ets_tcn_ce,ets tcn ce,2026,280.00000000000114,0.7692136890581103,seed,
ets_tcn_ce,ets tcn ce,2026,290.00000000000114,0.7523678735888049,seed,
ets_tcn_ce,ets tcn ce,2026,300.00000000000114,0.7356029740518131,seed,
ets_tcn_ce,ets tcn ce,2026,310.00000000000114,0.7203081522186628,seed,
ets_tcn_ce,ets tcn ce,2026,320.0000000000012,0.7038096671265197,seed,
ets_tcn_ce,ets tcn ce,2026,330.0000000000012,0.687220566800425,seed,
ets_tcn_ce,ets tcn ce,2026,340.0000000000012,0.6723701141423704,seed,
ets_tcn_ce,ets tcn ce,2026,350.0000000000012,0.6574353290729769,seed,
ets_tcn_ce,ets tcn ce,2026,360.0000000000012,0.6422685971671404,seed,
ets_tcn_ce,ets tcn ce,2026,370.0000000000012,0.6282549628293175,seed,
ets_tcn_ce,ets tcn ce,2026,380.00000000000125,0.613735649703141,seed,
ets_tcn_ce,ets tcn ce,2026,390.00000000000125,0.5996666459429695,seed,
ets_tcn_ce,ets tcn ce,2026,400.00000000000125,0.5869137204691793,seed,
ets_tcn_ce,ets tcn ce,2026,410.00000000000125,0.5731607743086504,seed,
ets_tcn_ce,ets tcn ce,2026,420.00000000000125,0.5609847866490758,seed,
ets_tcn_ce,ets tcn ce,2026,430.00000000000125,0.5494238300818396,seed,
ets_tcn_ce,ets tcn ce,2026,440.00000000000125,0.536907657540344,seed,
ets_tcn_ce,ets tcn ce,2026,450.0000000000013,0.5251495170310648,seed,
ets_tcn_ce,ets tcn ce,2026,460.0000000000013,0.5147380104463796,seed,
ets_tcn_ce,ets tcn ce,2026,470.0000000000013,0.5037044077295001,seed,
ets_tcn_ce,ets tcn ce,2026,480.0000000000013,0.493266467317056,seed,
ets_tcn_ce,ets tcn ce,2026,490.0000000000013,0.48441124939240776,seed,
ets_tcn_ce,ets tcn ce,2026,500.0000000000013,0.4745318228867919,seed,
ets_tcn_ce,ets tcn ce,2026,510.00000000000136,0.46554960228975584,seed,
ets_tcn_ce,ets tcn ce,2026,520.0000000000014,0.456491849491129,seed,
ets_tcn_ce,ets tcn ce,2026,530.0000000000014,0.44941623189037205,seed,
ets_tcn_ce,ets tcn ce,2026,540.0000000000014,0.44196372018167857,seed,
ets_tcn_ce,ets tcn ce,2026,550.0000000000014,0.4336707226599807,seed,
ets_tcn_ce,ets tcn ce,2026,560.0000000000014,0.42765960337968306,seed,
ets_tcn_ce,ets tcn ce,2026,570.0000000000014,0.4208064287124995,seed,
ets_tcn_ce,ets tcn ce,2026,580.0000000000014,0.41364892758782906,seed,
ets_tcn_ce,ets tcn ce,2026,590.0000000000014,0.408311132787612,seed,
ets_tcn_ce,ets tcn ce,2026,600.0000000000014,0.40213215109663636,seed,
ets_tcn_ce,ets tcn ce,2026,610.0000000000015,0.395630537835732,seed,
ets_tcn_ce,ets tcn ce,2026,620.0000000000015,0.3919068813717862,seed,
ets_tcn_ce,ets tcn ce,2026,630.0000000000015,0.3870325594815272,seed,
ets_tcn_ce,ets tcn ce,2026,640.0000000000015,0.3811902215610667,seed,
ets_tcn_ce,ets tcn ce,2026,650.0000000000015,0.37719913170762326,seed,
ets_tcn_ce,ets tcn ce,2026,660.0000000000015,0.37177571201804976,seed,
ets_tcn_ce,ets tcn ce,2026,670.0000000000015,0.3670245553583327,seed,
ets_tcn_ce,ets tcn ce,2026,680.0000000000015,0.36405829267606854,seed,
ets_tcn_ce,ets tcn ce,2026,690.0000000000015,0.3600902596997499,seed,
ets_tcn_ce,ets tcn ce,2026,700.0000000000015,0.3561849017733232,seed,
ets_tcn_ce,ets tcn ce,2026,710.0000000000015,0.35401491726232287,seed,
ets_tcn_ce,ets tcn ce,2026,720.0000000000015,0.34936692277886866,seed,
ets_tcn_ce,ets tcn ce,2026,730.0000000000016,0.3462192952930167,seed,
ets_tcn_ce,ets tcn ce,2026,740.0000000000016,0.34535888658035563,seed,
ets_tcn_ce,ets tcn ce,2026,750.0000000000016,0.34252028727247325,seed,
ets_tcn_ce,ets tcn ce,2026,760.0000000000016,0.33954696634618187,seed,
ets_tcn_ce,ets tcn ce,2026,770.0000000000016,0.33868493309213976,seed,
ets_tcn_ce,ets tcn ce,2026,780.0000000000016,0.3353711251253301,seed,
ets_tcn_ce,ets tcn ce,2026,790.0000000000016,0.3336053782676886,seed,
ets_tcn_ce,ets tcn ce,2026,800.0000000000016,0.3311337590672618,seed,
ets_tcn_ce,ets tcn ce,2026,810.0000000000016,0.3315914509168734,seed,
ets_tcn_ce,ets tcn ce,2026,820.0000000000016,0.3296470492861008,seed,
ets_tcn_ce,ets tcn ce,2026,830.0000000000016,0.32665852536814866,seed,
ets_tcn_ce,ets tcn ce,2026,840.0000000000016,0.3271695826946014,seed,
ets_tcn_ce,ets tcn ce,2026,850.0000000000016,0.32672555067049264,seed,
ets_tcn_ce,ets tcn ce,2026,860.0000000000017,0.3252346552316933,seed,
ets_tcn_ce,ets tcn ce,2026,870.0000000000017,0.32670082078003215,seed,
ets_tcn_ce,ets tcn ce,2026,880.0000000000017,0.3242890211530961,seed,
ets_tcn_ce,ets tcn ce,2026,890.0000000000017,0.3224001345882727,seed,
ets_tcn_ce,ets tcn ce,2026,900.0000000000017,0.32305896072082413,seed,
ets_tcn_ce,ets tcn ce,2026,910.0000000000017,0.3218598830585592,seed,
ets_tcn_ce,ets tcn ce,2026,920.0000000000017,0.3220589245363052,seed,
ets_tcn_ce,ets tcn ce,2026,930.0000000000017,0.32355248198282816,seed,
ets_tcn_ce,ets tcn ce,2026,940.0000000000017,0.3215199518334895,seed,
ets_tcn_ce,ets tcn ce,2026,950.0000000000017,0.321729719321493,seed,
ets_tcn_ce,ets tcn ce,2026,960.0000000000017,0.32337754802936153,seed,
ets_tcn_ce,ets tcn ce,2026,970.0000000000017,0.32203919851504026,seed,
ets_tcn_ce,ets tcn ce,2026,980.0000000000017,0.32217915628472477,seed,
ets_tcn_ce,ets tcn ce,2026,990.0000000000018,0.32545131611678335,seed,
ets_tcn_ce,ets tcn ce,2026,1000.0000000000018,0.3238285535135114,seed,
ets_tcn_ce,ets tcn ce,2027,-1000.0,0.11289384006477458,seed,
ets_tcn_ce,ets tcn ce,2027,-990.0,0.11497815925644896,seed,
ets_tcn_ce,ets tcn ce,2027,-980.0,0.11694590154895271,seed,
ets_tcn_ce,ets tcn ce,2027,-970.0,0.11888789293948854,seed,
ets_tcn_ce,ets tcn ce,2027,-960.0,0.12020662544302674,seed,
ets_tcn_ce,ets tcn ce,2027,-950.0,0.12219075654446573,seed,
ets_tcn_ce,ets tcn ce,2027,-940.0,0.12461119265179445,seed,
ets_tcn_ce,ets tcn ce,2027,-929.9999999999999,0.12595985814131425,seed,
ets_tcn_ce,ets tcn ce,2027,-919.9999999999999,0.12788931014256874,seed,
ets_tcn_ce,ets tcn ce,2027,-909.9999999999999,0.1303368033971471,seed,
ets_tcn_ce,ets tcn ce,2027,-899.9999999999999,0.13242158581999539,seed,
ets_tcn_ce,ets tcn ce,2027,-889.9999999999999,0.13492809897497005,seed,
ets_tcn_ce,ets tcn ce,2027,-879.9999999999999,0.13757854439031775,seed,
ets_tcn_ce,ets tcn ce,2027,-869.9999999999999,0.13983662734402916,seed,
ets_tcn_ce,ets tcn ce,2027,-859.9999999999999,0.1427097566043067,seed,
ets_tcn_ce,ets tcn ce,2027,-849.9999999999999,0.1455150471232807,seed,
ets_tcn_ce,ets tcn ce,2027,-839.9999999999999,0.147869315096027,seed,
ets_tcn_ce,ets tcn ce,2027,-829.9999999999999,0.15105429313201635,seed,
ets_tcn_ce,ets tcn ce,2027,-819.9999999999999,0.15427707588309755,seed,
ets_tcn_ce,ets tcn ce,2027,-809.9999999999999,0.15734051395438323,seed,
ets_tcn_ce,ets tcn ce,2027,-799.9999999999998,0.16074288173121132,seed,
ets_tcn_ce,ets tcn ce,2027,-789.9999999999998,0.16422881405350936,seed,
ets_tcn_ce,ets tcn ce,2027,-779.9999999999998,0.16737163756807516,seed,
ets_tcn_ce,ets tcn ce,2027,-769.9999999999998,0.17138872768392788,seed,
ets_tcn_ce,ets tcn ce,2027,-759.9999999999998,0.17548713706945557,seed,
ets_tcn_ce,ets tcn ce,2027,-749.9999999999998,0.17894042681667605,seed,
ets_tcn_ce,ets tcn ce,2027,-739.9999999999998,0.1833240113984662,seed,
ets_tcn_ce,ets tcn ce,2027,-729.9999999999998,0.18779224409801565,seed,
ets_tcn_ce,ets tcn ce,2027,-719.9999999999998,0.19254830418570237,seed,
ets_tcn_ce,ets tcn ce,2027,-709.9999999999998,0.1967557202467165,seed,
ets_tcn_ce,ets tcn ce,2027,-699.9999999999998,0.20154125918819618,seed,
ets_tcn_ce,ets tcn ce,2027,-689.9999999999998,0.20670873885636462,seed,
ets_tcn_ce,ets tcn ce,2027,-679.9999999999998,0.2115098703867534,seed,
ets_tcn_ce,ets tcn ce,2027,-669.9999999999997,0.21694883772537105,seed,
ets_tcn_ce,ets tcn ce,2027,-659.9999999999997,0.22257037867170038,seed,
ets_tcn_ce,ets tcn ce,2027,-649.9999999999997,0.22819512443164677,seed,
ets_tcn_ce,ets tcn ce,2027,-639.9999999999997,0.23416422576068513,seed,
ets_tcn_ce,ets tcn ce,2027,-629.9999999999997,0.2407173363134124,seed,
ets_tcn_ce,ets tcn ce,2027,-619.9999999999997,0.24710296892046527,seed,
ets_tcn_ce,ets tcn ce,2027,-609.9999999999997,0.2541058117474333,seed,
ets_tcn_ce,ets tcn ce,2027,-599.9999999999997,0.2611963154098387,seed,
ets_tcn_ce,ets tcn ce,2027,-589.9999999999997,0.26832479744384574,seed,
ets_tcn_ce,ets tcn ce,2027,-579.9999999999997,0.2760578130639731,seed,
ets_tcn_ce,ets tcn ce,2027,-569.9999999999997,0.2841036821420268,seed,
ets_tcn_ce,ets tcn ce,2027,-559.9999999999997,0.29229104201107386,seed,
ets_tcn_ce,ets tcn ce,2027,-549.9999999999995,0.30137667728857653,seed,
ets_tcn_ce,ets tcn ce,2027,-539.9999999999995,0.3107353471764926,seed,
ets_tcn_ce,ets tcn ce,2027,-529.9999999999995,0.3204746222124584,seed,
ets_tcn_ce,ets tcn ce,2027,-519.9999999999995,0.3309372135654917,seed,
ets_tcn_ce,ets tcn ce,2027,-509.99999999999955,0.34155140668631956,seed,
ets_tcn_ce,ets tcn ce,2027,-499.99999999999955,0.35229863670018324,seed,
ets_tcn_ce,ets tcn ce,2027,-489.99999999999955,0.3640210710347608,seed,
ets_tcn_ce,ets tcn ce,2027,-479.99999999999955,0.3763818187650506,seed,
ets_tcn_ce,ets tcn ce,2027,-469.99999999999955,0.3894908793978599,seed,
ets_tcn_ce,ets tcn ce,2027,-459.99999999999955,0.40267771546724423,seed,
ets_tcn_ce,ets tcn ce,2027,-449.9999999999995,0.41665375215280864,seed,
ets_tcn_ce,ets tcn ce,2027,-439.9999999999995,0.43160855550721056,seed,
ets_tcn_ce,ets tcn ce,2027,-429.9999999999995,0.4466513559871394,seed,
ets_tcn_ce,ets tcn ce,2027,-419.9999999999995,0.46273918333733033,seed,
ets_tcn_ce,ets tcn ce,2027,-409.9999999999995,0.479425182918474,seed,
ets_tcn_ce,ets tcn ce,2027,-399.9999999999995,0.49671320682840286,seed,
ets_tcn_ce,ets tcn ce,2027,-389.99999999999943,0.5149620441078143,seed,
ets_tcn_ce,ets tcn ce,2027,-379.99999999999943,0.533668471052102,seed,
ets_tcn_ce,ets tcn ce,2027,-369.99999999999943,0.552562655180649,seed,
ets_tcn_ce,ets tcn ce,2027,-359.99999999999943,0.5724813609086037,seed,
ets_tcn_ce,ets tcn ce,2027,-349.99999999999943,0.5933772527232561,seed,
ets_tcn_ce,ets tcn ce,2027,-339.99999999999943,0.6147262827950669,seed,
ets_tcn_ce,ets tcn ce,2027,-329.99999999999943,0.6369848030401984,seed,
ets_tcn_ce,ets tcn ce,2027,-319.9999999999994,0.6598165550590077,seed,
ets_tcn_ce,ets tcn ce,2027,-309.9999999999994,0.6829900016896874,seed,
ets_tcn_ce,ets tcn ce,2027,-299.9999999999994,0.7068979466411511,seed,
ets_tcn_ce,ets tcn ce,2027,-289.9999999999994,0.7313038908410646,seed,
ets_tcn_ce,ets tcn ce,2027,-279.9999999999994,0.755869658610666,seed,
ets_tcn_ce,ets tcn ce,2027,-269.9999999999994,0.7812887208534142,seed,
ets_tcn_ce,ets tcn ce,2027,-259.9999999999993,0.807155459890371,seed,
ets_tcn_ce,ets tcn ce,2027,-249.99999999999935,0.8334319568747223,seed,
ets_tcn_ce,ets tcn ce,2027,-239.99999999999932,0.8597488587589099,seed,
ets_tcn_ce,ets tcn ce,2027,-229.99999999999932,0.8864224950523906,seed,
ets_tcn_ce,ets tcn ce,2027,-219.99999999999932,0.9128349304267132,seed,
ets_tcn_ce,ets tcn ce,2027,-209.9999999999993,0.9390582978441274,seed,
ets_tcn_ce,ets tcn ce,2027,-199.9999999999993,0.964936530505415,seed,
ets_tcn_ce,ets tcn ce,2027,-189.9999999999993,0.9910568645038849,seed,
ets_tcn_ce,ets tcn ce,2027,-179.99999999999926,1.0164263204358037,seed,
ets_tcn_ce,ets tcn ce,2027,-169.99999999999926,1.0410512058261847,seed,
ets_tcn_ce,ets tcn ce,2027,-159.99999999999926,1.0651118962266606,seed,
ets_tcn_ce,ets tcn ce,2027,-149.99999999999923,1.0875002441224617,seed,
ets_tcn_ce,ets tcn ce,2027,-139.99999999999923,1.1095345159350665,seed,
ets_tcn_ce,ets tcn ce,2027,-129.99999999999923,1.1302114636490759,seed,
ets_tcn_ce,ets tcn ce,2027,-119.99999999999922,1.1487311221247198,seed,
ets_tcn_ce,ets tcn ce,2027,-109.9999999999992,1.1662774446723314,seed,
ets_tcn_ce,ets tcn ce,2027,-99.9999999999992,1.1820339205732928,seed,
ets_tcn_ce,ets tcn ce,2027,-89.99999999999919,1.1960497097488452,seed,
ets_tcn_ce,ets tcn ce,2027,-79.99999999999918,1.2081848391943428,seed,
ets_tcn_ce,ets tcn ce,2027,-69.99999999999918,1.218190328398126,seed,
ets_tcn_ce,ets tcn ce,2027,-59.99999999999916,1.2258071495915155,seed,
ets_tcn_ce,ets tcn ce,2027,-49.999999999999154,1.2323389009101626,seed,
ets_tcn_ce,ets tcn ce,2027,-39.99999999999915,1.236410620134542,seed,
ets_tcn_ce,ets tcn ce,2027,-29.99999999999914,1.2382939497152123,seed,
ets_tcn_ce,ets tcn ce,2027,-19.99999999999913,1.2383730730859175,seed,
ets_tcn_ce,ets tcn ce,2027,-9.99999999999912,1.235878270982235,seed,
ets_tcn_ce,ets tcn ce,2027,8.881784197001252e-13,1.2306325105071831,seed,
ets_tcn_ce,ets tcn ce,2027,10.000000000000897,1.2246291785211314,seed,
ets_tcn_ce,ets tcn ce,2027,20.000000000000906,1.2166255415154148,seed,
ets_tcn_ce,ets tcn ce,2027,30.000000000000917,1.2065016125189227,seed,
ets_tcn_ce,ets tcn ce,2027,40.000000000000924,1.1944000399544317,seed,
ets_tcn_ce,ets tcn ce,2027,50.00000000000093,1.1805007294564236,seed,
ets_tcn_ce,ets tcn ce,2027,60.00000000000094,1.1648338495460935,seed,
ets_tcn_ce,ets tcn ce,2027,70.00000000000095,1.1483243334764035,seed,
ets_tcn_ce,ets tcn ce,2027,80.00000000000097,1.1301991594385108,seed,
ets_tcn_ce,ets tcn ce,2027,90.00000000000097,1.1113080544794858,seed,
ets_tcn_ce,ets tcn ce,2027,100.00000000000098,1.0913770314281974,seed,
ets_tcn_ce,ets tcn ce,2027,110.00000000000098,1.0705547228006125,seed,
ets_tcn_ce,ets tcn ce,2027,120.000000000001,1.0500072003951266,seed,
ets_tcn_ce,ets tcn ce,2027,130.000000000001,1.0282017161493273,seed,
ets_tcn_ce,ets tcn ce,2027,140.00000000000102,1.0054043301786912,seed,
ets_tcn_ce,ets tcn ce,2027,150.00000000000102,0.9832418131333219,seed,
ets_tcn_ce,ets tcn ce,2027,160.00000000000102,0.9595687835964987,seed,
ets_tcn_ce,ets tcn ce,2027,170.00000000000105,0.9360536783064014,seed,
ets_tcn_ce,ets tcn ce,2027,180.00000000000105,0.9137645051777794,seed,
ets_tcn_ce,ets tcn ce,2027,190.00000000000105,0.8900230134273706,seed,
ets_tcn_ce,ets tcn ce,2027,200.00000000000108,0.866498190098989,seed,
ets_tcn_ce,ets tcn ce,2027,210.00000000000108,0.8440747758655718,seed,
ets_tcn_ce,ets tcn ce,2027,220.00000000000108,0.8201325412474647,seed,
ets_tcn_ce,ets tcn ce,2027,230.00000000000108,0.7968190884451697,seed,
ets_tcn_ce,ets tcn ce,2027,240.0000000000011,0.7743753199514491,seed,
ets_tcn_ce,ets tcn ce,2027,250.0000000000011,0.7521769929891713,seed,
ets_tcn_ce,ets tcn ce,2027,260.00000000000114,0.7301707380288592,seed,
ets_tcn_ce,ets tcn ce,2027,270.00000000000114,0.7082260686634709,seed,
ets_tcn_ce,ets tcn ce,2027,280.00000000000114,0.6878532430428473,seed,
ets_tcn_ce,ets tcn ce,2027,290.00000000000114,0.667328066827641,seed,
ets_tcn_ce,ets tcn ce,2027,300.00000000000114,0.6475062537407672,seed,
ets_tcn_ce,ets tcn ce,2027,310.00000000000114,0.6292477503637148,seed,
ets_tcn_ce,ets tcn ce,2027,320.0000000000012,0.610354321440278,seed,
ets_tcn_ce,ets tcn ce,2027,330.0000000000012,0.5917842012978427,seed,
ets_tcn_ce,ets tcn ce,2027,340.0000000000012,0.5751262215559256,seed,
ets_tcn_ce,ets tcn ce,2027,350.0000000000012,0.5584261413196298,seed,
ets_tcn_ce,ets tcn ce,2027,360.0000000000012,0.5421113339013559,seed,
ets_tcn_ce,ets tcn ce,2027,370.0000000000012,0.5272827512992408,seed,
ets_tcn_ce,ets tcn ce,2027,380.00000000000125,0.5121897276277726,seed,
ets_tcn_ce,ets tcn ce,2027,390.00000000000125,0.4975653418812075,seed,
ets_tcn_ce,ets tcn ce,2027,400.00000000000125,0.4847363933407553,seed,
ets_tcn_ce,ets tcn ce,2027,410.00000000000125,0.4710159477726632,seed,
ets_tcn_ce,ets tcn ce,2027,420.00000000000125,0.4593331096670306,seed,
ets_tcn_ce,ets tcn ce,2027,430.00000000000125,0.44832556558458736,seed,
ets_tcn_ce,ets tcn ce,2027,440.00000000000125,0.43656232650143495,seed,
ets_tcn_ce,ets tcn ce,2027,450.0000000000013,0.4253618990619797,seed,
ets_tcn_ce,ets tcn ce,2027,460.0000000000013,0.4156617314442621,seed,
ets_tcn_ce,ets tcn ce,2027,470.0000000000013,0.4053411844928357,seed,
ets_tcn_ce,ets tcn ce,2027,480.0000000000013,0.3956443859164926,seed,
ets_tcn_ce,ets tcn ce,2027,490.0000000000013,0.3877849128944361,seed,
ets_tcn_ce,ets tcn ce,2027,500.0000000000013,0.37847597159255525,seed,
ets_tcn_ce,ets tcn ce,2027,510.00000000000136,0.37026414162024246,seed,
ets_tcn_ce,ets tcn ce,2027,520.0000000000014,0.3619145824950351,seed,
ets_tcn_ce,ets tcn ce,2027,530.0000000000014,0.355630533931627,seed,
ets_tcn_ce,ets tcn ce,2027,540.0000000000014,0.3487758690978792,seed,
ets_tcn_ce,ets tcn ce,2027,550.0000000000014,0.3410393775018575,seed,
ets_tcn_ce,ets tcn ce,2027,560.0000000000014,0.3358136295143554,seed,
ets_tcn_ce,ets tcn ce,2027,570.0000000000014,0.3297237398564156,seed,
ets_tcn_ce,ets tcn ce,2027,580.0000000000014,0.323275938248497,seed,
ets_tcn_ce,ets tcn ce,2027,590.0000000000014,0.3187220325172456,seed,
ets_tcn_ce,ets tcn ce,2027,600.0000000000014,0.31335782488790326,seed,
ets_tcn_ce,ets tcn ce,2027,610.0000000000015,0.30765869689054476,seed,
ets_tcn_ce,ets tcn ce,2027,620.0000000000015,0.3044495283466335,seed,
ets_tcn_ce,ets tcn ce,2027,630.0000000000015,0.30018980491340175,seed,
ets_tcn_ce,ets tcn ce,2027,640.0000000000015,0.29487422315035056,seed,
ets_tcn_ce,ets tcn ce,2027,650.0000000000015,0.29173869888307297,seed,
ets_tcn_ce,ets tcn ce,2027,660.0000000000015,0.286917168535155,seed,
ets_tcn_ce,ets tcn ce,2027,670.0000000000015,0.2827307598678917,seed,
ets_tcn_ce,ets tcn ce,2027,680.0000000000015,0.28048552458390785,seed,
ets_tcn_ce,ets tcn ce,2027,690.0000000000015,0.27680306633151347,seed,
ets_tcn_ce,ets tcn ce,2027,700.0000000000015,0.2733302863154335,seed,
ets_tcn_ce,ets tcn ce,2027,710.0000000000015,0.27191904708696724,seed,
ets_tcn_ce,ets tcn ce,2027,720.0000000000015,0.26769467120780277,seed,
ets_tcn_ce,ets tcn ce,2027,730.0000000000016,0.2650718436175561,seed,
ets_tcn_ce,ets tcn ce,2027,740.0000000000016,0.2645608961984904,seed,
ets_tcn_ce,ets tcn ce,2027,750.0000000000016,0.2621441007105683,seed,
ets_tcn_ce,ets tcn ce,2027,760.0000000000016,0.2596532158837241,seed,
ets_tcn_ce,ets tcn ce,2027,770.0000000000016,0.2593696867140918,seed,
ets_tcn_ce,ets tcn ce,2027,780.0000000000016,0.25609780892667194,seed,
ets_tcn_ce,ets tcn ce,2027,790.0000000000016,0.2548303072992245,seed,
ets_tcn_ce,ets tcn ce,2027,800.0000000000016,0.25262274179178024,seed,
ets_tcn_ce,ets tcn ce,2027,810.0000000000016,0.25369884609951476,seed,
ets_tcn_ce,ets tcn ce,2027,820.0000000000016,0.2520715652097889,seed,
ets_tcn_ce,ets tcn ce,2027,830.0000000000016,0.24910342721673548,seed,
ets_tcn_ce,ets tcn ce,2027,840.0000000000016,0.24935407668599055,seed,
ets_tcn_ce,ets tcn ce,2027,850.0000000000016,0.24862887906395476,seed,
ets_tcn_ce,ets tcn ce,2027,860.0000000000017,0.24704583148823606,seed,
ets_tcn_ce,ets tcn ce,2027,870.0000000000017,0.24822348743373474,seed,
ets_tcn_ce,ets tcn ce,2027,880.0000000000017,0.24614251106647245,seed,
ets_tcn_ce,ets tcn ce,2027,890.0000000000017,0.24404241939440405,seed,
ets_tcn_ce,ets tcn ce,2027,900.0000000000017,0.24474415064638447,seed,
ets_tcn_ce,ets tcn ce,2027,910.0000000000017,0.2434402378386288,seed,
ets_tcn_ce,ets tcn ce,2027,920.0000000000017,0.2434040637430067,seed,
ets_tcn_ce,ets tcn ce,2027,930.0000000000017,0.2448118269271813,seed,
ets_tcn_ce,ets tcn ce,2027,940.0000000000017,0.24288468452786194,seed,
ets_tcn_ce,ets tcn ce,2027,950.0000000000017,0.24290626081244487,seed,
ets_tcn_ce,ets tcn ce,2027,960.0000000000017,0.2437832468594137,seed,
ets_tcn_ce,ets tcn ce,2027,970.0000000000017,0.24255088423901286,seed,
ets_tcn_ce,ets tcn ce,2027,980.0000000000017,0.24236158215358117,seed,
ets_tcn_ce,ets tcn ce,2027,990.0000000000018,0.24518424540618758,seed,
ets_tcn_ce,ets tcn ce,2027,1000.0000000000018,0.2432915548749854,seed,
ets_tcn_ce,ets tcn ce,2028,-1000.0,0.10066631511182457,seed,
ets_tcn_ce,ets tcn ce,2028,-990.0,0.10287676733349058,seed,
ets_tcn_ce,ets tcn ce,2028,-980.0,0.1048276617443408,seed,
ets_tcn_ce,ets tcn ce,2028,-970.0,0.10691119924414953,seed,
ets_tcn_ce,ets tcn ce,2028,-960.0,0.10855131369312283,seed,
ets_tcn_ce,ets tcn ce,2028,-950.0,0.1107565526452848,seed,
ets_tcn_ce,ets tcn ce,2028,-940.0,0.11330700148049484,seed,
ets_tcn_ce,ets tcn ce,2028,-929.9999999999999,0.1148847487655533,seed,
ets_tcn_ce,ets tcn ce,2028,-919.9999999999999,0.11695619886941691,seed,
ets_tcn_ce,ets tcn ce,2028,-909.9999999999999,0.11961196201462888,seed,
ets_tcn_ce,ets tcn ce,2028,-899.9999999999999,0.12181709636425282,seed,
ets_tcn_ce,ets tcn ce,2028,-889.9999999999999,0.12445949267930473,seed,
ets_tcn_ce,ets tcn ce,2028,-879.9999999999999,0.12732252549362058,seed,
ets_tcn_ce,ets tcn ce,2028,-869.9999999999999,0.12982319641127538,seed,
ets_tcn_ce,ets tcn ce,2028,-859.9999999999999,0.1329204747463895,seed,
ets_tcn_ce,ets tcn ce,2028,-849.9999999999999,0.1358596767651723,seed,
ets_tcn_ce,ets tcn ce,2028,-839.9999999999999,0.1383639164823018,seed,
ets_tcn_ce,ets tcn ce,2028,-829.9999999999999,0.14172963996366478,seed,
ets_tcn_ce,ets tcn ce,2028,-819.9999999999999,0.14520353643874262,seed,
ets_tcn_ce,ets tcn ce,2028,-809.9999999999999,0.14847042942976882,seed,
ets_tcn_ce,ets tcn ce,2028,-799.9999999999998,0.152039531720558,seed,
ets_tcn_ce,ets tcn ce,2028,-789.9999999999998,0.15572444052951281,seed,
ets_tcn_ce,ets tcn ce,2028,-779.9999999999998,0.1590854519017727,seed,
ets_tcn_ce,ets tcn ce,2028,-769.9999999999998,0.16307924153823614,seed,
ets_tcn_ce,ets tcn ce,2028,-759.9999999999998,0.16734146687670362,seed,
ets_tcn_ce,ets tcn ce,2028,-749.9999999999998,0.17127726811175295,seed,
ets_tcn_ce,ets tcn ce,2028,-739.9999999999998,0.17579100302187195,seed,
ets_tcn_ce,ets tcn ce,2028,-729.9999999999998,0.18041651777545617,seed,
ets_tcn_ce,ets tcn ce,2028,-719.9999999999998,0.1854113360611373,seed,
ets_tcn_ce,ets tcn ce,2028,-709.9999999999998,0.1899081054824156,seed,
ets_tcn_ce,ets tcn ce,2028,-699.9999999999998,0.19483990829822254,seed,
ets_tcn_ce,ets tcn ce,2028,-689.9999999999998,0.20024450839017602,seed,
ets_tcn_ce,ets tcn ce,2028,-679.9999999999998,0.20515597543905742,seed,
ets_tcn_ce,ets tcn ce,2028,-669.9999999999997,0.21074005399427595,seed,
ets_tcn_ce,ets tcn ce,2028,-659.9999999999997,0.21648279266615011,seed,
ets_tcn_ce,ets tcn ce,2028,-649.9999999999997,0.22222206059489327,seed,
ets_tcn_ce,ets tcn ce,2028,-639.9999999999997,0.2282673472648594,seed,
ets_tcn_ce,ets tcn ce,2028,-629.9999999999997,0.23489392358583397,seed,
ets_tcn_ce,ets tcn ce,2028,-619.9999999999997,0.24122232937451646,seed,
ets_tcn_ce,ets tcn ce,2028,-609.9999999999997,0.24828826741662322,seed,
ets_tcn_ce,ets tcn ce,2028,-599.9999999999997,0.25533858545617294,seed,
ets_tcn_ce,ets tcn ce,2028,-589.9999999999997,0.2625204427273666,seed,
ets_tcn_ce,ets tcn ce,2028,-579.9999999999997,0.2699762786390879,seed,
ets_tcn_ce,ets tcn ce,2028,-569.9999999999997,0.27779964184117006,seed,
ets_tcn_ce,ets tcn ce,2028,-559.9999999999997,0.2858174545019431,seed,
ets_tcn_ce,ets tcn ce,2028,-549.9999999999995,0.2944442095785005,seed,
ets_tcn_ce,ets tcn ce,2028,-539.9999999999995,0.30324439967850364,seed,
ets_tcn_ce,ets tcn ce,2028,-529.9999999999995,0.3123840881081239,seed,
ets_tcn_ce,ets tcn ce,2028,-519.9999999999995,0.3219809344000949,seed,
ets_tcn_ce,ets tcn ce,2028,-509.99999999999955,0.33171538283525503,seed,
ets_tcn_ce,ets tcn ce,2028,-499.99999999999955,0.34157477646995726,seed,
ets_tcn_ce,ets tcn ce,2028,-489.99999999999955,0.35208354820214816,seed,
ets_tcn_ce,ets tcn ce,2028,-479.99999999999955,0.3630460287272224,seed,
ets_tcn_ce,ets tcn ce,2028,-469.99999999999955,0.3746537055213901,seed,
ets_tcn_ce,ets tcn ce,2028,-459.99999999999955,0.3860642212713299,seed,
ets_tcn_ce,ets tcn ce,2028,-449.9999999999995,0.3983107673108525,seed,
ets_tcn_ce,ets tcn ce,2028,-439.9999999999995,0.41121082355698335,seed,
ets_tcn_ce,ets tcn ce,2028,-429.9999999999995,0.42412242452195004,seed,
ets_tcn_ce,ets tcn ce,2028,-419.9999999999995,0.43774043499953486,seed,
ets_tcn_ce,ets tcn ce,2028,-409.9999999999995,0.45189388055773766,seed,
ets_tcn_ce,ets tcn ce,2028,-399.9999999999995,0.4666235280429931,seed,
ets_tcn_ce,ets tcn ce,2028,-389.99999999999943,0.4819637261063914,seed,
ets_tcn_ce,ets tcn ce,2028,-379.99999999999943,0.49776212352192023,seed,
ets_tcn_ce,ets tcn ce,2028,-369.99999999999943,0.5137221865672548,seed,
ets_tcn_ce,ets tcn ce,2028,-359.99999999999943,0.5307166121118965,seed,
ets_tcn_ce,ets tcn ce,2028,-349.99999999999943,0.5482207432855986,seed,
ets_tcn_ce,ets tcn ce,2028,-339.99999999999943,0.5662158882325752,seed,
ets_tcn_ce,ets tcn ce,2028,-329.99999999999943,0.5850203825518009,seed,
ets_tcn_ce,ets tcn ce,2028,-319.9999999999994,0.6044816302090696,seed,
ets_tcn_ce,ets tcn ce,2028,-309.9999999999994,0.6243269744355595,seed,
ets_tcn_ce,ets tcn ce,2028,-299.9999999999994,0.6448992126372982,seed,
ets_tcn_ce,ets tcn ce,2028,-289.9999999999994,0.6658597833239679,seed,
ets_tcn_ce,ets tcn ce,2028,-279.9999999999994,0.6871647313375756,seed,
ets_tcn_ce,ets tcn ce,2028,-269.9999999999994,0.7094568362262895,seed,
ets_tcn_ce,ets tcn ce,2028,-259.9999999999993,0.7318080346252099,seed,
ets_tcn_ce,ets tcn ce,2028,-249.99999999999935,0.7548397613729277,seed,
ets_tcn_ce,ets tcn ce,2028,-239.99999999999932,0.7783269217993187,seed,
ets_tcn_ce,ets tcn ce,2028,-229.99999999999932,0.8021184605656017,seed,
ets_tcn_ce,ets tcn ce,2028,-219.99999999999932,0.8261073608230856,seed,
ets_tcn_ce,ets tcn ce,2028,-209.9999999999993,0.8500490589816775,seed,
ets_tcn_ce,ets tcn ce,2028,-199.9999999999993,0.8739136481291421,seed,
ets_tcn_ce,ets tcn ce,2028,-189.9999999999993,0.8981004033394034,seed,
ets_tcn_ce,ets tcn ce,2028,-179.99999999999926,0.9220176653556934,seed,
ets_tcn_ce,ets tcn ce,2028,-169.99999999999926,0.945730248460925,seed,
ets_tcn_ce,ets tcn ce,2028,-159.99999999999926,0.9693860848234712,seed,
ets_tcn_ce,ets tcn ce,2028,-149.99999999999923,0.992100262212136,seed,
ets_tcn_ce,ets tcn ce,2028,-139.99999999999923,1.0150019580196512,seed,
ets_tcn_ce,ets tcn ce,2028,-129.99999999999923,1.0371149043780177,seed,
ets_tcn_ce,ets tcn ce,2028,-119.99999999999922,1.0575954923213533,seed,
ets_tcn_ce,ets tcn ce,2028,-109.9999999999992,1.0777508027713802,seed,
ets_tcn_ce,ets tcn ce,2028,-99.9999999999992,1.0969026743189285,seed,
ets_tcn_ce,ets tcn ce,2028,-89.99999999999919,1.114870631824496,seed,
ets_tcn_ce,ets tcn ce,2028,-79.99999999999918,1.1316095968449913,seed,
ets_tcn_ce,ets tcn ce,2028,-69.99999999999918,1.146518950740526,seed,
ets_tcn_ce,ets tcn ce,2028,-59.99999999999916,1.1596697102046836,seed,
ets_tcn_ce,ets tcn ce,2028,-49.999999999999154,1.1722904442588906,seed,
ets_tcn_ce,ets tcn ce,2028,-39.99999999999915,1.1825737800090566,seed,
ets_tcn_ce,ets tcn ce,2028,-29.99999999999914,1.190956064078366,seed,
ets_tcn_ce,ets tcn ce,2028,-19.99999999999913,1.1980676779949178,seed,
ets_tcn_ce,ets tcn ce,2028,-9.99999999999912,1.2033223688871488,seed,
ets_tcn_ce,ets tcn ce,2028,8.881784197001252e-13,1.2057763572976292,seed,
ets_tcn_ce,ets tcn ce,2028,10.000000000000897,1.2072768215061642,seed,
ets_tcn_ce,ets tcn ce,2028,20.000000000000906,1.2070517063858903,seed,
ets_tcn_ce,ets tcn ce,2028,30.000000000000917,1.2047354250325715,seed,
ets_tcn_ce,ets tcn ce,2028,40.000000000000924,1.2002381533054902,seed,
ets_tcn_ce,ets tcn ce,2028,50.00000000000093,1.1935830359761952,seed,
ets_tcn_ce,ets tcn ce,2028,60.00000000000094,1.185224402206473,seed,
ets_tcn_ce,ets tcn ce,2028,70.00000000000095,1.1746837149587168,seed,
ets_tcn_ce,ets tcn ce,2028,80.00000000000097,1.1622757588183235,seed,
ets_tcn_ce,ets tcn ce,2028,90.00000000000097,1.1492524115143818,seed,
ets_tcn_ce,ets tcn ce,2028,100.00000000000098,1.1350810575357582,seed,
ets_tcn_ce,ets tcn ce,2028,110.00000000000098,1.1186187190696404,seed,
ets_tcn_ce,ets tcn ce,2028,120.000000000001,1.1018406819744369,seed,
ets_tcn_ce,ets tcn ce,2028,130.000000000001,1.0842856109419765,seed,
ets_tcn_ce,ets tcn ce,2028,140.00000000000102,1.065188424569494,seed,
ets_tcn_ce,ets tcn ce,2028,150.00000000000102,1.0464443629671323,seed,
ets_tcn_ce,ets tcn ce,2028,160.00000000000102,1.0260258299448521,seed,
ets_tcn_ce,ets tcn ce,2028,170.00000000000105,1.004982957406241,seed,
ets_tcn_ce,ets tcn ce,2028,180.00000000000105,0.9849339803991477,seed,
ets_tcn_ce,ets tcn ce,2028,190.00000000000105,0.962928120768007,seed,
ets_tcn_ce,ets tcn ce,2028,200.00000000000108,0.940915557361953,seed,
ets_tcn_ce,ets tcn ce,2028,210.00000000000108,0.9201585131559931,seed,
ets_tcn_ce,ets tcn ce,2028,220.00000000000108,0.8974493988449563,seed,
ets_tcn_ce,ets tcn ce,2028,230.00000000000108,0.8750824663826513,seed,
ets_tcn_ce,ets tcn ce,2028,240.0000000000011,0.853660252347455,seed,
ets_tcn_ce,ets tcn ce,2028,250.0000000000011,0.8320311466826009,seed,
ets_tcn_ce,ets tcn ce,2028,260.00000000000114,0.8106096987693068,seed,
ets_tcn_ce,ets tcn ce,2028,270.00000000000114,0.788928603928734,seed,
ets_tcn_ce,ets tcn ce,2028,280.00000000000114,0.7688365691978117,seed,
ets_tcn_ce,ets tcn ce,2028,290.00000000000114,0.7484003157026472,seed,
ets_tcn_ce,ets tcn ce,2028,300.00000000000114,0.7282451880886681,seed,
ets_tcn_ce,ets tcn ce,2028,310.00000000000114,0.7095868430813448,seed,
ets_tcn_ce,ets tcn ce,2028,320.0000000000012,0.6899853411099347,seed,
ets_tcn_ce,ets tcn ce,2028,330.0000000000012,0.6702992785398648,seed,
ets_tcn_ce,ets tcn ce,2028,340.0000000000012,0.6527165424221061,seed,
ets_tcn_ce,ets tcn ce,2028,350.0000000000012,0.6350080687608408,seed,
ets_tcn_ce,ets tcn ce,2028,360.0000000000012,0.6171907387087575,seed,
ets_tcn_ce,ets tcn ce,2028,370.0000000000012,0.6008181914397924,seed,
ets_tcn_ce,ets tcn ce,2028,380.00000000000125,0.5840698959015888,seed,
ets_tcn_ce,ets tcn ce,2028,390.00000000000125,0.5675908786713172,seed,
ets_tcn_ce,ets tcn ce,2028,400.00000000000125,0.5531381999502271,seed,
ets_tcn_ce,ets tcn ce,2028,410.00000000000125,0.5374902923822025,seed,
ets_tcn_ce,ets tcn ce,2028,420.00000000000125,0.5238582391733098,seed,
ets_tcn_ce,ets tcn ce,2028,430.00000000000125,0.5110285863939819,seed,
ets_tcn_ce,ets tcn ce,2028,440.00000000000125,0.4970100343009252,seed,
ets_tcn_ce,ets tcn ce,2028,450.0000000000013,0.483746447453127,seed,
ets_tcn_ce,ets tcn ce,2028,460.0000000000013,0.47222731546927893,seed,
ets_tcn_ce,ets tcn ce,2028,470.0000000000013,0.4596943346605386,seed,
ets_tcn_ce,ets tcn ce,2028,480.0000000000013,0.447958046902103,seed,
ets_tcn_ce,ets tcn ce,2028,490.0000000000013,0.4381196293359666,seed,
ets_tcn_ce,ets tcn ce,2028,500.0000000000013,0.42699488700415733,seed,
ets_tcn_ce,ets tcn ce,2028,510.00000000000136,0.4169328530135567,seed,
ets_tcn_ce,ets tcn ce,2028,520.0000000000014,0.4067584276449929,seed,
ets_tcn_ce,ets tcn ce,2028,530.0000000000014,0.39864791850408815,seed,
ets_tcn_ce,ets tcn ce,2028,540.0000000000014,0.38988724071783926,seed,
ets_tcn_ce,ets tcn ce,2028,550.0000000000014,0.38045482994944185,seed,
ets_tcn_ce,ets tcn ce,2028,560.0000000000014,0.3735651624806818,seed,
ets_tcn_ce,ets tcn ce,2028,570.0000000000014,0.3655698345535348,seed,
ets_tcn_ce,ets tcn ce,2028,580.0000000000014,0.3574605956886547,seed,
ets_tcn_ce,ets tcn ce,2028,590.0000000000014,0.3513547853566889,seed,
ets_tcn_ce,ets tcn ce,2028,600.0000000000014,0.3445621756013883,seed,
ets_tcn_ce,ets tcn ce,2028,610.0000000000015,0.33735218927767624,seed,
ets_tcn_ce,ets tcn ce,2028,620.0000000000015,0.3330414366975305,seed,
ets_tcn_ce,ets tcn ce,2028,630.0000000000015,0.32745523786034003,seed,
ets_tcn_ce,ets tcn ce,2028,640.0000000000015,0.3210203189477671,seed,
ets_tcn_ce,ets tcn ce,2028,650.0000000000015,0.316728703905462,seed,
ets_tcn_ce,ets tcn ce,2028,660.0000000000015,0.31059775706034637,seed,
ets_tcn_ce,ets tcn ce,2028,670.0000000000015,0.30548244302457667,seed,
ets_tcn_ce,ets tcn ce,2028,680.0000000000015,0.3021853167689644,seed,
ets_tcn_ce,ets tcn ce,2028,690.0000000000015,0.2977276996388337,seed,
ets_tcn_ce,ets tcn ce,2028,700.0000000000015,0.2935286234183939,seed,
ets_tcn_ce,ets tcn ce,2028,710.0000000000015,0.29133631313555214,seed,
ets_tcn_ce,ets tcn ce,2028,720.0000000000015,0.28645708316324586,seed,
ets_tcn_ce,ets tcn ce,2028,730.0000000000016,0.2830159140227877,seed,
ets_tcn_ce,ets tcn ce,2028,740.0000000000016,0.281879206813553,seed,
ets_tcn_ce,ets tcn ce,2028,750.0000000000016,0.27883587975503665,seed,
ets_tcn_ce,ets tcn ce,2028,760.0000000000016,0.2757583392473386,seed,
ets_tcn_ce,ets tcn ce,2028,770.0000000000016,0.2748997784990451,seed,
ets_tcn_ce,ets tcn ce,2028,780.0000000000016,0.27134864852458185,seed,
ets_tcn_ce,ets tcn ce,2028,790.0000000000016,0.2694330748676933,seed,
ets_tcn_ce,ets tcn ce,2028,800.0000000000016,0.2667762768757604,seed,
ets_tcn_ce,ets tcn ce,2028,810.0000000000016,0.2673477480731426,seed,
ets_tcn_ce,ets tcn ce,2028,820.0000000000016,0.26541344492717545,seed,
ets_tcn_ce,ets tcn ce,2028,830.0000000000016,0.26241934067698675,seed,
ets_tcn_ce,ets tcn ce,2028,840.0000000000016,0.26289375667303577,seed,
ets_tcn_ce,ets tcn ce,2028,850.0000000000016,0.2622234445554579,seed,
ets_tcn_ce,ets tcn ce,2028,860.0000000000017,0.2604416794294848,seed,
ets_tcn_ce,ets tcn ce,2028,870.0000000000017,0.26166499423570466,seed,
ets_tcn_ce,ets tcn ce,2028,880.0000000000017,0.2594576035725088,seed,
ets_tcn_ce,ets tcn ce,2028,890.0000000000017,0.25737099286604204,seed,
ets_tcn_ce,ets tcn ce,2028,900.0000000000017,0.25810812624067203,seed,
ets_tcn_ce,ets tcn ce,2028,910.0000000000017,0.25693696860024334,seed,
ets_tcn_ce,ets tcn ce,2028,920.0000000000017,0.2567873660368456,seed,
ets_tcn_ce,ets tcn ce,2028,930.0000000000017,0.2585993810750289,seed,
ets_tcn_ce,ets tcn ce,2028,940.0000000000017,0.2565361615978755,seed,
ets_tcn_ce,ets tcn ce,2028,950.0000000000017,0.25654955126333784,seed,
ets_tcn_ce,ets tcn ce,2028,960.0000000000017,0.2577315063977576,seed,
ets_tcn_ce,ets tcn ce,2028,970.0000000000017,0.25659510823753723,seed,
ets_tcn_ce,ets tcn ce,2028,980.0000000000017,0.25661637240022334,seed,
ets_tcn_ce,ets tcn ce,2028,990.0000000000018,0.25955526300965154,seed,
ets_tcn_ce,ets tcn ce,2028,1000.0000000000018,0.25779261221899735,seed,
ets_tcn_ce,ets tcn ce,2029,-1000.0,0.1099162577291747,seed,
ets_tcn_ce,ets tcn ce,2029,-990.0,0.11228112800701541,seed,
ets_tcn_ce,ets tcn ce,2029,-980.0,0.11445623108727528,seed,
ets_tcn_ce,ets tcn ce,2029,-970.0,0.11671446909086813,seed,
ets_tcn_ce,ets tcn ce,2029,-960.0,0.11839827715387782,seed,
ets_tcn_ce,ets tcn ce,2029,-950.0,0.12063537608530969,seed,
ets_tcn_ce,ets tcn ce,2029,-940.0,0.12329507289781512,seed,
ets_tcn_ce,ets tcn ce,2029,-929.9999999999999,0.12472304811621955,seed,
ets_tcn_ce,ets tcn ce,2029,-919.9999999999999,0.12681700618651248,seed,
ets_tcn_ce,ets tcn ce,2029,-909.9999999999999,0.1294439938524998,seed,
ets_tcn_ce,ets tcn ce,2029,-899.9999999999999,0.13172515858410327,seed,
ets_tcn_ce,ets tcn ce,2029,-889.9999999999999,0.1344847679151964,seed,
ets_tcn_ce,ets tcn ce,2029,-879.9999999999999,0.13736680123202918,seed,
ets_tcn_ce,ets tcn ce,2029,-869.9999999999999,0.13979843342910864,seed,
ets_tcn_ce,ets tcn ce,2029,-859.9999999999999,0.14280511922975286,seed,
ets_tcn_ce,ets tcn ce,2029,-849.9999999999999,0.14584078514348658,seed,
ets_tcn_ce,ets tcn ce,2029,-839.9999999999999,0.14834847322084338,seed,
ets_tcn_ce,ets tcn ce,2029,-829.9999999999999,0.15179825757719553,seed,
ets_tcn_ce,ets tcn ce,2029,-819.9999999999999,0.15524542265960187,seed,
ets_tcn_ce,ets tcn ce,2029,-809.9999999999999,0.15849063999194565,seed,
ets_tcn_ce,ets tcn ce,2029,-799.9999999999998,0.16211930285281767,seed,
ets_tcn_ce,ets tcn ce,2029,-789.9999999999998,0.16581339723006414,seed,
ets_tcn_ce,ets tcn ce,2029,-779.9999999999998,0.16914135702926503,seed,
ets_tcn_ce,ets tcn ce,2029,-769.9999999999998,0.17331801810725717,seed,
ets_tcn_ce,ets tcn ce,2029,-759.9999999999998,0.17758931398974032,seed,
ets_tcn_ce,ets tcn ce,2029,-749.9999999999998,0.18138080952985602,seed,
ets_tcn_ce,ets tcn ce,2029,-739.9999999999998,0.18591521148109377,seed,
ets_tcn_ce,ets tcn ce,2029,-729.9999999999998,0.19060232408396957,seed,
ets_tcn_ce,ets tcn ce,2029,-719.9999999999998,0.19567694740675654,seed,
ets_tcn_ce,ets tcn ce,2029,-709.9999999999998,0.20013376240503447,seed,
ets_tcn_ce,ets tcn ce,2029,-699.9999999999998,0.20517496278381334,seed,
ets_tcn_ce,ets tcn ce,2029,-689.9999999999998,0.21055154960577205,seed,
ets_tcn_ce,ets tcn ce,2029,-679.9999999999998,0.21540088531115423,seed,
ets_tcn_ce,ets tcn ce,2029,-669.9999999999997,0.22101254543131366,seed,
ets_tcn_ce,ets tcn ce,2029,-659.9999999999997,0.22689955031509249,seed,
ets_tcn_ce,ets tcn ce,2029,-649.9999999999997,0.23270331247018364,seed,
ets_tcn_ce,ets tcn ce,2029,-639.9999999999997,0.23871775938250767,seed,
ets_tcn_ce,ets tcn ce,2029,-629.9999999999997,0.24530883258432257,seed,
ets_tcn_ce,ets tcn ce,2029,-619.9999999999997,0.2518058555679719,seed,
ets_tcn_ce,ets tcn ce,2029,-609.9999999999997,0.25897904060366733,seed,
ets_tcn_ce,ets tcn ce,2029,-599.9999999999997,0.26611065401781786,seed,
ets_tcn_ce,ets tcn ce,2029,-589.9999999999997,0.27332748717513583,seed,
ets_tcn_ce,ets tcn ce,2029,-579.9999999999997,0.28101961283442867,seed,
ets_tcn_ce,ets tcn ce,2029,-569.9999999999997,0.28884635045380586,seed,
ets_tcn_ce,ets tcn ce,2029,-559.9999999999997,0.29693937298666145,seed,
ets_tcn_ce,ets tcn ce,2029,-549.9999999999995,0.3057737140040106,seed,
ets_tcn_ce,ets tcn ce,2029,-539.9999999999995,0.3148184397828861,seed,
ets_tcn_ce,ets tcn ce,2029,-529.9999999999995,0.32402617500209796,seed,
ets_tcn_ce,ets tcn ce,2029,-519.9999999999995,0.3338836471326527,seed,
ets_tcn_ce,ets tcn ce,2029,-509.99999999999955,0.3439020291680499,seed,
ets_tcn_ce,ets tcn ce,2029,-499.99999999999955,0.3540157091154611,seed,
ets_tcn_ce,ets tcn ce,2029,-489.99999999999955,0.3650728951303532,seed,
ets_tcn_ce,ets tcn ce,2029,-479.99999999999955,0.3765120731195637,seed,
ets_tcn_ce,ets tcn ce,2029,-469.99999999999955,0.3885696344796329,seed,
ets_tcn_ce,ets tcn ce,2029,-459.99999999999955,0.40045493400397636,seed,
ets_tcn_ce,ets tcn ce,2029,-449.9999999999995,0.4131934020233589,seed,
ets_tcn_ce,ets tcn ce,2029,-439.9999999999995,0.4268498607944597,seed,
ets_tcn_ce,ets tcn ce,2029,-429.9999999999995,0.44056843180506444,seed,
ets_tcn_ce,ets tcn ce,2029,-419.9999999999995,0.4550496951790984,seed,
ets_tcn_ce,ets tcn ce,2029,-409.9999999999995,0.4701306104602548,seed,
ets_tcn_ce,ets tcn ce,2029,-399.9999999999995,0.48565073347569915,seed,
ets_tcn_ce,ets tcn ce,2029,-389.99999999999943,0.5017997989121133,seed,
ets_tcn_ce,ets tcn ce,2029,-379.99999999999943,0.518561435484035,seed,
ets_tcn_ce,ets tcn ce,2029,-369.99999999999943,0.5356827410493794,seed,
ets_tcn_ce,ets tcn ce,2029,-359.99999999999943,0.5536200514831017,seed,
ets_tcn_ce,ets tcn ce,2029,-349.99999999999943,0.572140777661677,seed,
ets_tcn_ce,ets tcn ce,2029,-339.99999999999943,0.5911717593094171,seed,
ets_tcn_ce,ets tcn ce,2029,-329.99999999999943,0.6110530190974118,seed,
ets_tcn_ce,ets tcn ce,2029,-319.9999999999994,0.631594790906823,seed,
ets_tcn_ce,ets tcn ce,2029,-309.9999999999994,0.6525575243192205,seed,
ets_tcn_ce,ets tcn ce,2029,-299.9999999999994,0.6738557284163874,seed,
ets_tcn_ce,ets tcn ce,2029,-289.9999999999994,0.6958452893296693,seed,
ets_tcn_ce,ets tcn ce,2029,-279.9999999999994,0.7180514847231418,seed,
ets_tcn_ce,ets tcn ce,2029,-269.9999999999994,0.7411200389960652,seed,
ets_tcn_ce,ets tcn ce,2029,-259.9999999999993,0.7644092417238761,seed,
ets_tcn_ce,ets tcn ce,2029,-249.99999999999935,0.7883857514505619,seed,
ets_tcn_ce,ets tcn ce,2029,-239.99999999999932,0.8125735453950247,seed,
ets_tcn_ce,ets tcn ce,2029,-229.99999999999932,0.8372716027787521,seed,
ets_tcn_ce,ets tcn ce,2029,-219.99999999999932,0.8620411630535612,seed,
ets_tcn_ce,ets tcn ce,2029,-209.9999999999993,0.8865306768791331,seed,
ets_tcn_ce,ets tcn ce,2029,-199.9999999999993,0.9110357937327235,seed,
ets_tcn_ce,ets tcn ce,2029,-189.9999999999993,0.9357187442409203,seed,
ets_tcn_ce,ets tcn ce,2029,-179.99999999999926,0.9599882152531946,seed,
ets_tcn_ce,ets tcn ce,2029,-169.99999999999926,0.9841026576524361,seed,
ets_tcn_ce,ets tcn ce,2029,-159.99999999999926,1.0080104136201467,seed,
ets_tcn_ce,ets tcn ce,2029,-149.99999999999923,1.0308400651202732,seed,
ets_tcn_ce,ets tcn ce,2029,-139.99999999999923,1.053534670005318,seed,
ets_tcn_ce,ets tcn ce,2029,-129.99999999999923,1.075096675473178,seed,
ets_tcn_ce,ets tcn ce,2029,-119.99999999999922,1.0953596583709628,seed,
ets_tcn_ce,ets tcn ce,2029,-109.9999999999992,1.1147963338257283,seed,
ets_tcn_ce,ets tcn ce,2029,-99.9999999999992,1.1325178327281054,seed,
ets_tcn_ce,ets tcn ce,2029,-89.99999999999919,1.1491743192458765,seed,
ets_tcn_ce,ets tcn ce,2029,-79.99999999999918,1.1642653187423637,seed,
ets_tcn_ce,ets tcn ce,2029,-69.99999999999918,1.177429130892922,seed,
ets_tcn_ce,ets tcn ce,2029,-59.99999999999916,1.1882502754251512,seed,
ets_tcn_ce,ets tcn ce,2029,-49.999999999999154,1.1978061273832397,seed,
ets_tcn_ce,ets tcn ce,2029,-39.99999999999915,1.204858379720177,seed,
ets_tcn_ce,ets tcn ce,2029,-29.99999999999914,1.2101152561544146,seed,
ets_tcn_ce,ets tcn ce,2029,-19.99999999999913,1.213225869914668,seed,
ets_tcn_ce,ets tcn ce,2029,-9.99999999999912,1.2138365559386866,seed,
ets_tcn_ce,ets tcn ce,2029,8.881784197001252e-13,1.2116478997781852,seed,
ets_tcn_ce,ets tcn ce,2029,10.000000000000897,1.208297420342916,seed,
ets_tcn_ce,ets tcn ce,2029,20.000000000000906,1.2026964517425665,seed,
ets_tcn_ce,ets tcn ce,2029,30.000000000000917,1.194887448035204,seed,
ets_tcn_ce,ets tcn ce,2029,40.000000000000924,1.184966927694673,seed,
ets_tcn_ce,ets tcn ce,2029,50.00000000000093,1.172831395513161,seed,
ets_tcn_ce,ets tcn ce,2029,60.00000000000094,1.1593137090288128,seed,
ets_tcn_ce,ets tcn ce,2029,70.00000000000095,1.1443714687883597,seed,
ets_tcn_ce,ets tcn ce,2029,80.00000000000097,1.1277728481418967,seed,
ets_tcn_ce,ets tcn ce,2029,90.00000000000097,1.1106129923757178,seed,
ets_tcn_ce,ets tcn ce,2029,100.00000000000098,1.092420889050972,seed,
ets_tcn_ce,ets tcn ce,2029,110.00000000000098,1.0733002352516015,seed,
ets_tcn_ce,ets tcn ce,2029,120.000000000001,1.0546689029946639,seed,
ets_tcn_ce,ets tcn ce,2029,130.000000000001,1.0351601929847678,seed,
ets_tcn_ce,ets tcn ce,2029,140.00000000000102,1.014312454788534,seed,
ets_tcn_ce,ets tcn ce,2029,150.00000000000102,0.9939676818854142,seed,
ets_tcn_ce,ets tcn ce,2029,160.00000000000102,0.972338640165468,seed,
ets_tcn_ce,ets tcn ce,2029,170.00000000000105,0.9507944271979687,seed,
ets_tcn_ce,ets tcn ce,2029,180.00000000000105,0.9302475789661363,seed,
ets_tcn_ce,ets tcn ce,2029,190.00000000000105,0.9082636729760288,seed,
ets_tcn_ce,ets tcn ce,2029,200.00000000000108,0.8862104441093844,seed,
ets_tcn_ce,ets tcn ce,2029,210.00000000000108,0.8656713254861046,seed,
ets_tcn_ce,ets tcn ce,2029,220.00000000000108,0.8436582759749437,seed,
ets_tcn_ce,ets tcn ce,2029,230.00000000000108,0.8221911092014877,seed,
ets_tcn_ce,ets tcn ce,2029,240.0000000000011,0.8012389725438449,seed,
ets_tcn_ce,ets tcn ce,2029,250.0000000000011,0.7804340495102958,seed,
ets_tcn_ce,ets tcn ce,2029,260.00000000000114,0.7597334599803072,seed,
ets_tcn_ce,ets tcn ce,2029,270.00000000000114,0.7390911367140648,seed,
ets_tcn_ce,ets tcn ce,2029,280.00000000000114,0.7200169675589886,seed,
ets_tcn_ce,ets tcn ce,2029,290.00000000000114,0.7005662928960636,seed,
ets_tcn_ce,ets tcn ce,2029,300.00000000000114,0.6813054033764294,seed,
ets_tcn_ce,ets tcn ce,2029,310.00000000000114,0.6636540033718097,seed,
ets_tcn_ce,ets tcn ce,2029,320.0000000000012,0.6453892924311649,seed,
ets_tcn_ce,ets tcn ce,2029,330.0000000000012,0.6273466108927329,seed,
ets_tcn_ce,ets tcn ce,2029,340.0000000000012,0.610957101299581,seed,
ets_tcn_ce,ets tcn ce,2029,350.0000000000012,0.5943683531921466,seed,
ets_tcn_ce,ets tcn ce,2029,360.0000000000012,0.5778712601936057,seed,
ets_tcn_ce,ets tcn ce,2029,370.0000000000012,0.5628994410920171,seed,
ets_tcn_ce,ets tcn ce,2029,380.00000000000125,0.5475335387140753,seed,
ets_tcn_ce,ets tcn ce,2029,390.00000000000125,0.532307742910964,seed,
ets_tcn_ce,ets tcn ce,2029,400.00000000000125,0.5187642007300005,seed,
ets_tcn_ce,ets tcn ce,2029,410.00000000000125,0.5045907981587442,seed,
ets_tcn_ce,ets tcn ce,2029,420.00000000000125,0.4921376022151215,seed,
ets_tcn_ce,ets tcn ce,2029,430.00000000000125,0.4803328853702615,seed,
ets_tcn_ce,ets tcn ce,2029,440.00000000000125,0.46758147622687773,seed,
ets_tcn_ce,ets tcn ce,2029,450.0000000000013,0.45579373098539383,seed,
ets_tcn_ce,ets tcn ce,2029,460.0000000000013,0.4454980062124873,seed,
ets_tcn_ce,ets tcn ce,2029,470.0000000000013,0.4343301979522927,seed,
ets_tcn_ce,ets tcn ce,2029,480.0000000000013,0.42382350094841204,seed,
ets_tcn_ce,ets tcn ce,2029,490.0000000000013,0.4152390177194811,seed,
ets_tcn_ce,ets tcn ce,2029,500.0000000000013,0.4053171486487405,seed,
ets_tcn_ce,ets tcn ce,2029,510.00000000000136,0.39638574559022466,seed,
ets_tcn_ce,ets tcn ce,2029,520.0000000000014,0.38746452629662,seed,
ets_tcn_ce,ets tcn ce,2029,530.0000000000014,0.3804589054535796,seed,
ets_tcn_ce,ets tcn ce,2029,540.0000000000014,0.3727471903769783,seed,
ets_tcn_ce,ets tcn ce,2029,550.0000000000014,0.36446133722771024,seed,
ets_tcn_ce,ets tcn ce,2029,560.0000000000014,0.35863738066563455,seed,
ets_tcn_ce,ets tcn ce,2029,570.0000000000014,0.35185410695496044,seed,
ets_tcn_ce,ets tcn ce,2029,580.0000000000014,0.3448280725968011,seed,
ets_tcn_ce,ets tcn ce,2029,590.0000000000014,0.3395023882994624,seed,
ets_tcn_ce,ets tcn ce,2029,600.0000000000014,0.3335624055567432,seed,
ets_tcn_ce,ets tcn ce,2029,610.0000000000015,0.327308661378289,seed,
ets_tcn_ce,ets tcn ce,2029,620.0000000000015,0.3235626336041324,seed,
ets_tcn_ce,ets tcn ce,2029,630.0000000000015,0.31876885116984716,seed,
ets_tcn_ce,ets tcn ce,2029,640.0000000000015,0.3132239681590259,seed,
ets_tcn_ce,ets tcn ce,2029,650.0000000000015,0.30968754870290605,seed,
ets_tcn_ce,ets tcn ce,2029,660.0000000000015,0.30442054095805077,seed,
ets_tcn_ce,ets tcn ce,2029,670.0000000000015,0.3000680054488742,seed,
ets_tcn_ce,ets tcn ce,2029,680.0000000000015,0.29734405422785937,seed,
ets_tcn_ce,ets tcn ce,2029,690.0000000000015,0.2935174937412511,seed,
ets_tcn_ce,ets tcn ce,2029,700.0000000000015,0.2897642921503492,seed,
ets_tcn_ce,ets tcn ce,2029,710.0000000000015,0.28802299335352866,seed,
ets_tcn_ce,ets tcn ce,2029,720.0000000000015,0.28374796756681264,seed,
ets_tcn_ce,ets tcn ce,2029,730.0000000000016,0.2809240210101305,seed,
ets_tcn_ce,ets tcn ce,2029,740.0000000000016,0.2801112006649866,seed,
ets_tcn_ce,ets tcn ce,2029,750.0000000000016,0.2775226185403448,seed,
ets_tcn_ce,ets tcn ce,2029,760.0000000000016,0.27496809972844516,seed,
ets_tcn_ce,ets tcn ce,2029,770.0000000000016,0.2744927636550171,seed,
ets_tcn_ce,ets tcn ce,2029,780.0000000000016,0.2713927806382667,seed,
ets_tcn_ce,ets tcn ce,2029,790.0000000000016,0.2699991559879304,seed,
ets_tcn_ce,ets tcn ce,2029,800.0000000000016,0.26784847236785025,seed,
ets_tcn_ce,ets tcn ce,2029,810.0000000000016,0.2686837754341132,seed,
ets_tcn_ce,ets tcn ce,2029,820.0000000000016,0.2669957796365773,seed,
ets_tcn_ce,ets tcn ce,2029,830.0000000000016,0.26428859877835664,seed,
ets_tcn_ce,ets tcn ce,2029,840.0000000000016,0.2648214400136126,seed,
ets_tcn_ce,ets tcn ce,2029,850.0000000000016,0.26432680727143104,seed,
ets_tcn_ce,ets tcn ce,2029,860.0000000000017,0.26293017703639693,seed,
ets_tcn_ce,ets tcn ce,2029,870.0000000000017,0.2643108587274789,seed,
ets_tcn_ce,ets tcn ce,2029,880.0000000000017,0.26250167584320816,seed,
ets_tcn_ce,ets tcn ce,2029,890.0000000000017,0.26081789203815364,seed,
ets_tcn_ce,ets tcn ce,2029,900.0000000000017,0.26157384722549043,seed,
ets_tcn_ce,ets tcn ce,2029,910.0000000000017,0.260569752237569,seed,
ets_tcn_ce,ets tcn ce,2029,920.0000000000017,0.2605614440978951,seed,
ets_tcn_ce,ets tcn ce,2029,930.0000000000017,0.26246864594172653,seed,
ets_tcn_ce,ets tcn ce,2029,940.0000000000017,0.2608545122638632,seed,
ets_tcn_ce,ets tcn ce,2029,950.0000000000017,0.2613845823297904,seed,
ets_tcn_ce,ets tcn ce,2029,960.0000000000017,0.2628415948271066,seed,
ets_tcn_ce,ets tcn ce,2029,970.0000000000017,0.2618109361416238,seed,
ets_tcn_ce,ets tcn ce,2029,980.0000000000017,0.2619853184825502,seed,
ets_tcn_ce,ets tcn ce,2029,990.0000000000018,0.2653492354189052,seed,
ets_tcn_ce,ets tcn ce,2029,1000.0000000000018,0.26391724314584697,seed,
ets_tcn_ce,ets tcn ce,mean,-1000.0,0.1089189696351867,group_mean,0.0054169302459597555
ets_tcn_ce,ets tcn ce,mean,-990.0,0.11118548017241159,group_mean,0.005325870860666281
ets_tcn_ce,ets tcn ce,mean,-980.0,0.11326018905052501,group_mean,0.0053121346619146486
ets_tcn_ce,ets tcn ce,mean,-970.0,0.11536413996714297,group_mean,0.0052223590047486956
ets_tcn_ce,ets tcn ce,mean,-960.0,0.11693823613957899,group_mean,0.005090934851151684
ets_tcn_ce,ets tcn ce,mean,-950.0,0.11912566243225475,group_mean,0.00500156010316441
ets_tcn_ce,ets tcn ce,mean,-940.0,0.1217119411460897,group_mean,0.004952690188017338
ets_tcn_ce,ets tcn ce,mean,-929.9999999999999,0.12317276125619633,group_mean,0.004842549226668729
ets_tcn_ce,ets tcn ce,mean,-919.9999999999999,0.12525951520462092,group_mean,0.0047935625218003585
ets_tcn_ce,ets tcn ce,mean,-909.9999999999999,0.1278788367737326,group_mean,0.004721312325719815
ets_tcn_ce,ets tcn ce,mean,-899.9999999999999,0.13010896790684487,group_mean,0.0047004374110933686
ets_tcn_ce,ets tcn ce,mean,-889.9999999999999,0.1327911020780252,group_mean,0.00469586681678063
ets_tcn_ce,ets tcn ce,mean,-879.9999999999999,0.13566965945938783,group_mean,0.004688336662129071
ets_tcn_ce,ets tcn ce,mean,-869.9999999999999,0.13810806608235732,group_mean,0.004648193361467585
ets_tcn_ce,ets tcn ce,mean,-859.9999999999999,0.14114491933325488,group_mean,0.004619264142113775
ets_tcn_ce,ets tcn ce,mean,-849.9999999999999,0.144114562377136,group_mean,0.004648958561010756
ets_tcn_ce,ets tcn ce,mean,-839.9999999999999,0.1466235277513833,group_mean,0.004673426525020705
ets_tcn_ce,ets tcn ce,mean,-829.9999999999999,0.15005202728225192,group_mean,0.00475986962902874
ets_tcn_ce,ets tcn ce,mean,-819.9999999999999,0.15347758841263984,group_mean,0.004782904722869185
ets_tcn_ce,ets tcn ce,mean,-809.9999999999999,0.1567272931214163,group_mean,0.004837104840633663
ets_tcn_ce,ets tcn ce,mean,-799.9999999999998,0.1603439035472189,group_mean,0.004946884595348459
ets_tcn_ce,ets tcn ce,mean,-789.9999999999998,0.1640190859861378,group_mean,0.005038284985143883
ets_tcn_ce,ets tcn ce,mean,-779.9999999999998,0.16732876221528653,group_mean,0.005111685356675226
ets_tcn_ce,ets tcn ce,mean,-769.9999999999998,0.17145431577370723,group_mean,0.005300096914334667
ets_tcn_ce,ets tcn ce,mean,-759.9999999999998,0.17573415284176086,group_mean,0.005437016233682078
ets_tcn_ce,ets tcn ce,mean,-749.9999999999998,0.17952295568098228,group_mean,0.0055242926644321
ets_tcn_ce,ets tcn ce,mean,-739.9999999999998,0.18407193771547506,group_mean,0.005724739393275732
ets_tcn_ce,ets tcn ce,mean,-729.9999999999998,0.18871927150371873,group_mean,0.0059107873571290345
ets_tcn_ce,ets tcn ce,mean,-719.9999999999998,0.19372547021392378,group_mean,0.006146346506236238
ets_tcn_ce,ets tcn ce,mean,-709.9999999999998,0.19818331474543294,group_mean,0.006379292653187347
ets_tcn_ce,ets tcn ce,mean,-699.9999999999998,0.20319445304908829,group_mean,0.006685018818079327
ets_tcn_ce,ets tcn ce,mean,-689.9999999999998,0.20860738393392214,group_mean,0.006971377108764813
ets_tcn_ce,ets tcn ce,mean,-679.9999999999998,0.21355560030941717,group_mean,0.007260900860416712
ets_tcn_ce,ets tcn ce,mean,-669.9999999999997,0.2191625781621335,group_mean,0.007543781409441645
ets_tcn_ce,ets tcn ce,mean,-659.9999999999997,0.22497473970420448,group_mean,0.007882303010444163
ets_tcn_ce,ets tcn ce,mean,-649.9999999999997,0.2307688873499863,group_mean,0.008233087929187036
ets_tcn_ce,ets tcn ce,mean,-639.9999999999997,0.23685863557929535,group_mean,0.008582873317535175
ets_tcn_ce,ets tcn ce,mean,-629.9999999999997,0.24353030666259298,group_mean,0.008994216805283462
ets_tcn_ce,ets tcn ce,mean,-619.9999999999997,0.2500090564309045,group_mean,0.009423980899223486
ets_tcn_ce,ets tcn ce,mean,-609.9999999999997,0.2571572446878153,group_mean,0.009871077980383683
ets_tcn_ce,ets tcn ce,mean,-599.9999999999997,0.26434865594152634,group_mean,0.010352453664265274
ets_tcn_ce,ets tcn ce,mean,-589.9999999999997,0.27161759314774353,group_mean,0.010789676148581893
ets_tcn_ce,ets tcn ce,mean,-579.9999999999997,0.2793490498417242,group_mean,0.011329840997807511
ets_tcn_ce,ets tcn ce,mean,-569.9999999999997,0.28732239998709863,group_mean,0.011793454383545511
ets_tcn_ce,ets tcn ce,mean,-559.9999999999997,0.29552619426952675,group_mean,0.01228969562662419
ets_tcn_ce,ets tcn ce,mean,-549.9999999999995,0.3045132134652851,group_mean,0.012894642497558138
ets_tcn_ce,ets tcn ce,mean,-539.9999999999995,0.31367212115033766,group_mean,0.013477696811836202
ets_tcn_ce,ets tcn ce,mean,-529.9999999999995,0.3231074417931019,group_mean,0.014071284371846255
ets_tcn_ce,ets tcn ce,mean,-519.9999999999995,0.333141820432317,group_mean,0.014740135299657852
ets_tcn_ce,ets tcn ce,mean,-509.99999999999955,0.3433481823468293,group_mean,0.015430610234366123
ets_tcn_ce,ets tcn ce,mean,-499.99999999999955,0.35366946465112636,group_mean,0.016080299697597753
ets_tcn_ce,ets tcn ce,mean,-489.99999999999955,0.36484838082806087,group_mean,0.0168435715413069
ets_tcn_ce,ets tcn ce,mean,-479.99999999999955,0.3764743262821026,group_mean,0.017599361970704195
ets_tcn_ce,ets tcn ce,mean,-469.99999999999955,0.38877720509426117,group_mean,0.01842516279987528
ets_tcn_ce,ets tcn ce,mean,-459.99999999999955,0.40094412166653803,group_mean,0.01930010175508015
ets_tcn_ce,ets tcn ce,mean,-449.9999999999995,0.41392226183762587,group_mean,0.020162216272814042
ets_tcn_ce,ets tcn ce,mean,-439.9999999999995,0.42771323742181233,group_mean,0.021200748124766643
ets_tcn_ce,ets tcn ce,mean,-429.9999999999995,0.4415219933737188,group_mean,0.022186032442239264
ets_tcn_ce,ets tcn ce,mean,-419.9999999999995,0.45612266353436715,group_mean,0.023249795510480578
ets_tcn_ce,ets tcn ce,mean,-409.9999999999995,0.4713043675457727,group_mean,0.02440792563540281
ets_tcn_ce,ets tcn ce,mean,-399.9999999999995,0.4870435825911765,group_mean,0.02559808530695047
ets_tcn_ce,ets tcn ce,mean,-389.99999999999943,0.5034944387799563,group_mean,0.02687879971418951
ets_tcn_ce,ets tcn ce,mean,-379.99999999999943,0.5203882408039293,group_mean,0.028121136095349393
ets_tcn_ce,ets tcn ce,mean,-369.99999999999943,0.5374829549221968,group_mean,0.029346400601993193
ets_tcn_ce,ets tcn ce,mean,-359.99999999999943,0.5554632957538498,group_mean,0.03065713473361513
ets_tcn_ce,ets tcn ce,mean,-349.99999999999943,0.5741314699341035,group_mean,0.03206137528798185
ets_tcn_ce,ets tcn ce,mean,-339.99999999999943,0.5932499186177378,group_mean,0.03348602071958057
ets_tcn_ce,ets tcn ce,mean,-329.99999999999943,0.613088041222618,group_mean,0.034954101491779084
ets_tcn_ce,ets tcn ce,mean,-319.9999999999994,0.6334603012984819,group_mean,0.03635216520455458
ets_tcn_ce,ets tcn ce,mean,-309.9999999999994,0.6541751050964075,group_mean,0.03775105496582854
ets_tcn_ce,ets tcn ce,mean,-299.9999999999994,0.6754771007423204,group_mean,0.03921220551592209
ets_tcn_ce,ets tcn ce,mean,-289.9999999999994,0.6972401403754195,group_mean,0.04068767331176818
ets_tcn_ce,ets tcn ce,mean,-279.9999999999994,0.7191137880665407,group_mean,0.04206660877119865
ets_tcn_ce,ets tcn ce,mean,-269.9999999999994,0.7418088977852578,group_mean,0.04344558394883276
ets_tcn_ce,ets tcn ce,mean,-259.9999999999993,0.7646458687383784,group_mean,0.044884584011831305
ets_tcn_ce,ets tcn ce,mean,-249.99999999999935,0.7880301330742097,group_mean,0.046289027815189995
ets_tcn_ce,ets tcn ce,mean,-239.99999999999932,0.8115735833153732,group_mean,0.04770606037050418
ets_tcn_ce,ets tcn ce,mean,-229.99999999999932,0.8354753742147821,group_mean,0.04917555636843308
ets_tcn_ce,ets tcn ce,mean,-219.99999999999932,0.8592455835858092,group_mean,0.05049231411061306
ets_tcn_ce,ets tcn ce,mean,-209.9999999999993,0.8827447361230243,group_mean,0.051781258884109005
ets_tcn_ce,ets tcn ce,mean,-199.9999999999993,0.9061334338439231,group_mean,0.05305194171076453
ets_tcn_ce,ets tcn ce,mean,-189.9999999999993,0.9296615676679416,group_mean,0.05431498656947856
ets_tcn_ce,ets tcn ce,mean,-179.99999999999926,0.9527432292382411,group_mean,0.05546048767467632
ets_tcn_ce,ets tcn ce,mean,-169.99999999999926,0.9754507757288978,group_mean,0.05646997507151748
ets_tcn_ce,ets tcn ce,mean,-159.99999999999926,0.9978594298082925,group_mean,0.05730927123589213
ets_tcn_ce,ets tcn ce,mean,-149.99999999999923,1.01899116807795,group_mean,0.058044839062736456
ets_tcn_ce,ets tcn ce,mean,-139.99999999999923,1.0400789896852014,group_mean,0.05868539595309744
ets_tcn_ce,ets tcn ce,mean,-129.99999999999923,1.0601375488035947,group_mean,0.05911275878834538
ets_tcn_ce,ets tcn ce,mean,-119.99999999999922,1.0785413842211304,group_mean,0.0593722335677968
ets_tcn_ce,ets tcn ce,mean,-109.9999999999992,1.0963036125163137,group_mean,0.059410177574279424
ets_tcn_ce,ets tcn ce,mean,-99.9999999999992,1.1126613384538655,group_mean,0.05932424078129475
ets_tcn_ce,ets tcn ce,mean,-89.99999999999919,1.127743363822456,group_mean,0.059074784511381796
ets_tcn_ce,ets tcn ce,mean,-79.99999999999918,1.1413931095431922,group_mean,0.05860625882942818
ets_tcn_ce,ets tcn ce,mean,-69.99999999999918,1.1531184229020954,group_mean,0.05800010786952278
ets_tcn_ce,ets tcn ce,mean,-59.99999999999916,1.1628228196803758,group_mean,0.05728462610557536
ets_tcn_ce,ets tcn ce,mean,-49.999999999999154,1.1716398270071948,group_mean,0.05648774570308095
ets_tcn_ce,ets tcn ce,mean,-39.99999999999915,1.1783060544477961,group_mean,0.05550877040751071
ets_tcn_ce,ets tcn ce,mean,-29.99999999999914,1.1831399739171147,group_mean,0.054384393377864666
ets_tcn_ce,ets tcn ce,mean,-19.99999999999913,1.1863321268831042,group_mean,0.0531762592680528
ets_tcn_ce,ets tcn ce,mean,-9.99999999999912,1.1873884119847267,group_mean,0.05169543798398752
ets_tcn_ce,ets tcn ce,mean,8.881784197001252e-13,1.1857629123783142,group_mean,0.050172389596472994
ets_tcn_ce,ets tcn ce,mean,10.000000000000897,1.1833570232056665,group_mean,0.048678770150637374
ets_tcn_ce,ets tcn ce,mean,20.000000000000906,1.1790365920877648,group_mean,0.0472186034492914
ets_tcn_ce,ets tcn ce,mean,30.000000000000917,1.1728040837330567,group_mean,0.04565372081366139
ets_tcn_ce,ets tcn ce,mean,40.000000000000924,1.1647852644999004,group_mean,0.043926765145158087
ets_tcn_ce,ets tcn ce,mean,50.00000000000093,1.1549622838680942,group_mean,0.04207348796525429
ets_tcn_ce,ets tcn ce,mean,60.00000000000094,1.1435788217442284,group_mean,0.04030663613167254
ets_tcn_ce,ets tcn ce,mean,70.00000000000095,1.1307884643404755,group_mean,0.038619751423475346
ets_tcn_ce,ets tcn ce,mean,80.00000000000097,1.116500518812306,group_mean,0.036834078727584645
ets_tcn_ce,ets tcn ce,mean,90.00000000000097,1.1017041489329,group_mean,0.035232976583159076
ets_tcn_ce,ets tcn ce,mean,100.00000000000098,1.0859090959568614,group_mean,0.033824916712473875
ets_tcn_ce,ets tcn ce,mean,110.00000000000098,1.0686633859998445,group_mean,0.03248973335512323
ets_tcn_ce,ets tcn ce,mean,120.000000000001,1.0516509105320957,group_mean,0.03123139868825739
ets_tcn_ce,ets tcn ce,mean,130.000000000001,1.033784887108645,group_mean,0.030247012642235106
ets_tcn_ce,ets tcn ce,mean,140.00000000000102,1.0146460271188498,group_mean,0.029509174809552393
ets_tcn_ce,ets tcn ce,mean,150.00000000000102,0.9959470561965345,group_mean,0.02911535548571685
ets_tcn_ce,ets tcn ce,mean,160.00000000000102,0.9757313473094837,group_mean,0.02905343439138717
ets_tcn_ce,ets tcn ce,mean,170.00000000000105,0.9553692094357237,group_mean,0.029080120393652424
ets_tcn_ce,ets tcn ce,mean,180.00000000000105,0.9360284218380901,group_mean,0.029319986801456182
ets_tcn_ce,ets tcn ce,mean,190.00000000000105,0.915033796953191,group_mean,0.029719275543944913
ets_tcn_ce,ets tcn ce,mean,200.00000000000108,0.8939581631552331,group_mean,0.030292020608722478
ets_tcn_ce,ets tcn ce,mean,210.00000000000108,0.8740495202407492,group_mean,0.03107894534140275
ets_tcn_ce,ets tcn ce,mean,220.00000000000108,0.8525629907789701,group_mean,0.031824595781279906
ets_tcn_ce,ets tcn ce,mean,230.00000000000108,0.8314386204819492,group_mean,0.03258180504277367
ets_tcn_ce,ets tcn ce,mean,240.0000000000011,0.8110110239785253,group_mean,0.03350614054811934
ets_tcn_ce,ets tcn ce,mean,250.0000000000011,0.7905759968074351,group_mean,0.03430055795904787
ets_tcn_ce,ets tcn ce,mean,260.00000000000114,0.7702557070196683,group_mean,0.035164598526266855
ets_tcn_ce,ets tcn ce,mean,270.00000000000114,0.7498417219284812,group_mean,0.03598051207176818
ets_tcn_ce,ets tcn ce,mean,280.00000000000114,0.7308240312745904,group_mean,0.036721455111602866
ets_tcn_ce,ets tcn ce,mean,290.00000000000114,0.7115242946693223,group_mean,0.03745203319909313
ets_tcn_ce,ets tcn ce,mean,300.00000000000114,0.6925500712798665,group_mean,0.0380378513113729
ets_tcn_ce,ets tcn ce,mean,310.00000000000114,0.6751068007831998,group_mean,0.03862205052263473
ets_tcn_ce,ets tcn ce,mean,320.0000000000012,0.6568303394003514,group_mean,0.0390219041542465
ets_tcn_ce,ets tcn ce,mean,330.0000000000012,0.6386261557359625,group_mean,0.039295187905886306
ets_tcn_ce,ets tcn ce,mean,340.0000000000012,0.6222443942423216,group_mean,0.039626908521870785
ets_tcn_ce,ets tcn ce,mean,350.0000000000012,0.6057326336248833,group_mean,0.03998402530089706
ets_tcn_ce,ets tcn ce,mean,360.0000000000012,0.5892855936665922,group_mean,0.04012126537003776
ets_tcn_ce,ets tcn ce,mean,370.0000000000012,0.574260766412116,group_mean,0.04015616115730695
ets_tcn_ce,ets tcn ce,mean,380.00000000000125,0.5588380398451536,group_mean,0.04014366334104525
ets_tcn_ce,ets tcn ce,mean,390.00000000000125,0.5437798542051132,group_mean,0.04013160058738213
ets_tcn_ce,ets tcn ce,mean,400.00000000000125,0.5304544439225604,group_mean,0.04000438570111025
ets_tcn_ce,ets tcn ce,mean,410.00000000000125,0.5161624661482526,group_mean,0.03982052970687626
ets_tcn_ce,ets tcn ce,mean,420.00000000000125,0.503671696101455,group_mean,0.03955678686103756
ets_tcn_ce,ets tcn ce,mean,430.00000000000125,0.49188406915364347,group_mean,0.039286042931601345
ets_tcn_ce,ets tcn ce,mean,440.00000000000125,0.47917500853419065,group_mean,0.038915644535893745
ets_tcn_ce,ets tcn ce,mean,450.0000000000013,0.46720651026699045,group_mean,0.038609288690184915
ets_tcn_ce,ets tcn ce,mean,460.0000000000013,0.4567639957469887,group_mean,0.03827638124508318
ets_tcn_ce,ets tcn ce,mean,470.0000000000013,0.44556458073423266,group_mean,0.037937954244373115
ets_tcn_ce,ets tcn ce,mean,480.0000000000013,0.4349986325295296,group_mean,0.037633526098960216
ets_tcn_ce,ets tcn ce,mean,490.0000000000013,0.4262562549935197,group_mean,0.03723452348252926
ets_tcn_ce,ets tcn ce,mean,500.0000000000013,0.4162680459424365,group_mean,0.036972500055479945
ets_tcn_ce,ets tcn ce,mean,510.00000000000136,0.40725406331358205,group_mean,0.03668473973837211
ets_tcn_ce,ets tcn ce,mean,520.0000000000014,0.39819265254459496,group_mean,0.036392756495144306
ets_tcn_ce,ets tcn ce,mean,530.0000000000014,0.3911373056088009,group_mean,0.03609685872199378
ets_tcn_ce,ets tcn ce,mean,540.0000000000014,0.3834574596085856,group_mean,0.03592987004718537
ets_tcn_ce,ets tcn ce,mean,550.0000000000014,0.3750164248538531,group_mean,0.0357713864008716
ets_tcn_ce,ets tcn ce,mean,560.0000000000014,0.36903642687869426,group_mean,0.03553344998971329
ets_tcn_ce,ets tcn ce,mean,570.0000000000014,0.36213508042765125,group_mean,0.03531010208633337
ets_tcn_ce,ets tcn ce,mean,580.0000000000014,0.3549707707087038,group_mean,0.0351085046669236
ets_tcn_ce,ets tcn ce,mean,590.0000000000014,0.34964752396846455,group_mean,0.034914692192537865
ets_tcn_ce,ets tcn ce,mean,600.0000000000014,0.3436137776307943,group_mean,0.03467288798007278
ets_tcn_ce,ets tcn ce,mean,610.0000000000015,0.3372152244735386,group_mean,0.034454654941823974
ets_tcn_ce,ets tcn ce,mean,620.0000000000015,0.3334785459480073,group_mean,0.03434323814599287
ets_tcn_ce,ets tcn ce,mean,630.0000000000015,0.3286075837829744,group_mean,0.034208146897910616
ets_tcn_ce,ets tcn ce,mean,640.0000000000015,0.32284970092622484,group_mean,0.03405815047720612
ets_tcn_ce,ets tcn ce,mean,650.0000000000015,0.31914755514996934,group_mean,0.033795917081990985
ets_tcn_ce,ets tcn ce,mean,660.0000000000015,0.31374207312790586,group_mean,0.033673254270360845
ets_tcn_ce,ets tcn ce,mean,670.0000000000015,0.30915867026145105,group_mean,0.03350992116789801
ets_tcn_ce,ets tcn ce,mean,680.0000000000015,0.3063882897512555,group_mean,0.033313800226940304
ets_tcn_ce,ets tcn ce,mean,690.0000000000015,0.30241862388492996,group_mean,0.033257816494694094
ets_tcn_ce,ets tcn ce,mean,700.0000000000015,0.2985979115280314,group_mean,0.0331572418604311
ets_tcn_ce,ets tcn ce,mean,710.0000000000015,0.2967011623439039,group_mean,0.03295808355738999
ets_tcn_ce,ets tcn ce,mean,720.0000000000015,0.29220056180010723,group_mean,0.03284014073143129
ets_tcn_ce,ets tcn ce,mean,730.0000000000016,0.2891643152028299,group_mean,0.03273533931357911
ets_tcn_ce,ets tcn ce,mean,740.0000000000016,0.2883356017005264,group_mean,0.032676367721821496
ets_tcn_ce,ets tcn ce,mean,750.0000000000016,0.2855536235815871,group_mean,0.032621263253565715
ets_tcn_ce,ets tcn ce,mean,760.0000000000016,0.2827908798595834,group_mean,0.0324781132145526
ets_tcn_ce,ets tcn ce,mean,770.0000000000016,0.2821228246375908,group_mean,0.03235232751257328
ets_tcn_ce,ets tcn ce,mean,780.0000000000016,0.2788062240104675,group_mean,0.03235074455205385
ets_tcn_ce,ets tcn ce,mean,790.0000000000016,0.2772449129198561,group_mean,0.0322071768074615
ets_tcn_ce,ets tcn ce,mean,800.0000000000016,0.2748901717390378,group_mean,0.03212792387099396
ets_tcn_ce,ets tcn ce,mean,810.0000000000016,0.2755979318180738,group_mean,0.031972893430248825
ets_tcn_ce,ets tcn ce,mean,820.0000000000016,0.2737658297557967,group_mean,0.03190769360808123
ets_tcn_ce,ets tcn ce,mean,830.0000000000016,0.2708216245083455,group_mean,0.031901101061005965
ets_tcn_ce,ets tcn ce,mean,840.0000000000016,0.27124317623906885,group_mean,0.03197276849188829
ets_tcn_ce,ets tcn ce,mean,850.0000000000016,0.2705885094083773,group_mean,0.032113095724977204
ets_tcn_ce,ets tcn ce,mean,860.0000000000017,0.26900069376814095,group_mean,0.032173311247409436
ets_tcn_ce,ets tcn ce,mean,870.0000000000017,0.27025629337107737,group_mean,0.03230945280258639
ets_tcn_ce,ets tcn ce,mean,880.0000000000017,0.2681245591682805,group_mean,0.03217182270095118
ets_tcn_ce,ets tcn ce,mean,890.0000000000017,0.2661513897494106,group_mean,0.03224633815919761
ets_tcn_ce,ets tcn ce,mean,900.0000000000017,0.26685794258448914,group_mean,0.032226505416768185
ets_tcn_ce,ets tcn ce,mean,910.0000000000017,0.2656266146808693,group_mean,0.032278487987414874
ets_tcn_ce,ets tcn ce,mean,920.0000000000017,0.26556707608520413,group_mean,0.03242955005224893
ets_tcn_ce,ets tcn ce,mean,930.0000000000017,0.26719403903508043,group_mean,0.03240413846657697
ets_tcn_ce,ets tcn ce,mean,940.0000000000017,0.26528672312015067,group_mean,0.03235197567350043
ets_tcn_ce,ets tcn ce,mean,950.0000000000017,0.2654331539808134,group_mean,0.032427900137673854
ets_tcn_ce,ets tcn ce,mean,960.0000000000017,0.266703967962267,group_mean,0.03267354000330837
ets_tcn_ce,ets tcn ce,mean,970.0000000000017,0.2654722397356436,group_mean,0.03264556064774773
ets_tcn_ce,ets tcn ce,mean,980.0000000000017,0.2654828210552815,group_mean,0.03274837869746087
ets_tcn_ce,ets tcn ce,mean,990.0000000000018,0.26854363920475804,group_mean,0.03290754023182473
ets_tcn_ce,ets tcn ce,mean,1000.0000000000018,0.2668579999288273,group_mean,0.03297621672501337
