name,label,seed,relative_time_ms,mean_posterior_density,curve_type,std_posterior_density
ets_attnseg_event_nll_mixture,ets attnseg event nll mixture,2025,-1000.0,0.08597110413250449,seed,
ets_attnseg_event_nll_mixture,ets attnseg event nll mixture,2025,-990.0,0.09076861843653124,seed,
ets_attnseg_event_nll_mixture,ets attnseg event nll mixture,2025,-980.0,0.09497933608394908,seed,
ets_attnseg_event_nll_mixture,ets attnseg event nll mixture,2025,-970.0,0.09981431948887876,seed,
ets_attnseg_event_nll_mixture,ets attnseg event nll mixture,2025,-960.0,0.10294017204617012,seed,
ets_attnseg_event_nll_mixture,ets attnseg event nll mixture,2025,-950.0,0.10625213681224281,seed,
ets_attnseg_event_nll_mixture,ets attnseg event nll mixture,2025,-940.0,0.10890622411562961,seed,
ets_attnseg_event_nll_mixture,ets attnseg event nll mixture,2025,-929.9999999999999,0.10799553102790653,seed,
ets_attnseg_event_nll_mixture,ets attnseg event nll mixture,2025,-919.9999999999999,0.10678273475974139,seed,
ets_attnseg_event_nll_mixture,ets attnseg event nll mixture,2025,-909.9999999999999,0.11061106856439379,seed,
ets_attnseg_event_nll_mixture,ets attnseg event nll mixture,2025,-899.9999999999999,0.11449162769494232,seed,
ets_attnseg_event_nll_mixture,ets attnseg event nll mixture,2025,-889.9999999999999,0.1184712067702175,seed,
ets_attnseg_event_nll_mixture,ets attnseg event nll mixture,2025,-879.9999999999999,0.11890844283337683,seed,
ets_attnseg_event_nll_mixture,ets attnseg event nll mixture,2025,-869.9999999999999,0.1242277449042965,seed,
ets_attnseg_event_nll_mixture,ets attnseg event nll mixture,2025,-859.9999999999999,0.1292671232004735,seed,
ets_attnseg_event_nll_mixture,ets attnseg event nll mixture,2025,-849.9999999999999,0.13012679801761848,seed,
ets_attnseg_event_nll_mixture,ets attnseg event nll mixture,2025,-839.9999999999999,0.1285874415611903,seed,
ets_attnseg_event_nll_mixture,ets attnseg event nll mixture,2025,-829.9999999999999,0.12945881627660558,seed,
ets_attnseg_event_nll_mixture,ets attnseg event nll mixture,2025,-819.9999999999999,0.13314526110049393,seed,
ets_attnseg_event_nll_mixture,ets attnseg event nll mixture,2025,-809.9999999999999,0.13382198192940087,seed,
ets_attnseg_event_nll_mixture,ets attnseg event nll mixture,2025,-799.9999999999998,0.13780625335707364,seed,
ets_attnseg_event_nll_mixture,ets attnseg event nll mixture,2025,-789.9999999999998,0.14237801584434673,seed,
ets_attnseg_event_nll_mixture,ets attnseg event nll mixture,2025,-779.9999999999998,0.14472571401434867,seed,
ets_attnseg_event_nll_mixture,ets attnseg event nll mixture,2025,-769.9999999999998,0.14729312185861876,seed,
ets_attnseg_event_nll_mixture,ets attnseg event nll mixture,2025,-759.9999999999998,0.15170350939399163,seed,
ets_attnseg_event_nll_mixture,ets attnseg event nll mixture,2025,-749.9999999999998,0.1527813194853123,seed,
ets_attnseg_event_nll_mixture,ets attnseg event nll mixture,2025,-739.9999999999998,0.15487054604870032,seed,
ets_attnseg_event_nll_mixture,ets attnseg event nll mixture,2025,-729.9999999999998,0.15756220398197035,seed,
ets_attnseg_event_nll_mixture,ets attnseg event nll mixture,2025,-719.9999999999998,0.1595522573929409,seed,
ets_attnseg_event_nll_mixture,ets attnseg event nll mixture,2025,-709.9999999999998,0.16425425180968034,seed,
ets_attnseg_event_nll_mixture,ets attnseg event nll mixture,2025,-699.9999999999998,0.17172242513934344,seed,
ets_attnseg_event_nll_mixture,ets attnseg event nll mixture,2025,-689.9999999999998,0.17883115595761892,seed,
ets_attnseg_event_nll_mixture,ets attnseg event nll mixture,2025,-679.9999999999998,0.18503665797060928,seed,
ets_attnseg_event_nll_mixture,ets attnseg event nll mixture,2025,-669.9999999999997,0.19126273765139026,seed,
ets_attnseg_event_nll_mixture,ets attnseg event nll mixture,2025,-659.9999999999997,0.19620405312441552,seed,
ets_attnseg_event_nll_mixture,ets attnseg event nll mixture,2025,-649.9999999999997,0.20013322039087636,seed,
ets_attnseg_event_nll_mixture,ets attnseg event nll mixture,2025,-639.9999999999997,0.20424557899511345,seed,
ets_attnseg_event_nll_mixture,ets attnseg event nll mixture,2025,-629.9999999999997,0.21229253409259993,seed,
ets_attnseg_event_nll_mixture,ets attnseg event nll mixture,2025,-619.9999999999997,0.22180394284275773,seed,
ets_attnseg_event_nll_mixture,ets attnseg event nll mixture,2025,-609.9999999999997,0.2272594466409544,seed,
ets_attnseg_event_nll_mixture,ets attnseg event nll mixture,2025,-599.9999999999997,0.2304726098429779,seed,
ets_attnseg_event_nll_mixture,ets attnseg event nll mixture,2025,-589.9999999999997,0.2371073414373526,seed,
ets_attnseg_event_nll_mixture,ets attnseg event nll mixture,2025,-579.9999999999997,0.24001444288528087,seed,
ets_attnseg_event_nll_mixture,ets attnseg event nll mixture,2025,-569.9999999999997,0.23992475773505906,seed,
ets_attnseg_event_nll_mixture,ets attnseg event nll mixture,2025,-559.9999999999997,0.24370763758670608,seed,
ets_attnseg_event_nll_mixture,ets attnseg event nll mixture,2025,-549.9999999999995,0.24942398394131948,seed,
ets_attnseg_event_nll_mixture,ets attnseg event nll mixture,2025,-539.9999999999995,0.25717833998061784,seed,
ets_attnseg_event_nll_mixture,ets attnseg event nll mixture,2025,-529.9999999999995,0.26383385976267226,seed,
ets_attnseg_event_nll_mixture,ets attnseg event nll mixture,2025,-519.9999999999995,0.2707632573805077,seed,
ets_attnseg_event_nll_mixture,ets attnseg event nll mixture,2025,-509.99999999999955,0.27692859880319204,seed,
ets_attnseg_event_nll_mixture,ets attnseg event nll mixture,2025,-499.99999999999955,0.285278457211699,seed,
ets_attnseg_event_nll_mixture,ets attnseg event nll mixture,2025,-489.99999999999955,0.29472206607600826,seed,
ets_attnseg_event_nll_mixture,ets attnseg event nll mixture,2025,-479.99999999999955,0.3044327678791424,seed,
ets_attnseg_event_nll_mixture,ets attnseg event nll mixture,2025,-469.99999999999955,0.31588402878590743,seed,
ets_attnseg_event_nll_mixture,ets attnseg event nll mixture,2025,-459.99999999999955,0.32335107319076095,seed,
ets_attnseg_event_nll_mixture,ets attnseg event nll mixture,2025,-449.9999999999995,0.3249059127070122,seed,
ets_attnseg_event_nll_mixture,ets attnseg event nll mixture,2025,-439.9999999999995,0.32883749839159043,seed,
ets_attnseg_event_nll_mixture,ets attnseg event nll mixture,2025,-429.9999999999995,0.3338757262483814,seed,
ets_attnseg_event_nll_mixture,ets attnseg event nll mixture,2025,-419.9999999999995,0.3407846872704548,seed,
ets_attnseg_event_nll_mixture,ets attnseg event nll mixture,2025,-409.9999999999995,0.34867121026702275,seed,
ets_attnseg_event_nll_mixture,ets attnseg event nll mixture,2025,-399.9999999999995,0.3604578013829449,seed,
ets_attnseg_event_nll_mixture,ets attnseg event nll mixture,2025,-389.99999999999943,0.36664138111549066,seed,
ets_attnseg_event_nll_mixture,ets attnseg event nll mixture,2025,-379.99999999999943,0.37130672570562767,seed,
ets_attnseg_event_nll_mixture,ets attnseg event nll mixture,2025,-369.99999999999943,0.3777892340983992,seed,
ets_attnseg_event_nll_mixture,ets attnseg event nll mixture,2025,-359.99999999999943,0.38210300075767006,seed,
ets_attnseg_event_nll_mixture,ets attnseg event nll mixture,2025,-349.99999999999943,0.3934315031639789,seed,
ets_attnseg_event_nll_mixture,ets attnseg event nll mixture,2025,-339.99999999999943,0.4049610697260858,seed,
ets_attnseg_event_nll_mixture,ets attnseg event nll mixture,2025,-329.99999999999943,0.4189874655485106,seed,
ets_attnseg_event_nll_mixture,ets attnseg event nll mixture,2025,-319.9999999999994,0.43258159896469167,seed,
ets_attnseg_event_nll_mixture,ets attnseg event nll mixture,2025,-309.9999999999994,0.4444285715154317,seed,
ets_attnseg_event_nll_mixture,ets attnseg event nll mixture,2025,-299.9999999999994,0.45425417465152595,seed,
ets_attnseg_event_nll_mixture,ets attnseg event nll mixture,2025,-289.9999999999994,0.46614671970467597,seed,
ets_attnseg_event_nll_mixture,ets attnseg event nll mixture,2025,-279.9999999999994,0.4774763925566194,seed,
ets_attnseg_event_nll_mixture,ets attnseg event nll mixture,2025,-269.9999999999994,0.48569552126601995,seed,
ets_attnseg_event_nll_mixture,ets attnseg event nll mixture,2025,-259.9999999999993,0.49481106152332915,seed,
ets_attnseg_event_nll_mixture,ets attnseg event nll mixture,2025,-249.99999999999935,0.5071336715873289,seed,
ets_attnseg_event_nll_mixture,ets attnseg event nll mixture,2025,-239.99999999999932,0.5272808438325576,seed,
ets_attnseg_event_nll_mixture,ets attnseg event nll mixture,2025,-229.99999999999932,0.548773735505991,seed,
ets_attnseg_event_nll_mixture,ets attnseg event nll mixture,2025,-219.99999999999932,0.5698277737866893,seed,
ets_attnseg_event_nll_mixture,ets attnseg event nll mixture,2025,-209.9999999999993,0.5866063608197845,seed,
ets_attnseg_event_nll_mixture,ets attnseg event nll mixture,2025,-199.9999999999993,0.6089238781963942,seed,
ets_attnseg_event_nll_mixture,ets attnseg event nll mixture,2025,-189.9999999999993,0.6379971272327458,seed,
ets_attnseg_event_nll_mixture,ets attnseg event nll mixture,2025,-179.99999999999926,0.6766534371197226,seed,
ets_attnseg_event_nll_mixture,ets attnseg event nll mixture,2025,-169.99999999999926,0.7240663239263325,seed,
ets_attnseg_event_nll_mixture,ets attnseg event nll mixture,2025,-159.99999999999926,0.7774330522564865,seed,
ets_attnseg_event_nll_mixture,ets attnseg event nll mixture,2025,-149.99999999999923,0.8367644147016271,seed,
ets_attnseg_event_nll_mixture,ets attnseg event nll mixture,2025,-139.99999999999923,0.907085537984974,seed,
ets_attnseg_event_nll_mixture,ets attnseg event nll mixture,2025,-129.99999999999923,0.9908233699809205,seed,
ets_attnseg_event_nll_mixture,ets attnseg event nll mixture,2025,-119.99999999999922,1.0834798095645375,seed,
ets_attnseg_event_nll_mixture,ets attnseg event nll mixture,2025,-109.9999999999992,1.1941954797337049,seed,
ets_attnseg_event_nll_mixture,ets attnseg event nll mixture,2025,-99.9999999999992,1.3264320409930943,seed,
ets_attnseg_event_nll_mixture,ets attnseg event nll mixture,2025,-89.99999999999919,1.4783041689241438,seed,
ets_attnseg_event_nll_mixture,ets attnseg event nll mixture,2025,-79.99999999999918,1.6414733922761757,seed,
ets_attnseg_event_nll_mixture,ets attnseg event nll mixture,2025,-69.99999999999918,1.7938743990421055,seed,
ets_attnseg_event_nll_mixture,ets attnseg event nll mixture,2025,-59.99999999999916,1.9465346886939399,seed,
ets_attnseg_event_nll_mixture,ets attnseg event nll mixture,2025,-49.999999999999154,2.091171762396246,seed,
ets_attnseg_event_nll_mixture,ets attnseg event nll mixture,2025,-39.99999999999915,2.2343213252560274,seed,
ets_attnseg_event_nll_mixture,ets attnseg event nll mixture,2025,-29.99999999999914,2.3485041841318712,seed,
ets_attnseg_event_nll_mixture,ets attnseg event nll mixture,2025,-19.99999999999913,2.4207800353193187,seed,
ets_attnseg_event_nll_mixture,ets attnseg event nll mixture,2025,-9.99999999999912,2.4313750822998,seed,
ets_attnseg_event_nll_mixture,ets attnseg event nll mixture,2025,8.881784197001252e-13,2.369969632222049,seed,
ets_attnseg_event_nll_mixture,ets attnseg event nll mixture,2025,10.000000000000897,2.2607121005068906,seed,
ets_attnseg_event_nll_mixture,ets attnseg event nll mixture,2025,20.000000000000906,2.1228607559843296,seed,
ets_attnseg_event_nll_mixture,ets attnseg event nll mixture,2025,30.000000000000917,1.9723529429962898,seed,
ets_attnseg_event_nll_mixture,ets attnseg event nll mixture,2025,40.000000000000924,1.8224735145880682,seed,
ets_attnseg_event_nll_mixture,ets attnseg event nll mixture,2025,50.00000000000093,1.6807521906109908,seed,
ets_attnseg_event_nll_mixture,ets attnseg event nll mixture,2025,60.00000000000094,1.535424759994141,seed,
ets_attnseg_event_nll_mixture,ets attnseg event nll mixture,2025,70.00000000000095,1.3879392117706386,seed,
ets_attnseg_event_nll_mixture,ets attnseg event nll mixture,2025,80.00000000000097,1.2474660322671403,seed,
ets_attnseg_event_nll_mixture,ets attnseg event nll mixture,2025,90.00000000000097,1.129616245879383,seed,
ets_attnseg_event_nll_mixture,ets attnseg event nll mixture,2025,100.00000000000098,1.0371446573470737,seed,
ets_attnseg_event_nll_mixture,ets attnseg event nll mixture,2025,110.00000000000098,0.9559972749436718,seed,
ets_attnseg_event_nll_mixture,ets attnseg event nll mixture,2025,120.000000000001,0.8885673290138764,seed,
ets_attnseg_event_nll_mixture,ets attnseg event nll mixture,2025,130.000000000001,0.8426452793148924,seed,
ets_attnseg_event_nll_mixture,ets attnseg event nll mixture,2025,140.00000000000102,0.8157519646159946,seed,
ets_attnseg_event_nll_mixture,ets attnseg event nll mixture,2025,150.00000000000102,0.7960832599960826,seed,
ets_attnseg_event_nll_mixture,ets attnseg event nll mixture,2025,160.00000000000102,0.7778936459937157,seed,
ets_attnseg_event_nll_mixture,ets attnseg event nll mixture,2025,170.00000000000105,0.7585692154937412,seed,
ets_attnseg_event_nll_mixture,ets attnseg event nll mixture,2025,180.00000000000105,0.7469068622204915,seed,
ets_attnseg_event_nll_mixture,ets attnseg event nll mixture,2025,190.00000000000105,0.7360682353396032,seed,
ets_attnseg_event_nll_mixture,ets attnseg event nll mixture,2025,200.00000000000108,0.7282713013959984,seed,
ets_attnseg_event_nll_mixture,ets attnseg event nll mixture,2025,210.00000000000108,0.7155611594805968,seed,
ets_attnseg_event_nll_mixture,ets attnseg event nll mixture,2025,220.00000000000108,0.6926985624240731,seed,
ets_attnseg_event_nll_mixture,ets attnseg event nll mixture,2025,230.00000000000108,0.6710666718837115,seed,
ets_attnseg_event_nll_mixture,ets attnseg event nll mixture,2025,240.0000000000011,0.6544142523411016,seed,
ets_attnseg_event_nll_mixture,ets attnseg event nll mixture,2025,250.0000000000011,0.6376450196112867,seed,
ets_attnseg_event_nll_mixture,ets attnseg event nll mixture,2025,260.00000000000114,0.6192392489126671,seed,
ets_attnseg_event_nll_mixture,ets attnseg event nll mixture,2025,270.00000000000114,0.6015789596610467,seed,
ets_attnseg_event_nll_mixture,ets attnseg event nll mixture,2025,280.00000000000114,0.5853761439461551,seed,
ets_attnseg_event_nll_mixture,ets attnseg event nll mixture,2025,290.00000000000114,0.5667709624356309,seed,
ets_attnseg_event_nll_mixture,ets attnseg event nll mixture,2025,300.00000000000114,0.5486344151481517,seed,
ets_attnseg_event_nll_mixture,ets attnseg event nll mixture,2025,310.00000000000114,0.5332936732370911,seed,
ets_attnseg_event_nll_mixture,ets attnseg event nll mixture,2025,320.0000000000012,0.5208272632584701,seed,
ets_attnseg_event_nll_mixture,ets attnseg event nll mixture,2025,330.0000000000012,0.5119131544951613,seed,
ets_attnseg_event_nll_mixture,ets attnseg event nll mixture,2025,340.0000000000012,0.506873968039582,seed,
ets_attnseg_event_nll_mixture,ets attnseg event nll mixture,2025,350.0000000000012,0.4992649046577483,seed,
ets_attnseg_event_nll_mixture,ets attnseg event nll mixture,2025,360.0000000000012,0.48949758673298277,seed,
ets_attnseg_event_nll_mixture,ets attnseg event nll mixture,2025,370.0000000000012,0.48038355602750643,seed,
ets_attnseg_event_nll_mixture,ets attnseg event nll mixture,2025,380.00000000000125,0.4698391051560879,seed,
ets_attnseg_event_nll_mixture,ets attnseg event nll mixture,2025,390.00000000000125,0.46036888607375775,seed,
ets_attnseg_event_nll_mixture,ets attnseg event nll mixture,2025,400.00000000000125,0.4556142211639143,seed,
ets_attnseg_event_nll_mixture,ets attnseg event nll mixture,2025,410.00000000000125,0.4478777125298372,seed,
ets_attnseg_event_nll_mixture,ets attnseg event nll mixture,2025,420.00000000000125,0.44202880852431764,seed,
ets_attnseg_event_nll_mixture,ets attnseg event nll mixture,2025,430.00000000000125,0.4347933376901975,seed,
ets_attnseg_event_nll_mixture,ets attnseg event nll mixture,2025,440.00000000000125,0.42689728743499916,seed,
ets_attnseg_event_nll_mixture,ets attnseg event nll mixture,2025,450.0000000000013,0.42190516584289045,seed,
ets_attnseg_event_nll_mixture,ets attnseg event nll mixture,2025,460.0000000000013,0.4170962363695326,seed,
ets_attnseg_event_nll_mixture,ets attnseg event nll mixture,2025,470.0000000000013,0.4062550211950561,seed,
ets_attnseg_event_nll_mixture,ets attnseg event nll mixture,2025,480.0000000000013,0.39749794505495906,seed,
ets_attnseg_event_nll_mixture,ets attnseg event nll mixture,2025,490.0000000000013,0.392725247544705,seed,
ets_attnseg_event_nll_mixture,ets attnseg event nll mixture,2025,500.0000000000013,0.38372640421498455,seed,
ets_attnseg_event_nll_mixture,ets attnseg event nll mixture,2025,510.00000000000136,0.37497764829389363,seed,
ets_attnseg_event_nll_mixture,ets attnseg event nll mixture,2025,520.0000000000014,0.3672311014694506,seed,
ets_attnseg_event_nll_mixture,ets attnseg event nll mixture,2025,530.0000000000014,0.36103089917265896,seed,
ets_attnseg_event_nll_mixture,ets attnseg event nll mixture,2025,540.0000000000014,0.35025065066059474,seed,
ets_attnseg_event_nll_mixture,ets attnseg event nll mixture,2025,550.0000000000014,0.3364670991942566,seed,
ets_attnseg_event_nll_mixture,ets attnseg event nll mixture,2025,560.0000000000014,0.32544537376165544,seed,
ets_attnseg_event_nll_mixture,ets attnseg event nll mixture,2025,570.0000000000014,0.3166124676997973,seed,
ets_attnseg_event_nll_mixture,ets attnseg event nll mixture,2025,580.0000000000014,0.3118663417219202,seed,
ets_attnseg_event_nll_mixture,ets attnseg event nll mixture,2025,590.0000000000014,0.3115156300298005,seed,
ets_attnseg_event_nll_mixture,ets attnseg event nll mixture,2025,600.0000000000014,0.31063761818749513,seed,
ets_attnseg_event_nll_mixture,ets attnseg event nll mixture,2025,610.0000000000015,0.3079746463350211,seed,
ets_attnseg_event_nll_mixture,ets attnseg event nll mixture,2025,620.0000000000015,0.3061465062775898,seed,
ets_attnseg_event_nll_mixture,ets attnseg event nll mixture,2025,630.0000000000015,0.2999350266814613,seed,
ets_attnseg_event_nll_mixture,ets attnseg event nll mixture,2025,640.0000000000015,0.2936161270544515,seed,
ets_attnseg_event_nll_mixture,ets attnseg event nll mixture,2025,650.0000000000015,0.2927653407540247,seed,
ets_attnseg_event_nll_mixture,ets attnseg event nll mixture,2025,660.0000000000015,0.29145646905069345,seed,
ets_attnseg_event_nll_mixture,ets attnseg event nll mixture,2025,670.0000000000015,0.2923743369411172,seed,
ets_attnseg_event_nll_mixture,ets attnseg event nll mixture,2025,680.0000000000015,0.2962488531430328,seed,
ets_attnseg_event_nll_mixture,ets attnseg event nll mixture,2025,690.0000000000015,0.2941316912170365,seed,
ets_attnseg_event_nll_mixture,ets attnseg event nll mixture,2025,700.0000000000015,0.29018827100469063,seed,
ets_attnseg_event_nll_mixture,ets attnseg event nll mixture,2025,710.0000000000015,0.2884919357759119,seed,
ets_attnseg_event_nll_mixture,ets attnseg event nll mixture,2025,720.0000000000015,0.2814231158073026,seed,
ets_attnseg_event_nll_mixture,ets attnseg event nll mixture,2025,730.0000000000016,0.2747486388874996,seed,
ets_attnseg_event_nll_mixture,ets attnseg event nll mixture,2025,740.0000000000016,0.2705309650216581,seed,
ets_attnseg_event_nll_mixture,ets attnseg event nll mixture,2025,750.0000000000016,0.26422085126909717,seed,
ets_attnseg_event_nll_mixture,ets attnseg event nll mixture,2025,760.0000000000016,0.25884946901996525,seed,
ets_attnseg_event_nll_mixture,ets attnseg event nll mixture,2025,770.0000000000016,0.2566709023022237,seed,
ets_attnseg_event_nll_mixture,ets attnseg event nll mixture,2025,780.0000000000016,0.2547951874765125,seed,
ets_attnseg_event_nll_mixture,ets attnseg event nll mixture,2025,790.0000000000016,0.25678514173825656,seed,
ets_attnseg_event_nll_mixture,ets attnseg event nll mixture,2025,800.0000000000016,0.25670066712345185,seed,
ets_attnseg_event_nll_mixture,ets attnseg event nll mixture,2025,810.0000000000016,0.2608436110799825,seed,
ets_attnseg_event_nll_mixture,ets attnseg event nll mixture,2025,820.0000000000016,0.2644064759519454,seed,
ets_attnseg_event_nll_mixture,ets attnseg event nll mixture,2025,830.0000000000016,0.267648928518751,seed,
ets_attnseg_event_nll_mixture,ets attnseg event nll mixture,2025,840.0000000000016,0.2713834938396982,seed,
ets_attnseg_event_nll_mixture,ets attnseg event nll mixture,2025,850.0000000000016,0.2715139907696919,seed,
ets_attnseg_event_nll_mixture,ets attnseg event nll mixture,2025,860.0000000000017,0.2670554173220486,seed,
ets_attnseg_event_nll_mixture,ets attnseg event nll mixture,2025,870.0000000000017,0.2632183788298716,seed,
ets_attnseg_event_nll_mixture,ets attnseg event nll mixture,2025,880.0000000000017,0.25580541108721655,seed,
ets_attnseg_event_nll_mixture,ets attnseg event nll mixture,2025,890.0000000000017,0.24930847965374525,seed,
ets_attnseg_event_nll_mixture,ets attnseg event nll mixture,2025,900.0000000000017,0.24808204664968964,seed,
ets_attnseg_event_nll_mixture,ets attnseg event nll mixture,2025,910.0000000000017,0.24842513190632853,seed,
ets_attnseg_event_nll_mixture,ets attnseg event nll mixture,2025,920.0000000000017,0.2493542151667582,seed,
ets_attnseg_event_nll_mixture,ets attnseg event nll mixture,2025,930.0000000000017,0.25356528394327305,seed,
ets_attnseg_event_nll_mixture,ets attnseg event nll mixture,2025,940.0000000000017,0.2552493564862925,seed,
ets_attnseg_event_nll_mixture,ets attnseg event nll mixture,2025,950.0000000000017,0.2590917159873394,seed,
ets_attnseg_event_nll_mixture,ets attnseg event nll mixture,2025,960.0000000000017,0.2647095369714422,seed,
ets_attnseg_event_nll_mixture,ets attnseg event nll mixture,2025,970.0000000000017,0.2664963358497361,seed,
ets_attnseg_event_nll_mixture,ets attnseg event nll mixture,2025,980.0000000000017,0.2683284089065749,seed,
ets_attnseg_event_nll_mixture,ets attnseg event nll mixture,2025,990.0000000000018,0.2699947861817135,seed,
ets_attnseg_event_nll_mixture,ets attnseg event nll mixture,2025,1000.0000000000018,0.26436228826317076,seed,
ets_attnseg_event_nll_mixture,ets attnseg event nll mixture,2026,-1000.0,0.11700677157492492,seed,
ets_attnseg_event_nll_mixture,ets attnseg event nll mixture,2026,-990.0,0.12025033587906139,seed,
ets_attnseg_event_nll_mixture,ets attnseg event nll mixture,2026,-980.0,0.12194601428203403,seed,
ets_attnseg_event_nll_mixture,ets attnseg event nll mixture,2026,-970.0,0.12329735171271303,seed,
ets_attnseg_event_nll_mixture,ets attnseg event nll mixture,2026,-960.0,0.12317663178295409,seed,
ets_attnseg_event_nll_mixture,ets attnseg event nll mixture,2026,-950.0,0.12460697466885395,seed,
ets_attnseg_event_nll_mixture,ets attnseg event nll mixture,2026,-940.0,0.12355288126035634,seed,
ets_attnseg_event_nll_mixture,ets attnseg event nll mixture,2026,-929.9999999999999,0.12253675076085778,seed,
ets_attnseg_event_nll_mixture,ets attnseg event nll mixture,2026,-919.9999999999999,0.1252546392550561,seed,
ets_attnseg_event_nll_mixture,ets attnseg event nll mixture,2026,-909.9999999999999,0.12270773613812762,seed,
ets_attnseg_event_nll_mixture,ets attnseg event nll mixture,2026,-899.9999999999999,0.12370862189439764,seed,
ets_attnseg_event_nll_mixture,ets attnseg event nll mixture,2026,-889.9999999999999,0.13356544038606008,seed,
ets_attnseg_event_nll_mixture,ets attnseg event nll mixture,2026,-879.9999999999999,0.14268952438262694,seed,
ets_attnseg_event_nll_mixture,ets attnseg event nll mixture,2026,-869.9999999999999,0.14501559994060165,seed,
ets_attnseg_event_nll_mixture,ets attnseg event nll mixture,2026,-859.9999999999999,0.14955553152572543,seed,
ets_attnseg_event_nll_mixture,ets attnseg event nll mixture,2026,-849.9999999999999,0.15090495375347834,seed,
ets_attnseg_event_nll_mixture,ets attnseg event nll mixture,2026,-839.9999999999999,0.1499530344048021,seed,
ets_attnseg_event_nll_mixture,ets attnseg event nll mixture,2026,-829.9999999999999,0.1488891678008786,seed,
ets_attnseg_event_nll_mixture,ets attnseg event nll mixture,2026,-819.9999999999999,0.14733479496151067,seed,
ets_attnseg_event_nll_mixture,ets attnseg event nll mixture,2026,-809.9999999999999,0.1483197704664333,seed,
ets_attnseg_event_nll_mixture,ets attnseg event nll mixture,2026,-799.9999999999998,0.14965055942734085,seed,
ets_attnseg_event_nll_mixture,ets attnseg event nll mixture,2026,-789.9999999999998,0.1523396188660779,seed,
ets_attnseg_event_nll_mixture,ets attnseg event nll mixture,2026,-779.9999999999998,0.15407060466162215,seed,
ets_attnseg_event_nll_mixture,ets attnseg event nll mixture,2026,-769.9999999999998,0.1563238404642254,seed,
ets_attnseg_event_nll_mixture,ets attnseg event nll mixture,2026,-759.9999999999998,0.1607031398799743,seed,
ets_attnseg_event_nll_mixture,ets attnseg event nll mixture,2026,-749.9999999999998,0.16634168857819265,seed,
ets_attnseg_event_nll_mixture,ets attnseg event nll mixture,2026,-739.9999999999998,0.17668374108413995,seed,
ets_attnseg_event_nll_mixture,ets attnseg event nll mixture,2026,-729.9999999999998,0.18773756625631507,seed,
ets_attnseg_event_nll_mixture,ets attnseg event nll mixture,2026,-719.9999999999998,0.19036079069099238,seed,
ets_attnseg_event_nll_mixture,ets attnseg event nll mixture,2026,-709.9999999999998,0.18838746632243866,seed,
ets_attnseg_event_nll_mixture,ets attnseg event nll mixture,2026,-699.9999999999998,0.19458478002090115,seed,
ets_attnseg_event_nll_mixture,ets attnseg event nll mixture,2026,-689.9999999999998,0.20377683426807625,seed,
ets_attnseg_event_nll_mixture,ets attnseg event nll mixture,2026,-679.9999999999998,0.20880784004041536,seed,
ets_attnseg_event_nll_mixture,ets attnseg event nll mixture,2026,-669.9999999999997,0.2127054255621146,seed,
ets_attnseg_event_nll_mixture,ets attnseg event nll mixture,2026,-659.9999999999997,0.21804674652727438,seed,
ets_attnseg_event_nll_mixture,ets attnseg event nll mixture,2026,-649.9999999999997,0.22179333517688532,seed,
ets_attnseg_event_nll_mixture,ets attnseg event nll mixture,2026,-639.9999999999997,0.22651800250562037,seed,
ets_attnseg_event_nll_mixture,ets attnseg event nll mixture,2026,-629.9999999999997,0.23358913511559204,seed,
ets_attnseg_event_nll_mixture,ets attnseg event nll mixture,2026,-619.9999999999997,0.23655130163707055,seed,
ets_attnseg_event_nll_mixture,ets attnseg event nll mixture,2026,-609.9999999999997,0.2381433171319438,seed,
ets_attnseg_event_nll_mixture,ets attnseg event nll mixture,2026,-599.9999999999997,0.2440553519763331,seed,
ets_attnseg_event_nll_mixture,ets attnseg event nll mixture,2026,-589.9999999999997,0.25144639222139015,seed,
ets_attnseg_event_nll_mixture,ets attnseg event nll mixture,2026,-579.9999999999997,0.25704887591878856,seed,
ets_attnseg_event_nll_mixture,ets attnseg event nll mixture,2026,-569.9999999999997,0.25844580829584735,seed,
ets_attnseg_event_nll_mixture,ets attnseg event nll mixture,2026,-559.9999999999997,0.2602381012093507,seed,
ets_attnseg_event_nll_mixture,ets attnseg event nll mixture,2026,-549.9999999999995,0.262904582649184,seed,
ets_attnseg_event_nll_mixture,ets attnseg event nll mixture,2026,-539.9999999999995,0.2686902220605521,seed,
ets_attnseg_event_nll_mixture,ets attnseg event nll mixture,2026,-529.9999999999995,0.2718850768344637,seed,
ets_attnseg_event_nll_mixture,ets attnseg event nll mixture,2026,-519.9999999999995,0.27491514069060097,seed,
ets_attnseg_event_nll_mixture,ets attnseg event nll mixture,2026,-509.99999999999955,0.2809688656242501,seed,
ets_attnseg_event_nll_mixture,ets attnseg event nll mixture,2026,-499.99999999999955,0.28978997688523644,seed,
ets_attnseg_event_nll_mixture,ets attnseg event nll mixture,2026,-489.99999999999955,0.293192565172666,seed,
ets_attnseg_event_nll_mixture,ets attnseg event nll mixture,2026,-479.99999999999955,0.29626386447131137,seed,
ets_attnseg_event_nll_mixture,ets attnseg event nll mixture,2026,-469.99999999999955,0.3030648687706376,seed,
ets_attnseg_event_nll_mixture,ets attnseg event nll mixture,2026,-459.99999999999955,0.31175608517765074,seed,
ets_attnseg_event_nll_mixture,ets attnseg event nll mixture,2026,-449.9999999999995,0.3245394249208008,seed,
ets_attnseg_event_nll_mixture,ets attnseg event nll mixture,2026,-439.9999999999995,0.33783665906158006,seed,
ets_attnseg_event_nll_mixture,ets attnseg event nll mixture,2026,-429.9999999999995,0.34419480707435535,seed,
ets_attnseg_event_nll_mixture,ets attnseg event nll mixture,2026,-419.9999999999995,0.34805992167270466,seed,
ets_attnseg_event_nll_mixture,ets attnseg event nll mixture,2026,-409.9999999999995,0.3492866264105877,seed,
ets_attnseg_event_nll_mixture,ets attnseg event nll mixture,2026,-399.9999999999995,0.3554897574979118,seed,
ets_attnseg_event_nll_mixture,ets attnseg event nll mixture,2026,-389.99999999999943,0.36532290586986227,seed,
ets_attnseg_event_nll_mixture,ets attnseg event nll mixture,2026,-379.99999999999943,0.37771365329502116,seed,
ets_attnseg_event_nll_mixture,ets attnseg event nll mixture,2026,-369.99999999999943,0.39439432859153417,seed,
ets_attnseg_event_nll_mixture,ets attnseg event nll mixture,2026,-359.99999999999943,0.39932491539836756,seed,
ets_attnseg_event_nll_mixture,ets attnseg event nll mixture,2026,-349.99999999999943,0.3982167401257192,seed,
ets_attnseg_event_nll_mixture,ets attnseg event nll mixture,2026,-339.99999999999943,0.3988293445208919,seed,
ets_attnseg_event_nll_mixture,ets attnseg event nll mixture,2026,-329.99999999999943,0.40288296794339734,seed,
ets_attnseg_event_nll_mixture,ets attnseg event nll mixture,2026,-319.9999999999994,0.414766456272451,seed,
ets_attnseg_event_nll_mixture,ets attnseg event nll mixture,2026,-309.9999999999994,0.4300953970578139,seed,
ets_attnseg_event_nll_mixture,ets attnseg event nll mixture,2026,-299.9999999999994,0.44273561270333717,seed,
ets_attnseg_event_nll_mixture,ets attnseg event nll mixture,2026,-289.9999999999994,0.45084447806607675,seed,
ets_attnseg_event_nll_mixture,ets attnseg event nll mixture,2026,-279.9999999999994,0.4556096013444785,seed,
ets_attnseg_event_nll_mixture,ets attnseg event nll mixture,2026,-269.9999999999994,0.4691822582517947,seed,
ets_attnseg_event_nll_mixture,ets attnseg event nll mixture,2026,-259.9999999999993,0.47553533822291477,seed,
ets_attnseg_event_nll_mixture,ets attnseg event nll mixture,2026,-249.99999999999935,0.48520439411831967,seed,
ets_attnseg_event_nll_mixture,ets attnseg event nll mixture,2026,-239.99999999999932,0.49609621240807616,seed,
ets_attnseg_event_nll_mixture,ets attnseg event nll mixture,2026,-229.99999999999932,0.5089189512119869,seed,
ets_attnseg_event_nll_mixture,ets attnseg event nll mixture,2026,-219.99999999999932,0.5240642809361623,seed,
ets_attnseg_event_nll_mixture,ets attnseg event nll mixture,2026,-209.9999999999993,0.5469524397918167,seed,
ets_attnseg_event_nll_mixture,ets attnseg event nll mixture,2026,-199.9999999999993,0.5654620362831776,seed,
ets_attnseg_event_nll_mixture,ets attnseg event nll mixture,2026,-189.9999999999993,0.5881511822291935,seed,
ets_attnseg_event_nll_mixture,ets attnseg event nll mixture,2026,-179.99999999999926,0.6170742261463737,seed,
ets_attnseg_event_nll_mixture,ets attnseg event nll mixture,2026,-169.99999999999926,0.6468577614526154,seed,
ets_attnseg_event_nll_mixture,ets attnseg event nll mixture,2026,-159.99999999999926,0.6874347585350568,seed,
ets_attnseg_event_nll_mixture,ets attnseg event nll mixture,2026,-149.99999999999923,0.7260121180703265,seed,
ets_attnseg_event_nll_mixture,ets attnseg event nll mixture,2026,-139.99999999999923,0.7777631210544252,seed,
ets_attnseg_event_nll_mixture,ets attnseg event nll mixture,2026,-129.99999999999923,0.8310608888613052,seed,
ets_attnseg_event_nll_mixture,ets attnseg event nll mixture,2026,-119.99999999999922,0.8962893678441639,seed,
ets_attnseg_event_nll_mixture,ets attnseg event nll mixture,2026,-109.9999999999992,0.9729290130789934,seed,
ets_attnseg_event_nll_mixture,ets attnseg event nll mixture,2026,-99.9999999999992,1.0678130131831511,seed,
ets_attnseg_event_nll_mixture,ets attnseg event nll mixture,2026,-89.99999999999919,1.1916281627957246,seed,
ets_attnseg_event_nll_mixture,ets attnseg event nll mixture,2026,-79.99999999999918,1.374788666568789,seed,
ets_attnseg_event_nll_mixture,ets attnseg event nll mixture,2026,-69.99999999999918,1.5836370361983487,seed,
ets_attnseg_event_nll_mixture,ets attnseg event nll mixture,2026,-59.99999999999916,1.8012824486331958,seed,
ets_attnseg_event_nll_mixture,ets attnseg event nll mixture,2026,-49.999999999999154,2.0020195988843144,seed,
ets_attnseg_event_nll_mixture,ets attnseg event nll mixture,2026,-39.99999999999915,2.1826570138475665,seed,
ets_attnseg_event_nll_mixture,ets attnseg event nll mixture,2026,-29.99999999999914,2.3290387059565085,seed,
ets_attnseg_event_nll_mixture,ets attnseg event nll mixture,2026,-19.99999999999913,2.4053293430824914,seed,
ets_attnseg_event_nll_mixture,ets attnseg event nll mixture,2026,-9.99999999999912,2.4693966428556,seed,
ets_attnseg_event_nll_mixture,ets attnseg event nll mixture,2026,8.881784197001252e-13,2.5065097378886545,seed,
ets_attnseg_event_nll_mixture,ets attnseg event nll mixture,2026,10.000000000000897,2.537117160044226,seed,
ets_attnseg_event_nll_mixture,ets attnseg event nll mixture,2026,20.000000000000906,2.4866356884057588,seed,
ets_attnseg_event_nll_mixture,ets attnseg event nll mixture,2026,30.000000000000917,2.395908275457654,seed,
ets_attnseg_event_nll_mixture,ets attnseg event nll mixture,2026,40.000000000000924,2.2335299422941746,seed,
ets_attnseg_event_nll_mixture,ets attnseg event nll mixture,2026,50.00000000000093,2.0104777718969338,seed,
ets_attnseg_event_nll_mixture,ets attnseg event nll mixture,2026,60.00000000000094,1.7390644091889673,seed,
ets_attnseg_event_nll_mixture,ets attnseg event nll mixture,2026,70.00000000000095,1.5344472506369764,seed,
ets_attnseg_event_nll_mixture,ets attnseg event nll mixture,2026,80.00000000000097,1.381126198425178,seed,
ets_attnseg_event_nll_mixture,ets attnseg event nll mixture,2026,90.00000000000097,1.272056049106981,seed,
ets_attnseg_event_nll_mixture,ets attnseg event nll mixture,2026,100.00000000000098,1.1492003518290435,seed,
ets_attnseg_event_nll_mixture,ets attnseg event nll mixture,2026,110.00000000000098,1.0654261486317467,seed,
ets_attnseg_event_nll_mixture,ets attnseg event nll mixture,2026,120.000000000001,0.9938778249625335,seed,
ets_attnseg_event_nll_mixture,ets attnseg event nll mixture,2026,130.000000000001,0.9430430849312605,seed,
ets_attnseg_event_nll_mixture,ets attnseg event nll mixture,2026,140.00000000000102,0.878139595107799,seed,
ets_attnseg_event_nll_mixture,ets attnseg event nll mixture,2026,150.00000000000102,0.8288779691543982,seed,
ets_attnseg_event_nll_mixture,ets attnseg event nll mixture,2026,160.00000000000102,0.7957674076871282,seed,
ets_attnseg_event_nll_mixture,ets attnseg event nll mixture,2026,170.00000000000105,0.7879279662724156,seed,
ets_attnseg_event_nll_mixture,ets attnseg event nll mixture,2026,180.00000000000105,0.7846619177055165,seed,
ets_attnseg_event_nll_mixture,ets attnseg event nll mixture,2026,190.00000000000105,0.7650989749303014,seed,
ets_attnseg_event_nll_mixture,ets attnseg event nll mixture,2026,200.00000000000108,0.7356908661547059,seed,
ets_attnseg_event_nll_mixture,ets attnseg event nll mixture,2026,210.00000000000108,0.7107690893987999,seed,
ets_attnseg_event_nll_mixture,ets attnseg event nll mixture,2026,220.00000000000108,0.6828384764900812,seed,
ets_attnseg_event_nll_mixture,ets attnseg event nll mixture,2026,230.00000000000108,0.6609944543714547,seed,
ets_attnseg_event_nll_mixture,ets attnseg event nll mixture,2026,240.0000000000011,0.6408332651131473,seed,
ets_attnseg_event_nll_mixture,ets attnseg event nll mixture,2026,250.0000000000011,0.6275406823134912,seed,
ets_attnseg_event_nll_mixture,ets attnseg event nll mixture,2026,260.00000000000114,0.6133261215512061,seed,
ets_attnseg_event_nll_mixture,ets attnseg event nll mixture,2026,270.00000000000114,0.5896586650213357,seed,
ets_attnseg_event_nll_mixture,ets attnseg event nll mixture,2026,280.00000000000114,0.5581743103567655,seed,
ets_attnseg_event_nll_mixture,ets attnseg event nll mixture,2026,290.00000000000114,0.5291579371618218,seed,
ets_attnseg_event_nll_mixture,ets attnseg event nll mixture,2026,300.00000000000114,0.5030713924373577,seed,
ets_attnseg_event_nll_mixture,ets attnseg event nll mixture,2026,310.00000000000114,0.4905609027703421,seed,
ets_attnseg_event_nll_mixture,ets attnseg event nll mixture,2026,320.0000000000012,0.48300892360626757,seed,
ets_attnseg_event_nll_mixture,ets attnseg event nll mixture,2026,330.0000000000012,0.4665330796531351,seed,
ets_attnseg_event_nll_mixture,ets attnseg event nll mixture,2026,340.0000000000012,0.45203590265493215,seed,
ets_attnseg_event_nll_mixture,ets attnseg event nll mixture,2026,350.0000000000012,0.4370332251437431,seed,
ets_attnseg_event_nll_mixture,ets attnseg event nll mixture,2026,360.0000000000012,0.42573262313338817,seed,
ets_attnseg_event_nll_mixture,ets attnseg event nll mixture,2026,370.0000000000012,0.4157637426314832,seed,
ets_attnseg_event_nll_mixture,ets attnseg event nll mixture,2026,380.00000000000125,0.4040962474303295,seed,
ets_attnseg_event_nll_mixture,ets attnseg event nll mixture,2026,390.00000000000125,0.39988351885463336,seed,
ets_attnseg_event_nll_mixture,ets attnseg event nll mixture,2026,400.00000000000125,0.39498448464978114,seed,
ets_attnseg_event_nll_mixture,ets attnseg event nll mixture,2026,410.00000000000125,0.38906506730553114,seed,
ets_attnseg_event_nll_mixture,ets attnseg event nll mixture,2026,420.00000000000125,0.38379446385294014,seed,
ets_attnseg_event_nll_mixture,ets attnseg event nll mixture,2026,430.00000000000125,0.3832164806138293,seed,
ets_attnseg_event_nll_mixture,ets attnseg event nll mixture,2026,440.00000000000125,0.38686144505405545,seed,
ets_attnseg_event_nll_mixture,ets attnseg event nll mixture,2026,450.0000000000013,0.38327500090534894,seed,
ets_attnseg_event_nll_mixture,ets attnseg event nll mixture,2026,460.0000000000013,0.37343375155729913,seed,
ets_attnseg_event_nll_mixture,ets attnseg event nll mixture,2026,470.0000000000013,0.3588353167918675,seed,
ets_attnseg_event_nll_mixture,ets attnseg event nll mixture,2026,480.0000000000013,0.3474125103922325,seed,
ets_attnseg_event_nll_mixture,ets attnseg event nll mixture,2026,490.0000000000013,0.34148579325523004,seed,
ets_attnseg_event_nll_mixture,ets attnseg event nll mixture,2026,500.0000000000013,0.33801290027220654,seed,
ets_attnseg_event_nll_mixture,ets attnseg event nll mixture,2026,510.00000000000136,0.336643702254794,seed,
ets_attnseg_event_nll_mixture,ets attnseg event nll mixture,2026,520.0000000000014,0.33429285449041385,seed,
ets_attnseg_event_nll_mixture,ets attnseg event nll mixture,2026,530.0000000000014,0.3312923443523718,seed,
ets_attnseg_event_nll_mixture,ets attnseg event nll mixture,2026,540.0000000000014,0.32336042122490055,seed,
ets_attnseg_event_nll_mixture,ets attnseg event nll mixture,2026,550.0000000000014,0.3164316078220918,seed,
ets_attnseg_event_nll_mixture,ets attnseg event nll mixture,2026,560.0000000000014,0.3098617550427382,seed,
ets_attnseg_event_nll_mixture,ets attnseg event nll mixture,2026,570.0000000000014,0.3054088686249239,seed,
ets_attnseg_event_nll_mixture,ets attnseg event nll mixture,2026,580.0000000000014,0.3012833764074332,seed,
ets_attnseg_event_nll_mixture,ets attnseg event nll mixture,2026,590.0000000000014,0.29994961752019095,seed,
ets_attnseg_event_nll_mixture,ets attnseg event nll mixture,2026,600.0000000000014,0.2948383000819334,seed,
ets_attnseg_event_nll_mixture,ets attnseg event nll mixture,2026,610.0000000000015,0.28802270996641366,seed,
ets_attnseg_event_nll_mixture,ets attnseg event nll mixture,2026,620.0000000000015,0.2848424964021048,seed,
ets_attnseg_event_nll_mixture,ets attnseg event nll mixture,2026,630.0000000000015,0.27819236987875445,seed,
ets_attnseg_event_nll_mixture,ets attnseg event nll mixture,2026,640.0000000000015,0.27301225366944154,seed,
ets_attnseg_event_nll_mixture,ets attnseg event nll mixture,2026,650.0000000000015,0.26900717742630337,seed,
ets_attnseg_event_nll_mixture,ets attnseg event nll mixture,2026,660.0000000000015,0.2700326113421674,seed,
ets_attnseg_event_nll_mixture,ets attnseg event nll mixture,2026,670.0000000000015,0.27538590081669884,seed,
ets_attnseg_event_nll_mixture,ets attnseg event nll mixture,2026,680.0000000000015,0.28157563567276256,seed,
ets_attnseg_event_nll_mixture,ets attnseg event nll mixture,2026,690.0000000000015,0.28161704930669346,seed,
ets_attnseg_event_nll_mixture,ets attnseg event nll mixture,2026,700.0000000000015,0.27561406303733094,seed,
ets_attnseg_event_nll_mixture,ets attnseg event nll mixture,2026,710.0000000000015,0.2728719923533202,seed,
ets_attnseg_event_nll_mixture,ets attnseg event nll mixture,2026,720.0000000000015,0.26468583580718125,seed,
ets_attnseg_event_nll_mixture,ets attnseg event nll mixture,2026,730.0000000000016,0.25477301014008774,seed,
ets_attnseg_event_nll_mixture,ets attnseg event nll mixture,2026,740.0000000000016,0.2546733212225767,seed,
ets_attnseg_event_nll_mixture,ets attnseg event nll mixture,2026,750.0000000000016,0.25067148139270423,seed,
ets_attnseg_event_nll_mixture,ets attnseg event nll mixture,2026,760.0000000000016,0.24853019031238696,seed,
ets_attnseg_event_nll_mixture,ets attnseg event nll mixture,2026,770.0000000000016,0.2467111332742422,seed,
ets_attnseg_event_nll_mixture,ets attnseg event nll mixture,2026,780.0000000000016,0.2397588819835592,seed,
ets_attnseg_event_nll_mixture,ets attnseg event nll mixture,2026,790.0000000000016,0.2370081704612836,seed,
ets_attnseg_event_nll_mixture,ets attnseg event nll mixture,2026,800.0000000000016,0.23771278687113695,seed,
ets_attnseg_event_nll_mixture,ets attnseg event nll mixture,2026,810.0000000000016,0.2399709286598945,seed,
ets_attnseg_event_nll_mixture,ets attnseg event nll mixture,2026,820.0000000000016,0.23626981890622517,seed,
ets_attnseg_event_nll_mixture,ets attnseg event nll mixture,2026,830.0000000000016,0.2336788116573807,seed,
ets_attnseg_event_nll_mixture,ets attnseg event nll mixture,2026,840.0000000000016,0.23378874890559093,seed,
ets_attnseg_event_nll_mixture,ets attnseg event nll mixture,2026,850.0000000000016,0.2344378907833912,seed,
ets_attnseg_event_nll_mixture,ets attnseg event nll mixture,2026,860.0000000000017,0.23721507301635186,seed,
ets_attnseg_event_nll_mixture,ets attnseg event nll mixture,2026,870.0000000000017,0.24686831662250258,seed,
ets_attnseg_event_nll_mixture,ets attnseg event nll mixture,2026,880.0000000000017,0.2471556784919062,seed,
ets_attnseg_event_nll_mixture,ets attnseg event nll mixture,2026,890.0000000000017,0.23950146241091888,seed,
ets_attnseg_event_nll_mixture,ets attnseg event nll mixture,2026,900.0000000000017,0.23354381274004907,seed,
ets_attnseg_event_nll_mixture,ets attnseg event nll mixture,2026,910.0000000000017,0.23005545748255904,seed,
ets_attnseg_event_nll_mixture,ets attnseg event nll mixture,2026,920.0000000000017,0.2385900884253877,seed,
ets_attnseg_event_nll_mixture,ets attnseg event nll mixture,2026,930.0000000000017,0.25212389486741854,seed,
ets_attnseg_event_nll_mixture,ets attnseg event nll mixture,2026,940.0000000000017,0.26545735633047035,seed,
ets_attnseg_event_nll_mixture,ets attnseg event nll mixture,2026,950.0000000000017,0.2770346057192862,seed,
ets_attnseg_event_nll_mixture,ets attnseg event nll mixture,2026,960.0000000000017,0.27787880799887543,seed,
ets_attnseg_event_nll_mixture,ets attnseg event nll mixture,2026,970.0000000000017,0.265816226597513,seed,
ets_attnseg_event_nll_mixture,ets attnseg event nll mixture,2026,980.0000000000017,0.2580836597162321,seed,
ets_attnseg_event_nll_mixture,ets attnseg event nll mixture,2026,990.0000000000018,0.26205640505188577,seed,
ets_attnseg_event_nll_mixture,ets attnseg event nll mixture,2026,1000.0000000000018,0.25981320735137986,seed,
ets_attnseg_event_nll_mixture,ets attnseg event nll mixture,2027,-1000.0,0.13277909406995228,seed,
ets_attnseg_event_nll_mixture,ets attnseg event nll mixture,2027,-990.0,0.13820217237156388,seed,
ets_attnseg_event_nll_mixture,ets attnseg event nll mixture,2027,-980.0,0.138438719178151,seed,
ets_attnseg_event_nll_mixture,ets attnseg event nll mixture,2027,-970.0,0.14057817978841028,seed,
ets_attnseg_event_nll_mixture,ets attnseg event nll mixture,2027,-960.0,0.13903008915030826,seed,
ets_attnseg_event_nll_mixture,ets attnseg event nll mixture,2027,-950.0,0.13846090062326022,seed,
ets_attnseg_event_nll_mixture,ets attnseg event nll mixture,2027,-940.0,0.14301992406729278,seed,
ets_attnseg_event_nll_mixture,ets attnseg event nll mixture,2027,-929.9999999999999,0.1496995869620391,seed,
ets_attnseg_event_nll_mixture,ets attnseg event nll mixture,2027,-919.9999999999999,0.15580760306776117,seed,
ets_attnseg_event_nll_mixture,ets attnseg event nll mixture,2027,-909.9999999999999,0.1579745983733401,seed,
ets_attnseg_event_nll_mixture,ets attnseg event nll mixture,2027,-899.9999999999999,0.15771616884842027,seed,
ets_attnseg_event_nll_mixture,ets attnseg event nll mixture,2027,-889.9999999999999,0.160944254818236,seed,
ets_attnseg_event_nll_mixture,ets attnseg event nll mixture,2027,-879.9999999999999,0.16282702992113512,seed,
ets_attnseg_event_nll_mixture,ets attnseg event nll mixture,2027,-869.9999999999999,0.16256917639018723,seed,
ets_attnseg_event_nll_mixture,ets attnseg event nll mixture,2027,-859.9999999999999,0.16722685442640756,seed,
ets_attnseg_event_nll_mixture,ets attnseg event nll mixture,2027,-849.9999999999999,0.16891883923710754,seed,
ets_attnseg_event_nll_mixture,ets attnseg event nll mixture,2027,-839.9999999999999,0.17024092387408257,seed,
ets_attnseg_event_nll_mixture,ets attnseg event nll mixture,2027,-829.9999999999999,0.16846155038902053,seed,
ets_attnseg_event_nll_mixture,ets attnseg event nll mixture,2027,-819.9999999999999,0.16853466006806064,seed,
ets_attnseg_event_nll_mixture,ets attnseg event nll mixture,2027,-809.9999999999999,0.1714007855620682,seed,
ets_attnseg_event_nll_mixture,ets attnseg event nll mixture,2027,-799.9999999999998,0.1741741412665128,seed,
ets_attnseg_event_nll_mixture,ets attnseg event nll mixture,2027,-789.9999999999998,0.17641097794184596,seed,
ets_attnseg_event_nll_mixture,ets attnseg event nll mixture,2027,-779.9999999999998,0.17682320394153853,seed,
ets_attnseg_event_nll_mixture,ets attnseg event nll mixture,2027,-769.9999999999998,0.18189416038734624,seed,
ets_attnseg_event_nll_mixture,ets attnseg event nll mixture,2027,-759.9999999999998,0.18945657678191094,seed,
ets_attnseg_event_nll_mixture,ets attnseg event nll mixture,2027,-749.9999999999998,0.19771420489820377,seed,
ets_attnseg_event_nll_mixture,ets attnseg event nll mixture,2027,-739.9999999999998,0.20753416464406838,seed,
ets_attnseg_event_nll_mixture,ets attnseg event nll mixture,2027,-729.9999999999998,0.2154378621124684,seed,
ets_attnseg_event_nll_mixture,ets attnseg event nll mixture,2027,-719.9999999999998,0.2213705746814237,seed,
ets_attnseg_event_nll_mixture,ets attnseg event nll mixture,2027,-709.9999999999998,0.21919022960961085,seed,
ets_attnseg_event_nll_mixture,ets attnseg event nll mixture,2027,-699.9999999999998,0.21652283844100942,seed,
ets_attnseg_event_nll_mixture,ets attnseg event nll mixture,2027,-689.9999999999998,0.21850249678873168,seed,
ets_attnseg_event_nll_mixture,ets attnseg event nll mixture,2027,-679.9999999999998,0.22319432795111532,seed,
ets_attnseg_event_nll_mixture,ets attnseg event nll mixture,2027,-669.9999999999997,0.2295423019819084,seed,
ets_attnseg_event_nll_mixture,ets attnseg event nll mixture,2027,-659.9999999999997,0.23286974168757418,seed,
ets_attnseg_event_nll_mixture,ets attnseg event nll mixture,2027,-649.9999999999997,0.23453770309497093,seed,
ets_attnseg_event_nll_mixture,ets attnseg event nll mixture,2027,-639.9999999999997,0.2416088432232558,seed,
ets_attnseg_event_nll_mixture,ets attnseg event nll mixture,2027,-629.9999999999997,0.25100657647820196,seed,
ets_attnseg_event_nll_mixture,ets attnseg event nll mixture,2027,-619.9999999999997,0.26377873598165313,seed,
ets_attnseg_event_nll_mixture,ets attnseg event nll mixture,2027,-609.9999999999997,0.27468211911666446,seed,
ets_attnseg_event_nll_mixture,ets attnseg event nll mixture,2027,-599.9999999999997,0.2831285300275707,seed,
ets_attnseg_event_nll_mixture,ets attnseg event nll mixture,2027,-589.9999999999997,0.2871412529851732,seed,
ets_attnseg_event_nll_mixture,ets attnseg event nll mixture,2027,-579.9999999999997,0.28598733172466384,seed,
ets_attnseg_event_nll_mixture,ets attnseg event nll mixture,2027,-569.9999999999997,0.2830205978643916,seed,
ets_attnseg_event_nll_mixture,ets attnseg event nll mixture,2027,-559.9999999999997,0.28050457195842476,seed,
ets_attnseg_event_nll_mixture,ets attnseg event nll mixture,2027,-549.9999999999995,0.2852395778261006,seed,
ets_attnseg_event_nll_mixture,ets attnseg event nll mixture,2027,-539.9999999999995,0.290024861427034,seed,
ets_attnseg_event_nll_mixture,ets attnseg event nll mixture,2027,-529.9999999999995,0.290820122560381,seed,
ets_attnseg_event_nll_mixture,ets attnseg event nll mixture,2027,-519.9999999999995,0.29135495552584584,seed,
ets_attnseg_event_nll_mixture,ets attnseg event nll mixture,2027,-509.99999999999955,0.29504989022430067,seed,
ets_attnseg_event_nll_mixture,ets attnseg event nll mixture,2027,-499.99999999999955,0.3011284866467904,seed,
ets_attnseg_event_nll_mixture,ets attnseg event nll mixture,2027,-489.99999999999955,0.30723778298305277,seed,
ets_attnseg_event_nll_mixture,ets attnseg event nll mixture,2027,-479.99999999999955,0.31261325275910273,seed,
ets_attnseg_event_nll_mixture,ets attnseg event nll mixture,2027,-469.99999999999955,0.3174032473470274,seed,
ets_attnseg_event_nll_mixture,ets attnseg event nll mixture,2027,-459.99999999999955,0.3212760803322667,seed,
ets_attnseg_event_nll_mixture,ets attnseg event nll mixture,2027,-449.9999999999995,0.3251862429060773,seed,
ets_attnseg_event_nll_mixture,ets attnseg event nll mixture,2027,-439.9999999999995,0.33093956232619515,seed,
ets_attnseg_event_nll_mixture,ets attnseg event nll mixture,2027,-429.9999999999995,0.34026351374177355,seed,
ets_attnseg_event_nll_mixture,ets attnseg event nll mixture,2027,-419.9999999999995,0.3482571738411059,seed,
ets_attnseg_event_nll_mixture,ets attnseg event nll mixture,2027,-409.9999999999995,0.3585797744467204,seed,
ets_attnseg_event_nll_mixture,ets attnseg event nll mixture,2027,-399.9999999999995,0.3694054751567747,seed,
ets_attnseg_event_nll_mixture,ets attnseg event nll mixture,2027,-389.99999999999943,0.3789665322398893,seed,
ets_attnseg_event_nll_mixture,ets attnseg event nll mixture,2027,-379.99999999999943,0.386900830640899,seed,
ets_attnseg_event_nll_mixture,ets attnseg event nll mixture,2027,-369.99999999999943,0.3988867821407639,seed,
ets_attnseg_event_nll_mixture,ets attnseg event nll mixture,2027,-359.99999999999943,0.41183672910237334,seed,
ets_attnseg_event_nll_mixture,ets attnseg event nll mixture,2027,-349.99999999999943,0.42446152788023506,seed,
ets_attnseg_event_nll_mixture,ets attnseg event nll mixture,2027,-339.99999999999943,0.4369947664910258,seed,
ets_attnseg_event_nll_mixture,ets attnseg event nll mixture,2027,-329.99999999999943,0.45116208762130844,seed,
ets_attnseg_event_nll_mixture,ets attnseg event nll mixture,2027,-319.9999999999994,0.46505213768245857,seed,
ets_attnseg_event_nll_mixture,ets attnseg event nll mixture,2027,-309.9999999999994,0.47645062957567347,seed,
ets_attnseg_event_nll_mixture,ets attnseg event nll mixture,2027,-299.9999999999994,0.4908954447442185,seed,
ets_attnseg_event_nll_mixture,ets attnseg event nll mixture,2027,-289.9999999999994,0.5060379403803448,seed,
ets_attnseg_event_nll_mixture,ets attnseg event nll mixture,2027,-279.9999999999994,0.5167246814474754,seed,
ets_attnseg_event_nll_mixture,ets attnseg event nll mixture,2027,-269.9999999999994,0.5254745275437948,seed,
ets_attnseg_event_nll_mixture,ets attnseg event nll mixture,2027,-259.9999999999993,0.529334646867368,seed,
ets_attnseg_event_nll_mixture,ets attnseg event nll mixture,2027,-249.99999999999935,0.5355591421617657,seed,
ets_attnseg_event_nll_mixture,ets attnseg event nll mixture,2027,-239.99999999999932,0.545887699873642,seed,
ets_attnseg_event_nll_mixture,ets attnseg event nll mixture,2027,-229.99999999999932,0.5612404542377117,seed,
ets_attnseg_event_nll_mixture,ets attnseg event nll mixture,2027,-219.99999999999932,0.5806807137273924,seed,
ets_attnseg_event_nll_mixture,ets attnseg event nll mixture,2027,-209.9999999999993,0.6023678271722117,seed,
ets_attnseg_event_nll_mixture,ets attnseg event nll mixture,2027,-199.9999999999993,0.6257933908710008,seed,
ets_attnseg_event_nll_mixture,ets attnseg event nll mixture,2027,-189.9999999999993,0.6536845399484899,seed,
ets_attnseg_event_nll_mixture,ets attnseg event nll mixture,2027,-179.99999999999926,0.6846235602076557,seed,
ets_attnseg_event_nll_mixture,ets attnseg event nll mixture,2027,-169.99999999999926,0.7207126928562562,seed,
ets_attnseg_event_nll_mixture,ets attnseg event nll mixture,2027,-159.99999999999926,0.771248588540686,seed,
ets_attnseg_event_nll_mixture,ets attnseg event nll mixture,2027,-149.99999999999923,0.8252944982001248,seed,
ets_attnseg_event_nll_mixture,ets attnseg event nll mixture,2027,-139.99999999999923,0.8846398324298663,seed,
ets_attnseg_event_nll_mixture,ets attnseg event nll mixture,2027,-129.99999999999923,0.9474460690605543,seed,
ets_attnseg_event_nll_mixture,ets attnseg event nll mixture,2027,-119.99999999999922,1.0273048645367104,seed,
ets_attnseg_event_nll_mixture,ets attnseg event nll mixture,2027,-109.9999999999992,1.1248152714108726,seed,
ets_attnseg_event_nll_mixture,ets attnseg event nll mixture,2027,-99.9999999999992,1.2490637439417378,seed,
ets_attnseg_event_nll_mixture,ets attnseg event nll mixture,2027,-89.99999999999919,1.4159809929256002,seed,
ets_attnseg_event_nll_mixture,ets attnseg event nll mixture,2027,-79.99999999999918,1.6054936593517304,seed,
ets_attnseg_event_nll_mixture,ets attnseg event nll mixture,2027,-69.99999999999918,1.810039063022671,seed,
ets_attnseg_event_nll_mixture,ets attnseg event nll mixture,2027,-59.99999999999916,1.998729187276488,seed,
ets_attnseg_event_nll_mixture,ets attnseg event nll mixture,2027,-49.999999999999154,2.159512972520907,seed,
ets_attnseg_event_nll_mixture,ets attnseg event nll mixture,2027,-39.99999999999915,2.302687958647091,seed,
ets_attnseg_event_nll_mixture,ets attnseg event nll mixture,2027,-29.99999999999914,2.432565813580195,seed,
ets_attnseg_event_nll_mixture,ets attnseg event nll mixture,2027,-19.99999999999913,2.5314059858116913,seed,
ets_attnseg_event_nll_mixture,ets attnseg event nll mixture,2027,-9.99999999999912,2.5510312203063883,seed,
ets_attnseg_event_nll_mixture,ets attnseg event nll mixture,2027,8.881784197001252e-13,2.5087277074944407,seed,
ets_attnseg_event_nll_mixture,ets attnseg event nll mixture,2027,10.000000000000897,2.4470354084916397,seed,
ets_attnseg_event_nll_mixture,ets attnseg event nll mixture,2027,20.000000000000906,2.369173015962417,seed,
ets_attnseg_event_nll_mixture,ets attnseg event nll mixture,2027,30.000000000000917,2.235511011952288,seed,
ets_attnseg_event_nll_mixture,ets attnseg event nll mixture,2027,40.000000000000924,2.043447945281591,seed,
ets_attnseg_event_nll_mixture,ets attnseg event nll mixture,2027,50.00000000000093,1.8486631766084707,seed,
ets_attnseg_event_nll_mixture,ets attnseg event nll mixture,2027,60.00000000000094,1.6643533922331768,seed,
ets_attnseg_event_nll_mixture,ets attnseg event nll mixture,2027,70.00000000000095,1.493538171023888,seed,
ets_attnseg_event_nll_mixture,ets attnseg event nll mixture,2027,80.00000000000097,1.3388442879281754,seed,
ets_attnseg_event_nll_mixture,ets attnseg event nll mixture,2027,90.00000000000097,1.2008241447646486,seed,
ets_attnseg_event_nll_mixture,ets attnseg event nll mixture,2027,100.00000000000098,1.0896030970025514,seed,
ets_attnseg_event_nll_mixture,ets attnseg event nll mixture,2027,110.00000000000098,1.0097688476878701,seed,
ets_attnseg_event_nll_mixture,ets attnseg event nll mixture,2027,120.000000000001,0.9525606395624642,seed,
ets_attnseg_event_nll_mixture,ets attnseg event nll mixture,2027,130.000000000001,0.8939182971596011,seed,
ets_attnseg_event_nll_mixture,ets attnseg event nll mixture,2027,140.00000000000102,0.8370492410141659,seed,
ets_attnseg_event_nll_mixture,ets attnseg event nll mixture,2027,150.00000000000102,0.7903517446648445,seed,
ets_attnseg_event_nll_mixture,ets attnseg event nll mixture,2027,160.00000000000102,0.7517584319874592,seed,
ets_attnseg_event_nll_mixture,ets attnseg event nll mixture,2027,170.00000000000105,0.7218559958798882,seed,
ets_attnseg_event_nll_mixture,ets attnseg event nll mixture,2027,180.00000000000105,0.7019837931175658,seed,
ets_attnseg_event_nll_mixture,ets attnseg event nll mixture,2027,190.00000000000105,0.6864254138726363,seed,
ets_attnseg_event_nll_mixture,ets attnseg event nll mixture,2027,200.00000000000108,0.667620580084227,seed,
ets_attnseg_event_nll_mixture,ets attnseg event nll mixture,2027,210.00000000000108,0.6458605939005487,seed,
ets_attnseg_event_nll_mixture,ets attnseg event nll mixture,2027,220.00000000000108,0.6235176279944288,seed,
ets_attnseg_event_nll_mixture,ets attnseg event nll mixture,2027,230.00000000000108,0.605376514268338,seed,
ets_attnseg_event_nll_mixture,ets attnseg event nll mixture,2027,240.0000000000011,0.5865202771681273,seed,
ets_attnseg_event_nll_mixture,ets attnseg event nll mixture,2027,250.0000000000011,0.5671251582397171,seed,
ets_attnseg_event_nll_mixture,ets attnseg event nll mixture,2027,260.00000000000114,0.5482285248179629,seed,
ets_attnseg_event_nll_mixture,ets attnseg event nll mixture,2027,270.00000000000114,0.5285019676586566,seed,
ets_attnseg_event_nll_mixture,ets attnseg event nll mixture,2027,280.00000000000114,0.5104953266782962,seed,
ets_attnseg_event_nll_mixture,ets attnseg event nll mixture,2027,290.00000000000114,0.49395810146539004,seed,
ets_attnseg_event_nll_mixture,ets attnseg event nll mixture,2027,300.00000000000114,0.4708533986931976,seed,
ets_attnseg_event_nll_mixture,ets attnseg event nll mixture,2027,310.00000000000114,0.44419800795655906,seed,
ets_attnseg_event_nll_mixture,ets attnseg event nll mixture,2027,320.0000000000012,0.41560259087030266,seed,
ets_attnseg_event_nll_mixture,ets attnseg event nll mixture,2027,330.0000000000012,0.39639755628189577,seed,
ets_attnseg_event_nll_mixture,ets attnseg event nll mixture,2027,340.0000000000012,0.38949185577305967,seed,
ets_attnseg_event_nll_mixture,ets attnseg event nll mixture,2027,350.0000000000012,0.3811719713603621,seed,
ets_attnseg_event_nll_mixture,ets attnseg event nll mixture,2027,360.0000000000012,0.37094048625931564,seed,
ets_attnseg_event_nll_mixture,ets attnseg event nll mixture,2027,370.0000000000012,0.36231286140634406,seed,
ets_attnseg_event_nll_mixture,ets attnseg event nll mixture,2027,380.00000000000125,0.35210729294299115,seed,
ets_attnseg_event_nll_mixture,ets attnseg event nll mixture,2027,390.00000000000125,0.34105731372875603,seed,
ets_attnseg_event_nll_mixture,ets attnseg event nll mixture,2027,400.00000000000125,0.33128124280594806,seed,
ets_attnseg_event_nll_mixture,ets attnseg event nll mixture,2027,410.00000000000125,0.32628551677420536,seed,
ets_attnseg_event_nll_mixture,ets attnseg event nll mixture,2027,420.00000000000125,0.3281330995633771,seed,
ets_attnseg_event_nll_mixture,ets attnseg event nll mixture,2027,430.00000000000125,0.3319152070583758,seed,
ets_attnseg_event_nll_mixture,ets attnseg event nll mixture,2027,440.00000000000125,0.32997128450580065,seed,
ets_attnseg_event_nll_mixture,ets attnseg event nll mixture,2027,450.0000000000013,0.32275040810038375,seed,
ets_attnseg_event_nll_mixture,ets attnseg event nll mixture,2027,460.0000000000013,0.31461550287653545,seed,
ets_attnseg_event_nll_mixture,ets attnseg event nll mixture,2027,470.0000000000013,0.3064092764626409,seed,
ets_attnseg_event_nll_mixture,ets attnseg event nll mixture,2027,480.0000000000013,0.300727761048317,seed,
ets_attnseg_event_nll_mixture,ets attnseg event nll mixture,2027,490.0000000000013,0.2974440202332954,seed,
ets_attnseg_event_nll_mixture,ets attnseg event nll mixture,2027,500.0000000000013,0.28876222781181915,seed,
ets_attnseg_event_nll_mixture,ets attnseg event nll mixture,2027,510.00000000000136,0.2812269620364347,seed,
ets_attnseg_event_nll_mixture,ets attnseg event nll mixture,2027,520.0000000000014,0.27479380944060205,seed,
ets_attnseg_event_nll_mixture,ets attnseg event nll mixture,2027,530.0000000000014,0.26883535616041093,seed,
ets_attnseg_event_nll_mixture,ets attnseg event nll mixture,2027,540.0000000000014,0.2630120309478374,seed,
ets_attnseg_event_nll_mixture,ets attnseg event nll mixture,2027,550.0000000000014,0.2581206467839501,seed,
ets_attnseg_event_nll_mixture,ets attnseg event nll mixture,2027,560.0000000000014,0.2557788074830464,seed,
ets_attnseg_event_nll_mixture,ets attnseg event nll mixture,2027,570.0000000000014,0.2530603983983389,seed,
ets_attnseg_event_nll_mixture,ets attnseg event nll mixture,2027,580.0000000000014,0.24710073358484297,seed,
ets_attnseg_event_nll_mixture,ets attnseg event nll mixture,2027,590.0000000000014,0.24406878510692656,seed,
ets_attnseg_event_nll_mixture,ets attnseg event nll mixture,2027,600.0000000000014,0.2383590400399197,seed,
ets_attnseg_event_nll_mixture,ets attnseg event nll mixture,2027,610.0000000000015,0.2331056897392579,seed,
ets_attnseg_event_nll_mixture,ets attnseg event nll mixture,2027,620.0000000000015,0.22903546110664633,seed,
ets_attnseg_event_nll_mixture,ets attnseg event nll mixture,2027,630.0000000000015,0.22582557849527282,seed,
ets_attnseg_event_nll_mixture,ets attnseg event nll mixture,2027,640.0000000000015,0.22479907302536326,seed,
ets_attnseg_event_nll_mixture,ets attnseg event nll mixture,2027,650.0000000000015,0.22308402840066305,seed,
ets_attnseg_event_nll_mixture,ets attnseg event nll mixture,2027,660.0000000000015,0.21932638307033628,seed,
ets_attnseg_event_nll_mixture,ets attnseg event nll mixture,2027,670.0000000000015,0.218296157537002,seed,
ets_attnseg_event_nll_mixture,ets attnseg event nll mixture,2027,680.0000000000015,0.2194129981166364,seed,
ets_attnseg_event_nll_mixture,ets attnseg event nll mixture,2027,690.0000000000015,0.22035113098249776,seed,
ets_attnseg_event_nll_mixture,ets attnseg event nll mixture,2027,700.0000000000015,0.22153186238032552,seed,
ets_attnseg_event_nll_mixture,ets attnseg event nll mixture,2027,710.0000000000015,0.22430088213806512,seed,
ets_attnseg_event_nll_mixture,ets attnseg event nll mixture,2027,720.0000000000015,0.22099860596838228,seed,
ets_attnseg_event_nll_mixture,ets attnseg event nll mixture,2027,730.0000000000016,0.2169165789851064,seed,
ets_attnseg_event_nll_mixture,ets attnseg event nll mixture,2027,740.0000000000016,0.2148939209904281,seed,
ets_attnseg_event_nll_mixture,ets attnseg event nll mixture,2027,750.0000000000016,0.21088828284926614,seed,
ets_attnseg_event_nll_mixture,ets attnseg event nll mixture,2027,760.0000000000016,0.20630694937857327,seed,
ets_attnseg_event_nll_mixture,ets attnseg event nll mixture,2027,770.0000000000016,0.20305211923301947,seed,
ets_attnseg_event_nll_mixture,ets attnseg event nll mixture,2027,780.0000000000016,0.19676319861255168,seed,
ets_attnseg_event_nll_mixture,ets attnseg event nll mixture,2027,790.0000000000016,0.1963224254617698,seed,
ets_attnseg_event_nll_mixture,ets attnseg event nll mixture,2027,800.0000000000016,0.19804611921146115,seed,
ets_attnseg_event_nll_mixture,ets attnseg event nll mixture,2027,810.0000000000016,0.20448794618311852,seed,
ets_attnseg_event_nll_mixture,ets attnseg event nll mixture,2027,820.0000000000016,0.20747562313590412,seed,
ets_attnseg_event_nll_mixture,ets attnseg event nll mixture,2027,830.0000000000016,0.20574348590521266,seed,
ets_attnseg_event_nll_mixture,ets attnseg event nll mixture,2027,840.0000000000016,0.20321744256607369,seed,
ets_attnseg_event_nll_mixture,ets attnseg event nll mixture,2027,850.0000000000016,0.1991972435122789,seed,
ets_attnseg_event_nll_mixture,ets attnseg event nll mixture,2027,860.0000000000017,0.19780134751497389,seed,
ets_attnseg_event_nll_mixture,ets attnseg event nll mixture,2027,870.0000000000017,0.201139961368915,seed,
ets_attnseg_event_nll_mixture,ets attnseg event nll mixture,2027,880.0000000000017,0.20310598157284523,seed,
ets_attnseg_event_nll_mixture,ets attnseg event nll mixture,2027,890.0000000000017,0.20386384421037854,seed,
ets_attnseg_event_nll_mixture,ets attnseg event nll mixture,2027,900.0000000000017,0.2064793159983564,seed,
ets_attnseg_event_nll_mixture,ets attnseg event nll mixture,2027,910.0000000000017,0.2064549106770098,seed,
ets_attnseg_event_nll_mixture,ets attnseg event nll mixture,2027,920.0000000000017,0.2043199375163062,seed,
ets_attnseg_event_nll_mixture,ets attnseg event nll mixture,2027,930.0000000000017,0.20177002079823206,seed,
ets_attnseg_event_nll_mixture,ets attnseg event nll mixture,2027,940.0000000000017,0.20136771037723236,seed,
ets_attnseg_event_nll_mixture,ets attnseg event nll mixture,2027,950.0000000000017,0.20867238609373392,seed,
ets_attnseg_event_nll_mixture,ets attnseg event nll mixture,2027,960.0000000000017,0.2163405463131221,seed,
ets_attnseg_event_nll_mixture,ets attnseg event nll mixture,2027,970.0000000000017,0.2194754315632434,seed,
ets_attnseg_event_nll_mixture,ets attnseg event nll mixture,2027,980.0000000000017,0.21939195957247495,seed,
ets_attnseg_event_nll_mixture,ets attnseg event nll mixture,2027,990.0000000000018,0.21654075241083443,seed,
ets_attnseg_event_nll_mixture,ets attnseg event nll mixture,2027,1000.0000000000018,0.20829765639454137,seed,
ets_attnseg_event_nll_mixture,ets attnseg event nll mixture,2028,-1000.0,0.12776068438422178,seed,
ets_attnseg_event_nll_mixture,ets attnseg event nll mixture,2028,-990.0,0.12868751634656275,seed,
ets_attnseg_event_nll_mixture,ets attnseg event nll mixture,2028,-980.0,0.13172091893997262,seed,
ets_attnseg_event_nll_mixture,ets attnseg event nll mixture,2028,-970.0,0.1339342551177127,seed,
ets_attnseg_event_nll_mixture,ets attnseg event nll mixture,2028,-960.0,0.13424254545364467,seed,
ets_attnseg_event_nll_mixture,ets attnseg event nll mixture,2028,-950.0,0.13668585979584377,seed,
ets_attnseg_event_nll_mixture,ets attnseg event nll mixture,2028,-940.0,0.1405633044223632,seed,
ets_attnseg_event_nll_mixture,ets attnseg event nll mixture,2028,-929.9999999999999,0.144012368646116,seed,
ets_attnseg_event_nll_mixture,ets attnseg event nll mixture,2028,-919.9999999999999,0.1495725362642243,seed,
ets_attnseg_event_nll_mixture,ets attnseg event nll mixture,2028,-909.9999999999999,0.15394877440105478,seed,
ets_attnseg_event_nll_mixture,ets attnseg event nll mixture,2028,-899.9999999999999,0.15554155026460417,seed,
ets_attnseg_event_nll_mixture,ets attnseg event nll mixture,2028,-889.9999999999999,0.15512911487972447,seed,
ets_attnseg_event_nll_mixture,ets attnseg event nll mixture,2028,-879.9999999999999,0.15625463241273246,seed,
ets_attnseg_event_nll_mixture,ets attnseg event nll mixture,2028,-869.9999999999999,0.15956464355474856,seed,
ets_attnseg_event_nll_mixture,ets attnseg event nll mixture,2028,-859.9999999999999,0.16227683174395488,seed,
ets_attnseg_event_nll_mixture,ets attnseg event nll mixture,2028,-849.9999999999999,0.16267027493840483,seed,
ets_attnseg_event_nll_mixture,ets attnseg event nll mixture,2028,-839.9999999999999,0.16104431264024469,seed,
ets_attnseg_event_nll_mixture,ets attnseg event nll mixture,2028,-829.9999999999999,0.15934262069965274,seed,
ets_attnseg_event_nll_mixture,ets attnseg event nll mixture,2028,-819.9999999999999,0.16190406437153443,seed,
ets_attnseg_event_nll_mixture,ets attnseg event nll mixture,2028,-809.9999999999999,0.1642045447023784,seed,
ets_attnseg_event_nll_mixture,ets attnseg event nll mixture,2028,-799.9999999999998,0.16549905760753425,seed,
ets_attnseg_event_nll_mixture,ets attnseg event nll mixture,2028,-789.9999999999998,0.16885736381411773,seed,
ets_attnseg_event_nll_mixture,ets attnseg event nll mixture,2028,-779.9999999999998,0.17165129502696708,seed,
ets_attnseg_event_nll_mixture,ets attnseg event nll mixture,2028,-769.9999999999998,0.17593029025449572,seed,
ets_attnseg_event_nll_mixture,ets attnseg event nll mixture,2028,-759.9999999999998,0.1793652606292652,seed,
ets_attnseg_event_nll_mixture,ets attnseg event nll mixture,2028,-749.9999999999998,0.18593555282613805,seed,
ets_attnseg_event_nll_mixture,ets attnseg event nll mixture,2028,-739.9999999999998,0.18924295100996585,seed,
ets_attnseg_event_nll_mixture,ets attnseg event nll mixture,2028,-729.9999999999998,0.18990349905521361,seed,
ets_attnseg_event_nll_mixture,ets attnseg event nll mixture,2028,-719.9999999999998,0.19233595096408462,seed,
ets_attnseg_event_nll_mixture,ets attnseg event nll mixture,2028,-709.9999999999998,0.19296429211229285,seed,
ets_attnseg_event_nll_mixture,ets attnseg event nll mixture,2028,-699.9999999999998,0.19696268582995766,seed,
ets_attnseg_event_nll_mixture,ets attnseg event nll mixture,2028,-689.9999999999998,0.20544119116056278,seed,
ets_attnseg_event_nll_mixture,ets attnseg event nll mixture,2028,-679.9999999999998,0.21248033323891719,seed,
ets_attnseg_event_nll_mixture,ets attnseg event nll mixture,2028,-669.9999999999997,0.21697309518362362,seed,
ets_attnseg_event_nll_mixture,ets attnseg event nll mixture,2028,-659.9999999999997,0.22382904365035763,seed,
ets_attnseg_event_nll_mixture,ets attnseg event nll mixture,2028,-649.9999999999997,0.22733585185952607,seed,
ets_attnseg_event_nll_mixture,ets attnseg event nll mixture,2028,-639.9999999999997,0.23180416208899776,seed,
ets_attnseg_event_nll_mixture,ets attnseg event nll mixture,2028,-629.9999999999997,0.23922485315909445,seed,
ets_attnseg_event_nll_mixture,ets attnseg event nll mixture,2028,-619.9999999999997,0.24675121365275082,seed,
ets_attnseg_event_nll_mixture,ets attnseg event nll mixture,2028,-609.9999999999997,0.2522561598637528,seed,
ets_attnseg_event_nll_mixture,ets attnseg event nll mixture,2028,-599.9999999999997,0.25446376261639525,seed,
ets_attnseg_event_nll_mixture,ets attnseg event nll mixture,2028,-589.9999999999997,0.25605653951204027,seed,
ets_attnseg_event_nll_mixture,ets attnseg event nll mixture,2028,-579.9999999999997,0.2589687816641373,seed,
ets_attnseg_event_nll_mixture,ets attnseg event nll mixture,2028,-569.9999999999997,0.2641251660170334,seed,
ets_attnseg_event_nll_mixture,ets attnseg event nll mixture,2028,-559.9999999999997,0.26788714536515756,seed,
ets_attnseg_event_nll_mixture,ets attnseg event nll mixture,2028,-549.9999999999995,0.27040640845844893,seed,
ets_attnseg_event_nll_mixture,ets attnseg event nll mixture,2028,-539.9999999999995,0.2739536974013286,seed,
ets_attnseg_event_nll_mixture,ets attnseg event nll mixture,2028,-529.9999999999995,0.28090922547441427,seed,
ets_attnseg_event_nll_mixture,ets attnseg event nll mixture,2028,-519.9999999999995,0.289736111902432,seed,
ets_attnseg_event_nll_mixture,ets attnseg event nll mixture,2028,-509.99999999999955,0.2971900282836025,seed,
ets_attnseg_event_nll_mixture,ets attnseg event nll mixture,2028,-499.99999999999955,0.29864238619337674,seed,
ets_attnseg_event_nll_mixture,ets attnseg event nll mixture,2028,-489.99999999999955,0.3014317076635334,seed,
ets_attnseg_event_nll_mixture,ets attnseg event nll mixture,2028,-479.99999999999955,0.3075487241912227,seed,
ets_attnseg_event_nll_mixture,ets attnseg event nll mixture,2028,-469.99999999999955,0.3167440003267672,seed,
ets_attnseg_event_nll_mixture,ets attnseg event nll mixture,2028,-459.99999999999955,0.3242019031560713,seed,
ets_attnseg_event_nll_mixture,ets attnseg event nll mixture,2028,-449.9999999999995,0.3300434373211202,seed,
ets_attnseg_event_nll_mixture,ets attnseg event nll mixture,2028,-439.9999999999995,0.33450532282007434,seed,
ets_attnseg_event_nll_mixture,ets attnseg event nll mixture,2028,-429.9999999999995,0.3399886102501475,seed,
ets_attnseg_event_nll_mixture,ets attnseg event nll mixture,2028,-419.9999999999995,0.34936118858104315,seed,
ets_attnseg_event_nll_mixture,ets attnseg event nll mixture,2028,-409.9999999999995,0.36003754544547334,seed,
ets_attnseg_event_nll_mixture,ets attnseg event nll mixture,2028,-399.9999999999995,0.36828184556384513,seed,
ets_attnseg_event_nll_mixture,ets attnseg event nll mixture,2028,-389.99999999999943,0.37785996638310815,seed,
ets_attnseg_event_nll_mixture,ets attnseg event nll mixture,2028,-379.99999999999943,0.3848532156305957,seed,
ets_attnseg_event_nll_mixture,ets attnseg event nll mixture,2028,-369.99999999999943,0.3891830762565264,seed,
ets_attnseg_event_nll_mixture,ets attnseg event nll mixture,2028,-359.99999999999943,0.39146695792208425,seed,
ets_attnseg_event_nll_mixture,ets attnseg event nll mixture,2028,-349.99999999999943,0.39688296622177344,seed,
ets_attnseg_event_nll_mixture,ets attnseg event nll mixture,2028,-339.99999999999943,0.40782334929474234,seed,
ets_attnseg_event_nll_mixture,ets attnseg event nll mixture,2028,-329.99999999999943,0.41654979392063524,seed,
ets_attnseg_event_nll_mixture,ets attnseg event nll mixture,2028,-319.9999999999994,0.4236669317020775,seed,
ets_attnseg_event_nll_mixture,ets attnseg event nll mixture,2028,-309.9999999999994,0.4312635964100487,seed,
ets_attnseg_event_nll_mixture,ets attnseg event nll mixture,2028,-299.9999999999994,0.44080377803078713,seed,
ets_attnseg_event_nll_mixture,ets attnseg event nll mixture,2028,-289.9999999999994,0.4527613076736293,seed,
ets_attnseg_event_nll_mixture,ets attnseg event nll mixture,2028,-279.9999999999994,0.4679365684725178,seed,
ets_attnseg_event_nll_mixture,ets attnseg event nll mixture,2028,-269.9999999999994,0.4790723575763953,seed,
ets_attnseg_event_nll_mixture,ets attnseg event nll mixture,2028,-259.9999999999993,0.485201112897046,seed,
ets_attnseg_event_nll_mixture,ets attnseg event nll mixture,2028,-249.99999999999935,0.48973732901397404,seed,
ets_attnseg_event_nll_mixture,ets attnseg event nll mixture,2028,-239.99999999999932,0.49317797118109175,seed,
ets_attnseg_event_nll_mixture,ets attnseg event nll mixture,2028,-229.99999999999932,0.5009670984563216,seed,
ets_attnseg_event_nll_mixture,ets attnseg event nll mixture,2028,-219.99999999999932,0.515962708774598,seed,
ets_attnseg_event_nll_mixture,ets attnseg event nll mixture,2028,-209.9999999999993,0.5331563672312118,seed,
ets_attnseg_event_nll_mixture,ets attnseg event nll mixture,2028,-199.9999999999993,0.5523213007059883,seed,
ets_attnseg_event_nll_mixture,ets attnseg event nll mixture,2028,-189.9999999999993,0.5759259761124854,seed,
ets_attnseg_event_nll_mixture,ets attnseg event nll mixture,2028,-179.99999999999926,0.5992581516227861,seed,
ets_attnseg_event_nll_mixture,ets attnseg event nll mixture,2028,-169.99999999999926,0.6282637002188355,seed,
ets_attnseg_event_nll_mixture,ets attnseg event nll mixture,2028,-159.99999999999926,0.6742871524139181,seed,
ets_attnseg_event_nll_mixture,ets attnseg event nll mixture,2028,-149.99999999999923,0.7265832715394549,seed,
ets_attnseg_event_nll_mixture,ets attnseg event nll mixture,2028,-139.99999999999923,0.7860569683688233,seed,
ets_attnseg_event_nll_mixture,ets attnseg event nll mixture,2028,-129.99999999999923,0.8547119027738779,seed,
ets_attnseg_event_nll_mixture,ets attnseg event nll mixture,2028,-119.99999999999922,0.9383445502176507,seed,
ets_attnseg_event_nll_mixture,ets attnseg event nll mixture,2028,-109.9999999999992,1.0373684483873398,seed,
ets_attnseg_event_nll_mixture,ets attnseg event nll mixture,2028,-99.9999999999992,1.1593593557061046,seed,
ets_attnseg_event_nll_mixture,ets attnseg event nll mixture,2028,-89.99999999999919,1.3001479500753566,seed,
ets_attnseg_event_nll_mixture,ets attnseg event nll mixture,2028,-79.99999999999918,1.4547326834122276,seed,
ets_attnseg_event_nll_mixture,ets attnseg event nll mixture,2028,-69.99999999999918,1.618244057569216,seed,
ets_attnseg_event_nll_mixture,ets attnseg event nll mixture,2028,-59.99999999999916,1.7927829308905696,seed,
ets_attnseg_event_nll_mixture,ets attnseg event nll mixture,2028,-49.999999999999154,1.9759607105629569,seed,
ets_attnseg_event_nll_mixture,ets attnseg event nll mixture,2028,-39.99999999999915,2.1547383838025955,seed,
ets_attnseg_event_nll_mixture,ets attnseg event nll mixture,2028,-29.99999999999914,2.3011418262963907,seed,
ets_attnseg_event_nll_mixture,ets attnseg event nll mixture,2028,-19.99999999999913,2.40951202735066,seed,
ets_attnseg_event_nll_mixture,ets attnseg event nll mixture,2028,-9.99999999999912,2.4627003448985456,seed,
ets_attnseg_event_nll_mixture,ets attnseg event nll mixture,2028,8.881784197001252e-13,2.4696965528876893,seed,
ets_attnseg_event_nll_mixture,ets attnseg event nll mixture,2028,10.000000000000897,2.417411988761491,seed,
ets_attnseg_event_nll_mixture,ets attnseg event nll mixture,2028,20.000000000000906,2.309006136736825,seed,
ets_attnseg_event_nll_mixture,ets attnseg event nll mixture,2028,30.000000000000917,2.1585388379156787,seed,
ets_attnseg_event_nll_mixture,ets attnseg event nll mixture,2028,40.000000000000924,2.0003094559711463,seed,
ets_attnseg_event_nll_mixture,ets attnseg event nll mixture,2028,50.00000000000093,1.855542004210123,seed,
ets_attnseg_event_nll_mixture,ets attnseg event nll mixture,2028,60.00000000000094,1.7047129533413277,seed,
ets_attnseg_event_nll_mixture,ets attnseg event nll mixture,2028,70.00000000000095,1.5577959889357489,seed,
ets_attnseg_event_nll_mixture,ets attnseg event nll mixture,2028,80.00000000000097,1.4179638447936669,seed,
ets_attnseg_event_nll_mixture,ets attnseg event nll mixture,2028,90.00000000000097,1.2886809932156693,seed,
ets_attnseg_event_nll_mixture,ets attnseg event nll mixture,2028,100.00000000000098,1.1846728954587662,seed,
ets_attnseg_event_nll_mixture,ets attnseg event nll mixture,2028,110.00000000000098,1.095383048113664,seed,
ets_attnseg_event_nll_mixture,ets attnseg event nll mixture,2028,120.000000000001,1.0250448310163136,seed,
ets_attnseg_event_nll_mixture,ets attnseg event nll mixture,2028,130.000000000001,0.9667194608871346,seed,
ets_attnseg_event_nll_mixture,ets attnseg event nll mixture,2028,140.00000000000102,0.9140966290845053,seed,
ets_attnseg_event_nll_mixture,ets attnseg event nll mixture,2028,150.00000000000102,0.8730922688748451,seed,
ets_attnseg_event_nll_mixture,ets attnseg event nll mixture,2028,160.00000000000102,0.8420520906624304,seed,
ets_attnseg_event_nll_mixture,ets attnseg event nll mixture,2028,170.00000000000105,0.8138955733595196,seed,
ets_attnseg_event_nll_mixture,ets attnseg event nll mixture,2028,180.00000000000105,0.7895489573620789,seed,
ets_attnseg_event_nll_mixture,ets attnseg event nll mixture,2028,190.00000000000105,0.7643466148426546,seed,
ets_attnseg_event_nll_mixture,ets attnseg event nll mixture,2028,200.00000000000108,0.7315609888101462,seed,
ets_attnseg_event_nll_mixture,ets attnseg event nll mixture,2028,210.00000000000108,0.7027305879977528,seed,
ets_attnseg_event_nll_mixture,ets attnseg event nll mixture,2028,220.00000000000108,0.679133345356106,seed,
ets_attnseg_event_nll_mixture,ets attnseg event nll mixture,2028,230.00000000000108,0.6619193290728439,seed,
ets_attnseg_event_nll_mixture,ets attnseg event nll mixture,2028,240.0000000000011,0.6476947275685565,seed,
ets_attnseg_event_nll_mixture,ets attnseg event nll mixture,2028,250.0000000000011,0.628013872404043,seed,
ets_attnseg_event_nll_mixture,ets attnseg event nll mixture,2028,260.00000000000114,0.6036393317284662,seed,
ets_attnseg_event_nll_mixture,ets attnseg event nll mixture,2028,270.00000000000114,0.582274158745748,seed,
ets_attnseg_event_nll_mixture,ets attnseg event nll mixture,2028,280.00000000000114,0.5615604241264815,seed,
ets_attnseg_event_nll_mixture,ets attnseg event nll mixture,2028,290.00000000000114,0.5395355958028778,seed,
ets_attnseg_event_nll_mixture,ets attnseg event nll mixture,2028,300.00000000000114,0.5200022407594941,seed,
ets_attnseg_event_nll_mixture,ets attnseg event nll mixture,2028,310.00000000000114,0.5044748356603802,seed,
ets_attnseg_event_nll_mixture,ets attnseg event nll mixture,2028,320.0000000000012,0.4893820630785297,seed,
ets_attnseg_event_nll_mixture,ets attnseg event nll mixture,2028,330.0000000000012,0.477643493340758,seed,
ets_attnseg_event_nll_mixture,ets attnseg event nll mixture,2028,340.0000000000012,0.46588346512950485,seed,
ets_attnseg_event_nll_mixture,ets attnseg event nll mixture,2028,350.0000000000012,0.4539153249365729,seed,
ets_attnseg_event_nll_mixture,ets attnseg event nll mixture,2028,360.0000000000012,0.44305821271525414,seed,
ets_attnseg_event_nll_mixture,ets attnseg event nll mixture,2028,370.0000000000012,0.43311354857689177,seed,
ets_attnseg_event_nll_mixture,ets attnseg event nll mixture,2028,380.00000000000125,0.4201928467466508,seed,
ets_attnseg_event_nll_mixture,ets attnseg event nll mixture,2028,390.00000000000125,0.4047662059781929,seed,
ets_attnseg_event_nll_mixture,ets attnseg event nll mixture,2028,400.00000000000125,0.39332938558464114,seed,
ets_attnseg_event_nll_mixture,ets attnseg event nll mixture,2028,410.00000000000125,0.38675872733690353,seed,
ets_attnseg_event_nll_mixture,ets attnseg event nll mixture,2028,420.00000000000125,0.3844663234906726,seed,
ets_attnseg_event_nll_mixture,ets attnseg event nll mixture,2028,430.00000000000125,0.38566064155123153,seed,
ets_attnseg_event_nll_mixture,ets attnseg event nll mixture,2028,440.00000000000125,0.3762097171887808,seed,
ets_attnseg_event_nll_mixture,ets attnseg event nll mixture,2028,450.0000000000013,0.3638532135117539,seed,
ets_attnseg_event_nll_mixture,ets attnseg event nll mixture,2028,460.0000000000013,0.3561349125618894,seed,
ets_attnseg_event_nll_mixture,ets attnseg event nll mixture,2028,470.0000000000013,0.34919461645398353,seed,
ets_attnseg_event_nll_mixture,ets attnseg event nll mixture,2028,480.0000000000013,0.3442170588008865,seed,
ets_attnseg_event_nll_mixture,ets attnseg event nll mixture,2028,490.0000000000013,0.3395047836161147,seed,
ets_attnseg_event_nll_mixture,ets attnseg event nll mixture,2028,500.0000000000013,0.333050085586014,seed,
ets_attnseg_event_nll_mixture,ets attnseg event nll mixture,2028,510.00000000000136,0.32909275002905897,seed,
ets_attnseg_event_nll_mixture,ets attnseg event nll mixture,2028,520.0000000000014,0.32340634072785074,seed,
ets_attnseg_event_nll_mixture,ets attnseg event nll mixture,2028,530.0000000000014,0.3187736735683309,seed,
ets_attnseg_event_nll_mixture,ets attnseg event nll mixture,2028,540.0000000000014,0.3121913199445891,seed,
ets_attnseg_event_nll_mixture,ets attnseg event nll mixture,2028,550.0000000000014,0.307124710409766,seed,
ets_attnseg_event_nll_mixture,ets attnseg event nll mixture,2028,560.0000000000014,0.3024819131928313,seed,
ets_attnseg_event_nll_mixture,ets attnseg event nll mixture,2028,570.0000000000014,0.29620450962490324,seed,
ets_attnseg_event_nll_mixture,ets attnseg event nll mixture,2028,580.0000000000014,0.2903688282550532,seed,
ets_attnseg_event_nll_mixture,ets attnseg event nll mixture,2028,590.0000000000014,0.28842962511609804,seed,
ets_attnseg_event_nll_mixture,ets attnseg event nll mixture,2028,600.0000000000014,0.28394421431721556,seed,
ets_attnseg_event_nll_mixture,ets attnseg event nll mixture,2028,610.0000000000015,0.27884864727573777,seed,
ets_attnseg_event_nll_mixture,ets attnseg event nll mixture,2028,620.0000000000015,0.27604139652395,seed,
ets_attnseg_event_nll_mixture,ets attnseg event nll mixture,2028,630.0000000000015,0.2734246298652343,seed,
ets_attnseg_event_nll_mixture,ets attnseg event nll mixture,2028,640.0000000000015,0.2710984453762482,seed,
ets_attnseg_event_nll_mixture,ets attnseg event nll mixture,2028,650.0000000000015,0.2696502882600722,seed,
ets_attnseg_event_nll_mixture,ets attnseg event nll mixture,2028,660.0000000000015,0.2642603289639343,seed,
ets_attnseg_event_nll_mixture,ets attnseg event nll mixture,2028,670.0000000000015,0.2607510818148162,seed,
ets_attnseg_event_nll_mixture,ets attnseg event nll mixture,2028,680.0000000000015,0.2582699009878956,seed,
ets_attnseg_event_nll_mixture,ets attnseg event nll mixture,2028,690.0000000000015,0.25373563032896157,seed,
ets_attnseg_event_nll_mixture,ets attnseg event nll mixture,2028,700.0000000000015,0.2536260928552808,seed,
ets_attnseg_event_nll_mixture,ets attnseg event nll mixture,2028,710.0000000000015,0.2572191958745037,seed,
ets_attnseg_event_nll_mixture,ets attnseg event nll mixture,2028,720.0000000000015,0.2531929336446418,seed,
ets_attnseg_event_nll_mixture,ets attnseg event nll mixture,2028,730.0000000000016,0.2460665081820979,seed,
ets_attnseg_event_nll_mixture,ets attnseg event nll mixture,2028,740.0000000000016,0.23789314061356567,seed,
ets_attnseg_event_nll_mixture,ets attnseg event nll mixture,2028,750.0000000000016,0.23305931893644252,seed,
ets_attnseg_event_nll_mixture,ets attnseg event nll mixture,2028,760.0000000000016,0.23310461744659466,seed,
ets_attnseg_event_nll_mixture,ets attnseg event nll mixture,2028,770.0000000000016,0.23734861118666972,seed,
ets_attnseg_event_nll_mixture,ets attnseg event nll mixture,2028,780.0000000000016,0.23578027077467317,seed,
ets_attnseg_event_nll_mixture,ets attnseg event nll mixture,2028,790.0000000000016,0.2334610612457112,seed,
ets_attnseg_event_nll_mixture,ets attnseg event nll mixture,2028,800.0000000000016,0.23414070773564427,seed,
ets_attnseg_event_nll_mixture,ets attnseg event nll mixture,2028,810.0000000000016,0.24135264453546515,seed,
ets_attnseg_event_nll_mixture,ets attnseg event nll mixture,2028,820.0000000000016,0.24151286152471194,seed,
ets_attnseg_event_nll_mixture,ets attnseg event nll mixture,2028,830.0000000000016,0.23768622077473847,seed,
ets_attnseg_event_nll_mixture,ets attnseg event nll mixture,2028,840.0000000000016,0.2378640263652526,seed,
ets_attnseg_event_nll_mixture,ets attnseg event nll mixture,2028,850.0000000000016,0.23696216445640506,seed,
ets_attnseg_event_nll_mixture,ets attnseg event nll mixture,2028,860.0000000000017,0.23166177290776224,seed,
ets_attnseg_event_nll_mixture,ets attnseg event nll mixture,2028,870.0000000000017,0.23341171451254608,seed,
ets_attnseg_event_nll_mixture,ets attnseg event nll mixture,2028,880.0000000000017,0.2358162944794797,seed,
ets_attnseg_event_nll_mixture,ets attnseg event nll mixture,2028,890.0000000000017,0.2385530938163993,seed,
ets_attnseg_event_nll_mixture,ets attnseg event nll mixture,2028,900.0000000000017,0.23864776547697467,seed,
ets_attnseg_event_nll_mixture,ets attnseg event nll mixture,2028,910.0000000000017,0.23243318134593285,seed,
ets_attnseg_event_nll_mixture,ets attnseg event nll mixture,2028,920.0000000000017,0.22891586429783342,seed,
ets_attnseg_event_nll_mixture,ets attnseg event nll mixture,2028,930.0000000000017,0.22719402987038498,seed,
ets_attnseg_event_nll_mixture,ets attnseg event nll mixture,2028,940.0000000000017,0.22478005042234808,seed,
ets_attnseg_event_nll_mixture,ets attnseg event nll mixture,2028,950.0000000000017,0.23079895729099556,seed,
ets_attnseg_event_nll_mixture,ets attnseg event nll mixture,2028,960.0000000000017,0.23891805074442904,seed,
ets_attnseg_event_nll_mixture,ets attnseg event nll mixture,2028,970.0000000000017,0.24241493986353982,seed,
ets_attnseg_event_nll_mixture,ets attnseg event nll mixture,2028,980.0000000000017,0.24843495297761728,seed,
ets_attnseg_event_nll_mixture,ets attnseg event nll mixture,2028,990.0000000000018,0.255000134404445,seed,
ets_attnseg_event_nll_mixture,ets attnseg event nll mixture,2028,1000.0000000000018,0.25348238081736446,seed,
ets_attnseg_event_nll_mixture,ets attnseg event nll mixture,2029,-1000.0,0.12064796429170721,seed,
ets_attnseg_event_nll_mixture,ets attnseg event nll mixture,2029,-990.0,0.1225922037015702,seed,
ets_attnseg_event_nll_mixture,ets attnseg event nll mixture,2029,-980.0,0.12836544608267406,seed,
ets_attnseg_event_nll_mixture,ets attnseg event nll mixture,2029,-970.0,0.13154743321377757,seed,
ets_attnseg_event_nll_mixture,ets attnseg event nll mixture,2029,-960.0,0.13493925479068328,seed,
ets_attnseg_event_nll_mixture,ets attnseg event nll mixture,2029,-950.0,0.14498055556331743,seed,
ets_attnseg_event_nll_mixture,ets attnseg event nll mixture,2029,-940.0,0.1509902574802233,seed,
ets_attnseg_event_nll_mixture,ets attnseg event nll mixture,2029,-929.9999999999999,0.1479305437008323,seed,
ets_attnseg_event_nll_mixture,ets attnseg event nll mixture,2029,-919.9999999999999,0.14463710642903763,seed,
ets_attnseg_event_nll_mixture,ets attnseg event nll mixture,2029,-909.9999999999999,0.14535836251745213,seed,
ets_attnseg_event_nll_mixture,ets attnseg event nll mixture,2029,-899.9999999999999,0.1458497620676329,seed,
ets_attnseg_event_nll_mixture,ets attnseg event nll mixture,2029,-889.9999999999999,0.1505109015745404,seed,
ets_attnseg_event_nll_mixture,ets attnseg event nll mixture,2029,-879.9999999999999,0.15182975095246326,seed,
ets_attnseg_event_nll_mixture,ets attnseg event nll mixture,2029,-869.9999999999999,0.14741483898854138,seed,
ets_attnseg_event_nll_mixture,ets attnseg event nll mixture,2029,-859.9999999999999,0.1484382051718755,seed,
ets_attnseg_event_nll_mixture,ets attnseg event nll mixture,2029,-849.9999999999999,0.14700461371878906,seed,
ets_attnseg_event_nll_mixture,ets attnseg event nll mixture,2029,-839.9999999999999,0.1496985860089561,seed,
ets_attnseg_event_nll_mixture,ets attnseg event nll mixture,2029,-829.9999999999999,0.1542779840349898,seed,
ets_attnseg_event_nll_mixture,ets attnseg event nll mixture,2029,-819.9999999999999,0.155417656865732,seed,
ets_attnseg_event_nll_mixture,ets attnseg event nll mixture,2029,-809.9999999999999,0.15922622171913964,seed,
ets_attnseg_event_nll_mixture,ets attnseg event nll mixture,2029,-799.9999999999998,0.1615015581219568,seed,
ets_attnseg_event_nll_mixture,ets attnseg event nll mixture,2029,-789.9999999999998,0.16625765920688812,seed,
ets_attnseg_event_nll_mixture,ets attnseg event nll mixture,2029,-779.9999999999998,0.16821869858382263,seed,
ets_attnseg_event_nll_mixture,ets attnseg event nll mixture,2029,-769.9999999999998,0.17007392439820807,seed,
ets_attnseg_event_nll_mixture,ets attnseg event nll mixture,2029,-759.9999999999998,0.17535166215994363,seed,
ets_attnseg_event_nll_mixture,ets attnseg event nll mixture,2029,-749.9999999999998,0.18038149838460116,seed,
ets_attnseg_event_nll_mixture,ets attnseg event nll mixture,2029,-739.9999999999998,0.18096289618605838,seed,
ets_attnseg_event_nll_mixture,ets attnseg event nll mixture,2029,-729.9999999999998,0.18256095858165675,seed,
ets_attnseg_event_nll_mixture,ets attnseg event nll mixture,2029,-719.9999999999998,0.18817732108983773,seed,
ets_attnseg_event_nll_mixture,ets attnseg event nll mixture,2029,-709.9999999999998,0.19033758897676695,seed,
ets_attnseg_event_nll_mixture,ets attnseg event nll mixture,2029,-699.9999999999998,0.19374567694354225,seed,
ets_attnseg_event_nll_mixture,ets attnseg event nll mixture,2029,-689.9999999999998,0.20456831410120943,seed,
ets_attnseg_event_nll_mixture,ets attnseg event nll mixture,2029,-679.9999999999998,0.2141633337702027,seed,
ets_attnseg_event_nll_mixture,ets attnseg event nll mixture,2029,-669.9999999999997,0.22265781627655692,seed,
ets_attnseg_event_nll_mixture,ets attnseg event nll mixture,2029,-659.9999999999997,0.22860435345309382,seed,
ets_attnseg_event_nll_mixture,ets attnseg event nll mixture,2029,-649.9999999999997,0.23489925332093384,seed,
ets_attnseg_event_nll_mixture,ets attnseg event nll mixture,2029,-639.9999999999997,0.24174013270424888,seed,
ets_attnseg_event_nll_mixture,ets attnseg event nll mixture,2029,-629.9999999999997,0.24374394502176247,seed,
ets_attnseg_event_nll_mixture,ets attnseg event nll mixture,2029,-619.9999999999997,0.24499982533337686,seed,
ets_attnseg_event_nll_mixture,ets attnseg event nll mixture,2029,-609.9999999999997,0.24197729964537243,seed,
ets_attnseg_event_nll_mixture,ets attnseg event nll mixture,2029,-599.9999999999997,0.2447950203898658,seed,
ets_attnseg_event_nll_mixture,ets attnseg event nll mixture,2029,-589.9999999999997,0.25198063172339163,seed,
ets_attnseg_event_nll_mixture,ets attnseg event nll mixture,2029,-579.9999999999997,0.2630238697152176,seed,
ets_attnseg_event_nll_mixture,ets attnseg event nll mixture,2029,-569.9999999999997,0.27039801114665707,seed,
ets_attnseg_event_nll_mixture,ets attnseg event nll mixture,2029,-559.9999999999997,0.2759559883684741,seed,
ets_attnseg_event_nll_mixture,ets attnseg event nll mixture,2029,-549.9999999999995,0.2788377939596347,seed,
ets_attnseg_event_nll_mixture,ets attnseg event nll mixture,2029,-539.9999999999995,0.2806536652667627,seed,
ets_attnseg_event_nll_mixture,ets attnseg event nll mixture,2029,-529.9999999999995,0.28341220714220616,seed,
ets_attnseg_event_nll_mixture,ets attnseg event nll mixture,2029,-519.9999999999995,0.28888508797060436,seed,
ets_attnseg_event_nll_mixture,ets attnseg event nll mixture,2029,-509.99999999999955,0.29912505765808284,seed,
ets_attnseg_event_nll_mixture,ets attnseg event nll mixture,2029,-499.99999999999955,0.3042685461493819,seed,
ets_attnseg_event_nll_mixture,ets attnseg event nll mixture,2029,-489.99999999999955,0.31268196786208075,seed,
ets_attnseg_event_nll_mixture,ets attnseg event nll mixture,2029,-479.99999999999955,0.3193012143740414,seed,
ets_attnseg_event_nll_mixture,ets attnseg event nll mixture,2029,-469.99999999999955,0.32254576498742166,seed,
ets_attnseg_event_nll_mixture,ets attnseg event nll mixture,2029,-459.99999999999955,0.32038223888118705,seed,
ets_attnseg_event_nll_mixture,ets attnseg event nll mixture,2029,-449.9999999999995,0.32491381900568445,seed,
ets_attnseg_event_nll_mixture,ets attnseg event nll mixture,2029,-439.9999999999995,0.3321803948999068,seed,
ets_attnseg_event_nll_mixture,ets attnseg event nll mixture,2029,-429.9999999999995,0.3438903774806755,seed,
ets_attnseg_event_nll_mixture,ets attnseg event nll mixture,2029,-419.9999999999995,0.354483031055908,seed,
ets_attnseg_event_nll_mixture,ets attnseg event nll mixture,2029,-409.9999999999995,0.36284099506566386,seed,
ets_attnseg_event_nll_mixture,ets attnseg event nll mixture,2029,-399.9999999999995,0.378308406488458,seed,
ets_attnseg_event_nll_mixture,ets attnseg event nll mixture,2029,-389.99999999999943,0.39308559532459253,seed,
ets_attnseg_event_nll_mixture,ets attnseg event nll mixture,2029,-379.99999999999943,0.4021951870895267,seed,
ets_attnseg_event_nll_mixture,ets attnseg event nll mixture,2029,-369.99999999999943,0.4103275769600907,seed,
ets_attnseg_event_nll_mixture,ets attnseg event nll mixture,2029,-359.99999999999943,0.41802037373361556,seed,
ets_attnseg_event_nll_mixture,ets attnseg event nll mixture,2029,-349.99999999999943,0.4245376206687336,seed,
ets_attnseg_event_nll_mixture,ets attnseg event nll mixture,2029,-339.99999999999943,0.433027219688939,seed,
ets_attnseg_event_nll_mixture,ets attnseg event nll mixture,2029,-329.99999999999943,0.440738345522921,seed,
ets_attnseg_event_nll_mixture,ets attnseg event nll mixture,2029,-319.9999999999994,0.44913414255062356,seed,
ets_attnseg_event_nll_mixture,ets attnseg event nll mixture,2029,-309.9999999999994,0.46244474543045105,seed,
ets_attnseg_event_nll_mixture,ets attnseg event nll mixture,2029,-299.9999999999994,0.47726966145271016,seed,
ets_attnseg_event_nll_mixture,ets attnseg event nll mixture,2029,-289.9999999999994,0.49209530681848385,seed,
ets_attnseg_event_nll_mixture,ets attnseg event nll mixture,2029,-279.9999999999994,0.5107149558581562,seed,
ets_attnseg_event_nll_mixture,ets attnseg event nll mixture,2029,-269.9999999999994,0.5341026355816575,seed,
ets_attnseg_event_nll_mixture,ets attnseg event nll mixture,2029,-259.9999999999993,0.5505172484467749,seed,
ets_attnseg_event_nll_mixture,ets attnseg event nll mixture,2029,-249.99999999999935,0.5618826618035871,seed,
ets_attnseg_event_nll_mixture,ets attnseg event nll mixture,2029,-239.99999999999932,0.5681712657690045,seed,
ets_attnseg_event_nll_mixture,ets attnseg event nll mixture,2029,-229.99999999999932,0.5854511099223959,seed,
ets_attnseg_event_nll_mixture,ets attnseg event nll mixture,2029,-219.99999999999932,0.6152974938752673,seed,
ets_attnseg_event_nll_mixture,ets attnseg event nll mixture,2029,-209.9999999999993,0.6392775275099682,seed,
ets_attnseg_event_nll_mixture,ets attnseg event nll mixture,2029,-199.9999999999993,0.6647706590572945,seed,
ets_attnseg_event_nll_mixture,ets attnseg event nll mixture,2029,-189.9999999999993,0.6866697990185957,seed,
ets_attnseg_event_nll_mixture,ets attnseg event nll mixture,2029,-179.99999999999926,0.7091401451137119,seed,
ets_attnseg_event_nll_mixture,ets attnseg event nll mixture,2029,-169.99999999999926,0.7386208579052138,seed,
ets_attnseg_event_nll_mixture,ets attnseg event nll mixture,2029,-159.99999999999926,0.7697275947582587,seed,
ets_attnseg_event_nll_mixture,ets attnseg event nll mixture,2029,-149.99999999999923,0.795599763302226,seed,
ets_attnseg_event_nll_mixture,ets attnseg event nll mixture,2029,-139.99999999999923,0.8508204630033815,seed,
ets_attnseg_event_nll_mixture,ets attnseg event nll mixture,2029,-129.99999999999923,0.9241250552010707,seed,
ets_attnseg_event_nll_mixture,ets attnseg event nll mixture,2029,-119.99999999999922,0.9943573755957934,seed,
ets_attnseg_event_nll_mixture,ets attnseg event nll mixture,2029,-109.9999999999992,1.0936988171593316,seed,
ets_attnseg_event_nll_mixture,ets attnseg event nll mixture,2029,-99.9999999999992,1.2024653371188527,seed,
ets_attnseg_event_nll_mixture,ets attnseg event nll mixture,2029,-89.99999999999919,1.3326837535880376,seed,
ets_attnseg_event_nll_mixture,ets attnseg event nll mixture,2029,-79.99999999999918,1.5077068695526192,seed,
ets_attnseg_event_nll_mixture,ets attnseg event nll mixture,2029,-69.99999999999918,1.687579562302739,seed,
ets_attnseg_event_nll_mixture,ets attnseg event nll mixture,2029,-59.99999999999916,1.855052960013624,seed,
ets_attnseg_event_nll_mixture,ets attnseg event nll mixture,2029,-49.999999999999154,2.0417448444205784,seed,
ets_attnseg_event_nll_mixture,ets attnseg event nll mixture,2029,-39.99999999999915,2.2295273670228246,seed,
ets_attnseg_event_nll_mixture,ets attnseg event nll mixture,2029,-29.99999999999914,2.4067862059952416,seed,
ets_attnseg_event_nll_mixture,ets attnseg event nll mixture,2029,-19.99999999999913,2.558543463159743,seed,
ets_attnseg_event_nll_mixture,ets attnseg event nll mixture,2029,-9.99999999999912,2.621841732568679,seed,
ets_attnseg_event_nll_mixture,ets attnseg event nll mixture,2029,8.881784197001252e-13,2.594003879717489,seed,
ets_attnseg_event_nll_mixture,ets attnseg event nll mixture,2029,10.000000000000897,2.5392016107365563,seed,
ets_attnseg_event_nll_mixture,ets attnseg event nll mixture,2029,20.000000000000906,2.4419568172881627,seed,
ets_attnseg_event_nll_mixture,ets attnseg event nll mixture,2029,30.000000000000917,2.277135729519574,seed,
ets_attnseg_event_nll_mixture,ets attnseg event nll mixture,2029,40.000000000000924,2.081354965228584,seed,
ets_attnseg_event_nll_mixture,ets attnseg event nll mixture,2029,50.00000000000093,1.8793297973789873,seed,
ets_attnseg_event_nll_mixture,ets attnseg event nll mixture,2029,60.00000000000094,1.673069484790681,seed,
ets_attnseg_event_nll_mixture,ets attnseg event nll mixture,2029,70.00000000000095,1.4789099242373456,seed,
ets_attnseg_event_nll_mixture,ets attnseg event nll mixture,2029,80.00000000000097,1.3161922637624126,seed,
ets_attnseg_event_nll_mixture,ets attnseg event nll mixture,2029,90.00000000000097,1.1886214204545293,seed,
ets_attnseg_event_nll_mixture,ets attnseg event nll mixture,2029,100.00000000000098,1.0572263443369048,seed,
ets_attnseg_event_nll_mixture,ets attnseg event nll mixture,2029,110.00000000000098,0.9438486081101519,seed,
ets_attnseg_event_nll_mixture,ets attnseg event nll mixture,2029,120.000000000001,0.8546728554171636,seed,
ets_attnseg_event_nll_mixture,ets attnseg event nll mixture,2029,130.000000000001,0.8032771751524804,seed,
ets_attnseg_event_nll_mixture,ets attnseg event nll mixture,2029,140.00000000000102,0.7736003716263217,seed,
ets_attnseg_event_nll_mixture,ets attnseg event nll mixture,2029,150.00000000000102,0.7506566392258675,seed,
ets_attnseg_event_nll_mixture,ets attnseg event nll mixture,2029,160.00000000000102,0.717269375326625,seed,
ets_attnseg_event_nll_mixture,ets attnseg event nll mixture,2029,170.00000000000105,0.6987350796235309,seed,
ets_attnseg_event_nll_mixture,ets attnseg event nll mixture,2029,180.00000000000105,0.6859317125634489,seed,
ets_attnseg_event_nll_mixture,ets attnseg event nll mixture,2029,190.00000000000105,0.6679492953015362,seed,
ets_attnseg_event_nll_mixture,ets attnseg event nll mixture,2029,200.00000000000108,0.6600275269141893,seed,
ets_attnseg_event_nll_mixture,ets attnseg event nll mixture,2029,210.00000000000108,0.666960400987908,seed,
ets_attnseg_event_nll_mixture,ets attnseg event nll mixture,2029,220.00000000000108,0.6634520606409984,seed,
ets_attnseg_event_nll_mixture,ets attnseg event nll mixture,2029,230.00000000000108,0.6459625147511134,seed,
ets_attnseg_event_nll_mixture,ets attnseg event nll mixture,2029,240.0000000000011,0.6205728154119279,seed,
ets_attnseg_event_nll_mixture,ets attnseg event nll mixture,2029,250.0000000000011,0.5939481698794624,seed,
ets_attnseg_event_nll_mixture,ets attnseg event nll mixture,2029,260.00000000000114,0.5626830799203388,seed,
ets_attnseg_event_nll_mixture,ets attnseg event nll mixture,2029,270.00000000000114,0.534090085544026,seed,
ets_attnseg_event_nll_mixture,ets attnseg event nll mixture,2029,280.00000000000114,0.5112402568202644,seed,
ets_attnseg_event_nll_mixture,ets attnseg event nll mixture,2029,290.00000000000114,0.4911398250903994,seed,
ets_attnseg_event_nll_mixture,ets attnseg event nll mixture,2029,300.00000000000114,0.4753731483389816,seed,
ets_attnseg_event_nll_mixture,ets attnseg event nll mixture,2029,310.00000000000114,0.4631335329303355,seed,
ets_attnseg_event_nll_mixture,ets attnseg event nll mixture,2029,320.0000000000012,0.4502805611548394,seed,
ets_attnseg_event_nll_mixture,ets attnseg event nll mixture,2029,330.0000000000012,0.4339570248266801,seed,
ets_attnseg_event_nll_mixture,ets attnseg event nll mixture,2029,340.0000000000012,0.4195399690576443,seed,
ets_attnseg_event_nll_mixture,ets attnseg event nll mixture,2029,350.0000000000012,0.40359567410586605,seed,
ets_attnseg_event_nll_mixture,ets attnseg event nll mixture,2029,360.0000000000012,0.39187394568477635,seed,
ets_attnseg_event_nll_mixture,ets attnseg event nll mixture,2029,370.0000000000012,0.3804298264427977,seed,
ets_attnseg_event_nll_mixture,ets attnseg event nll mixture,2029,380.00000000000125,0.3672737821004988,seed,
ets_attnseg_event_nll_mixture,ets attnseg event nll mixture,2029,390.00000000000125,0.3604753751162301,seed,
ets_attnseg_event_nll_mixture,ets attnseg event nll mixture,2029,400.00000000000125,0.3556264188911972,seed,
ets_attnseg_event_nll_mixture,ets attnseg event nll mixture,2029,410.00000000000125,0.3515182641585991,seed,
ets_attnseg_event_nll_mixture,ets attnseg event nll mixture,2029,420.00000000000125,0.35050833945433923,seed,
ets_attnseg_event_nll_mixture,ets attnseg event nll mixture,2029,430.00000000000125,0.3523014654520889,seed,
ets_attnseg_event_nll_mixture,ets attnseg event nll mixture,2029,440.00000000000125,0.3519502856640779,seed,
ets_attnseg_event_nll_mixture,ets attnseg event nll mixture,2029,450.0000000000013,0.35335732791291186,seed,
ets_attnseg_event_nll_mixture,ets attnseg event nll mixture,2029,460.0000000000013,0.35642386521380337,seed,
ets_attnseg_event_nll_mixture,ets attnseg event nll mixture,2029,470.0000000000013,0.3492160668074068,seed,
ets_attnseg_event_nll_mixture,ets attnseg event nll mixture,2029,480.0000000000013,0.3377450454123992,seed,
ets_attnseg_event_nll_mixture,ets attnseg event nll mixture,2029,490.0000000000013,0.32988169387688665,seed,
ets_attnseg_event_nll_mixture,ets attnseg event nll mixture,2029,500.0000000000013,0.32269617747519913,seed,
ets_attnseg_event_nll_mixture,ets attnseg event nll mixture,2029,510.00000000000136,0.3175141806362122,seed,
ets_attnseg_event_nll_mixture,ets attnseg event nll mixture,2029,520.0000000000014,0.3108682141432723,seed,
ets_attnseg_event_nll_mixture,ets attnseg event nll mixture,2029,530.0000000000014,0.3028091597661366,seed,
ets_attnseg_event_nll_mixture,ets attnseg event nll mixture,2029,540.0000000000014,0.29436614212729534,seed,
ets_attnseg_event_nll_mixture,ets attnseg event nll mixture,2029,550.0000000000014,0.28681957387420365,seed,
ets_attnseg_event_nll_mixture,ets attnseg event nll mixture,2029,560.0000000000014,0.2844480238263612,seed,
ets_attnseg_event_nll_mixture,ets attnseg event nll mixture,2029,570.0000000000014,0.2829624786063794,seed,
ets_attnseg_event_nll_mixture,ets attnseg event nll mixture,2029,580.0000000000014,0.2773587093225591,seed,
ets_attnseg_event_nll_mixture,ets attnseg event nll mixture,2029,590.0000000000014,0.26905598495064936,seed,
ets_attnseg_event_nll_mixture,ets attnseg event nll mixture,2029,600.0000000000014,0.25897955846085735,seed,
ets_attnseg_event_nll_mixture,ets attnseg event nll mixture,2029,610.0000000000015,0.2529150646580671,seed,
ets_attnseg_event_nll_mixture,ets attnseg event nll mixture,2029,620.0000000000015,0.24796502325355904,seed,
ets_attnseg_event_nll_mixture,ets attnseg event nll mixture,2029,630.0000000000015,0.24278749750246587,seed,
ets_attnseg_event_nll_mixture,ets attnseg event nll mixture,2029,640.0000000000015,0.23868048839666922,seed,
ets_attnseg_event_nll_mixture,ets attnseg event nll mixture,2029,650.0000000000015,0.2375512182009293,seed,
ets_attnseg_event_nll_mixture,ets attnseg event nll mixture,2029,660.0000000000015,0.2360047445352717,seed,
ets_attnseg_event_nll_mixture,ets attnseg event nll mixture,2029,670.0000000000015,0.23612415132786357,seed,
ets_attnseg_event_nll_mixture,ets attnseg event nll mixture,2029,680.0000000000015,0.23772961522435598,seed,
ets_attnseg_event_nll_mixture,ets attnseg event nll mixture,2029,690.0000000000015,0.23822452794088617,seed,
ets_attnseg_event_nll_mixture,ets attnseg event nll mixture,2029,700.0000000000015,0.23668308848881586,seed,
ets_attnseg_event_nll_mixture,ets attnseg event nll mixture,2029,710.0000000000015,0.235854028746329,seed,
ets_attnseg_event_nll_mixture,ets attnseg event nll mixture,2029,720.0000000000015,0.22471269739987515,seed,
ets_attnseg_event_nll_mixture,ets attnseg event nll mixture,2029,730.0000000000016,0.21855295416739368,seed,
ets_attnseg_event_nll_mixture,ets attnseg event nll mixture,2029,740.0000000000016,0.21913574192956486,seed,
ets_attnseg_event_nll_mixture,ets attnseg event nll mixture,2029,750.0000000000016,0.21970908589473342,seed,
ets_attnseg_event_nll_mixture,ets attnseg event nll mixture,2029,760.0000000000016,0.221582476071693,seed,
ets_attnseg_event_nll_mixture,ets attnseg event nll mixture,2029,770.0000000000016,0.22356105969254267,seed,
ets_attnseg_event_nll_mixture,ets attnseg event nll mixture,2029,780.0000000000016,0.22248589946517316,seed,
ets_attnseg_event_nll_mixture,ets attnseg event nll mixture,2029,790.0000000000016,0.2228059045881139,seed,
ets_attnseg_event_nll_mixture,ets attnseg event nll mixture,2029,800.0000000000016,0.22212933943340205,seed,
ets_attnseg_event_nll_mixture,ets attnseg event nll mixture,2029,810.0000000000016,0.22541836892784559,seed,
ets_attnseg_event_nll_mixture,ets attnseg event nll mixture,2029,820.0000000000016,0.2236877319009662,seed,
ets_attnseg_event_nll_mixture,ets attnseg event nll mixture,2029,830.0000000000016,0.2219391260873742,seed,
ets_attnseg_event_nll_mixture,ets attnseg event nll mixture,2029,840.0000000000016,0.22142741137497784,seed,
ets_attnseg_event_nll_mixture,ets attnseg event nll mixture,2029,850.0000000000016,0.22415212194870926,seed,
ets_attnseg_event_nll_mixture,ets attnseg event nll mixture,2029,860.0000000000017,0.2209881345150543,seed,
ets_attnseg_event_nll_mixture,ets attnseg event nll mixture,2029,870.0000000000017,0.2194682817456575,seed,
ets_attnseg_event_nll_mixture,ets attnseg event nll mixture,2029,880.0000000000017,0.21178298145546168,seed,
ets_attnseg_event_nll_mixture,ets attnseg event nll mixture,2029,890.0000000000017,0.203468234007293,seed,
ets_attnseg_event_nll_mixture,ets attnseg event nll mixture,2029,900.0000000000017,0.20508180549605065,seed,
ets_attnseg_event_nll_mixture,ets attnseg event nll mixture,2029,910.0000000000017,0.20309778435797948,seed,
ets_attnseg_event_nll_mixture,ets attnseg event nll mixture,2029,920.0000000000017,0.20488156613209899,seed,
ets_attnseg_event_nll_mixture,ets attnseg event nll mixture,2029,930.0000000000017,0.2117500097947528,seed,
ets_attnseg_event_nll_mixture,ets attnseg event nll mixture,2029,940.0000000000017,0.21846905729537705,seed,
ets_attnseg_event_nll_mixture,ets attnseg event nll mixture,2029,950.0000000000017,0.23206720059954916,seed,
ets_attnseg_event_nll_mixture,ets attnseg event nll mixture,2029,960.0000000000017,0.23825792179610333,seed,
ets_attnseg_event_nll_mixture,ets attnseg event nll mixture,2029,970.0000000000017,0.2433837527294344,seed,
ets_attnseg_event_nll_mixture,ets attnseg event nll mixture,2029,980.0000000000017,0.248570428633581,seed,
ets_attnseg_event_nll_mixture,ets attnseg event nll mixture,2029,990.0000000000018,0.24482415700901583,seed,
ets_attnseg_event_nll_mixture,ets attnseg event nll mixture,2029,1000.0000000000018,0.23611637077954223,seed,
ets_attnseg_event_nll_mixture,ets attnseg event nll mixture,mean,-1000.0,0.11683312369066212,group_mean,0.018308010321003102
ets_attnseg_event_nll_mixture,ets attnseg event nll mixture,mean,-990.0,0.12010016934705789,group_mean,0.01780447770939483
ets_attnseg_event_nll_mixture,ets attnseg event nll mixture,mean,-980.0,0.12309008691335617,group_mean,0.01680345502133138
ets_attnseg_event_nll_mixture,ets attnseg event nll mixture,mean,-970.0,0.12583430786429847,group_mean,0.01580432415237686
ets_attnseg_event_nll_mixture,ets attnseg event nll mixture,mean,-960.0,0.1268657386447521,group_mean,0.014608324778848759
ets_attnseg_event_nll_mixture,ets attnseg event nll mixture,mean,-950.0,0.13019728549270365,group_mean,0.015277072084750612
ets_attnseg_event_nll_mixture,ets attnseg event nll mixture,mean,-940.0,0.13340651826917305,group_mean,0.01695717856569688
ets_attnseg_event_nll_mixture,ets attnseg event nll mixture,mean,-929.9999999999999,0.13443495621955032,group_mean,0.018353999288709483
ets_attnseg_event_nll_mixture,ets attnseg event nll mixture,mean,-919.9999999999999,0.1364109239551641,group_mean,0.020121018615953293
ets_attnseg_event_nll_mixture,ets attnseg event nll mixture,mean,-909.9999999999999,0.1381201079988737,group_mean,0.020563488599692446
ets_attnseg_event_nll_mixture,ets attnseg event nll mixture,mean,-899.9999999999999,0.13946154615399947,group_mean,0.019392385973963085
ets_attnseg_event_nll_mixture,ets attnseg event nll mixture,mean,-889.9999999999999,0.1437241836857557,group_mean,0.01741820709469411
ets_attnseg_event_nll_mixture,ets attnseg event nll mixture,mean,-879.9999999999999,0.14650187610046692,group_mean,0.01707296648564127
ets_attnseg_event_nll_mixture,ets attnseg event nll mixture,mean,-869.9999999999999,0.14775840075567506,group_mean,0.015166403658428335
ets_attnseg_event_nll_mixture,ets attnseg event nll mixture,mean,-859.9999999999999,0.15135290921368738,group_mean,0.014754848610624061
ets_attnseg_event_nll_mixture,ets attnseg event nll mixture,mean,-849.9999999999999,0.15192509593307965,group_mean,0.015038814868853733
ets_attnseg_event_nll_mixture,ets attnseg event nll mixture,mean,-839.9999999999999,0.15190485969785517,group_mean,0.015589420320251483
ets_attnseg_event_nll_mixture,ets attnseg event nll mixture,mean,-829.9999999999999,0.15208602784022945,group_mean,0.01455877027678968
ets_attnseg_event_nll_mixture,ets attnseg event nll mixture,mean,-819.9999999999999,0.15326728747346632,group_mean,0.013714965206038366
ets_attnseg_event_nll_mixture,ets attnseg event nll mixture,mean,-809.9999999999999,0.1553946608758841,group_mean,0.014696304724618251
ets_attnseg_event_nll_mixture,ets attnseg event nll mixture,mean,-799.9999999999998,0.15772631395608366,group_mean,0.014205858484209645
ets_attnseg_event_nll_mixture,ets attnseg event nll mixture,mean,-789.9999999999998,0.1612487271346553,group_mean,0.013677998363319382
ets_attnseg_event_nll_mixture,ets attnseg event nll mixture,mean,-779.9999999999998,0.16309790324565981,group_mean,0.013292821295051016
ets_attnseg_event_nll_mixture,ets attnseg event nll mixture,mean,-769.9999999999998,0.16630306747257886,group_mean,0.01423857403897162
ets_attnseg_event_nll_mixture,ets attnseg event nll mixture,mean,-759.9999999999998,0.17131602976901714,group_mean,0.01506187471250685
ets_attnseg_event_nll_mixture,ets attnseg event nll mixture,mean,-749.9999999999998,0.1766308528344896,group_mean,0.01746295837112268
ets_attnseg_event_nll_mixture,ets attnseg event nll mixture,mean,-739.9999999999998,0.18185885979458657,group_mean,0.019168331731610606
ets_attnseg_event_nll_mixture,ets attnseg event nll mixture,mean,-729.9999999999998,0.18664041799752484,group_mean,0.020635701704232255
ets_attnseg_event_nll_mixture,ets attnseg event nll mixture,mean,-719.9999999999998,0.19035937896385588,group_mean,0.021905713950640015
ets_attnseg_event_nll_mixture,ets attnseg event nll mixture,mean,-709.9999999999998,0.1910267657661579,group_mean,0.019500917117881187
ets_attnseg_event_nll_mixture,ets attnseg event nll mixture,mean,-699.9999999999998,0.1947076812749508,group_mean,0.015892204727430928
ets_attnseg_event_nll_mixture,ets attnseg event nll mixture,mean,-689.9999999999998,0.2022239984552398,group_mean,0.014408955825499156
ets_attnseg_event_nll_mixture,ets attnseg event nll mixture,mean,-679.9999999999998,0.20873649859425197,group_mean,0.014266947840846306
ets_attnseg_event_nll_mixture,ets attnseg event nll mixture,mean,-669.9999999999997,0.21462827533111878,group_mean,0.01450901100327486
ets_attnseg_event_nll_mixture,ets attnseg event nll mixture,mean,-659.9999999999997,0.21991078768854305,group_mean,0.014355741163196455
ets_attnseg_event_nll_mixture,ets attnseg event nll mixture,mean,-649.9999999999997,0.22373987276863852,group_mean,0.014275144699528649
ets_attnseg_event_nll_mixture,ets attnseg event nll mixture,mean,-639.9999999999997,0.22918334390344725,group_mean,0.015394242671259493
ets_attnseg_event_nll_mixture,ets attnseg event nll mixture,mean,-629.9999999999997,0.2359714087734502,group_mean,0.014691986097394688
ets_attnseg_event_nll_mixture,ets attnseg event nll mixture,mean,-619.9999999999997,0.24277700388952184,group_mean,0.015333270097165633
ets_attnseg_event_nll_mixture,ets attnseg event nll mixture,mean,-609.9999999999997,0.24686366847973762,group_mean,0.01793872766589414
ets_attnseg_event_nll_mixture,ets attnseg event nll mixture,mean,-599.9999999999997,0.25138305497062857,group_mean,0.019695241128481034
ets_attnseg_event_nll_mixture,ets attnseg event nll mixture,mean,-589.9999999999997,0.25674643157586957,group_mean,0.018444635035864087
ets_attnseg_event_nll_mixture,ets attnseg event nll mixture,mean,-579.9999999999997,0.26100866038161763,group_mean,0.016496918327218956
ets_attnseg_event_nll_mixture,ets attnseg event nll mixture,mean,-569.9999999999997,0.2631828682117977,group_mean,0.015889156444640867
ets_attnseg_event_nll_mixture,ets attnseg event nll mixture,mean,-559.9999999999997,0.2656586888976226,group_mean,0.014514062689473311
ets_attnseg_event_nll_mixture,ets attnseg event nll mixture,mean,-549.9999999999995,0.26936246936693753,group_mean,0.013983934173853812
ets_attnseg_event_nll_mixture,ets attnseg event nll mixture,mean,-539.9999999999995,0.274100157227259,group_mean,0.012371150102066871
ets_attnseg_event_nll_mixture,ets attnseg event nll mixture,mean,-529.9999999999995,0.2781720983548275,group_mean,0.0104885037874772
ets_attnseg_event_nll_mixture,ets attnseg event nll mixture,mean,-519.9999999999995,0.2831309106939982,group_mean,0.009550286353850333
ets_attnseg_event_nll_mixture,ets attnseg event nll mixture,mean,-509.99999999999955,0.2898524881186856,group_mean,0.010158477910653586
ets_attnseg_event_nll_mixture,ets attnseg event nll mixture,mean,-499.99999999999955,0.2958215706172969,group_mean,0.007984502444265433
ets_attnseg_event_nll_mixture,ets attnseg event nll mixture,mean,-489.99999999999955,0.30185321795146824,group_mean,0.00825065557629573
ets_attnseg_event_nll_mixture,ets attnseg event nll mixture,mean,-479.99999999999955,0.30803196473496414,group_mean,0.008655346767077212
ets_attnseg_event_nll_mixture,ets attnseg event nll mixture,mean,-469.99999999999955,0.31512838204355226,group_mean,0.007226723995128054
ets_attnseg_event_nll_mixture,ets attnseg event nll mixture,mean,-459.99999999999955,0.3201934761475873,group_mean,0.004960724134117194
ets_attnseg_event_nll_mixture,ets attnseg event nll mixture,mean,-449.9999999999995,0.32591776737213896,group_mean,0.00231775056204178
ets_attnseg_event_nll_mixture,ets attnseg event nll mixture,mean,-439.9999999999995,0.33285988749986933,group_mean,0.003457046632419142
ets_attnseg_event_nll_mixture,ets attnseg event nll mixture,mean,-429.9999999999995,0.34044260695906664,group_mean,0.004163178981722001
ets_attnseg_event_nll_mixture,ets attnseg event nll mixture,mean,-419.9999999999995,0.3481892004842433,group_mean,0.004894742298767789
ets_attnseg_event_nll_mixture,ets attnseg event nll mixture,mean,-409.9999999999995,0.3558832303270936,group_mean,0.006489772550469492
ets_attnseg_event_nll_mixture,ets attnseg event nll mixture,mean,-399.9999999999995,0.36638865721798697,group_mean,0.00878531219285755
ets_attnseg_event_nll_mixture,ets attnseg event nll mixture,mean,-389.99999999999943,0.3763752761865885,group_mean,0.01123673975715985
ets_attnseg_event_nll_mixture,ets attnseg event nll mixture,mean,-379.99999999999943,0.38459392247233404,group_mean,0.011609061937060247
ets_attnseg_event_nll_mixture,ets attnseg event nll mixture,mean,-369.99999999999943,0.39411619960946287,group_mean,0.0120057286101034
ets_attnseg_event_nll_mixture,ets attnseg event nll mixture,mean,-359.99999999999943,0.4005503953828221,group_mean,0.014636414162609931
ets_attnseg_event_nll_mixture,ets attnseg event nll mixture,mean,-349.99999999999943,0.40750607161208807,group_mean,0.015610867089369611
ets_attnseg_event_nll_mixture,ets attnseg event nll mixture,mean,-339.99999999999943,0.41632714994433695,group_mean,0.017419230055086013
ets_attnseg_event_nll_mixture,ets attnseg event nll mixture,mean,-329.99999999999943,0.4260641321113545,group_mean,0.019514149501442916
ets_attnseg_event_nll_mixture,ets attnseg event nll mixture,mean,-319.9999999999994,0.43704025343446046,group_mean,0.020160451302799802
ets_attnseg_event_nll_mixture,ets attnseg event nll mixture,mean,-309.9999999999994,0.4489365879978838,group_mean,0.020168912473639243
ets_attnseg_event_nll_mixture,ets attnseg event nll mixture,mean,-299.9999999999994,0.4611917343165158,group_mean,0.022052420925966976
ets_attnseg_event_nll_mixture,ets attnseg event nll mixture,mean,-289.9999999999994,0.47357715052864213,group_mean,0.024504642434934745
ets_attnseg_event_nll_mixture,ets attnseg event nll mixture,mean,-279.9999999999994,0.4856924399358495,group_mean,0.026818267561461547
ets_attnseg_event_nll_mixture,ets attnseg event nll mixture,mean,-269.9999999999994,0.49870546004393246,group_mean,0.029137088368717597
ets_attnseg_event_nll_mixture,ets attnseg event nll mixture,mean,-259.9999999999993,0.5070798815914865,group_mean,0.03164783601838693
ets_attnseg_event_nll_mixture,ets attnseg event nll mixture,mean,-249.99999999999935,0.5159034397369952,group_mean,0.03242083082420132
ets_attnseg_event_nll_mixture,ets attnseg event nll mixture,mean,-239.99999999999932,0.5261227986128744,group_mean,0.03219869374051917
ets_attnseg_event_nll_mixture,ets attnseg event nll mixture,mean,-229.99999999999932,0.5410702698668814,group_mean,0.035629378091936635
ets_attnseg_event_nll_mixture,ets attnseg event nll mixture,mean,-219.99999999999932,0.5611665942200219,group_mean,0.04124907301836282
ets_attnseg_event_nll_mixture,ets attnseg event nll mixture,mean,-209.9999999999993,0.5816721045049986,group_mean,0.04280851685907419
ets_attnseg_event_nll_mixture,ets attnseg event nll mixture,mean,-199.9999999999993,0.603454253022771,group_mean,0.04567998159410562
ets_attnseg_event_nll_mixture,ets attnseg event nll mixture,mean,-189.9999999999993,0.6284857249083021,group_mean,0.0460983623903587
ets_attnseg_event_nll_mixture,ets attnseg event nll mixture,mean,-179.99999999999926,0.65734990404205,group_mean,0.04689213609252265
ets_attnseg_event_nll_mixture,ets attnseg event nll mixture,mean,-169.99999999999926,0.6917042672718507,group_mean,0.050313697376199853
ets_attnseg_event_nll_mixture,ets attnseg event nll mixture,mean,-159.99999999999926,0.7360262293008811,group_mean,0.05065512377200043
ets_attnseg_event_nll_mixture,ets attnseg event nll mixture,mean,-149.99999999999923,0.7820508131627518,group_mean,0.05306635483110339
ets_attnseg_event_nll_mixture,ets attnseg event nll mixture,mean,-139.99999999999923,0.8412731845682941,group_mean,0.05784773382214516
ets_attnseg_event_nll_mixture,ets attnseg event nll mixture,mean,-129.99999999999923,0.9096334571755458,group_mean,0.06599550666832438
ets_attnseg_event_nll_mixture,ets attnseg event nll mixture,mean,-119.99999999999922,0.9879551935517712,group_mean,0.07344756010347955
ets_attnseg_event_nll_mixture,ets attnseg event nll mixture,mean,-109.9999999999992,1.0846014059540483,group_mean,0.08427997164833632
ets_attnseg_event_nll_mixture,ets attnseg event nll mixture,mean,-99.9999999999992,1.2010266981885882,group_mean,0.09684805206205485
ets_attnseg_event_nll_mixture,ets attnseg event nll mixture,mean,-89.99999999999919,1.3437490056617727,group_mean,0.11009858608382199
ets_attnseg_event_nll_mixture,ets attnseg event nll mixture,mean,-79.99999999999918,1.5168390542323085,group_mean,0.108986544992186
ets_attnseg_event_nll_mixture,ets attnseg event nll mixture,mean,-69.99999999999918,1.698674823627016,group_mean,0.10160076090311512
ets_attnseg_event_nll_mixture,ets attnseg event nll mixture,mean,-59.99999999999916,1.8788764431015637,group_mean,0.09075075433807865
ets_attnseg_event_nll_mixture,ets attnseg event nll mixture,mean,-49.999999999999154,2.0540819777570007,group_mean,0.07324099829047145
ets_attnseg_event_nll_mixture,ets attnseg event nll mixture,mean,-39.99999999999915,2.2207864097152212,group_mean,0.0565324122671605
ets_attnseg_event_nll_mixture,ets attnseg event nll mixture,mean,-29.99999999999914,2.3636073471920414,group_mean,0.054645955308263355
ets_attnseg_event_nll_mixture,ets attnseg event nll mixture,mean,-19.99999999999913,2.465114170944781,group_mean,0.07374784227111188
ets_attnseg_event_nll_mixture,ets attnseg event nll mixture,mean,-9.99999999999912,2.5072690045858024,group_mean,0.07781807336909097
ets_attnseg_event_nll_mixture,ets attnseg event nll mixture,mean,8.881784197001252e-13,2.4897815020420646,group_mean,0.08102374021884533
ets_attnseg_event_nll_mixture,ets attnseg event nll mixture,mean,10.000000000000897,2.4402956537081613,group_mean,0.11399137184587027
ets_attnseg_event_nll_mixture,ets attnseg event nll mixture,mean,20.000000000000906,2.345926482875499,group_mean,0.14202353451225203
ets_attnseg_event_nll_mixture,ets attnseg event nll mixture,mean,30.000000000000917,2.207889359568297,group_mean,0.15717983783156467
ets_attnseg_event_nll_mixture,ets attnseg event nll mixture,mean,40.000000000000924,2.036223164672713,group_mean,0.14832207249397786
ets_attnseg_event_nll_mixture,ets attnseg event nll mixture,mean,50.00000000000093,1.854952988141101,group_mean,0.11743936065060434
ets_attnseg_event_nll_mixture,ets attnseg event nll mixture,mean,60.00000000000094,1.6633249999096589,group_mean,0.07730443834938446
ets_attnseg_event_nll_mixture,ets attnseg event nll mixture,mean,70.00000000000095,1.4905261093209194,group_mean,0.0654262622699953
ets_attnseg_event_nll_mixture,ets attnseg event nll mixture,mean,80.00000000000097,1.3403185254353145,group_mean,0.0649998022289122
ets_attnseg_event_nll_mixture,ets attnseg event nll mixture,mean,90.00000000000097,1.2159597706842422,group_mean,0.06493621004557938
ets_attnseg_event_nll_mixture,ets attnseg event nll mixture,mean,100.00000000000098,1.1035694691948679,group_mean,0.06207846567962883
ets_attnseg_event_nll_mixture,ets attnseg event nll mixture,mean,110.00000000000098,1.0140847854974209,group_mean,0.06627829563362742
ets_attnseg_event_nll_mixture,ets attnseg event nll mixture,mean,120.000000000001,0.9429446959944704,group_mean,0.07102094417570202
ets_attnseg_event_nll_mixture,ets attnseg event nll mixture,mean,130.000000000001,0.8899206594890737,group_mean,0.06796705826461664
ets_attnseg_event_nll_mixture,ets attnseg event nll mixture,mean,140.00000000000102,0.8437275602897574,group_mean,0.05450011576786734
ets_attnseg_event_nll_mixture,ets attnseg event nll mixture,mean,150.00000000000102,0.8078123763832077,group_mean,0.04586514930681949
ets_attnseg_event_nll_mixture,ets attnseg event nll mixture,mean,160.00000000000102,0.7769481903314717,group_mean,0.04687659211270741
ets_attnseg_event_nll_mixture,ets attnseg event nll mixture,mean,170.00000000000105,0.7561967661258191,group_mean,0.04696483751624588
ets_attnseg_event_nll_mixture,ets attnseg event nll mixture,mean,180.00000000000105,0.7418066485938203,group_mean,0.04703664159694568
ets_attnseg_event_nll_mixture,ets attnseg event nll mixture,mean,190.00000000000105,0.7239777068573464,group_mean,0.044766465989374025
ets_attnseg_event_nll_mixture,ets attnseg event nll mixture,mean,200.00000000000108,0.7046342526718534,group_mean,0.037443438589810384
ets_attnseg_event_nll_mixture,ets attnseg event nll mixture,mean,210.00000000000108,0.6883763663531213,group_mean,0.030466067934549163
ets_attnseg_event_nll_mixture,ets attnseg event nll mixture,mean,220.00000000000108,0.6683280145811376,group_mean,0.027170654910255873
ets_attnseg_event_nll_mixture,ets attnseg event nll mixture,mean,230.00000000000108,0.6490638968694924,group_mean,0.026028486401214263
ets_attnseg_event_nll_mixture,ets attnseg event nll mixture,mean,240.0000000000011,0.6300070675205721,group_mean,0.027412937598682206
ets_attnseg_event_nll_mixture,ets attnseg event nll mixture,mean,250.0000000000011,0.6108545804896002,group_mean,0.029532541422311872
ets_attnseg_event_nll_mixture,ets attnseg event nll mixture,mean,260.00000000000114,0.5894232613861282,group_mean,0.03191582725692762
ets_attnseg_event_nll_mixture,ets attnseg event nll mixture,mean,270.00000000000114,0.5672207673261627,group_mean,0.03356835097890885
ets_attnseg_event_nll_mixture,ets attnseg event nll mixture,mean,280.00000000000114,0.5453692923855925,group_mean,0.03319508230466858
ets_attnseg_event_nll_mixture,ets attnseg event nll mixture,mean,290.00000000000114,0.5241124843912239,group_mean,0.031935707990225624
ets_attnseg_event_nll_mixture,ets attnseg event nll mixture,mean,300.00000000000114,0.5035869190754365,group_mean,0.032274237682363004
ets_attnseg_event_nll_mixture,ets attnseg event nll mixture,mean,310.00000000000114,0.4871321905109416,group_mean,0.034866479221803914
ets_attnseg_event_nll_mixture,ets attnseg event nll mixture,mean,320.0000000000012,0.4718202803936819,group_mean,0.04018604993574644
ets_attnseg_event_nll_mixture,ets attnseg event nll mixture,mean,330.0000000000012,0.4572888617195261,group_mean,0.04397643018018738
ets_attnseg_event_nll_mixture,ets attnseg event nll mixture,mean,340.0000000000012,0.44676503213094454,group_mean,0.044798999771022564
ets_attnseg_event_nll_mixture,ets attnseg event nll mixture,mean,350.0000000000012,0.4349962200408585,group_mean,0.04575912415372741
ets_attnseg_event_nll_mixture,ets attnseg event nll mixture,mean,360.0000000000012,0.42422057090514337,group_mean,0.0461066790967112
ets_attnseg_event_nll_mixture,ets attnseg event nll mixture,mean,370.0000000000012,0.4144007070170046,group_mean,0.046295056583347795
ets_attnseg_event_nll_mixture,ets attnseg event nll mixture,mean,380.00000000000125,0.4027018548753117,group_mean,0.04644956280785961
ets_attnseg_event_nll_mixture,ets attnseg event nll mixture,mean,390.00000000000125,0.39331025995031405,group_mean,0.046042930566160975
ets_attnseg_event_nll_mixture,ets attnseg event nll mixture,mean,400.00000000000125,0.3861671506190964,group_mean,0.047162320148918094
ets_attnseg_event_nll_mixture,ets attnseg event nll mixture,mean,410.00000000000125,0.3803010576210153,group_mean,0.045910896051616364
ets_attnseg_event_nll_mixture,ets attnseg event nll mixture,mean,420.00000000000125,0.37778620697712934,group_mean,0.04306201369334563
ets_attnseg_event_nll_mixture,ets attnseg event nll mixture,mean,430.00000000000125,0.3775774264731446,group_mean,0.03903431273065494
ets_attnseg_event_nll_mixture,ets attnseg event nll mixture,mean,440.00000000000125,0.3743780039695428,group_mean,0.03671656946214396
ets_attnseg_event_nll_mixture,ets attnseg event nll mixture,mean,450.0000000000013,0.36902822325465784,group_mean,0.03678632759943477
ets_attnseg_event_nll_mixture,ets attnseg event nll mixture,mean,460.0000000000013,0.36354085371581196,group_mean,0.03696362361615783
ets_attnseg_event_nll_mixture,ets attnseg event nll mixture,mean,470.0000000000013,0.353982059542191,group_mean,0.03558377654879472
ets_attnseg_event_nll_mixture,ets attnseg event nll mixture,mean,480.0000000000013,0.3455200641417588,group_mean,0.03454627553229418
ets_attnseg_event_nll_mixture,ets attnseg event nll mixture,mean,490.0000000000013,0.34020830770524635,group_mean,0.03426214792493115
ets_attnseg_event_nll_mixture,ets attnseg event nll mixture,mean,500.0000000000013,0.3332495590720447,group_mean,0.034136262282325226
ets_attnseg_event_nll_mixture,ets attnseg event nll mixture,mean,510.00000000000136,0.3278910486500787,group_mean,0.033839390015956865
ets_attnseg_event_nll_mixture,ets attnseg event nll mixture,mean,520.0000000000014,0.32211846405431793,group_mean,0.033731348626813165
ets_attnseg_event_nll_mixture,ets attnseg event nll mixture,mean,530.0000000000014,0.3165482866039818,group_mean,0.03415526952295729
ets_attnseg_event_nll_mixture,ets attnseg event nll mixture,mean,540.0000000000014,0.30863611298104343,group_mean,0.032582216873764475
ets_attnseg_event_nll_mixture,ets attnseg event nll mixture,mean,550.0000000000014,0.30099272761685364,group_mean,0.029888479702603363
ets_attnseg_event_nll_mixture,ets attnseg event nll mixture,mean,560.0000000000014,0.29560317466132646,group_mean,0.026700180789289443
ets_attnseg_event_nll_mixture,ets attnseg event nll mixture,mean,570.0000000000014,0.29084974459086854,group_mean,0.024467341261184238
ets_attnseg_event_nll_mixture,ets attnseg event nll mixture,mean,580.0000000000014,0.28559559785836175,group_mean,0.025043676924311493
ets_attnseg_event_nll_mixture,ets attnseg event nll mixture,mean,590.0000000000014,0.28260392854473304,group_mean,0.026642082335739916
ets_attnseg_event_nll_mixture,ets attnseg event nll mixture,mean,600.0000000000014,0.27735174621748426,group_mean,0.028788703915419864
ets_attnseg_event_nll_mixture,ets attnseg event nll mixture,mean,610.0000000000015,0.2721733515948995,group_mean,0.0294731159571417
ets_attnseg_event_nll_mixture,ets attnseg event nll mixture,mean,620.0000000000015,0.26880617671276996,group_mean,0.03049539171841192
ets_attnseg_event_nll_mixture,ets attnseg event nll mixture,mean,630.0000000000015,0.2640330204846378,group_mean,0.029533135717088273
ets_attnseg_event_nll_mixture,ets attnseg event nll mixture,mean,640.0000000000015,0.2602412775044347,group_mean,0.027910007139805695
ets_attnseg_event_nll_mixture,ets attnseg event nll mixture,mean,650.0000000000015,0.25841161060839857,group_mean,0.02784756148438912
ets_attnseg_event_nll_mixture,ets attnseg event nll mixture,mean,660.0000000000015,0.25621610739248063,group_mean,0.02857813552785398
ets_attnseg_event_nll_mixture,ets attnseg event nll mixture,mean,670.0000000000015,0.25658632568749956,group_mean,0.029733770887010846
ets_attnseg_event_nll_mixture,ets attnseg event nll mixture,mean,680.0000000000015,0.25864740062893665,group_mean,0.03129140371612873
ets_attnseg_event_nll_mixture,ets attnseg event nll mixture,mean,690.0000000000015,0.25761200595521505,group_mean,0.03036940447808132
ets_attnseg_event_nll_mixture,ets attnseg event nll mixture,mean,700.0000000000015,0.25552867555328873,group_mean,0.027925210947653153
ets_attnseg_event_nll_mixture,ets attnseg event nll mixture,mean,710.0000000000015,0.255747606977626,group_mean,0.026230955828975954
ets_attnseg_event_nll_mixture,ets attnseg event nll mixture,mean,720.0000000000015,0.24900263772547665,group_mean,0.02592699209650024
ets_attnseg_event_nll_mixture,ets attnseg event nll mixture,mean,730.0000000000016,0.24221153807243706,group_mean,0.024651966717302704
ets_attnseg_event_nll_mixture,ets attnseg event nll mixture,mean,740.0000000000016,0.2394254179555587,group_mean,0.02353649709899738
ets_attnseg_event_nll_mixture,ets attnseg event nll mixture,mean,750.0000000000016,0.23570980406844871,group_mean,0.021885426486458547
ets_attnseg_event_nll_mixture,ets attnseg event nll mixture,mean,760.0000000000016,0.23367474044584266,group_mean,0.02091647218909337
ets_attnseg_event_nll_mixture,ets attnseg event nll mixture,mean,770.0000000000016,0.23346876513773956,group_mean,0.020928973120458553
ets_attnseg_event_nll_mixture,ets attnseg event nll mixture,mean,780.0000000000016,0.22991668766249393,group_mean,0.02182063586597127
ets_attnseg_event_nll_mixture,ets attnseg event nll mixture,mean,790.0000000000016,0.229276540699027,group_mean,0.02214641215226529
ets_attnseg_event_nll_mixture,ets attnseg event nll mixture,mean,800.0000000000016,0.22974592407501926,group_mean,0.021634655006687
ets_attnseg_event_nll_mixture,ets attnseg event nll mixture,mean,810.0000000000016,0.23441469987726124,group_mean,0.020940622357918867
ets_attnseg_event_nll_mixture,ets attnseg event nll mixture,mean,820.0000000000016,0.2346705022839506,group_mean,0.021176558506895118
ets_attnseg_event_nll_mixture,ets attnseg event nll mixture,mean,830.0000000000016,0.23333931458869142,group_mean,0.022845429073849517
ets_attnseg_event_nll_mixture,ets attnseg event nll mixture,mean,840.0000000000016,0.23353622461031867,group_mean,0.025085161586511886
ets_attnseg_event_nll_mixture,ets attnseg event nll mixture,mean,850.0000000000016,0.2332526822940953,group_mean,0.02608488936416259
ets_attnseg_event_nll_mixture,ets attnseg event nll mixture,mean,860.0000000000017,0.23094434905523822,group_mean,0.025206302219975812
ets_attnseg_event_nll_mixture,ets attnseg event nll mixture,mean,870.0000000000017,0.23282133061589855,group_mean,0.023998229000451853
ets_attnseg_event_nll_mixture,ets attnseg event nll mixture,mean,880.0000000000017,0.23073326941738187,group_mean,0.0226192694344323
ets_attnseg_event_nll_mixture,ets attnseg event nll mixture,mean,890.0000000000017,0.22693902281974698,group_mean,0.021658923842023555
ets_attnseg_event_nll_mixture,ets attnseg event nll mixture,mean,900.0000000000017,0.2263669492722241,group_mean,0.019509270698899156
ets_attnseg_event_nll_mixture,ets attnseg event nll mixture,mean,910.0000000000017,0.22409329315396195,group_mean,0.019033282964404548
ets_attnseg_event_nll_mixture,ets attnseg event nll mixture,mean,920.0000000000017,0.2252123343076769,group_mean,0.02015777287631971
ets_attnseg_event_nll_mixture,ets attnseg event nll mixture,mean,930.0000000000017,0.2292806478548123,group_mean,0.023345606280839554
ets_attnseg_event_nll_mixture,ets attnseg event nll mixture,mean,940.0000000000017,0.23306470618234404,group_mean,0.0265885808350592
ets_attnseg_event_nll_mixture,ets attnseg event nll mixture,mean,950.0000000000017,0.24153297313818084,group_mean,0.026708207976355727
ets_attnseg_event_nll_mixture,ets attnseg event nll mixture,mean,960.0000000000017,0.24722097276479443,group_mean,0.024231324116888803
ets_attnseg_event_nll_mixture,ets attnseg event nll mixture,mean,970.0000000000017,0.24751733732069336,group_mean,0.01952255870668773
ets_attnseg_event_nll_mixture,ets attnseg event nll mixture,mean,980.0000000000017,0.24856188196129603,group_mean,0.018250208185628874
ets_attnseg_event_nll_mixture,ets attnseg event nll mixture,mean,990.0000000000018,0.24968324701157893,group_mean,0.020712065679888904
ets_attnseg_event_nll_mixture,ets attnseg event nll mixture,mean,1000.0000000000018,0.24441438072119973,group_mean,0.022861245852496184
ets_attnseg_time_only,ets attnseg time only,2025,-1000.0,0.16022715254736986,seed,
ets_attnseg_time_only,ets attnseg time only,2025,-990.0,0.16553913033689266,seed,
ets_attnseg_time_only,ets attnseg time only,2025,-980.0,0.16989357978615793,seed,
ets_attnseg_time_only,ets attnseg time only,2025,-970.0,0.1739174447482591,seed,
ets_attnseg_time_only,ets attnseg time only,2025,-960.0,0.17665486712787612,seed,
ets_attnseg_time_only,ets attnseg time only,2025,-950.0,0.18017399211546176,seed,
ets_attnseg_time_only,ets attnseg time only,2025,-940.0,0.18438099987259984,seed,
ets_attnseg_time_only,ets attnseg time only,2025,-929.9999999999999,0.18731091823527893,seed,
ets_attnseg_time_only,ets attnseg time only,2025,-919.9999999999999,0.19184021525422734,seed,
ets_attnseg_time_only,ets attnseg time only,2025,-909.9999999999999,0.19746745861104587,seed,
ets_attnseg_time_only,ets attnseg time only,2025,-899.9999999999999,0.20175487385858695,seed,
ets_attnseg_time_only,ets attnseg time only,2025,-889.9999999999999,0.20679587767635177,seed,
ets_attnseg_time_only,ets attnseg time only,2025,-879.9999999999999,0.21250658917022272,seed,
ets_attnseg_time_only,ets attnseg time only,2025,-869.9999999999999,0.21746958275447037,seed,
ets_attnseg_time_only,ets attnseg time only,2025,-859.9999999999999,0.22344944125049304,seed,
ets_attnseg_time_only,ets attnseg time only,2025,-849.9999999999999,0.22874360569957888,seed,
ets_attnseg_time_only,ets attnseg time only,2025,-839.9999999999999,0.23273482368495665,seed,
ets_attnseg_time_only,ets attnseg time only,2025,-829.9999999999999,0.23825954552051384,seed,
ets_attnseg_time_only,ets attnseg time only,2025,-819.9999999999999,0.2439753980549173,seed,
ets_attnseg_time_only,ets attnseg time only,2025,-809.9999999999999,0.24974448640908267,seed,
ets_attnseg_time_only,ets attnseg time only,2025,-799.9999999999998,0.2555468352974747,seed,
ets_attnseg_time_only,ets attnseg time only,2025,-789.9999999999998,0.26032621478195433,seed,
ets_attnseg_time_only,ets attnseg time only,2025,-779.9999999999998,0.26352010541277804,seed,
ets_attnseg_time_only,ets attnseg time only,2025,-769.9999999999998,0.26831224052952485,seed,
ets_attnseg_time_only,ets attnseg time only,2025,-759.9999999999998,0.2738092139830169,seed,
ets_attnseg_time_only,ets attnseg time only,2025,-749.9999999999998,0.27879767209911244,seed,
ets_attnseg_time_only,ets attnseg time only,2025,-739.9999999999998,0.28513267464387765,seed,
ets_attnseg_time_only,ets attnseg time only,2025,-729.9999999999998,0.29088933513769216,seed,
ets_attnseg_time_only,ets attnseg time only,2025,-719.9999999999998,0.29645172521473256,seed,
ets_attnseg_time_only,ets attnseg time only,2025,-709.9999999999998,0.30067001679547223,seed,
ets_attnseg_time_only,ets attnseg time only,2025,-699.9999999999998,0.30652264889909453,seed,
ets_attnseg_time_only,ets attnseg time only,2025,-689.9999999999998,0.3135199552081609,seed,
ets_attnseg_time_only,ets attnseg time only,2025,-679.9999999999998,0.31972296903819525,seed,
ets_attnseg_time_only,ets attnseg time only,2025,-669.9999999999997,0.3259888844991507,seed,
ets_attnseg_time_only,ets attnseg time only,2025,-659.9999999999997,0.33188123109245254,seed,
ets_attnseg_time_only,ets attnseg time only,2025,-649.9999999999997,0.33727572952775836,seed,
ets_attnseg_time_only,ets attnseg time only,2025,-639.9999999999997,0.3430820767219604,seed,
ets_attnseg_time_only,ets attnseg time only,2025,-629.9999999999997,0.34985675580560316,seed,
ets_attnseg_time_only,ets attnseg time only,2025,-619.9999999999997,0.3562382254530305,seed,
ets_attnseg_time_only,ets attnseg time only,2025,-609.9999999999997,0.3632139778814297,seed,
ets_attnseg_time_only,ets attnseg time only,2025,-599.9999999999997,0.36979844084794133,seed,
ets_attnseg_time_only,ets attnseg time only,2025,-589.9999999999997,0.3765074646283683,seed,
ets_attnseg_time_only,ets attnseg time only,2025,-579.9999999999997,0.38368336535640557,seed,
ets_attnseg_time_only,ets attnseg time only,2025,-569.9999999999997,0.3907561692824308,seed,
ets_attnseg_time_only,ets attnseg time only,2025,-559.9999999999997,0.39710336537281954,seed,
ets_attnseg_time_only,ets attnseg time only,2025,-549.9999999999995,0.4042372275467315,seed,
ets_attnseg_time_only,ets attnseg time only,2025,-539.9999999999995,0.4116486486381806,seed,
ets_attnseg_time_only,ets attnseg time only,2025,-529.9999999999995,0.4192541612013834,seed,
ets_attnseg_time_only,ets attnseg time only,2025,-519.9999999999995,0.4276076359366047,seed,
ets_attnseg_time_only,ets attnseg time only,2025,-509.99999999999955,0.435245500792593,seed,
ets_attnseg_time_only,ets attnseg time only,2025,-499.99999999999955,0.4425455743432141,seed,
ets_attnseg_time_only,ets attnseg time only,2025,-489.99999999999955,0.4511934481186839,seed,
ets_attnseg_time_only,ets attnseg time only,2025,-479.99999999999955,0.45983494392517177,seed,
ets_attnseg_time_only,ets attnseg time only,2025,-469.99999999999955,0.4683156789972931,seed,
ets_attnseg_time_only,ets attnseg time only,2025,-459.99999999999955,0.4757475156686878,seed,
ets_attnseg_time_only,ets attnseg time only,2025,-449.9999999999995,0.4841105145450796,seed,
ets_attnseg_time_only,ets attnseg time only,2025,-439.9999999999995,0.4932122795929351,seed,
ets_attnseg_time_only,ets attnseg time only,2025,-429.9999999999995,0.5022169142653989,seed,
ets_attnseg_time_only,ets attnseg time only,2025,-419.9999999999995,0.5125584231111063,seed,
ets_attnseg_time_only,ets attnseg time only,2025,-409.9999999999995,0.5224582932578133,seed,
ets_attnseg_time_only,ets attnseg time only,2025,-399.9999999999995,0.5312799564681729,seed,
ets_attnseg_time_only,ets attnseg time only,2025,-389.99999999999943,0.5405599818242802,seed,
ets_attnseg_time_only,ets attnseg time only,2025,-379.99999999999943,0.5508292237604073,seed,
ets_attnseg_time_only,ets attnseg time only,2025,-369.99999999999943,0.56162502729086,seed,
ets_attnseg_time_only,ets attnseg time only,2025,-359.99999999999943,0.5729129792465756,seed,
ets_attnseg_time_only,ets attnseg time only,2025,-349.99999999999943,0.5838693932784458,seed,
ets_attnseg_time_only,ets attnseg time only,2025,-339.99999999999943,0.5938647120845444,seed,
ets_attnseg_time_only,ets attnseg time only,2025,-329.99999999999943,0.6038128265522222,seed,
ets_attnseg_time_only,ets attnseg time only,2025,-319.9999999999994,0.6146513924221213,seed,
ets_attnseg_time_only,ets attnseg time only,2025,-309.9999999999994,0.6261163112309741,seed,
ets_attnseg_time_only,ets attnseg time only,2025,-299.9999999999994,0.6385621165599761,seed,
ets_attnseg_time_only,ets attnseg time only,2025,-289.9999999999994,0.6506453207958733,seed,
ets_attnseg_time_only,ets attnseg time only,2025,-279.9999999999994,0.6616813248133092,seed,
ets_attnseg_time_only,ets attnseg time only,2025,-269.9999999999994,0.6728779941379518,seed,
ets_attnseg_time_only,ets attnseg time only,2025,-259.9999999999993,0.6845482011392091,seed,
ets_attnseg_time_only,ets attnseg time only,2025,-249.99999999999935,0.6973116019927147,seed,
ets_attnseg_time_only,ets attnseg time only,2025,-239.99999999999932,0.7109163166498473,seed,
ets_attnseg_time_only,ets attnseg time only,2025,-229.99999999999932,0.7246496940827069,seed,
ets_attnseg_time_only,ets attnseg time only,2025,-219.99999999999932,0.7380140861672997,seed,
ets_attnseg_time_only,ets attnseg time only,2025,-209.9999999999993,0.7509565795118661,seed,
ets_attnseg_time_only,ets attnseg time only,2025,-199.9999999999993,0.7642958791504036,seed,
ets_attnseg_time_only,ets attnseg time only,2025,-189.9999999999993,0.7773651502531209,seed,
ets_attnseg_time_only,ets attnseg time only,2025,-179.99999999999926,0.7903596526455403,seed,
ets_attnseg_time_only,ets attnseg time only,2025,-169.99999999999926,0.8036888478482148,seed,
ets_attnseg_time_only,ets attnseg time only,2025,-159.99999999999926,0.8176284679835293,seed,
ets_attnseg_time_only,ets attnseg time only,2025,-149.99999999999923,0.8317134815690874,seed,
ets_attnseg_time_only,ets attnseg time only,2025,-139.99999999999923,0.8464231008611764,seed,
ets_attnseg_time_only,ets attnseg time only,2025,-129.99999999999923,0.8601297001497356,seed,
ets_attnseg_time_only,ets attnseg time only,2025,-119.99999999999922,0.8722154363002298,seed,
ets_attnseg_time_only,ets attnseg time only,2025,-109.9999999999992,0.8839169864410183,seed,
ets_attnseg_time_only,ets attnseg time only,2025,-99.9999999999992,0.8956051048440192,seed,
ets_attnseg_time_only,ets attnseg time only,2025,-89.99999999999919,0.9078972417004173,seed,
ets_attnseg_time_only,ets attnseg time only,2025,-79.99999999999918,0.9202778784275485,seed,
ets_attnseg_time_only,ets attnseg time only,2025,-69.99999999999918,0.9313508209102294,seed,
ets_attnseg_time_only,ets attnseg time only,2025,-59.99999999999916,0.940471690236239,seed,
ets_attnseg_time_only,ets attnseg time only,2025,-49.999999999999154,0.9476423855382096,seed,
ets_attnseg_time_only,ets attnseg time only,2025,-39.99999999999915,0.953649605962547,seed,
ets_attnseg_time_only,ets attnseg time only,2025,-29.99999999999914,0.9595833968821569,seed,
ets_attnseg_time_only,ets attnseg time only,2025,-19.99999999999913,0.965378427373282,seed,
ets_attnseg_time_only,ets attnseg time only,2025,-9.99999999999912,0.9710359614647408,seed,
ets_attnseg_time_only,ets attnseg time only,2025,8.881784197001252e-13,0.9747497379918427,seed,
ets_attnseg_time_only,ets attnseg time only,2025,10.000000000000897,0.9761776233566862,seed,
ets_attnseg_time_only,ets attnseg time only,2025,20.000000000000906,0.9751963605089938,seed,
ets_attnseg_time_only,ets attnseg time only,2025,30.000000000000917,0.9726246220641432,seed,
ets_attnseg_time_only,ets attnseg time only,2025,40.000000000000924,0.9689685876012959,seed,
ets_attnseg_time_only,ets attnseg time only,2025,50.00000000000093,0.9642841361952456,seed,
ets_attnseg_time_only,ets attnseg time only,2025,60.00000000000094,0.9583530514443772,seed,
ets_attnseg_time_only,ets attnseg time only,2025,70.00000000000095,0.951454700300644,seed,
ets_attnseg_time_only,ets attnseg time only,2025,80.00000000000097,0.9424506924704937,seed,
ets_attnseg_time_only,ets attnseg time only,2025,90.00000000000097,0.93112212033469,seed,
ets_attnseg_time_only,ets attnseg time only,2025,100.00000000000098,0.9173716854643617,seed,
ets_attnseg_time_only,ets attnseg time only,2025,110.00000000000098,0.9026538075894303,seed,
ets_attnseg_time_only,ets attnseg time only,2025,120.000000000001,0.8880337354572393,seed,
ets_attnseg_time_only,ets attnseg time only,2025,130.000000000001,0.8733308279777481,seed,
ets_attnseg_time_only,ets attnseg time only,2025,140.00000000000102,0.8581736231040269,seed,
ets_attnseg_time_only,ets attnseg time only,2025,150.00000000000102,0.8430342042825041,seed,
ets_attnseg_time_only,ets attnseg time only,2025,160.00000000000102,0.8264353617571285,seed,
ets_attnseg_time_only,ets attnseg time only,2025,170.00000000000105,0.80937341673107,seed,
ets_attnseg_time_only,ets attnseg time only,2025,180.00000000000105,0.7926836533835745,seed,
ets_attnseg_time_only,ets attnseg time only,2025,190.00000000000105,0.7756810899906895,seed,
ets_attnseg_time_only,ets attnseg time only,2025,200.00000000000108,0.7590994306665516,seed,
ets_attnseg_time_only,ets attnseg time only,2025,210.00000000000108,0.7434955039608658,seed,
ets_attnseg_time_only,ets attnseg time only,2025,220.00000000000108,0.7270821828123301,seed,
ets_attnseg_time_only,ets attnseg time only,2025,230.00000000000108,0.7119124740645421,seed,
ets_attnseg_time_only,ets attnseg time only,2025,240.0000000000011,0.6988633583615332,seed,
ets_attnseg_time_only,ets attnseg time only,2025,250.0000000000011,0.6866395539300189,seed,
ets_attnseg_time_only,ets attnseg time only,2025,260.00000000000114,0.6743696895868195,seed,
ets_attnseg_time_only,ets attnseg time only,2025,270.00000000000114,0.6619288680893731,seed,
ets_attnseg_time_only,ets attnseg time only,2025,280.00000000000114,0.6490616920846001,seed,
ets_attnseg_time_only,ets attnseg time only,2025,290.00000000000114,0.6373851428148571,seed,
ets_attnseg_time_only,ets attnseg time only,2025,300.00000000000114,0.6267508533339723,seed,
ets_attnseg_time_only,ets attnseg time only,2025,310.00000000000114,0.617902894307487,seed,
ets_attnseg_time_only,ets attnseg time only,2025,320.0000000000012,0.608761018466663,seed,
ets_attnseg_time_only,ets attnseg time only,2025,330.0000000000012,0.5996559417397366,seed,
ets_attnseg_time_only,ets attnseg time only,2025,340.0000000000012,0.5902163662706554,seed,
ets_attnseg_time_only,ets attnseg time only,2025,350.0000000000012,0.5816746576142747,seed,
ets_attnseg_time_only,ets attnseg time only,2025,360.0000000000012,0.5730883800059364,seed,
ets_attnseg_time_only,ets attnseg time only,2025,370.0000000000012,0.566510312508639,seed,
ets_attnseg_time_only,ets attnseg time only,2025,380.00000000000125,0.5601074415363935,seed,
ets_attnseg_time_only,ets attnseg time only,2025,390.00000000000125,0.5535744345166888,seed,
ets_attnseg_time_only,ets attnseg time only,2025,400.00000000000125,0.5471770695407862,seed,
ets_attnseg_time_only,ets attnseg time only,2025,410.00000000000125,0.539877960434934,seed,
ets_attnseg_time_only,ets attnseg time only,2025,420.00000000000125,0.5323898216628189,seed,
ets_attnseg_time_only,ets attnseg time only,2025,430.00000000000125,0.526596717997238,seed,
ets_attnseg_time_only,ets attnseg time only,2025,440.00000000000125,0.5216937161698971,seed,
ets_attnseg_time_only,ets attnseg time only,2025,450.0000000000013,0.5170953995861806,seed,
ets_attnseg_time_only,ets attnseg time only,2025,460.0000000000013,0.5122058106570182,seed,
ets_attnseg_time_only,ets attnseg time only,2025,470.0000000000013,0.506737017069955,seed,
ets_attnseg_time_only,ets attnseg time only,2025,480.0000000000013,0.5009367248462235,seed,
ets_attnseg_time_only,ets attnseg time only,2025,490.0000000000013,0.4956618815558168,seed,
ets_attnseg_time_only,ets attnseg time only,2025,500.0000000000013,0.49036630690710953,seed,
ets_attnseg_time_only,ets attnseg time only,2025,510.00000000000136,0.48674082673594515,seed,
ets_attnseg_time_only,ets attnseg time only,2025,520.0000000000014,0.48253649125901676,seed,
ets_attnseg_time_only,ets attnseg time only,2025,530.0000000000014,0.4789068169439122,seed,
ets_attnseg_time_only,ets attnseg time only,2025,540.0000000000014,0.4737638021695964,seed,
ets_attnseg_time_only,ets attnseg time only,2025,550.0000000000014,0.46978200164353745,seed,
ets_attnseg_time_only,ets attnseg time only,2025,560.0000000000014,0.46584511086414737,seed,
ets_attnseg_time_only,ets attnseg time only,2025,570.0000000000014,0.46188427615994126,seed,
ets_attnseg_time_only,ets attnseg time only,2025,580.0000000000014,0.45770142937777797,seed,
ets_attnseg_time_only,ets attnseg time only,2025,590.0000000000014,0.45386295731625914,seed,
ets_attnseg_time_only,ets attnseg time only,2025,600.0000000000014,0.4499882011907727,seed,
ets_attnseg_time_only,ets attnseg time only,2025,610.0000000000015,0.4462161701025629,seed,
ets_attnseg_time_only,ets attnseg time only,2025,620.0000000000015,0.44289574297982237,seed,
ets_attnseg_time_only,ets attnseg time only,2025,630.0000000000015,0.43890985236801294,seed,
ets_attnseg_time_only,ets attnseg time only,2025,640.0000000000015,0.4342377874566127,seed,
ets_attnseg_time_only,ets attnseg time only,2025,650.0000000000015,0.4306525767930134,seed,
ets_attnseg_time_only,ets attnseg time only,2025,660.0000000000015,0.4276707792749395,seed,
ets_attnseg_time_only,ets attnseg time only,2025,670.0000000000015,0.42489169310293184,seed,
ets_attnseg_time_only,ets attnseg time only,2025,680.0000000000015,0.42202000398749134,seed,
ets_attnseg_time_only,ets attnseg time only,2025,690.0000000000015,0.41845388622965846,seed,
ets_attnseg_time_only,ets attnseg time only,2025,700.0000000000015,0.4144236805696492,seed,
ets_attnseg_time_only,ets attnseg time only,2025,710.0000000000015,0.41218777252677047,seed,
ets_attnseg_time_only,ets attnseg time only,2025,720.0000000000015,0.4091649458494722,seed,
ets_attnseg_time_only,ets attnseg time only,2025,730.0000000000016,0.40758686973084124,seed,
ets_attnseg_time_only,ets attnseg time only,2025,740.0000000000016,0.40614246897478645,seed,
ets_attnseg_time_only,ets attnseg time only,2025,750.0000000000016,0.40429802617042393,seed,
ets_attnseg_time_only,ets attnseg time only,2025,760.0000000000016,0.40164364170672556,seed,
ets_attnseg_time_only,ets attnseg time only,2025,770.0000000000016,0.3992097345164547,seed,
ets_attnseg_time_only,ets attnseg time only,2025,780.0000000000016,0.39614838503775884,seed,
ets_attnseg_time_only,ets attnseg time only,2025,790.0000000000016,0.39512817663182964,seed,
ets_attnseg_time_only,ets attnseg time only,2025,800.0000000000016,0.39420786112811346,seed,
ets_attnseg_time_only,ets attnseg time only,2025,810.0000000000016,0.39409594749050936,seed,
ets_attnseg_time_only,ets attnseg time only,2025,820.0000000000016,0.39166418434025896,seed,
ets_attnseg_time_only,ets attnseg time only,2025,830.0000000000016,0.3893488814455957,seed,
ets_attnseg_time_only,ets attnseg time only,2025,840.0000000000016,0.38802940975616945,seed,
ets_attnseg_time_only,ets attnseg time only,2025,850.0000000000016,0.38831707285937206,seed,
ets_attnseg_time_only,ets attnseg time only,2025,860.0000000000017,0.3870196183132464,seed,
ets_attnseg_time_only,ets attnseg time only,2025,870.0000000000017,0.38797755252966604,seed,
ets_attnseg_time_only,ets attnseg time only,2025,880.0000000000017,0.3877456948520324,seed,
ets_attnseg_time_only,ets attnseg time only,2025,890.0000000000017,0.38850208532426084,seed,
ets_attnseg_time_only,ets attnseg time only,2025,900.0000000000017,0.38736478956798004,seed,
ets_attnseg_time_only,ets attnseg time only,2025,910.0000000000017,0.3867174535244881,seed,
ets_attnseg_time_only,ets attnseg time only,2025,920.0000000000017,0.38625531441665956,seed,
ets_attnseg_time_only,ets attnseg time only,2025,930.0000000000017,0.3876343297940824,seed,
ets_attnseg_time_only,ets attnseg time only,2025,940.0000000000017,0.3862594654148008,seed,
ets_attnseg_time_only,ets attnseg time only,2025,950.0000000000017,0.3868455431601754,seed,
ets_attnseg_time_only,ets attnseg time only,2025,960.0000000000017,0.3867844771352559,seed,
ets_attnseg_time_only,ets attnseg time only,2025,970.0000000000017,0.38614948156099765,seed,
ets_attnseg_time_only,ets attnseg time only,2025,980.0000000000017,0.38719378558503076,seed,
ets_attnseg_time_only,ets attnseg time only,2025,990.0000000000018,0.39145980268635655,seed,
ets_attnseg_time_only,ets attnseg time only,2025,1000.0000000000018,0.39171397900697186,seed,
ets_attnseg_time_only,ets attnseg time only,2026,-1000.0,0.16293065600766493,seed,
ets_attnseg_time_only,ets attnseg time only,2026,-990.0,0.16642853104454827,seed,
ets_attnseg_time_only,ets attnseg time only,2026,-980.0,0.1706934214489551,seed,
ets_attnseg_time_only,ets attnseg time only,2026,-970.0,0.17637511791109298,seed,
ets_attnseg_time_only,ets attnseg time only,2026,-960.0,0.18064966034708566,seed,
ets_attnseg_time_only,ets attnseg time only,2026,-950.0,0.18409589750384367,seed,
ets_attnseg_time_only,ets attnseg time only,2026,-940.0,0.188667338459076,seed,
ets_attnseg_time_only,ets attnseg time only,2026,-929.9999999999999,0.19132166749284577,seed,
ets_attnseg_time_only,ets attnseg time only,2026,-919.9999999999999,0.1949560457768146,seed,
ets_attnseg_time_only,ets attnseg time only,2026,-909.9999999999999,0.1996087799859223,seed,
ets_attnseg_time_only,ets attnseg time only,2026,-899.9999999999999,0.20323494706361178,seed,
ets_attnseg_time_only,ets attnseg time only,2026,-889.9999999999999,0.2081527356440596,seed,
ets_attnseg_time_only,ets attnseg time only,2026,-879.9999999999999,0.21316893073165566,seed,
ets_attnseg_time_only,ets attnseg time only,2026,-869.9999999999999,0.216855290104868,seed,
ets_attnseg_time_only,ets attnseg time only,2026,-859.9999999999999,0.2219505644542638,seed,
ets_attnseg_time_only,ets attnseg time only,2026,-849.9999999999999,0.22715967534006043,seed,
ets_attnseg_time_only,ets attnseg time only,2026,-839.9999999999999,0.2324914360928747,seed,
ets_attnseg_time_only,ets attnseg time only,2026,-829.9999999999999,0.2392441231567602,seed,
ets_attnseg_time_only,ets attnseg time only,2026,-819.9999999999999,0.24495037156512603,seed,
ets_attnseg_time_only,ets attnseg time only,2026,-809.9999999999999,0.24994112194895082,seed,
ets_attnseg_time_only,ets attnseg time only,2026,-799.9999999999998,0.25564836128256896,seed,
ets_attnseg_time_only,ets attnseg time only,2026,-789.9999999999998,0.2608809659061286,seed,
ets_attnseg_time_only,ets attnseg time only,2026,-779.9999999999998,0.26585192147297876,seed,
ets_attnseg_time_only,ets attnseg time only,2026,-769.9999999999998,0.2717780962127389,seed,
ets_attnseg_time_only,ets attnseg time only,2026,-759.9999999999998,0.2776542382837012,seed,
ets_attnseg_time_only,ets attnseg time only,2026,-749.9999999999998,0.28274938994001364,seed,
ets_attnseg_time_only,ets attnseg time only,2026,-739.9999999999998,0.28873325802594185,seed,
ets_attnseg_time_only,ets attnseg time only,2026,-729.9999999999998,0.29349295599927594,seed,
ets_attnseg_time_only,ets attnseg time only,2026,-719.9999999999998,0.29906613470513077,seed,
ets_attnseg_time_only,ets attnseg time only,2026,-709.9999999999998,0.3033837729671091,seed,
ets_attnseg_time_only,ets attnseg time only,2026,-699.9999999999998,0.30843360002835973,seed,
ets_attnseg_time_only,ets attnseg time only,2026,-689.9999999999998,0.31444514647804955,seed,
ets_attnseg_time_only,ets attnseg time only,2026,-679.9999999999998,0.31992707197589415,seed,
ets_attnseg_time_only,ets attnseg time only,2026,-669.9999999999997,0.32691767006630273,seed,
ets_attnseg_time_only,ets attnseg time only,2026,-659.9999999999997,0.33434102789859504,seed,
ets_attnseg_time_only,ets attnseg time only,2026,-649.9999999999997,0.33993631373435523,seed,
ets_attnseg_time_only,ets attnseg time only,2026,-639.9999999999997,0.3459333723868913,seed,
ets_attnseg_time_only,ets attnseg time only,2026,-629.9999999999997,0.3511187221483364,seed,
ets_attnseg_time_only,ets attnseg time only,2026,-619.9999999999997,0.35603201568934434,seed,
ets_attnseg_time_only,ets attnseg time only,2026,-609.9999999999997,0.3639312481194987,seed,
ets_attnseg_time_only,ets attnseg time only,2026,-599.9999999999997,0.3724338739044085,seed,
ets_attnseg_time_only,ets attnseg time only,2026,-589.9999999999997,0.38029204063005767,seed,
ets_attnseg_time_only,ets attnseg time only,2026,-579.9999999999997,0.3872936548821956,seed,
ets_attnseg_time_only,ets attnseg time only,2026,-569.9999999999997,0.3925668695288787,seed,
ets_attnseg_time_only,ets attnseg time only,2026,-559.9999999999997,0.3975569611545625,seed,
ets_attnseg_time_only,ets attnseg time only,2026,-549.9999999999995,0.40513325956560603,seed,
ets_attnseg_time_only,ets attnseg time only,2026,-539.9999999999995,0.41416906661088315,seed,
ets_attnseg_time_only,ets attnseg time only,2026,-529.9999999999995,0.42393903954010786,seed,
ets_attnseg_time_only,ets attnseg time only,2026,-519.9999999999995,0.4324247705322982,seed,
ets_attnseg_time_only,ets attnseg time only,2026,-509.99999999999955,0.43819687657453454,seed,
ets_attnseg_time_only,ets attnseg time only,2026,-499.99999999999955,0.4440611045288026,seed,
ets_attnseg_time_only,ets attnseg time only,2026,-489.99999999999955,0.4530504662744207,seed,
ets_attnseg_time_only,ets attnseg time only,2026,-479.99999999999955,0.46428195313336723,seed,
ets_attnseg_time_only,ets attnseg time only,2026,-469.99999999999955,0.47624194040102585,seed,
ets_attnseg_time_only,ets attnseg time only,2026,-459.99999999999955,0.4853252741478778,seed,
ets_attnseg_time_only,ets attnseg time only,2026,-449.9999999999995,0.493264789213218,seed,
ets_attnseg_time_only,ets attnseg time only,2026,-439.9999999999995,0.5018414917537296,seed,
ets_attnseg_time_only,ets attnseg time only,2026,-429.9999999999995,0.5115559975444487,seed,
ets_attnseg_time_only,ets attnseg time only,2026,-419.9999999999995,0.5230542993908883,seed,
ets_attnseg_time_only,ets attnseg time only,2026,-409.9999999999995,0.534661680641877,seed,
ets_attnseg_time_only,ets attnseg time only,2026,-399.9999999999995,0.545117990722939,seed,
ets_attnseg_time_only,ets attnseg time only,2026,-389.99999999999943,0.5546886577086616,seed,
ets_attnseg_time_only,ets attnseg time only,2026,-379.99999999999943,0.5656087263977834,seed,
ets_attnseg_time_only,ets attnseg time only,2026,-369.99999999999943,0.5773637348244803,seed,
ets_attnseg_time_only,ets attnseg time only,2026,-359.99999999999943,0.5904958992906579,seed,
ets_attnseg_time_only,ets attnseg time only,2026,-349.99999999999943,0.6035549580994128,seed,
ets_attnseg_time_only,ets attnseg time only,2026,-339.99999999999943,0.6156766330001001,seed,
ets_attnseg_time_only,ets attnseg time only,2026,-329.99999999999943,0.6287194136432602,seed,
ets_attnseg_time_only,ets attnseg time only,2026,-319.9999999999994,0.6413069750929169,seed,
ets_attnseg_time_only,ets attnseg time only,2026,-309.9999999999994,0.6540438810807482,seed,
ets_attnseg_time_only,ets attnseg time only,2026,-299.9999999999994,0.6679558330960277,seed,
ets_attnseg_time_only,ets attnseg time only,2026,-289.9999999999994,0.6812513377796003,seed,
ets_attnseg_time_only,ets attnseg time only,2026,-279.9999999999994,0.693644261436685,seed,
ets_attnseg_time_only,ets attnseg time only,2026,-269.9999999999994,0.7082957730015309,seed,
ets_attnseg_time_only,ets attnseg time only,2026,-259.9999999999993,0.7243749630610412,seed,
ets_attnseg_time_only,ets attnseg time only,2026,-249.99999999999935,0.7397551068609738,seed,
ets_attnseg_time_only,ets attnseg time only,2026,-239.99999999999932,0.7545358173383702,seed,
ets_attnseg_time_only,ets attnseg time only,2026,-229.99999999999932,0.770196284041015,seed,
ets_attnseg_time_only,ets attnseg time only,2026,-219.99999999999932,0.7867998839797532,seed,
ets_attnseg_time_only,ets attnseg time only,2026,-209.9999999999993,0.8020656058669622,seed,
ets_attnseg_time_only,ets attnseg time only,2026,-199.9999999999993,0.8187516442324982,seed,
ets_attnseg_time_only,ets attnseg time only,2026,-189.9999999999993,0.835996472545224,seed,
ets_attnseg_time_only,ets attnseg time only,2026,-179.99999999999926,0.8506798951752611,seed,
ets_attnseg_time_only,ets attnseg time only,2026,-169.99999999999926,0.8657035207956841,seed,
ets_attnseg_time_only,ets attnseg time only,2026,-159.99999999999926,0.8824606554197268,seed,
ets_attnseg_time_only,ets attnseg time only,2026,-149.99999999999923,0.9010228391628036,seed,
ets_attnseg_time_only,ets attnseg time only,2026,-139.99999999999923,0.9193923704589309,seed,
ets_attnseg_time_only,ets attnseg time only,2026,-129.99999999999923,0.9347116279764869,seed,
ets_attnseg_time_only,ets attnseg time only,2026,-119.99999999999922,0.9471090369799886,seed,
ets_attnseg_time_only,ets attnseg time only,2026,-109.9999999999992,0.9602061291805225,seed,
ets_attnseg_time_only,ets attnseg time only,2026,-99.9999999999992,0.9759403379499565,seed,
ets_attnseg_time_only,ets attnseg time only,2026,-89.99999999999919,0.9940807552925524,seed,
ets_attnseg_time_only,ets attnseg time only,2026,-79.99999999999918,1.0109737810172656,seed,
ets_attnseg_time_only,ets attnseg time only,2026,-69.99999999999918,1.022888972014236,seed,
ets_attnseg_time_only,ets attnseg time only,2026,-59.99999999999916,1.0313667706107854,seed,
ets_attnseg_time_only,ets attnseg time only,2026,-49.999999999999154,1.0391022901644444,seed,
ets_attnseg_time_only,ets attnseg time only,2026,-39.99999999999915,1.0471186032900714,seed,
ets_attnseg_time_only,ets attnseg time only,2026,-29.99999999999914,1.0563357353838567,seed,
ets_attnseg_time_only,ets attnseg time only,2026,-19.99999999999913,1.0658282398689705,seed,
ets_attnseg_time_only,ets attnseg time only,2026,-9.99999999999912,1.0716173417043497,seed,
ets_attnseg_time_only,ets attnseg time only,2026,8.881784197001252e-13,1.0704440436844433,seed,
ets_attnseg_time_only,ets attnseg time only,2026,10.000000000000897,1.0647537197970074,seed,
ets_attnseg_time_only,ets attnseg time only,2026,20.000000000000906,1.056521853635714,seed,
ets_attnseg_time_only,ets attnseg time only,2026,30.000000000000917,1.0486077917897603,seed,
ets_attnseg_time_only,ets attnseg time only,2026,40.000000000000924,1.0394436774263465,seed,
ets_attnseg_time_only,ets attnseg time only,2026,50.00000000000093,1.0276586714452567,seed,
ets_attnseg_time_only,ets attnseg time only,2026,60.00000000000094,1.0120075722117297,seed,
ets_attnseg_time_only,ets attnseg time only,2026,70.00000000000095,0.9928816256865661,seed,
ets_attnseg_time_only,ets attnseg time only,2026,80.00000000000097,0.9726399531268323,seed,
ets_attnseg_time_only,ets attnseg time only,2026,90.00000000000097,0.9529370456786583,seed,
ets_attnseg_time_only,ets attnseg time only,2026,100.00000000000098,0.9347806198120108,seed,
ets_attnseg_time_only,ets attnseg time only,2026,110.00000000000098,0.9156265680653733,seed,
ets_attnseg_time_only,ets attnseg time only,2026,120.000000000001,0.8946870454098356,seed,
ets_attnseg_time_only,ets attnseg time only,2026,130.000000000001,0.8704414962964563,seed,
ets_attnseg_time_only,ets attnseg time only,2026,140.00000000000102,0.8453868469854303,seed,
ets_attnseg_time_only,ets attnseg time only,2026,150.00000000000102,0.8215075165029796,seed,
ets_attnseg_time_only,ets attnseg time only,2026,160.00000000000102,0.7976070540080354,seed,
ets_attnseg_time_only,ets attnseg time only,2026,170.00000000000105,0.7752857520660482,seed,
ets_attnseg_time_only,ets attnseg time only,2026,180.00000000000105,0.7549262332304693,seed,
ets_attnseg_time_only,ets attnseg time only,2026,190.00000000000105,0.7343068518085917,seed,
ets_attnseg_time_only,ets attnseg time only,2026,200.00000000000108,0.7134011301574291,seed,
ets_attnseg_time_only,ets attnseg time only,2026,210.00000000000108,0.6917168187424348,seed,
ets_attnseg_time_only,ets attnseg time only,2026,220.00000000000108,0.668271773163064,seed,
ets_attnseg_time_only,ets attnseg time only,2026,230.00000000000108,0.647025953605474,seed,
ets_attnseg_time_only,ets attnseg time only,2026,240.0000000000011,0.62862136266022,seed,
ets_attnseg_time_only,ets attnseg time only,2026,250.0000000000011,0.6126556035402202,seed,
ets_attnseg_time_only,ets attnseg time only,2026,260.00000000000114,0.5975980631224818,seed,
ets_attnseg_time_only,ets attnseg time only,2026,270.00000000000114,0.5816708466385503,seed,
ets_attnseg_time_only,ets attnseg time only,2026,280.00000000000114,0.566850049344795,seed,
ets_attnseg_time_only,ets attnseg time only,2026,290.00000000000114,0.5528531398558895,seed,
ets_attnseg_time_only,ets attnseg time only,2026,300.00000000000114,0.5417694168240942,seed,
ets_attnseg_time_only,ets attnseg time only,2026,310.00000000000114,0.5338977479807159,seed,
ets_attnseg_time_only,ets attnseg time only,2026,320.0000000000012,0.5254426936780837,seed,
ets_attnseg_time_only,ets attnseg time only,2026,330.0000000000012,0.5162188044071505,seed,
ets_attnseg_time_only,ets attnseg time only,2026,340.0000000000012,0.5087229509542713,seed,
ets_attnseg_time_only,ets attnseg time only,2026,350.0000000000012,0.501497585845948,seed,
ets_attnseg_time_only,ets attnseg time only,2026,360.0000000000012,0.49500141580415385,seed,
ets_attnseg_time_only,ets attnseg time only,2026,370.0000000000012,0.490410150929581,seed,
ets_attnseg_time_only,ets attnseg time only,2026,380.00000000000125,0.4848358352651575,seed,
ets_attnseg_time_only,ets attnseg time only,2026,390.00000000000125,0.47842679858244735,seed,
ets_attnseg_time_only,ets attnseg time only,2026,400.00000000000125,0.4737764533016847,seed,
ets_attnseg_time_only,ets attnseg time only,2026,410.00000000000125,0.46836369847620374,seed,
ets_attnseg_time_only,ets attnseg time only,2026,420.00000000000125,0.46475567427567377,seed,
ets_attnseg_time_only,ets attnseg time only,2026,430.00000000000125,0.46146227679745655,seed,
ets_attnseg_time_only,ets attnseg time only,2026,440.00000000000125,0.4563623277646529,seed,
ets_attnseg_time_only,ets attnseg time only,2026,450.0000000000013,0.45134831070707104,seed,
ets_attnseg_time_only,ets attnseg time only,2026,460.0000000000013,0.44775779170151264,seed,
ets_attnseg_time_only,ets attnseg time only,2026,470.0000000000013,0.44303620339068617,seed,
ets_attnseg_time_only,ets attnseg time only,2026,480.0000000000013,0.4390271395853441,seed,
ets_attnseg_time_only,ets attnseg time only,2026,490.0000000000013,0.43730134893867467,seed,
ets_attnseg_time_only,ets attnseg time only,2026,500.0000000000013,0.4339920787910549,seed,
ets_attnseg_time_only,ets attnseg time only,2026,510.00000000000136,0.43156054896340545,seed,
ets_attnseg_time_only,ets attnseg time only,2026,520.0000000000014,0.42820696228577965,seed,
ets_attnseg_time_only,ets attnseg time only,2026,530.0000000000014,0.4271399027721738,seed,
ets_attnseg_time_only,ets attnseg time only,2026,540.0000000000014,0.4245297766153002,seed,
ets_attnseg_time_only,ets attnseg time only,2026,550.0000000000014,0.4211180758016401,seed,
ets_attnseg_time_only,ets attnseg time only,2026,560.0000000000014,0.4201252337481078,seed,
ets_attnseg_time_only,ets attnseg time only,2026,570.0000000000014,0.41771378287021155,seed,
ets_attnseg_time_only,ets attnseg time only,2026,580.0000000000014,0.41542834284338187,seed,
ets_attnseg_time_only,ets attnseg time only,2026,590.0000000000014,0.4158445960297962,seed,
ets_attnseg_time_only,ets attnseg time only,2026,600.0000000000014,0.41584917829627815,seed,
ets_attnseg_time_only,ets attnseg time only,2026,610.0000000000015,0.41312257858659773,seed,
ets_attnseg_time_only,ets attnseg time only,2026,620.0000000000015,0.4129043066895902,seed,
ets_attnseg_time_only,ets attnseg time only,2026,630.0000000000015,0.4113728089239385,seed,
ets_attnseg_time_only,ets attnseg time only,2026,640.0000000000015,0.40866221896826366,seed,
ets_attnseg_time_only,ets attnseg time only,2026,650.0000000000015,0.40959078530639087,seed,
ets_attnseg_time_only,ets attnseg time only,2026,660.0000000000015,0.4066298840338751,seed,
ets_attnseg_time_only,ets attnseg time only,2026,670.0000000000015,0.4041690713665717,seed,
ets_attnseg_time_only,ets attnseg time only,2026,680.0000000000015,0.40342046664413184,seed,
ets_attnseg_time_only,ets attnseg time only,2026,690.0000000000015,0.4007479104513406,seed,
ets_attnseg_time_only,ets attnseg time only,2026,700.0000000000015,0.39812480387952176,seed,
ets_attnseg_time_only,ets attnseg time only,2026,710.0000000000015,0.3997705089154577,seed,
ets_attnseg_time_only,ets attnseg time only,2026,720.0000000000015,0.396352763070861,seed,
ets_attnseg_time_only,ets attnseg time only,2026,730.0000000000016,0.3933620333967501,seed,
ets_attnseg_time_only,ets attnseg time only,2026,740.0000000000016,0.3953860656348653,seed,
ets_attnseg_time_only,ets attnseg time only,2026,750.0000000000016,0.39383999560837263,seed,
ets_attnseg_time_only,ets attnseg time only,2026,760.0000000000016,0.3927705053844128,seed,
ets_attnseg_time_only,ets attnseg time only,2026,770.0000000000016,0.3949362449610471,seed,
ets_attnseg_time_only,ets attnseg time only,2026,780.0000000000016,0.39138790669537343,seed,
ets_attnseg_time_only,ets attnseg time only,2026,790.0000000000016,0.38909895144489137,seed,
ets_attnseg_time_only,ets attnseg time only,2026,800.0000000000016,0.38590449354317885,seed,
ets_attnseg_time_only,ets attnseg time only,2026,810.0000000000016,0.38894767697498145,seed,
ets_attnseg_time_only,ets attnseg time only,2026,820.0000000000016,0.3877256813103103,seed,
ets_attnseg_time_only,ets attnseg time only,2026,830.0000000000016,0.3854735956942595,seed,
ets_attnseg_time_only,ets attnseg time only,2026,840.0000000000016,0.38707326243924495,seed,
ets_attnseg_time_only,ets attnseg time only,2026,850.0000000000016,0.3863456315167938,seed,
ets_attnseg_time_only,ets attnseg time only,2026,860.0000000000017,0.3845405860044571,seed,
ets_attnseg_time_only,ets attnseg time only,2026,870.0000000000017,0.38546389066055525,seed,
ets_attnseg_time_only,ets attnseg time only,2026,880.0000000000017,0.38276054731560416,seed,
ets_attnseg_time_only,ets attnseg time only,2026,890.0000000000017,0.3780437021939204,seed,
ets_attnseg_time_only,ets attnseg time only,2026,900.0000000000017,0.37899919922266284,seed,
ets_attnseg_time_only,ets attnseg time only,2026,910.0000000000017,0.3788790505856728,seed,
ets_attnseg_time_only,ets attnseg time only,2026,920.0000000000017,0.3812985314594957,seed,
ets_attnseg_time_only,ets attnseg time only,2026,930.0000000000017,0.3862144796037127,seed,
ets_attnseg_time_only,ets attnseg time only,2026,940.0000000000017,0.38417658991597664,seed,
ets_attnseg_time_only,ets attnseg time only,2026,950.0000000000017,0.3843693048767259,seed,
ets_attnseg_time_only,ets attnseg time only,2026,960.0000000000017,0.3868840756488779,seed,
ets_attnseg_time_only,ets attnseg time only,2026,970.0000000000017,0.38513685292468425,seed,
ets_attnseg_time_only,ets attnseg time only,2026,980.0000000000017,0.3867235030675056,seed,
ets_attnseg_time_only,ets attnseg time only,2026,990.0000000000018,0.3921772286349447,seed,
ets_attnseg_time_only,ets attnseg time only,2026,1000.0000000000018,0.38895242229382604,seed,
ets_attnseg_time_only,ets attnseg time only,2027,-1000.0,0.30046504089992077,seed,
ets_attnseg_time_only,ets attnseg time only,2027,-990.0,0.3046947598241023,seed,
ets_attnseg_time_only,ets attnseg time only,2027,-980.0,0.30797803278745234,seed,
ets_attnseg_time_only,ets attnseg time only,2027,-970.0,0.31132895397927857,seed,
ets_attnseg_time_only,ets attnseg time only,2027,-960.0,0.312624108754161,seed,
ets_attnseg_time_only,ets attnseg time only,2027,-950.0,0.31559997933625006,seed,
ets_attnseg_time_only,ets attnseg time only,2027,-940.0,0.3198592301953646,seed,
ets_attnseg_time_only,ets attnseg time only,2027,-929.9999999999999,0.32049145540508156,seed,
ets_attnseg_time_only,ets attnseg time only,2027,-919.9999999999999,0.32284093457813934,seed,
ets_attnseg_time_only,ets attnseg time only,2027,-909.9999999999999,0.326736258375605,seed,
ets_attnseg_time_only,ets attnseg time only,2027,-899.9999999999999,0.3290629987687631,seed,
ets_attnseg_time_only,ets attnseg time only,2027,-889.9999999999999,0.33211300535849003,seed,
ets_attnseg_time_only,ets attnseg time only,2027,-879.9999999999999,0.3353620325549865,seed,
ets_attnseg_time_only,ets attnseg time only,2027,-869.9999999999999,0.3369304643490698,seed,
ets_attnseg_time_only,ets attnseg time only,2027,-859.9999999999999,0.33985525394997124,seed,
ets_attnseg_time_only,ets attnseg time only,2027,-849.9999999999999,0.3422145662613437,seed,
ets_attnseg_time_only,ets attnseg time only,2027,-839.9999999999999,0.34335958437723646,seed,
ets_attnseg_time_only,ets attnseg time only,2027,-829.9999999999999,0.3461359350045289,seed,
ets_attnseg_time_only,ets attnseg time only,2027,-819.9999999999999,0.3485060157608433,seed,
ets_attnseg_time_only,ets attnseg time only,2027,-809.9999999999999,0.3503725353113899,seed,
ets_attnseg_time_only,ets attnseg time only,2027,-799.9999999999998,0.3533525530729516,seed,
ets_attnseg_time_only,ets attnseg time only,2027,-789.9999999999998,0.3562879232952328,seed,
ets_attnseg_time_only,ets attnseg time only,2027,-779.9999999999998,0.3584761169439116,seed,
ets_attnseg_time_only,ets attnseg time only,2027,-769.9999999999998,0.3622962198235815,seed,
ets_attnseg_time_only,ets attnseg time only,2027,-759.9999999999998,0.36607760044044263,seed,
ets_attnseg_time_only,ets attnseg time only,2027,-749.9999999999998,0.368459315044395,seed,
ets_attnseg_time_only,ets attnseg time only,2027,-739.9999999999998,0.37218943071151744,seed,
ets_attnseg_time_only,ets attnseg time only,2027,-729.9999999999998,0.3754937470766461,seed,
ets_attnseg_time_only,ets attnseg time only,2027,-719.9999999999998,0.3792990130890674,seed,
ets_attnseg_time_only,ets attnseg time only,2027,-709.9999999999998,0.38170121508219906,seed,
ets_attnseg_time_only,ets attnseg time only,2027,-699.9999999999998,0.38475608380485105,seed,
ets_attnseg_time_only,ets attnseg time only,2027,-689.9999999999998,0.38768860615635936,seed,
ets_attnseg_time_only,ets attnseg time only,2027,-679.9999999999998,0.38931327057187,seed,
ets_attnseg_time_only,ets attnseg time only,2027,-669.9999999999997,0.3919407936526359,seed,
ets_attnseg_time_only,ets attnseg time only,2027,-659.9999999999997,0.39527455073031165,seed,
ets_attnseg_time_only,ets attnseg time only,2027,-649.9999999999997,0.39860276477763656,seed,
ets_attnseg_time_only,ets attnseg time only,2027,-639.9999999999997,0.4022422636842321,seed,
ets_attnseg_time_only,ets attnseg time only,2027,-629.9999999999997,0.40603450984376377,seed,
ets_attnseg_time_only,ets attnseg time only,2027,-619.9999999999997,0.40916706249027385,seed,
ets_attnseg_time_only,ets attnseg time only,2027,-609.9999999999997,0.4134883542482296,seed,
ets_attnseg_time_only,ets attnseg time only,2027,-599.9999999999997,0.4179013082966818,seed,
ets_attnseg_time_only,ets attnseg time only,2027,-589.9999999999997,0.42206837986410983,seed,
ets_attnseg_time_only,ets attnseg time only,2027,-579.9999999999997,0.42649528997140723,seed,
ets_attnseg_time_only,ets attnseg time only,2027,-569.9999999999997,0.4307435611224885,seed,
ets_attnseg_time_only,ets attnseg time only,2027,-559.9999999999997,0.4346250648554992,seed,
ets_attnseg_time_only,ets attnseg time only,2027,-549.9999999999995,0.43918061447855444,seed,
ets_attnseg_time_only,ets attnseg time only,2027,-539.9999999999995,0.4437580365522358,seed,
ets_attnseg_time_only,ets attnseg time only,2027,-529.9999999999995,0.44829690613111994,seed,
ets_attnseg_time_only,ets attnseg time only,2027,-519.9999999999995,0.4533994858158888,seed,
ets_attnseg_time_only,ets attnseg time only,2027,-509.99999999999955,0.45797038254616323,seed,
ets_attnseg_time_only,ets attnseg time only,2027,-499.99999999999955,0.46206099031109404,seed,
ets_attnseg_time_only,ets attnseg time only,2027,-489.99999999999955,0.46676948962220943,seed,
ets_attnseg_time_only,ets attnseg time only,2027,-479.99999999999955,0.4712557101967331,seed,
ets_attnseg_time_only,ets attnseg time only,2027,-469.99999999999955,0.47634867986135826,seed,
ets_attnseg_time_only,ets attnseg time only,2027,-459.99999999999955,0.4809692893081456,seed,
ets_attnseg_time_only,ets attnseg time only,2027,-449.9999999999995,0.4858992430534822,seed,
ets_attnseg_time_only,ets attnseg time only,2027,-439.9999999999995,0.4908022100675473,seed,
ets_attnseg_time_only,ets attnseg time only,2027,-429.9999999999995,0.49469360745690927,seed,
ets_attnseg_time_only,ets attnseg time only,2027,-419.9999999999995,0.49906198866436896,seed,
ets_attnseg_time_only,ets attnseg time only,2027,-409.9999999999995,0.5041036122938657,seed,
ets_attnseg_time_only,ets attnseg time only,2027,-399.9999999999995,0.5096565517461179,seed,
ets_attnseg_time_only,ets attnseg time only,2027,-389.99999999999943,0.5156457943842842,seed,
ets_attnseg_time_only,ets attnseg time only,2027,-379.99999999999943,0.5214407757705867,seed,
ets_attnseg_time_only,ets attnseg time only,2027,-369.99999999999943,0.5265902731825125,seed,
ets_attnseg_time_only,ets attnseg time only,2027,-359.99999999999943,0.5320950171677854,seed,
ets_attnseg_time_only,ets attnseg time only,2027,-349.99999999999943,0.538082630637128,seed,
ets_attnseg_time_only,ets attnseg time only,2027,-339.99999999999943,0.5443082993946826,seed,
ets_attnseg_time_only,ets attnseg time only,2027,-329.99999999999943,0.5505568391179807,seed,
ets_attnseg_time_only,ets attnseg time only,2027,-319.9999999999994,0.5564877873109983,seed,
ets_attnseg_time_only,ets attnseg time only,2027,-309.9999999999994,0.5616864298983718,seed,
ets_attnseg_time_only,ets attnseg time only,2027,-299.9999999999994,0.5667196517974129,seed,
ets_attnseg_time_only,ets attnseg time only,2027,-289.9999999999994,0.5717864384951534,seed,
ets_attnseg_time_only,ets attnseg time only,2027,-279.9999999999994,0.5771607496747343,seed,
ets_attnseg_time_only,ets attnseg time only,2027,-269.9999999999994,0.582969434836028,seed,
ets_attnseg_time_only,ets attnseg time only,2027,-259.9999999999993,0.5881881096036932,seed,
ets_attnseg_time_only,ets attnseg time only,2027,-249.99999999999935,0.59295461703922,seed,
ets_attnseg_time_only,ets attnseg time only,2027,-239.99999999999932,0.597458631757356,seed,
ets_attnseg_time_only,ets attnseg time only,2027,-229.99999999999932,0.6020008542950934,seed,
ets_attnseg_time_only,ets attnseg time only,2027,-219.99999999999932,0.606505332133441,seed,
ets_attnseg_time_only,ets attnseg time only,2027,-209.9999999999993,0.610668997066105,seed,
ets_attnseg_time_only,ets attnseg time only,2027,-199.9999999999993,0.6142789636204549,seed,
ets_attnseg_time_only,ets attnseg time only,2027,-189.9999999999993,0.6173586526554229,seed,
ets_attnseg_time_only,ets attnseg time only,2027,-179.99999999999926,0.6201110031402002,seed,
ets_attnseg_time_only,ets attnseg time only,2027,-169.99999999999926,0.6226039276014796,seed,
ets_attnseg_time_only,ets attnseg time only,2027,-159.99999999999926,0.6249669524023624,seed,
ets_attnseg_time_only,ets attnseg time only,2027,-149.99999999999923,0.6264904903073452,seed,
ets_attnseg_time_only,ets attnseg time only,2027,-139.99999999999923,0.6278755320589775,seed,
ets_attnseg_time_only,ets attnseg time only,2027,-129.99999999999923,0.6285091559240877,seed,
ets_attnseg_time_only,ets attnseg time only,2027,-119.99999999999922,0.6283553564522325,seed,
ets_attnseg_time_only,ets attnseg time only,2027,-109.9999999999992,0.6284839270155961,seed,
ets_attnseg_time_only,ets attnseg time only,2027,-99.9999999999992,0.628827390233228,seed,
ets_attnseg_time_only,ets attnseg time only,2027,-89.99999999999919,0.6292042393676605,seed,
ets_attnseg_time_only,ets attnseg time only,2027,-79.99999999999918,0.6292801156447074,seed,
ets_attnseg_time_only,ets attnseg time only,2027,-69.99999999999918,0.6285443875575062,seed,
ets_attnseg_time_only,ets attnseg time only,2027,-59.99999999999916,0.6271876646637823,seed,
ets_attnseg_time_only,ets attnseg time only,2027,-49.999999999999154,0.6259382565606075,seed,
ets_attnseg_time_only,ets attnseg time only,2027,-39.99999999999915,0.6249816788973283,seed,
ets_attnseg_time_only,ets attnseg time only,2027,-29.99999999999914,0.6242906495417311,seed,
ets_attnseg_time_only,ets attnseg time only,2027,-19.99999999999913,0.623450914423545,seed,
ets_attnseg_time_only,ets attnseg time only,2027,-9.99999999999912,0.6221261151772937,seed,
ets_attnseg_time_only,ets attnseg time only,2027,8.881784197001252e-13,0.6201182646454114,seed,
ets_attnseg_time_only,ets attnseg time only,2027,10.000000000000897,0.6181825684746209,seed,
ets_attnseg_time_only,ets attnseg time only,2027,20.000000000000906,0.6158830524810954,seed,
ets_attnseg_time_only,ets attnseg time only,2027,30.000000000000917,0.6130341906806249,seed,
ets_attnseg_time_only,ets attnseg time only,2027,40.000000000000924,0.6098811428442572,seed,
ets_attnseg_time_only,ets attnseg time only,2027,50.00000000000093,0.6064989777960592,seed,
ets_attnseg_time_only,ets attnseg time only,2027,60.00000000000094,0.6038966426127933,seed,
ets_attnseg_time_only,ets attnseg time only,2027,70.00000000000095,0.6009679636361471,seed,
ets_attnseg_time_only,ets attnseg time only,2027,80.00000000000097,0.5977733801105445,seed,
ets_attnseg_time_only,ets attnseg time only,2027,90.00000000000097,0.592880166298943,seed,
ets_attnseg_time_only,ets attnseg time only,2027,100.00000000000098,0.5876174502669945,seed,
ets_attnseg_time_only,ets attnseg time only,2027,110.00000000000098,0.5829768160689087,seed,
ets_attnseg_time_only,ets attnseg time only,2027,120.000000000001,0.5763585032583426,seed,
ets_attnseg_time_only,ets attnseg time only,2027,130.000000000001,0.5697981890212721,seed,
ets_attnseg_time_only,ets attnseg time only,2027,140.00000000000102,0.5651367782201381,seed,
ets_attnseg_time_only,ets attnseg time only,2027,150.00000000000102,0.5576075768425826,seed,
ets_attnseg_time_only,ets attnseg time only,2027,160.00000000000102,0.5527391816611823,seed,
ets_attnseg_time_only,ets attnseg time only,2027,170.00000000000105,0.547399121696227,seed,
ets_attnseg_time_only,ets attnseg time only,2027,180.00000000000105,0.5395764089906631,seed,
ets_attnseg_time_only,ets attnseg time only,2027,190.00000000000105,0.5340383671592112,seed,
ets_attnseg_time_only,ets attnseg time only,2027,200.00000000000108,0.5287327547588928,seed,
ets_attnseg_time_only,ets attnseg time only,2027,210.00000000000108,0.520366786862146,seed,
ets_attnseg_time_only,ets attnseg time only,2027,220.00000000000108,0.5179007971585966,seed,
ets_attnseg_time_only,ets attnseg time only,2027,230.00000000000108,0.5138103909247805,seed,
ets_attnseg_time_only,ets attnseg time only,2027,240.0000000000011,0.5088950967160805,seed,
ets_attnseg_time_only,ets attnseg time only,2027,250.0000000000011,0.5046958388981634,seed,
ets_attnseg_time_only,ets attnseg time only,2027,260.00000000000114,0.5019996441627025,seed,
ets_attnseg_time_only,ets attnseg time only,2027,270.00000000000114,0.5002438232546942,seed,
ets_attnseg_time_only,ets attnseg time only,2027,280.00000000000114,0.49612873088791254,seed,
ets_attnseg_time_only,ets attnseg time only,2027,290.00000000000114,0.4936063445257462,seed,
ets_attnseg_time_only,ets attnseg time only,2027,300.00000000000114,0.49198537267072023,seed,
ets_attnseg_time_only,ets attnseg time only,2027,310.00000000000114,0.48482648697722364,seed,
ets_attnseg_time_only,ets attnseg time only,2027,320.0000000000012,0.4834902529264863,seed,
ets_attnseg_time_only,ets attnseg time only,2027,330.0000000000012,0.4832909874915842,seed,
ets_attnseg_time_only,ets attnseg time only,2027,340.0000000000012,0.4794641585434214,seed,
ets_attnseg_time_only,ets attnseg time only,2027,350.0000000000012,0.47755408767146945,seed,
ets_attnseg_time_only,ets attnseg time only,2027,360.0000000000012,0.4799368912682188,seed,
ets_attnseg_time_only,ets attnseg time only,2027,370.0000000000012,0.4780068441312823,seed,
ets_attnseg_time_only,ets attnseg time only,2027,380.00000000000125,0.4817749185067787,seed,
ets_attnseg_time_only,ets attnseg time only,2027,390.00000000000125,0.48475692596917563,seed,
ets_attnseg_time_only,ets attnseg time only,2027,400.00000000000125,0.48088275916854445,seed,
ets_attnseg_time_only,ets attnseg time only,2027,410.00000000000125,0.48348894347494575,seed,
ets_attnseg_time_only,ets attnseg time only,2027,420.00000000000125,0.481132576815264,seed,
ets_attnseg_time_only,ets attnseg time only,2027,430.00000000000125,0.4772285779745284,seed,
ets_attnseg_time_only,ets attnseg time only,2027,440.00000000000125,0.48177561629334165,seed,
ets_attnseg_time_only,ets attnseg time only,2027,450.0000000000013,0.4848648430427505,seed,
ets_attnseg_time_only,ets attnseg time only,2027,460.0000000000013,0.48345783495225225,seed,
ets_attnseg_time_only,ets attnseg time only,2027,470.0000000000013,0.48973745546986075,seed,
ets_attnseg_time_only,ets attnseg time only,2027,480.0000000000013,0.4945036395348316,seed,
ets_attnseg_time_only,ets attnseg time only,2027,490.0000000000013,0.48951134043155226,seed,
ets_attnseg_time_only,ets attnseg time only,2027,500.0000000000013,0.4982909026420806,seed,
ets_attnseg_time_only,ets attnseg time only,2027,510.00000000000136,0.5034201703997565,seed,
ets_attnseg_time_only,ets attnseg time only,2027,520.0000000000014,0.511662924733842,seed,
ets_attnseg_time_only,ets attnseg time only,2027,530.0000000000014,0.5063588875471359,seed,
ets_attnseg_time_only,ets attnseg time only,2027,540.0000000000014,0.5089400936235269,seed,
ets_attnseg_time_only,ets attnseg time only,2027,550.0000000000014,0.5192370297808645,seed,
ets_attnseg_time_only,ets attnseg time only,2027,560.0000000000014,0.5187337554493326,seed,
ets_attnseg_time_only,ets attnseg time only,2027,570.0000000000014,0.5262981889150783,seed,
ets_attnseg_time_only,ets attnseg time only,2027,580.0000000000014,0.5384091173846982,seed,
ets_attnseg_time_only,ets attnseg time only,2027,590.0000000000014,0.5364519509901576,seed,
ets_attnseg_time_only,ets attnseg time only,2027,600.0000000000014,0.5410102732386587,seed,
ets_attnseg_time_only,ets attnseg time only,2027,610.0000000000015,0.548938700808391,seed,
ets_attnseg_time_only,ets attnseg time only,2027,620.0000000000015,0.5407903532129192,seed,
ets_attnseg_time_only,ets attnseg time only,2027,630.0000000000015,0.5424002413980262,seed,
ets_attnseg_time_only,ets attnseg time only,2027,640.0000000000015,0.5571451093029932,seed,
ets_attnseg_time_only,ets attnseg time only,2027,650.0000000000015,0.5585470558590637,seed,
ets_attnseg_time_only,ets attnseg time only,2027,660.0000000000015,0.5744916746887213,seed,
ets_attnseg_time_only,ets attnseg time only,2027,670.0000000000015,0.5814086124607849,seed,
ets_attnseg_time_only,ets attnseg time only,2027,680.0000000000015,0.5768105392766973,seed,
ets_attnseg_time_only,ets attnseg time only,2027,690.0000000000015,0.5846384086350057,seed,
ets_attnseg_time_only,ets attnseg time only,2027,700.0000000000015,0.5973578069079327,seed,
ets_attnseg_time_only,ets attnseg time only,2027,710.0000000000015,0.5916839062821522,seed,
ets_attnseg_time_only,ets attnseg time only,2027,720.0000000000015,0.6125509107880082,seed,
ets_attnseg_time_only,ets attnseg time only,2027,730.0000000000016,0.6173205618182922,seed,
ets_attnseg_time_only,ets attnseg time only,2027,740.0000000000016,0.6086161000890046,seed,
ets_attnseg_time_only,ets attnseg time only,2027,750.0000000000016,0.6180669342011463,seed,
ets_attnseg_time_only,ets attnseg time only,2027,760.0000000000016,0.6289961000663901,seed,
ets_attnseg_time_only,ets attnseg time only,2027,770.0000000000016,0.6250733869926715,seed,
ets_attnseg_time_only,ets attnseg time only,2027,780.0000000000016,0.6461360997802275,seed,
ets_attnseg_time_only,ets attnseg time only,2027,790.0000000000016,0.6471519426796075,seed,
ets_attnseg_time_only,ets attnseg time only,2027,800.0000000000016,0.6582034424275867,seed,
ets_attnseg_time_only,ets attnseg time only,2027,810.0000000000016,0.6428925422007369,seed,
ets_attnseg_time_only,ets attnseg time only,2027,820.0000000000016,0.6586726230953684,seed,
ets_attnseg_time_only,ets attnseg time only,2027,830.0000000000016,0.6780519951810856,seed,
ets_attnseg_time_only,ets attnseg time only,2027,840.0000000000016,0.6702647099848887,seed,
ets_attnseg_time_only,ets attnseg time only,2027,850.0000000000016,0.6709959851800251,seed,
ets_attnseg_time_only,ets attnseg time only,2027,860.0000000000017,0.6875211032990042,seed,
ets_attnseg_time_only,ets attnseg time only,2027,870.0000000000017,0.6785742998929247,seed,
ets_attnseg_time_only,ets attnseg time only,2027,880.0000000000017,0.6954414537716159,seed,
ets_attnseg_time_only,ets attnseg time only,2027,890.0000000000017,0.7101554548179758,seed,
ets_attnseg_time_only,ets attnseg time only,2027,900.0000000000017,0.7007328114698483,seed,
ets_attnseg_time_only,ets attnseg time only,2027,910.0000000000017,0.7129121050957589,seed,
ets_attnseg_time_only,ets attnseg time only,2027,920.0000000000017,0.7191318130224733,seed,
ets_attnseg_time_only,ets attnseg time only,2027,930.0000000000017,0.7060807584506126,seed,
ets_attnseg_time_only,ets attnseg time only,2027,940.0000000000017,0.7224944240907081,seed,
ets_attnseg_time_only,ets attnseg time only,2027,950.0000000000017,0.7207539127094222,seed,
ets_attnseg_time_only,ets attnseg time only,2027,960.0000000000017,0.7140909833407648,seed,
ets_attnseg_time_only,ets attnseg time only,2027,970.0000000000017,0.7303759273700328,seed,
ets_attnseg_time_only,ets attnseg time only,2027,980.0000000000017,0.7473674406362744,seed,
ets_attnseg_time_only,ets attnseg time only,2027,990.0000000000018,0.7377142400122995,seed,
ets_attnseg_time_only,ets attnseg time only,2027,1000.0000000000018,0.7648363743412832,seed,
ets_attnseg_time_only,ets attnseg time only,2028,-1000.0,0.1557614182923686,seed,
ets_attnseg_time_only,ets attnseg time only,2028,-990.0,0.16014500462110698,seed,
ets_attnseg_time_only,ets attnseg time only,2028,-980.0,0.16446767067365323,seed,
ets_attnseg_time_only,ets attnseg time only,2028,-970.0,0.169650187344906,seed,
ets_attnseg_time_only,ets attnseg time only,2028,-960.0,0.17396881209039858,seed,
ets_attnseg_time_only,ets attnseg time only,2028,-950.0,0.1787674675915456,seed,
ets_attnseg_time_only,ets attnseg time only,2028,-940.0,0.1836583050045698,seed,
ets_attnseg_time_only,ets attnseg time only,2028,-929.9999999999999,0.186038530280444,seed,
ets_attnseg_time_only,ets attnseg time only,2028,-919.9999999999999,0.1897268861253698,seed,
ets_attnseg_time_only,ets attnseg time only,2028,-909.9999999999999,0.19505351500576287,seed,
ets_attnseg_time_only,ets attnseg time only,2028,-899.9999999999999,0.1994054962782043,seed,
ets_attnseg_time_only,ets attnseg time only,2028,-889.9999999999999,0.20384501878454264,seed,
ets_attnseg_time_only,ets attnseg time only,2028,-879.9999999999999,0.20844386316580626,seed,
ets_attnseg_time_only,ets attnseg time only,2028,-869.9999999999999,0.21242614537439125,seed,
ets_attnseg_time_only,ets attnseg time only,2028,-859.9999999999999,0.21796362119282456,seed,
ets_attnseg_time_only,ets attnseg time only,2028,-849.9999999999999,0.2234601594213604,seed,
ets_attnseg_time_only,ets attnseg time only,2028,-839.9999999999999,0.22824820057220221,seed,
ets_attnseg_time_only,ets attnseg time only,2028,-829.9999999999999,0.23404341318757943,seed,
ets_attnseg_time_only,ets attnseg time only,2028,-819.9999999999999,0.2395323131088996,seed,
ets_attnseg_time_only,ets attnseg time only,2028,-809.9999999999999,0.24450479318082735,seed,
ets_attnseg_time_only,ets attnseg time only,2028,-799.9999999999998,0.2501439472326355,seed,
ets_attnseg_time_only,ets attnseg time only,2028,-789.9999999999998,0.2551895021099476,seed,
ets_attnseg_time_only,ets attnseg time only,2028,-779.9999999999998,0.25905050325781914,seed,
ets_attnseg_time_only,ets attnseg time only,2028,-769.9999999999998,0.2642311407759324,seed,
ets_attnseg_time_only,ets attnseg time only,2028,-759.9999999999998,0.2699900598486754,seed,
ets_attnseg_time_only,ets attnseg time only,2028,-749.9999999999998,0.27540280266170086,seed,
ets_attnseg_time_only,ets attnseg time only,2028,-739.9999999999998,0.282232283263482,seed,
ets_attnseg_time_only,ets attnseg time only,2028,-729.9999999999998,0.288127688389291,seed,
ets_attnseg_time_only,ets attnseg time only,2028,-719.9999999999998,0.29419744743431214,seed,
ets_attnseg_time_only,ets attnseg time only,2028,-709.9999999999998,0.29920887292068804,seed,
ets_attnseg_time_only,ets attnseg time only,2028,-699.9999999999998,0.30513336904058547,seed,
ets_attnseg_time_only,ets attnseg time only,2028,-689.9999999999998,0.3112490583044854,seed,
ets_attnseg_time_only,ets attnseg time only,2028,-679.9999999999998,0.31632579083701234,seed,
ets_attnseg_time_only,ets attnseg time only,2028,-669.9999999999997,0.322213059211935,seed,
ets_attnseg_time_only,ets attnseg time only,2028,-659.9999999999997,0.32838893251140705,seed,
ets_attnseg_time_only,ets attnseg time only,2028,-649.9999999999997,0.33412957947716787,seed,
ets_attnseg_time_only,ets attnseg time only,2028,-639.9999999999997,0.3399929203975783,seed,
ets_attnseg_time_only,ets attnseg time only,2028,-629.9999999999997,0.3466728096651576,seed,
ets_attnseg_time_only,ets attnseg time only,2028,-619.9999999999997,0.35346326513504583,seed,
ets_attnseg_time_only,ets attnseg time only,2028,-609.9999999999997,0.36104244530464136,seed,
ets_attnseg_time_only,ets attnseg time only,2028,-599.9999999999997,0.3680929811017091,seed,
ets_attnseg_time_only,ets attnseg time only,2028,-589.9999999999997,0.3748991592609508,seed,
ets_attnseg_time_only,ets attnseg time only,2028,-579.9999999999997,0.3822258450395065,seed,
ets_attnseg_time_only,ets attnseg time only,2028,-569.9999999999997,0.3894153503452419,seed,
ets_attnseg_time_only,ets attnseg time only,2028,-559.9999999999997,0.3964593819303126,seed,
ets_attnseg_time_only,ets attnseg time only,2028,-549.9999999999995,0.40436114353747554,seed,
ets_attnseg_time_only,ets attnseg time only,2028,-539.9999999999995,0.41221549246863015,seed,
ets_attnseg_time_only,ets attnseg time only,2028,-529.9999999999995,0.42030127859210015,seed,
ets_attnseg_time_only,ets attnseg time only,2028,-519.9999999999995,0.42913162962064716,seed,
ets_attnseg_time_only,ets attnseg time only,2028,-509.99999999999955,0.43681437174286775,seed,
ets_attnseg_time_only,ets attnseg time only,2028,-499.99999999999955,0.4435509820606746,seed,
ets_attnseg_time_only,ets attnseg time only,2028,-489.99999999999955,0.4514722692878531,seed,
ets_attnseg_time_only,ets attnseg time only,2028,-479.99999999999955,0.4599875088530747,seed,
ets_attnseg_time_only,ets attnseg time only,2028,-469.99999999999955,0.47024281514792904,seed,
ets_attnseg_time_only,ets attnseg time only,2028,-459.99999999999955,0.4807863807838144,seed,
ets_attnseg_time_only,ets attnseg time only,2028,-449.9999999999995,0.49161067329266295,seed,
ets_attnseg_time_only,ets attnseg time only,2028,-439.9999999999995,0.501798578357413,seed,
ets_attnseg_time_only,ets attnseg time only,2028,-429.9999999999995,0.5104804007298253,seed,
ets_attnseg_time_only,ets attnseg time only,2028,-419.9999999999995,0.5199221676990082,seed,
ets_attnseg_time_only,ets attnseg time only,2028,-409.9999999999995,0.5306063238186756,seed,
ets_attnseg_time_only,ets attnseg time only,2028,-399.9999999999995,0.5422258355376824,seed,
ets_attnseg_time_only,ets attnseg time only,2028,-389.99999999999943,0.5548476284863881,seed,
ets_attnseg_time_only,ets attnseg time only,2028,-379.99999999999943,0.5675652533919211,seed,
ets_attnseg_time_only,ets attnseg time only,2028,-369.99999999999943,0.579091266745237,seed,
ets_attnseg_time_only,ets attnseg time only,2028,-359.99999999999943,0.5901886819513784,seed,
ets_attnseg_time_only,ets attnseg time only,2028,-349.99999999999943,0.601477579926775,seed,
ets_attnseg_time_only,ets attnseg time only,2028,-339.99999999999943,0.6131544056324794,seed,
ets_attnseg_time_only,ets attnseg time only,2028,-329.99999999999943,0.6257015962804123,seed,
ets_attnseg_time_only,ets attnseg time only,2028,-319.9999999999994,0.6387868636874077,seed,
ets_attnseg_time_only,ets attnseg time only,2028,-309.9999999999994,0.6520064994645629,seed,
ets_attnseg_time_only,ets attnseg time only,2028,-299.9999999999994,0.665654587221918,seed,
ets_attnseg_time_only,ets attnseg time only,2028,-289.9999999999994,0.6793099969425226,seed,
ets_attnseg_time_only,ets attnseg time only,2028,-279.9999999999994,0.6927645620258664,seed,
ets_attnseg_time_only,ets attnseg time only,2028,-269.9999999999994,0.7065638865358547,seed,
ets_attnseg_time_only,ets attnseg time only,2028,-259.9999999999993,0.7205751715540935,seed,
ets_attnseg_time_only,ets attnseg time only,2028,-249.99999999999935,0.7352821401143711,seed,
ets_attnseg_time_only,ets attnseg time only,2028,-239.99999999999932,0.7500023058736421,seed,
ets_attnseg_time_only,ets attnseg time only,2028,-229.99999999999932,0.7651343098562372,seed,
ets_attnseg_time_only,ets attnseg time only,2028,-219.99999999999932,0.7806404463322936,seed,
ets_attnseg_time_only,ets attnseg time only,2028,-209.9999999999993,0.795628610862602,seed,
ets_attnseg_time_only,ets attnseg time only,2028,-199.9999999999993,0.8109477768591639,seed,
ets_attnseg_time_only,ets attnseg time only,2028,-189.9999999999993,0.8274527108550277,seed,
ets_attnseg_time_only,ets attnseg time only,2028,-179.99999999999926,0.8441031817657744,seed,
ets_attnseg_time_only,ets attnseg time only,2028,-169.99999999999926,0.8599327208853393,seed,
ets_attnseg_time_only,ets attnseg time only,2028,-159.99999999999926,0.8750100059244265,seed,
ets_attnseg_time_only,ets attnseg time only,2028,-149.99999999999923,0.8890681939917189,seed,
ets_attnseg_time_only,ets attnseg time only,2028,-139.99999999999923,0.9037052532319053,seed,
ets_attnseg_time_only,ets attnseg time only,2028,-129.99999999999923,0.9182881952920178,seed,
ets_attnseg_time_only,ets attnseg time only,2028,-119.99999999999922,0.9323384952182564,seed,
ets_attnseg_time_only,ets attnseg time only,2028,-109.9999999999992,0.9463519339261997,seed,
ets_attnseg_time_only,ets attnseg time only,2028,-99.9999999999992,0.9594867863298912,seed,
ets_attnseg_time_only,ets attnseg time only,2028,-89.99999999999919,0.9719067394410649,seed,
ets_attnseg_time_only,ets attnseg time only,2028,-79.99999999999918,0.9839175416741778,seed,
ets_attnseg_time_only,ets attnseg time only,2028,-69.99999999999918,0.9944316085523526,seed,
ets_attnseg_time_only,ets attnseg time only,2028,-59.99999999999916,1.0030350660319325,seed,
ets_attnseg_time_only,ets attnseg time only,2028,-49.999999999999154,1.010747136305793,seed,
ets_attnseg_time_only,ets attnseg time only,2028,-39.99999999999915,1.0171582857195078,seed,
ets_attnseg_time_only,ets attnseg time only,2028,-29.99999999999914,1.0223690607444575,seed,
ets_attnseg_time_only,ets attnseg time only,2028,-19.99999999999913,1.0268995808187278,seed,
ets_attnseg_time_only,ets attnseg time only,2028,-9.99999999999912,1.0300564935261498,seed,
ets_attnseg_time_only,ets attnseg time only,2028,8.881784197001252e-13,1.0300971512896362,seed,
ets_attnseg_time_only,ets attnseg time only,2028,10.000000000000897,1.0284953056009476,seed,
ets_attnseg_time_only,ets attnseg time only,2028,20.000000000000906,1.025256700633816,seed,
ets_attnseg_time_only,ets attnseg time only,2028,30.000000000000917,1.0205490936407395,seed,
ets_attnseg_time_only,ets attnseg time only,2028,40.000000000000924,1.0148606874785286,seed,
ets_attnseg_time_only,ets attnseg time only,2028,50.00000000000093,1.0078317187089934,seed,
ets_attnseg_time_only,ets attnseg time only,2028,60.00000000000094,0.9981131212962736,seed,
ets_attnseg_time_only,ets attnseg time only,2028,70.00000000000095,0.9854985073154527,seed,
ets_attnseg_time_only,ets attnseg time only,2028,80.00000000000097,0.971130006307361,seed,
ets_attnseg_time_only,ets attnseg time only,2028,90.00000000000097,0.9567360529375936,seed,
ets_attnseg_time_only,ets attnseg time only,2028,100.00000000000098,0.9426718609071046,seed,
ets_attnseg_time_only,ets attnseg time only,2028,110.00000000000098,0.9283717476099046,seed,
ets_attnseg_time_only,ets attnseg time only,2028,120.000000000001,0.9130176648281088,seed,
ets_attnseg_time_only,ets attnseg time only,2028,130.000000000001,0.8943438488287264,seed,
ets_attnseg_time_only,ets attnseg time only,2028,140.00000000000102,0.8738823168006444,seed,
ets_attnseg_time_only,ets attnseg time only,2028,150.00000000000102,0.8540414639937419,seed,
ets_attnseg_time_only,ets attnseg time only,2028,160.00000000000102,0.8350806155564383,seed,
ets_attnseg_time_only,ets attnseg time only,2028,170.00000000000105,0.8179490237297061,seed,
ets_attnseg_time_only,ets attnseg time only,2028,180.00000000000105,0.8016506262201797,seed,
ets_attnseg_time_only,ets attnseg time only,2028,190.00000000000105,0.7832582658916019,seed,
ets_attnseg_time_only,ets attnseg time only,2028,200.00000000000108,0.7644977614638732,seed,
ets_attnseg_time_only,ets attnseg time only,2028,210.00000000000108,0.7461272509743524,seed,
ets_attnseg_time_only,ets attnseg time only,2028,220.00000000000108,0.7273813076810897,seed,
ets_attnseg_time_only,ets attnseg time only,2028,230.00000000000108,0.7112197432254637,seed,
ets_attnseg_time_only,ets attnseg time only,2028,240.0000000000011,0.6968453936499985,seed,
ets_attnseg_time_only,ets attnseg time only,2028,250.0000000000011,0.6824302976427034,seed,
ets_attnseg_time_only,ets attnseg time only,2028,260.00000000000114,0.6669348852183069,seed,
ets_attnseg_time_only,ets attnseg time only,2028,270.00000000000114,0.6515010736240324,seed,
ets_attnseg_time_only,ets attnseg time only,2028,280.00000000000114,0.6373948233345428,seed,
ets_attnseg_time_only,ets attnseg time only,2028,290.00000000000114,0.6253811718169481,seed,
ets_attnseg_time_only,ets attnseg time only,2028,300.00000000000114,0.6147932817586174,seed,
ets_attnseg_time_only,ets attnseg time only,2028,310.00000000000114,0.6047264515229026,seed,
ets_attnseg_time_only,ets attnseg time only,2028,320.0000000000012,0.5933065150155858,seed,
ets_attnseg_time_only,ets attnseg time only,2028,330.0000000000012,0.5814340434860799,seed,
ets_attnseg_time_only,ets attnseg time only,2028,340.0000000000012,0.5701304937818031,seed,
ets_attnseg_time_only,ets attnseg time only,2028,350.0000000000012,0.5602295022297643,seed,
ets_attnseg_time_only,ets attnseg time only,2028,360.0000000000012,0.5513526491945981,seed,
ets_attnseg_time_only,ets attnseg time only,2028,370.0000000000012,0.5441781489174901,seed,
ets_attnseg_time_only,ets attnseg time only,2028,380.00000000000125,0.536156603380603,seed,
ets_attnseg_time_only,ets attnseg time only,2028,390.00000000000125,0.5275701885046334,seed,
ets_attnseg_time_only,ets attnseg time only,2028,400.00000000000125,0.5198172668218259,seed,
ets_attnseg_time_only,ets attnseg time only,2028,410.00000000000125,0.5122341866265169,seed,
ets_attnseg_time_only,ets attnseg time only,2028,420.00000000000125,0.5054938944068,seed,
ets_attnseg_time_only,ets attnseg time only,2028,430.00000000000125,0.49883400943208617,seed,
ets_attnseg_time_only,ets attnseg time only,2028,440.00000000000125,0.49213706391133744,seed,
ets_attnseg_time_only,ets attnseg time only,2028,450.0000000000013,0.48607010899992176,seed,
ets_attnseg_time_only,ets attnseg time only,2028,460.0000000000013,0.47970187171534734,seed,
ets_attnseg_time_only,ets attnseg time only,2028,470.0000000000013,0.47289671688129237,seed,
ets_attnseg_time_only,ets attnseg time only,2028,480.0000000000013,0.4663587740705686,seed,
ets_attnseg_time_only,ets attnseg time only,2028,490.0000000000013,0.46079155971755686,seed,
ets_attnseg_time_only,ets attnseg time only,2028,500.0000000000013,0.4547909298781654,seed,
ets_attnseg_time_only,ets attnseg time only,2028,510.00000000000136,0.4504686818431936,seed,
ets_attnseg_time_only,ets attnseg time only,2028,520.0000000000014,0.4454272382846619,seed,
ets_attnseg_time_only,ets attnseg time only,2028,530.0000000000014,0.44071305127103644,seed,
ets_attnseg_time_only,ets attnseg time only,2028,540.0000000000014,0.43554563445430045,seed,
ets_attnseg_time_only,ets attnseg time only,2028,550.0000000000014,0.4305976940712505,seed,
ets_attnseg_time_only,ets attnseg time only,2028,560.0000000000014,0.42616180103386786,seed,
ets_attnseg_time_only,ets attnseg time only,2028,570.0000000000014,0.4219476953705541,seed,
ets_attnseg_time_only,ets attnseg time only,2028,580.0000000000014,0.41818958442020615,seed,
ets_attnseg_time_only,ets attnseg time only,2028,590.0000000000014,0.4150576045427275,seed,
ets_attnseg_time_only,ets attnseg time only,2028,600.0000000000014,0.41183330037940574,seed,
ets_attnseg_time_only,ets attnseg time only,2028,610.0000000000015,0.4071676845405646,seed,
ets_attnseg_time_only,ets attnseg time only,2028,620.0000000000015,0.4033703212669552,seed,
ets_attnseg_time_only,ets attnseg time only,2028,630.0000000000015,0.39852798602711637,seed,
ets_attnseg_time_only,ets attnseg time only,2028,640.0000000000015,0.39491226250704226,seed,
ets_attnseg_time_only,ets attnseg time only,2028,650.0000000000015,0.3924523090026887,seed,
ets_attnseg_time_only,ets attnseg time only,2028,660.0000000000015,0.38895133770838,seed,
ets_attnseg_time_only,ets attnseg time only,2028,670.0000000000015,0.386125248153375,seed,
ets_attnseg_time_only,ets attnseg time only,2028,680.0000000000015,0.3832667224766634,seed,
ets_attnseg_time_only,ets attnseg time only,2028,690.0000000000015,0.38077859707151074,seed,
ets_attnseg_time_only,ets attnseg time only,2028,700.0000000000015,0.3785191428379666,seed,
ets_attnseg_time_only,ets attnseg time only,2028,710.0000000000015,0.37681522979158166,seed,
ets_attnseg_time_only,ets attnseg time only,2028,720.0000000000015,0.3722774685713604,seed,
ets_attnseg_time_only,ets attnseg time only,2028,730.0000000000016,0.36947997135047494,seed,
ets_attnseg_time_only,ets attnseg time only,2028,740.0000000000016,0.3666850495679781,seed,
ets_attnseg_time_only,ets attnseg time only,2028,750.0000000000016,0.3641960051731489,seed,
ets_attnseg_time_only,ets attnseg time only,2028,760.0000000000016,0.36319488034170627,seed,
ets_attnseg_time_only,ets attnseg time only,2028,770.0000000000016,0.3627111473794114,seed,
ets_attnseg_time_only,ets attnseg time only,2028,780.0000000000016,0.3588076772344764,seed,
ets_attnseg_time_only,ets attnseg time only,2028,790.0000000000016,0.3560722068390358,seed,
ets_attnseg_time_only,ets attnseg time only,2028,800.0000000000016,0.35423488209605825,seed,
ets_attnseg_time_only,ets attnseg time only,2028,810.0000000000016,0.3556797915223119,seed,
ets_attnseg_time_only,ets attnseg time only,2028,820.0000000000016,0.3547302118144069,seed,
ets_attnseg_time_only,ets attnseg time only,2028,830.0000000000016,0.35288171040222355,seed,
ets_attnseg_time_only,ets attnseg time only,2028,840.0000000000016,0.3495323190201266,seed,
ets_attnseg_time_only,ets attnseg time only,2028,850.0000000000016,0.34661025352527763,seed,
ets_attnseg_time_only,ets attnseg time only,2028,860.0000000000017,0.34262702341284673,seed,
ets_attnseg_time_only,ets attnseg time only,2028,870.0000000000017,0.3412073575388676,seed,
ets_attnseg_time_only,ets attnseg time only,2028,880.0000000000017,0.3398564335804925,seed,
ets_attnseg_time_only,ets attnseg time only,2028,890.0000000000017,0.3404629108950205,seed,
ets_attnseg_time_only,ets attnseg time only,2028,900.0000000000017,0.340268979813565,seed,
ets_attnseg_time_only,ets attnseg time only,2028,910.0000000000017,0.3393806896855491,seed,
ets_attnseg_time_only,ets attnseg time only,2028,920.0000000000017,0.3372657135912449,seed,
ets_attnseg_time_only,ets attnseg time only,2028,930.0000000000017,0.3369613518072867,seed,
ets_attnseg_time_only,ets attnseg time only,2028,940.0000000000017,0.3359203192733253,seed,
ets_attnseg_time_only,ets attnseg time only,2028,950.0000000000017,0.33681520391081005,seed,
ets_attnseg_time_only,ets attnseg time only,2028,960.0000000000017,0.3377834182312686,seed,
ets_attnseg_time_only,ets attnseg time only,2028,970.0000000000017,0.33614409970085257,seed,
ets_attnseg_time_only,ets attnseg time only,2028,980.0000000000017,0.33527607681587696,seed,
ets_attnseg_time_only,ets attnseg time only,2028,990.0000000000018,0.3385300235070667,seed,
ets_attnseg_time_only,ets attnseg time only,2028,1000.0000000000018,0.33879824957665017,seed,
ets_attnseg_time_only,ets attnseg time only,2029,-1000.0,0.1560234242581399,seed,
ets_attnseg_time_only,ets attnseg time only,2029,-990.0,0.15943562787243445,seed,
ets_attnseg_time_only,ets attnseg time only,2029,-980.0,0.16307220848479848,seed,
ets_attnseg_time_only,ets attnseg time only,2029,-970.0,0.1679570503753389,seed,
ets_attnseg_time_only,ets attnseg time only,2029,-960.0,0.17174247775593465,seed,
ets_attnseg_time_only,ets attnseg time only,2029,-950.0,0.17599686342482618,seed,
ets_attnseg_time_only,ets attnseg time only,2029,-940.0,0.18072940778821006,seed,
ets_attnseg_time_only,ets attnseg time only,2029,-929.9999999999999,0.183419145266737,seed,
ets_attnseg_time_only,ets attnseg time only,2029,-919.9999999999999,0.18739356255866385,seed,
ets_attnseg_time_only,ets attnseg time only,2029,-909.9999999999999,0.19255565533345148,seed,
ets_attnseg_time_only,ets attnseg time only,2029,-899.9999999999999,0.19675778179611364,seed,
ets_attnseg_time_only,ets attnseg time only,2029,-889.9999999999999,0.2016271817000883,seed,
ets_attnseg_time_only,ets attnseg time only,2029,-879.9999999999999,0.2070108743920495,seed,
ets_attnseg_time_only,ets attnseg time only,2029,-869.9999999999999,0.21140559270676748,seed,
ets_attnseg_time_only,ets attnseg time only,2029,-859.9999999999999,0.21656551697224044,seed,
ets_attnseg_time_only,ets attnseg time only,2029,-849.9999999999999,0.22189781590380472,seed,
ets_attnseg_time_only,ets attnseg time only,2029,-839.9999999999999,0.22615493666369202,seed,
ets_attnseg_time_only,ets attnseg time only,2029,-829.9999999999999,0.2309238422228678,seed,
ets_attnseg_time_only,ets attnseg time only,2029,-819.9999999999999,0.235332728934803,seed,
ets_attnseg_time_only,ets attnseg time only,2029,-809.9999999999999,0.23972289939822272,seed,
ets_attnseg_time_only,ets attnseg time only,2029,-799.9999999999998,0.24500845872761137,seed,
ets_attnseg_time_only,ets attnseg time only,2029,-789.9999999999998,0.25010795686364884,seed,
ets_attnseg_time_only,ets attnseg time only,2029,-779.9999999999998,0.2543506258569297,seed,
ets_attnseg_time_only,ets attnseg time only,2029,-769.9999999999998,0.259501034705365,seed,
ets_attnseg_time_only,ets attnseg time only,2029,-759.9999999999998,0.2652102446772558,seed,
ets_attnseg_time_only,ets attnseg time only,2029,-749.9999999999998,0.270521372680594,seed,
ets_attnseg_time_only,ets attnseg time only,2029,-739.9999999999998,0.2765868765361567,seed,
ets_attnseg_time_only,ets attnseg time only,2029,-729.9999999999998,0.28191850406785945,seed,
ets_attnseg_time_only,ets attnseg time only,2029,-719.9999999999998,0.2877678527358971,seed,
ets_attnseg_time_only,ets attnseg time only,2029,-709.9999999999998,0.29207441686638824,seed,
ets_attnseg_time_only,ets attnseg time only,2029,-699.9999999999998,0.298077972994143,seed,
ets_attnseg_time_only,ets attnseg time only,2029,-689.9999999999998,0.3041968349780826,seed,
ets_attnseg_time_only,ets attnseg time only,2029,-679.9999999999998,0.3094882369057442,seed,
ets_attnseg_time_only,ets attnseg time only,2029,-669.9999999999997,0.31542438223816766,seed,
ets_attnseg_time_only,ets attnseg time only,2029,-659.9999999999997,0.3212193346222962,seed,
ets_attnseg_time_only,ets attnseg time only,2029,-649.9999999999997,0.32667623996469614,seed,
ets_attnseg_time_only,ets attnseg time only,2029,-639.9999999999997,0.3328669102265995,seed,
ets_attnseg_time_only,ets attnseg time only,2029,-629.9999999999997,0.33981490917312795,seed,
ets_attnseg_time_only,ets attnseg time only,2029,-619.9999999999997,0.3461229274603264,seed,
ets_attnseg_time_only,ets attnseg time only,2029,-609.9999999999997,0.3533644695215832,seed,
ets_attnseg_time_only,ets attnseg time only,2029,-599.9999999999997,0.3604625933959021,seed,
ets_attnseg_time_only,ets attnseg time only,2029,-589.9999999999997,0.36651857272350696,seed,
ets_attnseg_time_only,ets attnseg time only,2029,-579.9999999999997,0.3729864983660589,seed,
ets_attnseg_time_only,ets attnseg time only,2029,-569.9999999999997,0.37958370064258795,seed,
ets_attnseg_time_only,ets attnseg time only,2029,-559.9999999999997,0.3856521160602245,seed,
ets_attnseg_time_only,ets attnseg time only,2029,-549.9999999999995,0.3927926128274714,seed,
ets_attnseg_time_only,ets attnseg time only,2029,-539.9999999999995,0.399661300350761,seed,
ets_attnseg_time_only,ets attnseg time only,2029,-529.9999999999995,0.40623459081420354,seed,
ets_attnseg_time_only,ets attnseg time only,2029,-519.9999999999995,0.4132358903667047,seed,
ets_attnseg_time_only,ets attnseg time only,2029,-509.99999999999955,0.41986485137122037,seed,
ets_attnseg_time_only,ets attnseg time only,2029,-499.99999999999955,0.42584763148206756,seed,
ets_attnseg_time_only,ets attnseg time only,2029,-489.99999999999955,0.43269448143075623,seed,
ets_attnseg_time_only,ets attnseg time only,2029,-479.99999999999955,0.43974752685270735,seed,
ets_attnseg_time_only,ets attnseg time only,2029,-469.99999999999955,0.448566257644949,seed,
ets_attnseg_time_only,ets attnseg time only,2029,-459.99999999999955,0.4566758259139022,seed,
ets_attnseg_time_only,ets attnseg time only,2029,-449.9999999999995,0.4644142709495019,seed,
ets_attnseg_time_only,ets attnseg time only,2029,-439.9999999999995,0.47227967838559654,seed,
ets_attnseg_time_only,ets attnseg time only,2029,-429.9999999999995,0.4801458963535514,seed,
ets_attnseg_time_only,ets attnseg time only,2029,-419.9999999999995,0.48891986258683656,seed,
ets_attnseg_time_only,ets attnseg time only,2029,-409.9999999999995,0.4986468411892752,seed,
ets_attnseg_time_only,ets attnseg time only,2029,-399.9999999999995,0.5086634718278544,seed,
ets_attnseg_time_only,ets attnseg time only,2029,-389.99999999999943,0.5179044534616314,seed,
ets_attnseg_time_only,ets attnseg time only,2029,-379.99999999999943,0.5274011938106956,seed,
ets_attnseg_time_only,ets attnseg time only,2029,-369.99999999999943,0.5374743754101108,seed,
ets_attnseg_time_only,ets attnseg time only,2029,-359.99999999999943,0.5483573124925789,seed,
ets_attnseg_time_only,ets attnseg time only,2029,-349.99999999999943,0.5599137737481747,seed,
ets_attnseg_time_only,ets attnseg time only,2029,-339.99999999999943,0.5718610361652597,seed,
ets_attnseg_time_only,ets attnseg time only,2029,-329.99999999999943,0.5836726002005156,seed,
ets_attnseg_time_only,ets attnseg time only,2029,-319.9999999999994,0.595632067983726,seed,
ets_attnseg_time_only,ets attnseg time only,2029,-309.9999999999994,0.606904210568922,seed,
ets_attnseg_time_only,ets attnseg time only,2029,-299.9999999999994,0.6185106694204113,seed,
ets_attnseg_time_only,ets attnseg time only,2029,-289.9999999999994,0.6301890359233042,seed,
ets_attnseg_time_only,ets attnseg time only,2029,-279.9999999999994,0.6429134109322618,seed,
ets_attnseg_time_only,ets attnseg time only,2029,-269.9999999999994,0.6567010313778067,seed,
ets_attnseg_time_only,ets attnseg time only,2029,-259.9999999999993,0.6699243255399839,seed,
ets_attnseg_time_only,ets attnseg time only,2029,-249.99999999999935,0.6836487635840061,seed,
ets_attnseg_time_only,ets attnseg time only,2029,-239.99999999999932,0.6967103962641947,seed,
ets_attnseg_time_only,ets attnseg time only,2029,-229.99999999999932,0.7105604361958882,seed,
ets_attnseg_time_only,ets attnseg time only,2029,-219.99999999999932,0.7251231831089037,seed,
ets_attnseg_time_only,ets attnseg time only,2029,-209.9999999999993,0.7397868074915775,seed,
ets_attnseg_time_only,ets attnseg time only,2029,-199.9999999999993,0.754909338749626,seed,
ets_attnseg_time_only,ets attnseg time only,2029,-189.9999999999993,0.7698506037457171,seed,
ets_attnseg_time_only,ets attnseg time only,2029,-179.99999999999926,0.7846544591141429,seed,
ets_attnseg_time_only,ets attnseg time only,2029,-169.99999999999926,0.8002560533014605,seed,
ets_attnseg_time_only,ets attnseg time only,2029,-159.99999999999926,0.81676955813457,seed,
ets_attnseg_time_only,ets attnseg time only,2029,-149.99999999999923,0.8324538583216096,seed,
ets_attnseg_time_only,ets attnseg time only,2029,-139.99999999999923,0.8481474569714854,seed,
ets_attnseg_time_only,ets attnseg time only,2029,-129.99999999999923,0.863323074265008,seed,
ets_attnseg_time_only,ets attnseg time only,2029,-119.99999999999922,0.8783224433904807,seed,
ets_attnseg_time_only,ets attnseg time only,2029,-109.9999999999992,0.894402894367371,seed,
ets_attnseg_time_only,ets attnseg time only,2029,-99.9999999999992,0.9113857476950014,seed,
ets_attnseg_time_only,ets attnseg time only,2029,-89.99999999999919,0.9282570509256648,seed,
ets_attnseg_time_only,ets attnseg time only,2029,-79.99999999999918,0.9440352244054978,seed,
ets_attnseg_time_only,ets attnseg time only,2029,-69.99999999999918,0.9585676583274279,seed,
ets_attnseg_time_only,ets attnseg time only,2029,-59.99999999999916,0.971745943467605,seed,
ets_attnseg_time_only,ets attnseg time only,2029,-49.999999999999154,0.9850296858865483,seed,
ets_attnseg_time_only,ets attnseg time only,2029,-39.99999999999915,0.9984866960648137,seed,
ets_attnseg_time_only,ets attnseg time only,2029,-29.99999999999914,1.0116207578211065,seed,
ets_attnseg_time_only,ets attnseg time only,2029,-19.99999999999913,1.0226312957673958,seed,
ets_attnseg_time_only,ets attnseg time only,2029,-9.99999999999912,1.0323145187072067,seed,
ets_attnseg_time_only,ets attnseg time only,2029,8.881784197001252e-13,1.0398837496099183,seed,
ets_attnseg_time_only,ets attnseg time only,2029,10.000000000000897,1.0446662983326167,seed,
ets_attnseg_time_only,ets attnseg time only,2029,20.000000000000906,1.0466420421402831,seed,
ets_attnseg_time_only,ets attnseg time only,2029,30.000000000000917,1.0475084579375802,seed,
ets_attnseg_time_only,ets attnseg time only,2029,40.000000000000924,1.0463801035092015,seed,
ets_attnseg_time_only,ets attnseg time only,2029,50.00000000000093,1.0431504392801476,seed,
ets_attnseg_time_only,ets attnseg time only,2029,60.00000000000094,1.0355645147929449,seed,
ets_attnseg_time_only,ets attnseg time only,2029,70.00000000000095,1.0239596641423794,seed,
ets_attnseg_time_only,ets attnseg time only,2029,80.00000000000097,1.0100165020741527,seed,
ets_attnseg_time_only,ets attnseg time only,2029,90.00000000000097,0.9961421784676832,seed,
ets_attnseg_time_only,ets attnseg time only,2029,100.00000000000098,0.9828832442721286,seed,
ets_attnseg_time_only,ets attnseg time only,2029,110.00000000000098,0.9679249306088776,seed,
ets_attnseg_time_only,ets attnseg time only,2029,120.000000000001,0.9502782636873232,seed,
ets_attnseg_time_only,ets attnseg time only,2029,130.000000000001,0.9294273883476468,seed,
ets_attnseg_time_only,ets attnseg time only,2029,140.00000000000102,0.9083195886613599,seed,
ets_attnseg_time_only,ets attnseg time only,2029,150.00000000000102,0.8895343302253121,seed,
ets_attnseg_time_only,ets attnseg time only,2029,160.00000000000102,0.8717542373602989,seed,
ets_attnseg_time_only,ets attnseg time only,2029,170.00000000000105,0.8542102040698074,seed,
ets_attnseg_time_only,ets attnseg time only,2029,180.00000000000105,0.835977074161676,seed,
ets_attnseg_time_only,ets attnseg time only,2029,190.00000000000105,0.8144963874898009,seed,
ets_attnseg_time_only,ets attnseg time only,2029,200.00000000000108,0.7935664041459493,seed,
ets_attnseg_time_only,ets attnseg time only,2029,210.00000000000108,0.7746729096105263,seed,
ets_attnseg_time_only,ets attnseg time only,2029,220.00000000000108,0.7562353303379354,seed,
ets_attnseg_time_only,ets attnseg time only,2029,230.00000000000108,0.7394813888321004,seed,
ets_attnseg_time_only,ets attnseg time only,2029,240.0000000000011,0.7233738840863188,seed,
ets_attnseg_time_only,ets attnseg time only,2029,250.0000000000011,0.7065539849812713,seed,
ets_attnseg_time_only,ets attnseg time only,2029,260.00000000000114,0.6895555571494327,seed,
ets_attnseg_time_only,ets attnseg time only,2029,270.00000000000114,0.6735783261212621,seed,
ets_attnseg_time_only,ets attnseg time only,2029,280.00000000000114,0.6591728629450311,seed,
ets_attnseg_time_only,ets attnseg time only,2029,290.00000000000114,0.6457600586686484,seed,
ets_attnseg_time_only,ets attnseg time only,2029,300.00000000000114,0.633313825012268,seed,
ets_attnseg_time_only,ets attnseg time only,2029,310.00000000000114,0.6215198941478639,seed,
ets_attnseg_time_only,ets attnseg time only,2029,320.0000000000012,0.6097500070946923,seed,
ets_attnseg_time_only,ets attnseg time only,2029,330.0000000000012,0.5983596250429738,seed,
ets_attnseg_time_only,ets attnseg time only,2029,340.0000000000012,0.5880891028801739,seed,
ets_attnseg_time_only,ets attnseg time only,2029,350.0000000000012,0.5792232011636227,seed,
ets_attnseg_time_only,ets attnseg time only,2029,360.0000000000012,0.5708856854220908,seed,
ets_attnseg_time_only,ets attnseg time only,2029,370.0000000000012,0.5627814679152479,seed,
ets_attnseg_time_only,ets attnseg time only,2029,380.00000000000125,0.5539559806751357,seed,
ets_attnseg_time_only,ets attnseg time only,2029,390.00000000000125,0.5454407391111751,seed,
ets_attnseg_time_only,ets attnseg time only,2029,400.00000000000125,0.5385893443547722,seed,
ets_attnseg_time_only,ets attnseg time only,2029,410.00000000000125,0.531400953349968,seed,
ets_attnseg_time_only,ets attnseg time only,2029,420.00000000000125,0.5248227448690665,seed,
ets_attnseg_time_only,ets attnseg time only,2029,430.00000000000125,0.5191066495433381,seed,
ets_attnseg_time_only,ets attnseg time only,2029,440.00000000000125,0.51303495213575,seed,
ets_attnseg_time_only,ets attnseg time only,2029,450.0000000000013,0.5073933527838695,seed,
ets_attnseg_time_only,ets attnseg time only,2029,460.0000000000013,0.5021047973256816,seed,
ets_attnseg_time_only,ets attnseg time only,2029,470.0000000000013,0.4968883785357362,seed,
ets_attnseg_time_only,ets attnseg time only,2029,480.0000000000013,0.4918094177054395,seed,
ets_attnseg_time_only,ets attnseg time only,2029,490.0000000000013,0.48679270829958715,seed,
ets_attnseg_time_only,ets attnseg time only,2029,500.0000000000013,0.48102979897162645,seed,
ets_attnseg_time_only,ets attnseg time only,2029,510.00000000000136,0.47618564070130437,seed,
ets_attnseg_time_only,ets attnseg time only,2029,520.0000000000014,0.471258762783896,seed,
ets_attnseg_time_only,ets attnseg time only,2029,530.0000000000014,0.4667936383860366,seed,
ets_attnseg_time_only,ets attnseg time only,2029,540.0000000000014,0.46172748801859154,seed,
ets_attnseg_time_only,ets attnseg time only,2029,550.0000000000014,0.4570427147180042,seed,
ets_attnseg_time_only,ets attnseg time only,2029,560.0000000000014,0.45275457335967434,seed,
ets_attnseg_time_only,ets attnseg time only,2029,570.0000000000014,0.44828357550996406,seed,
ets_attnseg_time_only,ets attnseg time only,2029,580.0000000000014,0.44448898120100694,seed,
ets_attnseg_time_only,ets attnseg time only,2029,590.0000000000014,0.44085091180433333,seed,
ets_attnseg_time_only,ets attnseg time only,2029,600.0000000000014,0.43756190892619773,seed,
ets_attnseg_time_only,ets attnseg time only,2029,610.0000000000015,0.4332649120305888,seed,
ets_attnseg_time_only,ets attnseg time only,2029,620.0000000000015,0.4300312442563249,seed,
ets_attnseg_time_only,ets attnseg time only,2029,630.0000000000015,0.42626687265979585,seed,
ets_attnseg_time_only,ets attnseg time only,2029,640.0000000000015,0.42261851875888207,seed,
ets_attnseg_time_only,ets attnseg time only,2029,650.0000000000015,0.41955024507615807,seed,
ets_attnseg_time_only,ets attnseg time only,2029,660.0000000000015,0.41638149447653267,seed,
ets_attnseg_time_only,ets attnseg time only,2029,670.0000000000015,0.4136098959131945,seed,
ets_attnseg_time_only,ets attnseg time only,2029,680.0000000000015,0.41099217526008175,seed,
ets_attnseg_time_only,ets attnseg time only,2029,690.0000000000015,0.40815049725571173,seed,
ets_attnseg_time_only,ets attnseg time only,2029,700.0000000000015,0.405907658932083,seed,
ets_attnseg_time_only,ets attnseg time only,2029,710.0000000000015,0.4040073619449053,seed,
ets_attnseg_time_only,ets attnseg time only,2029,720.0000000000015,0.4004295647421661,seed,
ets_attnseg_time_only,ets attnseg time only,2029,730.0000000000016,0.3979546208362292,seed,
ets_attnseg_time_only,ets attnseg time only,2029,740.0000000000016,0.39619375029999887,seed,
ets_attnseg_time_only,ets attnseg time only,2029,750.0000000000016,0.39373851047348607,seed,
ets_attnseg_time_only,ets attnseg time only,2029,760.0000000000016,0.39148766703030696,seed,
ets_attnseg_time_only,ets attnseg time only,2029,770.0000000000016,0.3900594509040149,seed,
ets_attnseg_time_only,ets attnseg time only,2029,780.0000000000016,0.3875846020182763,seed,
ets_attnseg_time_only,ets attnseg time only,2029,790.0000000000016,0.38629594455055893,seed,
ets_attnseg_time_only,ets attnseg time only,2029,800.0000000000016,0.38417417990824543,seed,
ets_attnseg_time_only,ets attnseg time only,2029,810.0000000000016,0.3833234138771084,seed,
ets_attnseg_time_only,ets attnseg time only,2029,820.0000000000016,0.38087303761812136,seed,
ets_attnseg_time_only,ets attnseg time only,2029,830.0000000000016,0.3786622623606247,seed,
ets_attnseg_time_only,ets attnseg time only,2029,840.0000000000016,0.37653379937916714,seed,
ets_attnseg_time_only,ets attnseg time only,2029,850.0000000000016,0.3760157230984508,seed,
ets_attnseg_time_only,ets attnseg time only,2029,860.0000000000017,0.3747429550803817,seed,
ets_attnseg_time_only,ets attnseg time only,2029,870.0000000000017,0.3743268348571992,seed,
ets_attnseg_time_only,ets attnseg time only,2029,880.0000000000017,0.37180997865987675,seed,
ets_attnseg_time_only,ets attnseg time only,2029,890.0000000000017,0.3704103223693916,seed,
ets_attnseg_time_only,ets attnseg time only,2029,900.0000000000017,0.3699747166400872,seed,
ets_attnseg_time_only,ets attnseg time only,2029,910.0000000000017,0.3696061278845542,seed,
ets_attnseg_time_only,ets attnseg time only,2029,920.0000000000017,0.36966371918652674,seed,
ets_attnseg_time_only,ets attnseg time only,2029,930.0000000000017,0.3698148242080424,seed,
ets_attnseg_time_only,ets attnseg time only,2029,940.0000000000017,0.36813291128224146,seed,
ets_attnseg_time_only,ets attnseg time only,2029,950.0000000000017,0.3662135119937236,seed,
ets_attnseg_time_only,ets attnseg time only,2029,960.0000000000017,0.3637511399804958,seed,
ets_attnseg_time_only,ets attnseg time only,2029,970.0000000000017,0.36273252363999775,seed,
ets_attnseg_time_only,ets attnseg time only,2029,980.0000000000017,0.3635757132466198,seed,
ets_attnseg_time_only,ets attnseg time only,2029,990.0000000000018,0.36557665768021375,seed,
ets_attnseg_time_only,ets attnseg time only,2029,1000.0000000000018,0.36481107845732313,seed,
ets_attnseg_time_only,ets attnseg time only,mean,-1000.0,0.18708153840109282,group_mean,0.06345431068218524
ets_attnseg_time_only,ets attnseg time only,mean,-990.0,0.19124861073981694,group_mean,0.06349516255832008
ets_attnseg_time_only,ets attnseg time only,mean,-980.0,0.1952209826362034,group_mean,0.0631200063922643
ets_attnseg_time_only,ets attnseg time only,mean,-970.0,0.19984575087177509,group_mean,0.062410563050607236
ets_attnseg_time_only,ets attnseg time only,mean,-960.0,0.2031279852150912,group_mean,0.06130010113368297
ets_attnseg_time_only,ets attnseg time only,mean,-950.0,0.20692683999438546,group_mean,0.06082029209846596
ets_attnseg_time_only,ets attnseg time only,mean,-940.0,0.21145905626396408,group_mean,0.06066398089645033
ets_attnseg_time_only,ets attnseg time only,mean,-929.9999999999999,0.21371634333607745,group_mean,0.059757162927596245
ets_attnseg_time_only,ets attnseg time only,mean,-919.9999999999999,0.217351528858643,group_mean,0.059036006246856426
ets_attnseg_time_only,ets attnseg time only,mean,-909.9999999999999,0.22228433346235751,group_mean,0.05844992386230956
ets_attnseg_time_only,ets attnseg time only,mean,-899.9999999999999,0.22604321955305595,group_mean,0.05764204434712376
ets_attnseg_time_only,ets attnseg time only,mean,-889.9999999999999,0.23050676383270646,group_mean,0.056856433076526665
ets_attnseg_time_only,ets attnseg time only,mean,-879.9999999999999,0.23529845800294416,group_mean,0.05599835012007274
ets_attnseg_time_only,ets attnseg time only,mean,-869.9999999999999,0.2390174150579134,group_mean,0.05479950373369537
ets_attnseg_time_only,ets attnseg time only,mean,-859.9999999999999,0.24395687956395862,group_mean,0.053682556212766006
ets_attnseg_time_only,ets attnseg time only,mean,-849.9999999999999,0.24869516452522963,group_mean,0.052351274747681954
ets_attnseg_time_only,ets attnseg time only,mean,-839.9999999999999,0.25259779627819245,group_mean,0.05081494173644817
ets_attnseg_time_only,ets attnseg time only,mean,-829.9999999999999,0.25772137181845,group_mean,0.04953801495239139
ets_attnseg_time_only,ets attnseg time only,mean,-819.9999999999999,0.26245936548491783,group_mean,0.048253891254796115
ets_attnseg_time_only,ets attnseg time only,mean,-809.9999999999999,0.2668571672496947,group_mean,0.04687672731484112
ets_attnseg_time_only,ets attnseg time only,mean,-799.9999999999998,0.2719400311226484,group_mean,0.045723443031061344
ets_attnseg_time_only,ets attnseg time only,mean,-789.9999999999998,0.2765585125913824,group_mean,0.04478369792873055
ets_attnseg_time_only,ets attnseg time only,mean,-779.9999999999998,0.28024985458888346,group_mean,0.04395086931253784
ets_attnseg_time_only,ets attnseg time only,mean,-769.9999999999998,0.28522374640942855,group_mean,0.04332810314105308
ets_attnseg_time_only,ets attnseg time only,mean,-759.9999999999998,0.2905482714466184,group_mean,0.04247289529483548
ets_attnseg_time_only,ets attnseg time only,mean,-749.9999999999998,0.2951861104851632,group_mean,0.04120662567001988
ets_attnseg_time_only,ets attnseg time only,mean,-739.9999999999998,0.30097490463619514,group_mean,0.04005747326505292
ets_attnseg_time_only,ets attnseg time only,mean,-729.9999999999998,0.30598444613415293,group_mean,0.0390943601558977
ets_attnseg_time_only,ets attnseg time only,mean,-719.9999999999998,0.311356434635828,group_mean,0.038210757124204915
ets_attnseg_time_only,ets attnseg time only,mean,-709.9999999999998,0.31540765892637135,group_mean,0.03729426353346237
ets_attnseg_time_only,ets attnseg time only,mean,-699.9999999999998,0.3205847349534067,group_mean,0.036085500550921405
ets_attnseg_time_only,ets attnseg time only,mean,-689.9999999999998,0.32621992022502755,group_mean,0.03459579724758852
ets_attnseg_time_only,ets attnseg time only,mean,-679.9999999999998,0.33095546786574315,group_mean,0.032894897543373804
ets_attnseg_time_only,ets attnseg time only,mean,-669.9999999999997,0.33649695793363843,group_mean,0.031322054896343716
ets_attnseg_time_only,ets attnseg time only,mean,-659.9999999999997,0.3422210153710125,group_mean,0.03006692562484153
ets_attnseg_time_only,ets attnseg time only,mean,-649.9999999999997,0.3473241254963228,group_mean,0.029092439276782803
ets_attnseg_time_only,ets attnseg time only,mean,-639.9999999999997,0.3528235086834523,group_mean,0.028051170378445577
ets_attnseg_time_only,ets attnseg time only,mean,-629.9999999999997,0.3586995413271978,group_mean,0.026821327920766042
ets_attnseg_time_only,ets attnseg time only,mean,-619.9999999999997,0.36420469924560417,group_mean,0.0254666470476115
ets_attnseg_time_only,ets attnseg time only,mean,-609.9999999999997,0.3710080990150765,group_mean,0.0241143844162463
ets_attnseg_time_only,ets attnseg time only,mean,-599.9999999999997,0.37773783950932854,group_mean,0.02288955957012823
ets_attnseg_time_only,ets attnseg time only,mean,-589.9999999999997,0.3840571234213987,group_mean,0.021837455671488773
ets_attnseg_time_only,ets attnseg time only,mean,-579.9999999999997,0.3905369307231148,group_mean,0.020782117417416694
ets_attnseg_time_only,ets attnseg time only,mean,-569.9999999999997,0.39661313018432554,group_mean,0.01973177663979968
ets_attnseg_time_only,ets attnseg time only,mean,-559.9999999999997,0.4022793778746837,group_mean,0.018746159470661584
ets_attnseg_time_only,ets attnseg time only,mean,-549.9999999999995,0.4091409715911678,group_mean,0.017554231659519363
ets_attnseg_time_only,ets attnseg time only,mean,-539.9999999999995,0.4162905089241381,group_mean,0.016383290231915162
ets_attnseg_time_only,ets attnseg time only,mean,-529.9999999999995,0.423605195255783,group_mean,0.015340936243319172
ets_attnseg_time_only,ets attnseg time only,mean,-519.9999999999995,0.4311598824544287,group_mean,0.014441274673367054
ets_attnseg_time_only,ets attnseg time only,mean,-509.99999999999955,0.43761839660547575,group_mean,0.013564691571390257
ets_attnseg_time_only,ets attnseg time only,mean,-499.99999999999955,0.4436132565451706,group_mean,0.012818743173507533
ets_attnseg_time_only,ets attnseg time only,mean,-489.99999999999955,0.45103603094678474,group_mean,0.012126697760372326
ets_attnseg_time_only,ets attnseg time only,mean,-479.99999999999955,0.4590215285922108,group_mean,0.011730613488947307
ets_attnseg_time_only,ets attnseg time only,mean,-469.99999999999955,0.4679430744105111,group_mean,0.011406292663782486
ets_attnseg_time_only,ets attnseg time only,mean,-459.99999999999955,0.47590085716448555,group_mean,0.011269453415172784
ets_attnseg_time_only,ets attnseg time only,mean,-449.9999999999995,0.48385989821078895,group_mean,0.011520423653849638
ets_attnseg_time_only,ets attnseg time only,mean,-439.9999999999995,0.4919868476314443,group_mean,0.012089888750008604
ets_attnseg_time_only,ets attnseg time only,mean,-429.9999999999995,0.49981856327002666,group_mean,0.01294674886366776
ets_attnseg_time_only,ets attnseg time only,mean,-419.9999999999995,0.5087033482904417,group_mean,0.014413669122627797
ets_attnseg_time_only,ets attnseg time only,mean,-409.9999999999995,0.5180953502403013,group_mean,0.01600012710649964
ets_attnseg_time_only,ets attnseg time only,mean,-399.9999999999995,0.5273887612605532,group_mean,0.017426082959036943
ets_attnseg_time_only,ets attnseg time only,mean,-389.99999999999943,0.5367293031730492,group_mean,0.019133580009555173
ets_attnseg_time_only,ets attnseg time only,mean,-379.99999999999943,0.5465690346262788,group_mean,0.021332696684417105
ets_attnseg_time_only,ets attnseg time only,mean,-369.99999999999943,0.5564289354906402,group_mean,0.023603323744879768
ets_attnseg_time_only,ets attnseg time only,mean,-359.99999999999943,0.5668099780297953,group_mean,0.02593483497132816
ets_attnseg_time_only,ets attnseg time only,mean,-349.99999999999943,0.5773796671379873,group_mean,0.028094867470427835
ets_attnseg_time_only,ets attnseg time only,mean,-339.99999999999943,0.5877730172554133,group_mean,0.03000961610214377
ets_attnseg_time_only,ets attnseg time only,mean,-329.99999999999943,0.5984926551588783,group_mean,0.03240279354298979
ets_attnseg_time_only,ets attnseg time only,mean,-319.9999999999994,0.609373017299434,group_mean,0.034994551371083656
ets_attnseg_time_only,ets attnseg time only,mean,-309.9999999999994,0.6201514664487158,group_mean,0.03805479128337369
ets_attnseg_time_only,ets attnseg time only,mean,-299.9999999999994,0.6314805716191492,group_mean,0.04156516396026867
ets_attnseg_time_only,ets attnseg time only,mean,-289.9999999999994,0.6426364259872909,group_mean,0.04493012036048941
ets_attnseg_time_only,ets attnseg time only,mean,-279.9999999999994,0.6536328617765713,group_mean,0.047853605872847406
ets_attnseg_time_only,ets attnseg time only,mean,-269.9999999999994,0.6654816239778343,group_mean,0.051139197560276045
ets_attnseg_time_only,ets attnseg time only,mean,-259.9999999999993,0.6775221541796042,group_mean,0.05508269206687116
ets_attnseg_time_only,ets attnseg time only,mean,-249.99999999999935,0.6897904459182571,group_mean,0.05923982484198181
ets_attnseg_time_only,ets attnseg time only,mean,-239.99999999999932,0.7019246935766821,group_mean,0.06344403715408685
ets_attnseg_time_only,ets attnseg time only,mean,-229.99999999999932,0.7145083156941882,group_mean,0.06789790733541427
ets_attnseg_time_only,ets attnseg time only,mean,-219.99999999999932,0.7274165863443381,group_mean,0.07262274679090554
ets_attnseg_time_only,ets attnseg time only,mean,-209.9999999999993,0.7398213201598225,group_mean,0.07712509732772158
ets_attnseg_time_only,ets attnseg time only,mean,-199.9999999999993,0.7526367205224294,group_mean,0.08224252564330509
ets_attnseg_time_only,ets attnseg time only,mean,-189.9999999999993,0.7656047180109026,group_mean,0.087911041017106
ets_attnseg_time_only,ets attnseg time only,mean,-179.99999999999926,0.7779816383681838,group_mean,0.09324426830308716
ets_attnseg_time_only,ets attnseg time only,mean,-169.99999999999926,0.7904370140864357,group_mean,0.09865935060083672
ets_attnseg_time_only,ets attnseg time only,mean,-159.99999999999926,0.803367127972923,group_mean,0.10440081613892574
ets_attnseg_time_only,ets attnseg time only,mean,-149.99999999999923,0.8161497726705129,group_mean,0.11067884758829412
ets_attnseg_time_only,ets attnseg time only,mean,-139.99999999999923,0.8291087427164952,group_mean,0.11712475990305032
ets_attnseg_time_only,ets attnseg time only,mean,-129.99999999999923,0.8409923507214672,group_mean,0.12325984539327554
ets_attnseg_time_only,ets attnseg time only,mean,-119.99999999999922,0.8516681536682377,group_mean,0.1290522312841944
ets_attnseg_time_only,ets attnseg time only,mean,-109.9999999999992,0.8626723741861415,group_mean,0.13492358052855025
ets_attnseg_time_only,ets attnseg time only,mean,-99.9999999999992,0.8742490734104192,group_mean,0.14113255844810416
ets_attnseg_time_only,ets attnseg time only,mean,-89.99999999999919,0.8862692053454719,group_mean,0.14770770580285916
ets_attnseg_time_only,ets attnseg time only,mean,-79.99999999999918,0.8976969082338394,group_mean,0.15408630847904414
ets_attnseg_time_only,ets attnseg time only,mean,-69.99999999999918,0.9071566894723505,group_mean,0.1595808033691045
ets_attnseg_time_only,ets attnseg time only,mean,-59.99999999999916,0.914761427002069,group_mean,0.16431369620596156
ets_attnseg_time_only,ets attnseg time only,mean,-49.999999999999154,0.9216919508911205,group_mean,0.16872415006482408
ets_attnseg_time_only,ets attnseg time only,mean,-39.99999999999915,0.9282789739868538,group_mean,0.17290491025549373
ets_attnseg_time_only,ets attnseg time only,mean,-29.99999999999914,0.9348399200746617,group_mean,0.17703881616904188
ets_attnseg_time_only,ets attnseg time only,mean,-19.99999999999913,0.9408376916503842,group_mean,0.181008351778252
ets_attnseg_time_only,ets attnseg time only,mean,-9.99999999999912,0.9454300861159481,group_mean,0.18426534902680106
ets_attnseg_time_only,ets attnseg time only,mean,8.881784197001252e-13,0.9470585894442504,group_mean,0.18600581920913506
ets_attnseg_time_only,ets attnseg time only,mean,10.000000000000897,0.9464551031123758,group_mean,0.18642483847895708
ets_attnseg_time_only,ets attnseg time only,mean,20.000000000000906,0.9439000018799805,group_mean,0.1860329956743218
ets_attnseg_time_only,ets attnseg time only,mean,30.000000000000917,0.9404648312225696,group_mean,0.18561506104050646
ets_attnseg_time_only,ets attnseg time only,mean,40.000000000000924,0.9359068397719259,group_mean,0.18475914256581852
ets_attnseg_time_only,ets attnseg time only,mean,50.00000000000093,0.9298847886851405,group_mean,0.1831845117964072
ets_attnseg_time_only,ets attnseg time only,mean,60.00000000000094,0.9215869804716237,group_mean,0.17979287160072863
ets_attnseg_time_only,ets attnseg time only,mean,70.00000000000095,0.9109524922162379,group_mean,0.17519342810437366
ets_attnseg_time_only,ets attnseg time only,mean,80.00000000000097,0.8988021068178768,group_mean,0.16998197524799255
ets_attnseg_time_only,ets attnseg time only,mean,90.00000000000097,0.8859635127435137,group_mean,0.16550732064082385
ets_attnseg_time_only,ets attnseg time only,mean,100.00000000000098,0.8730649721445201,group_mean,0.16136710136715074
ets_attnseg_time_only,ets attnseg time only,mean,110.00000000000098,0.859510773988499,group_mean,0.15650622720808818
ets_attnseg_time_only,ets attnseg time only,mean,120.000000000001,0.8444750425281699,group_mean,0.15182020309605618
ets_attnseg_time_only,ets attnseg time only,mean,130.000000000001,0.8274683500943698,group_mean,0.14595542803545156
ets_attnseg_time_only,ets attnseg time only,mean,140.00000000000102,0.8101798307543199,group_mean,0.13899501295173222
ets_attnseg_time_only,ets attnseg time only,mean,150.00000000000102,0.793145018369424,group_mean,0.13395010737414811
ets_attnseg_time_only,ets attnseg time only,mean,160.00000000000102,0.7767232900686167,group_mean,0.12797730352308614
ets_attnseg_time_only,ets attnseg time only,mean,170.00000000000105,0.7608435036585718,group_mean,0.12257713526740112
ets_attnseg_time_only,ets attnseg time only,mean,180.00000000000105,0.7449627991973126,group_mean,0.11838203749300492
ets_attnseg_time_only,ets attnseg time only,mean,190.00000000000105,0.728356192467979,group_mean,0.11232635973966916
ets_attnseg_time_only,ets attnseg time only,mean,200.00000000000108,0.7118594962385393,group_mean,0.106320502785891
ets_attnseg_time_only,ets attnseg time only,mean,210.00000000000108,0.6952758540300651,group_mean,0.10225059920999427
ets_attnseg_time_only,ets attnseg time only,mean,220.00000000000108,0.6793742782306031,group_mean,0.09576702338954088
ets_attnseg_time_only,ets attnseg time only,mean,230.00000000000108,0.6646899901304721,group_mean,0.09091947793866405
ets_attnseg_time_only,ets attnseg time only,mean,240.0000000000011,0.6513198190948302,group_mean,0.08707005199199984
ets_attnseg_time_only,ets attnseg time only,mean,250.0000000000011,0.6385950557984754,group_mean,0.08284031891823752
ets_attnseg_time_only,ets attnseg time only,mean,260.00000000000114,0.6260915678479486,group_mean,0.0778416933364651
ets_attnseg_time_only,ets attnseg time only,mean,270.00000000000114,0.6137845875455824,group_mean,0.07286716296598368
ets_attnseg_time_only,ets attnseg time only,mean,280.00000000000114,0.6017216317193762,group_mean,0.06924628121431796
ets_attnseg_time_only,ets attnseg time only,mean,290.00000000000114,0.5909971715364178,group_mean,0.06571342614022259
ets_attnseg_time_only,ets attnseg time only,mean,300.00000000000114,0.5817225499199344,group_mean,0.06211258910876356
ets_attnseg_time_only,ets attnseg time only,mean,310.00000000000114,0.5725746949872386,group_mean,0.060579839595224005
ets_attnseg_time_only,ets attnseg time only,mean,320.0000000000012,0.5641500974363022,group_mean,0.05684157005250957
ets_attnseg_time_only,ets attnseg time only,mean,330.0000000000012,0.555791880433505,group_mean,0.05295280234556082
ets_attnseg_time_only,ets attnseg time only,mean,340.0000000000012,0.5473246144860651,group_mean,0.05029086379204829
ets_attnseg_time_only,ets attnseg time only,mean,350.0000000000012,0.5400358069050158,group_mean,0.04760879857970981
ets_attnseg_time_only,ets attnseg time only,mean,360.0000000000012,0.5340530043389996,group_mean,0.04368427898667281
ets_attnseg_time_only,ets attnseg time only,mean,370.0000000000012,0.528377384880448,group_mean,0.04143104956539168
ets_attnseg_time_only,ets attnseg time only,mean,380.00000000000125,0.5233661558728138,group_mean,0.0376286846463761
ets_attnseg_time_only,ets attnseg time only,mean,390.00000000000125,0.5179538173368241,group_mean,0.03457330125770874
ets_attnseg_time_only,ets attnseg time only,mean,400.00000000000125,0.5120485786375226,group_mean,0.03329729536688588
ets_attnseg_time_only,ets attnseg time only,mean,410.00000000000125,0.5070731484725136,group_mean,0.030615642804195885
ets_attnseg_time_only,ets attnseg time only,mean,420.00000000000125,0.5017189424059246,group_mean,0.028630492592500646
ets_attnseg_time_only,ets attnseg time only,mean,430.00000000000125,0.4966456463489294,group_mean,0.027482923459926634
ets_attnseg_time_only,ets attnseg time only,mean,440.00000000000125,0.4930007352549959,group_mean,0.02595081466510034
ets_attnseg_time_only,ets attnseg time only,mean,450.0000000000013,0.4893544030239587,group_mean,0.025349420052373832
ets_attnseg_time_only,ets attnseg time only,mean,460.0000000000013,0.4850456212703624,group_mean,0.024749496630536112
ets_attnseg_time_only,ets attnseg time only,mean,470.0000000000013,0.4818591542695061,group_mean,0.0249719846440117
ets_attnseg_time_only,ets attnseg time only,mean,480.0000000000013,0.47852713914848144,group_mean,0.025701051017231476
ets_attnseg_time_only,ets attnseg time only,mean,490.0000000000013,0.47401176778863763,group_mean,0.024468067824062058
ets_attnseg_time_only,ets attnseg time only,mean,500.0000000000013,0.4716940034380074,group_mean,0.026694362982722257
ets_attnseg_time_only,ets attnseg time only,mean,510.00000000000136,0.469675173728721,group_mean,0.028696521760667747
ets_attnseg_time_only,ets attnseg time only,mean,520.0000000000014,0.46781847586943925,group_mean,0.03248549975085517
ets_attnseg_time_only,ets attnseg time only,mean,530.0000000000014,0.463982459384059,group_mean,0.031325868589100164
ets_attnseg_time_only,ets attnseg time only,mean,540.0000000000014,0.46090135897626305,group_mean,0.033315348302548516
ets_attnseg_time_only,ets attnseg time only,mean,550.0000000000014,0.4595555032030593,group_mean,0.03869357351658876
ets_attnseg_time_only,ets attnseg time only,mean,560.0000000000014,0.45672409489102594,group_mean,0.03942612864236135
ets_attnseg_time_only,ets attnseg time only,mean,570.0000000000014,0.45522550376514986,group_mean,0.04375613650727695
ets_attnseg_time_only,ets attnseg time only,mean,580.0000000000014,0.45484349104541427,group_mean,0.04998914974718014
ets_attnseg_time_only,ets attnseg time only,mean,590.0000000000014,0.45241360413665477,group_mean,0.04982720963505229
ets_attnseg_time_only,ets attnseg time only,mean,600.0000000000014,0.4512485724062626,group_mean,0.05256604655442304
ets_attnseg_time_only,ets attnseg time only,mean,610.0000000000015,0.44974200921374097,group_mean,0.05761394301117191
ets_attnseg_time_only,ets attnseg time only,mean,620.0000000000015,0.4459983936811224,group_mean,0.05514177872891951
ets_attnseg_time_only,ets attnseg time only,mean,630.0000000000015,0.443495552275378,group_mean,0.05734532725100346
ets_attnseg_time_only,ets attnseg time only,mean,640.0000000000015,0.4435151793987588,group_mean,0.06521402030687183
ets_attnseg_time_only,ets attnseg time only,mean,650.0000000000015,0.44215859440746297,group_mean,0.066560455336269
ets_attnseg_time_only,ets attnseg time only,mean,660.0000000000015,0.44282503403648965,group_mean,0.0749624581411356
ets_attnseg_time_only,ets attnseg time only,mean,670.0000000000015,0.44204090419937164,group_mean,0.07919376884043193
ets_attnseg_time_only,ets attnseg time only,mean,680.0000000000015,0.4393019815290131,group_mean,0.07816032993161588
ets_attnseg_time_only,ets attnseg time only,mean,690.0000000000015,0.4385538599286455,group_mean,0.08281959247266674
ets_attnseg_time_only,ets attnseg time only,mean,700.0000000000015,0.4388666186254307,group_mean,0.08958922969695425
ets_attnseg_time_only,ets attnseg time only,mean,710.0000000000015,0.4368929558921734,group_mean,0.08752064890637586
ets_attnseg_time_only,ets attnseg time only,mean,720.0000000000015,0.4381551306043736,group_mean,0.09844394542574525
ets_attnseg_time_only,ets attnseg time only,mean,730.0000000000016,0.4371408114265175,group_mean,0.10169600058452093
ets_attnseg_time_only,ets attnseg time only,mean,740.0000000000016,0.4346046869133266,group_mean,0.09838273121970846
ets_attnseg_time_only,ets attnseg time only,mean,750.0000000000016,0.43482789432531554,group_mean,0.10352032126100735
ets_attnseg_time_only,ets attnseg time only,mean,760.0000000000016,0.43561855890590834,group_mean,0.10906173589881668
ets_attnseg_time_only,ets attnseg time only,mean,770.0000000000016,0.4343979929507199,group_mean,0.10753773653685789
ets_attnseg_time_only,ets attnseg time only,mean,780.0000000000016,0.4360129341532225,group_mean,0.1183620242457109
ets_attnseg_time_only,ets attnseg time only,mean,790.0000000000016,0.43474944442918473,group_mean,0.11969386262451423
ets_attnseg_time_only,ets attnseg time only,mean,800.0000000000016,0.4353449718206365,group_mean,0.12549882199623616
ets_attnseg_time_only,ets attnseg time only,mean,810.0000000000016,0.4329878744131296,group_mean,0.11827424576990424
ets_attnseg_time_only,ets attnseg time only,mean,820.0000000000016,0.4347331476356932,group_mean,0.12601082031908983
ets_attnseg_time_only,ets attnseg time only,mean,830.0000000000016,0.4368836890167578,group_mean,0.13556435229943242
ets_attnseg_time_only,ets attnseg time only,mean,840.0000000000016,0.43428670011591936,group_mean,0.13282805559146274
ets_attnseg_time_only,ets attnseg time only,mean,850.0000000000016,0.4336569332359838,group_mean,0.13371940897062096
ets_attnseg_time_only,ets attnseg time only,mean,860.0000000000017,0.43529025722198716,group_mean,0.142107735643303
ets_attnseg_time_only,ets attnseg time only,mean,870.0000000000017,0.4335099870958426,group_mean,0.13825752087945595
ets_attnseg_time_only,ets attnseg time only,mean,880.0000000000017,0.4355228216359244,group_mean,0.14648855836730795
ets_attnseg_time_only,ets attnseg time only,mean,890.0000000000017,0.4375148951201139,group_mean,0.15345525767352935
ets_attnseg_time_only,ets attnseg time only,mean,900.0000000000017,0.43546809934282865,group_mean,0.14934882668513144
ets_attnseg_time_only,ets attnseg time only,mean,910.0000000000017,0.43749908535520465,group_mean,0.15500329616921144
ets_attnseg_time_only,ets attnseg time only,mean,920.0000000000017,0.43872301833528005,group_mean,0.15791001810382763
ets_attnseg_time_only,ets attnseg time only,mean,930.0000000000017,0.4373411487727473,group_mean,0.1516093583120399
ets_attnseg_time_only,ets attnseg time only,mean,940.0000000000017,0.43939674199541046,group_mean,0.15953294063694579
ets_attnseg_time_only,ets attnseg time only,mean,950.0000000000017,0.43899949533017146,group_mean,0.15876828472004545
ets_attnseg_time_only,ets attnseg time only,mean,960.0000000000017,0.43785881886733263,group_mean,0.15573876797516803
ets_attnseg_time_only,ets attnseg time only,mean,970.0000000000017,0.44010777703931303,group_mean,0.1635422539358732
ets_attnseg_time_only,ets attnseg time only,mean,980.0000000000017,0.44402730387026146,group_mean,0.17090077587598257
ets_attnseg_time_only,ets attnseg time only,mean,990.0000000000018,0.44509159050417624,group_mean,0.16506234084778112
ets_attnseg_time_only,ets attnseg time only,mean,1000.0000000000018,0.44982242073521095,group_mean,0.17738998955282156
ets_attnseg_ce,ets attnseg ce,2025,-1000.0,0.13415524935808876,seed,
ets_attnseg_ce,ets attnseg ce,2025,-990.0,0.13638597537083078,seed,
ets_attnseg_ce,ets attnseg ce,2025,-980.0,0.1384422549177565,seed,
ets_attnseg_ce,ets attnseg ce,2025,-970.0,0.1404026967851156,seed,
ets_attnseg_ce,ets attnseg ce,2025,-960.0,0.14190808525991078,seed,
ets_attnseg_ce,ets attnseg ce,2025,-950.0,0.1441018051104999,seed,
ets_attnseg_ce,ets attnseg ce,2025,-940.0,0.14687602305586056,seed,
ets_attnseg_ce,ets attnseg ce,2025,-929.9999999999999,0.1483165340534319,seed,
ets_attnseg_ce,ets attnseg ce,2025,-919.9999999999999,0.150372412594599,seed,
ets_attnseg_ce,ets attnseg ce,2025,-909.9999999999999,0.15301076767082145,seed,
ets_attnseg_ce,ets attnseg ce,2025,-899.9999999999999,0.15506077148794786,seed,
ets_attnseg_ce,ets attnseg ce,2025,-889.9999999999999,0.15750521740786091,seed,
ets_attnseg_ce,ets attnseg ce,2025,-879.9999999999999,0.16030419037958507,seed,
ets_attnseg_ce,ets attnseg ce,2025,-869.9999999999999,0.16246606068964584,seed,
ets_attnseg_ce,ets attnseg ce,2025,-859.9999999999999,0.16523880894017764,seed,
ets_attnseg_ce,ets attnseg ce,2025,-849.9999999999999,0.16792383356832694,seed,
ets_attnseg_ce,ets attnseg ce,2025,-839.9999999999999,0.17018351460115272,seed,
ets_attnseg_ce,ets attnseg ce,2025,-829.9999999999999,0.17326080810189945,seed,
ets_attnseg_ce,ets attnseg ce,2025,-819.9999999999999,0.17650744661025183,seed,
ets_attnseg_ce,ets attnseg ce,2025,-809.9999999999999,0.1794453572085489,seed,
ets_attnseg_ce,ets attnseg ce,2025,-799.9999999999998,0.18283038995040807,seed,
ets_attnseg_ce,ets attnseg ce,2025,-789.9999999999998,0.18616363776564737,seed,
ets_attnseg_ce,ets attnseg ce,2025,-779.9999999999998,0.18907984830595248,seed,
ets_attnseg_ce,ets attnseg ce,2025,-769.9999999999998,0.19272299320663172,seed,
ets_attnseg_ce,ets attnseg ce,2025,-759.9999999999998,0.1965813734530988,seed,
ets_attnseg_ce,ets attnseg ce,2025,-749.9999999999998,0.19998562932066105,seed,
ets_attnseg_ce,ets attnseg ce,2025,-739.9999999999998,0.2039586454749731,seed,
ets_attnseg_ce,ets attnseg ce,2025,-729.9999999999998,0.20795304787081675,seed,
ets_attnseg_ce,ets attnseg ce,2025,-719.9999999999998,0.212312570104402,seed,
ets_attnseg_ce,ets attnseg ce,2025,-709.9999999999998,0.21607427687619007,seed,
ets_attnseg_ce,ets attnseg ce,2025,-699.9999999999998,0.22027634397887197,seed,
ets_attnseg_ce,ets attnseg ce,2025,-689.9999999999998,0.22470407011142174,seed,
ets_attnseg_ce,ets attnseg ce,2025,-679.9999999999998,0.2289198643128329,seed,
ets_attnseg_ce,ets attnseg ce,2025,-669.9999999999997,0.23355472774676994,seed,
ets_attnseg_ce,ets attnseg ce,2025,-659.9999999999997,0.23849180228446812,seed,
ets_attnseg_ce,ets attnseg ce,2025,-649.9999999999997,0.2430153446719708,seed,
ets_attnseg_ce,ets attnseg ce,2025,-639.9999999999997,0.24777229106783438,seed,
ets_attnseg_ce,ets attnseg ce,2025,-629.9999999999997,0.2530291556672807,seed,
ets_attnseg_ce,ets attnseg ce,2025,-619.9999999999997,0.2583379677576561,seed,
ets_attnseg_ce,ets attnseg ce,2025,-609.9999999999997,0.2642898650936819,seed,
ets_attnseg_ce,ets attnseg ce,2025,-599.9999999999997,0.27022357765516125,seed,
ets_attnseg_ce,ets attnseg ce,2025,-589.9999999999997,0.2761377265692338,seed,
ets_attnseg_ce,ets attnseg ce,2025,-579.9999999999997,0.2820722807160002,seed,
ets_attnseg_ce,ets attnseg ce,2025,-569.9999999999997,0.28846600130572864,seed,
ets_attnseg_ce,ets attnseg ce,2025,-559.9999999999997,0.29508705388243417,seed,
ets_attnseg_ce,ets attnseg ce,2025,-549.9999999999995,0.3021299283075154,seed,
ets_attnseg_ce,ets attnseg ce,2025,-539.9999999999995,0.309352997489189,seed,
ets_attnseg_ce,ets attnseg ce,2025,-529.9999999999995,0.31701936097525635,seed,
ets_attnseg_ce,ets attnseg ce,2025,-519.9999999999995,0.32529175444003156,seed,
ets_attnseg_ce,ets attnseg ce,2025,-509.99999999999955,0.33370077046890795,seed,
ets_attnseg_ce,ets attnseg ce,2025,-499.99999999999955,0.342341253184152,seed,
ets_attnseg_ce,ets attnseg ce,2025,-489.99999999999955,0.351699625352753,seed,
ets_attnseg_ce,ets attnseg ce,2025,-479.99999999999955,0.3615906009782243,seed,
ets_attnseg_ce,ets attnseg ce,2025,-469.99999999999955,0.37242678647475413,seed,
ets_attnseg_ce,ets attnseg ce,2025,-459.99999999999955,0.3830992824665012,seed,
ets_attnseg_ce,ets attnseg ce,2025,-449.9999999999995,0.3944399016387408,seed,
ets_attnseg_ce,ets attnseg ce,2025,-439.9999999999995,0.40674514774736675,seed,
ets_attnseg_ce,ets attnseg ce,2025,-429.9999999999995,0.4194404404747962,seed,
ets_attnseg_ce,ets attnseg ce,2025,-419.9999999999995,0.4330199160530051,seed,
ets_attnseg_ce,ets attnseg ce,2025,-409.9999999999995,0.44726817549585396,seed,
ets_attnseg_ce,ets attnseg ce,2025,-399.9999999999995,0.4620491601798307,seed,
ets_attnseg_ce,ets attnseg ce,2025,-389.99999999999943,0.4775292849337274,seed,
ets_attnseg_ce,ets attnseg ce,2025,-379.99999999999943,0.49372173760511584,seed,
ets_attnseg_ce,ets attnseg ce,2025,-369.99999999999943,0.5102820111084138,seed,
ets_attnseg_ce,ets attnseg ce,2025,-359.99999999999943,0.5276608547661763,seed,
ets_attnseg_ce,ets attnseg ce,2025,-349.99999999999943,0.5453791928904795,seed,
ets_attnseg_ce,ets attnseg ce,2025,-339.99999999999943,0.563544252906422,seed,
ets_attnseg_ce,ets attnseg ce,2025,-329.99999999999943,0.5825120342259946,seed,
ets_attnseg_ce,ets attnseg ce,2025,-319.9999999999994,0.601890117412396,seed,
ets_attnseg_ce,ets attnseg ce,2025,-309.9999999999994,0.6213274673024328,seed,
ets_attnseg_ce,ets attnseg ce,2025,-299.9999999999994,0.6413061798943179,seed,
ets_attnseg_ce,ets attnseg ce,2025,-289.9999999999994,0.6615939902515664,seed,
ets_attnseg_ce,ets attnseg ce,2025,-279.9999999999994,0.682242473635426,seed,
ets_attnseg_ce,ets attnseg ce,2025,-269.9999999999994,0.7035870585598296,seed,
ets_attnseg_ce,ets attnseg ce,2025,-259.9999999999993,0.7250040260947032,seed,
ets_attnseg_ce,ets attnseg ce,2025,-249.99999999999935,0.7463502433167819,seed,
ets_attnseg_ce,ets attnseg ce,2025,-239.99999999999932,0.7679039886644401,seed,
ets_attnseg_ce,ets attnseg ce,2025,-229.99999999999932,0.7896439908348571,seed,
ets_attnseg_ce,ets attnseg ce,2025,-219.99999999999932,0.8111904694465689,seed,
ets_attnseg_ce,ets attnseg ce,2025,-209.9999999999993,0.8322293591028475,seed,
ets_attnseg_ce,ets attnseg ce,2025,-199.9999999999993,0.853373651114825,seed,
ets_attnseg_ce,ets attnseg ce,2025,-189.9999999999993,0.8741688458168811,seed,
ets_attnseg_ce,ets attnseg ce,2025,-179.99999999999926,0.8946932635453523,seed,
ets_attnseg_ce,ets attnseg ce,2025,-169.99999999999926,0.914782803343635,seed,
ets_attnseg_ce,ets attnseg ce,2025,-159.99999999999926,0.9343756517280858,seed,
ets_attnseg_ce,ets attnseg ce,2025,-149.99999999999923,0.9527485579509791,seed,
ets_attnseg_ce,ets attnseg ce,2025,-139.99999999999923,0.9710518858721716,seed,
ets_attnseg_ce,ets attnseg ce,2025,-129.99999999999923,0.9884470381036969,seed,
ets_attnseg_ce,ets attnseg ce,2025,-119.99999999999922,1.0046461699097715,seed,
ets_attnseg_ce,ets attnseg ce,2025,-109.9999999999992,1.020105124965798,seed,
ets_attnseg_ce,ets attnseg ce,2025,-99.9999999999992,1.0343501382702422,seed,
ets_attnseg_ce,ets attnseg ce,2025,-89.99999999999919,1.0477738008432689,seed,
ets_attnseg_ce,ets attnseg ce,2025,-79.99999999999918,1.0602667477602352,seed,
ets_attnseg_ce,ets attnseg ce,2025,-69.99999999999918,1.0711445982034402,seed,
ets_attnseg_ce,ets attnseg ce,2025,-59.99999999999916,1.0808188669021526,seed,
ets_attnseg_ce,ets attnseg ce,2025,-49.999999999999154,1.0895869941997436,seed,
ets_attnseg_ce,ets attnseg ce,2025,-39.99999999999915,1.0970302374018326,seed,
ets_attnseg_ce,ets attnseg ce,2025,-29.99999999999914,1.1028596120442251,seed,
ets_attnseg_ce,ets attnseg ce,2025,-19.99999999999913,1.1074185414673652,seed,
ets_attnseg_ce,ets attnseg ce,2025,-9.99999999999912,1.110747955869625,seed,
ets_attnseg_ce,ets attnseg ce,2025,8.881784197001252e-13,1.1122975420192551,seed,
ets_attnseg_ce,ets attnseg ce,2025,10.000000000000897,1.1129651763670916,seed,
ets_attnseg_ce,ets attnseg ce,2025,20.000000000000906,1.1121169114726688,seed,
ets_attnseg_ce,ets attnseg ce,2025,30.000000000000917,1.1097782378064183,seed,
ets_attnseg_ce,ets attnseg ce,2025,40.000000000000924,1.1059797113682224,seed,
ets_attnseg_ce,ets attnseg ce,2025,50.00000000000093,1.1006590036699744,seed,
ets_attnseg_ce,ets attnseg ce,2025,60.00000000000094,1.0941072436812982,seed,
ets_attnseg_ce,ets attnseg ce,2025,70.00000000000095,1.086278284556075,seed,
ets_attnseg_ce,ets attnseg ce,2025,80.00000000000097,1.0772009339654043,seed,
ets_attnseg_ce,ets attnseg ce,2025,90.00000000000097,1.0676792615262896,seed,
ets_attnseg_ce,ets attnseg ce,2025,100.00000000000098,1.0569567812977352,seed,
ets_attnseg_ce,ets attnseg ce,2025,110.00000000000098,1.0446541086379664,seed,
ets_attnseg_ce,ets attnseg ce,2025,120.000000000001,1.0324446852768294,seed,
ets_attnseg_ce,ets attnseg ce,2025,130.000000000001,1.019392316718567,seed,
ets_attnseg_ce,ets attnseg ce,2025,140.00000000000102,1.0049169222536005,seed,
ets_attnseg_ce,ets attnseg ce,2025,150.00000000000102,0.9905757097418264,seed,
ets_attnseg_ce,ets attnseg ce,2025,160.00000000000102,0.9744816560325924,seed,
ets_attnseg_ce,ets attnseg ce,2025,170.00000000000105,0.9580820046109425,seed,
ets_attnseg_ce,ets attnseg ce,2025,180.00000000000105,0.9424150177337537,seed,
ets_attnseg_ce,ets attnseg ce,2025,190.00000000000105,0.9249509774311264,seed,
ets_attnseg_ce,ets attnseg ce,2025,200.00000000000108,0.9072711358468761,seed,
ets_attnseg_ce,ets attnseg ce,2025,210.00000000000108,0.8902302456699412,seed,
ets_attnseg_ce,ets attnseg ce,2025,220.00000000000108,0.8718585060568148,seed,
ets_attnseg_ce,ets attnseg ce,2025,230.00000000000108,0.8536645548579438,seed,
ets_attnseg_ce,ets attnseg ce,2025,240.0000000000011,0.8356963672703275,seed,
ets_attnseg_ce,ets attnseg ce,2025,250.0000000000011,0.8176555339388117,seed,
ets_attnseg_ce,ets attnseg ce,2025,260.00000000000114,0.7995640900957908,seed,
ets_attnseg_ce,ets attnseg ce,2025,270.00000000000114,0.7814350725275243,seed,
ets_attnseg_ce,ets attnseg ce,2025,280.00000000000114,0.7644313385903675,seed,
ets_attnseg_ce,ets attnseg ce,2025,290.00000000000114,0.7468258919317963,seed,
ets_attnseg_ce,ets attnseg ce,2025,300.00000000000114,0.7293011286862192,seed,
ets_attnseg_ce,ets attnseg ce,2025,310.00000000000114,0.7129528357016793,seed,
ets_attnseg_ce,ets attnseg ce,2025,320.0000000000012,0.6957881728314266,seed,
ets_attnseg_ce,ets attnseg ce,2025,330.0000000000012,0.6783599168711615,seed,
ets_attnseg_ce,ets attnseg ce,2025,340.0000000000012,0.662417709785357,seed,
ets_attnseg_ce,ets attnseg ce,2025,350.0000000000012,0.6465372469104121,seed,
ets_attnseg_ce,ets attnseg ce,2025,360.0000000000012,0.6301603968857372,seed,
ets_attnseg_ce,ets attnseg ce,2025,370.0000000000012,0.6149479316020157,seed,
ets_attnseg_ce,ets attnseg ce,2025,380.00000000000125,0.5993207894177068,seed,
ets_attnseg_ce,ets attnseg ce,2025,390.00000000000125,0.5837362712080107,seed,
ets_attnseg_ce,ets attnseg ce,2025,400.00000000000125,0.5700775706470156,seed,
ets_attnseg_ce,ets attnseg ce,2025,410.00000000000125,0.5554506828557024,seed,
ets_attnseg_ce,ets attnseg ce,2025,420.00000000000125,0.5423825947785301,seed,
ets_attnseg_ce,ets attnseg ce,2025,430.00000000000125,0.5299861552161408,seed,
ets_attnseg_ce,ets attnseg ce,2025,440.00000000000125,0.5167426630054069,seed,
ets_attnseg_ce,ets attnseg ce,2025,450.0000000000013,0.5040120711252107,seed,
ets_attnseg_ce,ets attnseg ce,2025,460.0000000000013,0.4929182683634262,seed,
ets_attnseg_ce,ets attnseg ce,2025,470.0000000000013,0.4808582409448676,seed,
ets_attnseg_ce,ets attnseg ce,2025,480.0000000000013,0.4695246470872533,seed,
ets_attnseg_ce,ets attnseg ce,2025,490.0000000000013,0.45986973689487565,seed,
ets_attnseg_ce,ets attnseg ce,2025,500.0000000000013,0.44924405490876834,seed,
ets_attnseg_ce,ets attnseg ce,2025,510.00000000000136,0.4394684246092579,seed,
ets_attnseg_ce,ets attnseg ce,2025,520.0000000000014,0.42959051135351434,seed,
ets_attnseg_ce,ets attnseg ce,2025,530.0000000000014,0.42181496041270594,seed,
ets_attnseg_ce,ets attnseg ce,2025,540.0000000000014,0.41312769384003817,seed,
ets_attnseg_ce,ets attnseg ce,2025,550.0000000000014,0.4040515715711272,seed,
ets_attnseg_ce,ets attnseg ce,2025,560.0000000000014,0.39732151214767913,seed,
ets_attnseg_ce,ets attnseg ce,2025,570.0000000000014,0.3898968383568966,seed,
ets_attnseg_ce,ets attnseg ce,2025,580.0000000000014,0.38207012101746063,seed,
ets_attnseg_ce,ets attnseg ce,2025,590.0000000000014,0.3760811298423393,seed,
ets_attnseg_ce,ets attnseg ce,2025,600.0000000000014,0.36948105112472884,seed,
ets_attnseg_ce,ets attnseg ce,2025,610.0000000000015,0.362611429790311,seed,
ets_attnseg_ce,ets attnseg ce,2025,620.0000000000015,0.35826242907998895,seed,
ets_attnseg_ce,ets attnseg ce,2025,630.0000000000015,0.3528737374827307,seed,
ets_attnseg_ce,ets attnseg ce,2025,640.0000000000015,0.346785180296587,seed,
ets_attnseg_ce,ets attnseg ce,2025,650.0000000000015,0.34288383369575703,seed,
ets_attnseg_ce,ets attnseg ce,2025,660.0000000000015,0.33733767507835727,seed,
ets_attnseg_ce,ets attnseg ce,2025,670.0000000000015,0.33261428128346293,seed,
ets_attnseg_ce,ets attnseg ce,2025,680.0000000000015,0.3297522984738401,seed,
ets_attnseg_ce,ets attnseg ce,2025,690.0000000000015,0.32559425582099544,seed,
ets_attnseg_ce,ets attnseg ce,2025,700.0000000000015,0.32132079979586053,seed,
ets_attnseg_ce,ets attnseg ce,2025,710.0000000000015,0.3189990581010869,seed,
ets_attnseg_ce,ets attnseg ce,2025,720.0000000000015,0.314748445060597,seed,
ets_attnseg_ce,ets attnseg ce,2025,730.0000000000016,0.3116505102421546,seed,
ets_attnseg_ce,ets attnseg ce,2025,740.0000000000016,0.3107059155112946,seed,
ets_attnseg_ce,ets attnseg ce,2025,750.0000000000016,0.3076907758696129,seed,
ets_attnseg_ce,ets attnseg ce,2025,760.0000000000016,0.3048811370074465,seed,
ets_attnseg_ce,ets attnseg ce,2025,770.0000000000016,0.30383345952279833,seed,
ets_attnseg_ce,ets attnseg ce,2025,780.0000000000016,0.30052733794939823,seed,
ets_attnseg_ce,ets attnseg ce,2025,790.0000000000016,0.2987144186789403,seed,
ets_attnseg_ce,ets attnseg ce,2025,800.0000000000016,0.29622135042598313,seed,
ets_attnseg_ce,ets attnseg ce,2025,810.0000000000016,0.296642920616422,seed,
ets_attnseg_ce,ets attnseg ce,2025,820.0000000000016,0.2949597579153254,seed,
ets_attnseg_ce,ets attnseg ce,2025,830.0000000000016,0.29201428114671896,seed,
ets_attnseg_ce,ets attnseg ce,2025,840.0000000000016,0.29220017498644446,seed,
ets_attnseg_ce,ets attnseg ce,2025,850.0000000000016,0.2918850229790139,seed,
ets_attnseg_ce,ets attnseg ce,2025,860.0000000000017,0.28987042903828064,seed,
ets_attnseg_ce,ets attnseg ce,2025,870.0000000000017,0.29073593133581804,seed,
ets_attnseg_ce,ets attnseg ce,2025,880.0000000000017,0.2884491451326483,seed,
ets_attnseg_ce,ets attnseg ce,2025,890.0000000000017,0.2865090999443984,seed,
ets_attnseg_ce,ets attnseg ce,2025,900.0000000000017,0.2868638768297279,seed,
ets_attnseg_ce,ets attnseg ce,2025,910.0000000000017,0.2853615676657974,seed,
ets_attnseg_ce,ets attnseg ce,2025,920.0000000000017,0.2846667113474517,seed,
ets_attnseg_ce,ets attnseg ce,2025,930.0000000000017,0.2857943520464681,seed,
ets_attnseg_ce,ets attnseg ce,2025,940.0000000000017,0.283464130272345,seed,
ets_attnseg_ce,ets attnseg ce,2025,950.0000000000017,0.28334343651005206,seed,
ets_attnseg_ce,ets attnseg ce,2025,960.0000000000017,0.28450553314824006,seed,
ets_attnseg_ce,ets attnseg ce,2025,970.0000000000017,0.28303696325958577,seed,
ets_attnseg_ce,ets attnseg ce,2025,980.0000000000017,0.283097930718493,seed,
ets_attnseg_ce,ets attnseg ce,2025,990.0000000000018,0.2857649566935506,seed,
ets_attnseg_ce,ets attnseg ce,2025,1000.0000000000018,0.28472331919170024,seed,
ets_attnseg_ce,ets attnseg ce,2026,-1000.0,0.1284689039917359,seed,
ets_attnseg_ce,ets attnseg ce,2026,-990.0,0.1319448166379961,seed,
ets_attnseg_ce,ets attnseg ce,2026,-980.0,0.13472597049008525,seed,
ets_attnseg_ce,ets attnseg ce,2026,-970.0,0.13753688290943633,seed,
ets_attnseg_ce,ets attnseg ce,2026,-960.0,0.13932373176675097,seed,
ets_attnseg_ce,ets attnseg ce,2026,-950.0,0.14198958605423043,seed,
ets_attnseg_ce,ets attnseg ce,2026,-940.0,0.14497972823641342,seed,
ets_attnseg_ce,ets attnseg ce,2026,-929.9999999999999,0.14679574910037213,seed,
ets_attnseg_ce,ets attnseg ce,2026,-919.9999999999999,0.14922968584592025,seed,
ets_attnseg_ce,ets attnseg ce,2026,-909.9999999999999,0.15237921291609702,seed,
ets_attnseg_ce,ets attnseg ce,2026,-899.9999999999999,0.15520679668357618,seed,
ets_attnseg_ce,ets attnseg ce,2026,-889.9999999999999,0.15840022625470707,seed,
ets_attnseg_ce,ets attnseg ce,2026,-879.9999999999999,0.16186724594638843,seed,
ets_attnseg_ce,ets attnseg ce,2026,-869.9999999999999,0.16485618500518934,seed,
ets_attnseg_ce,ets attnseg ce,2026,-859.9999999999999,0.1685497785232999,seed,
ets_attnseg_ce,ets attnseg ce,2026,-849.9999999999999,0.1719833681189876,seed,
ets_attnseg_ce,ets attnseg ce,2026,-839.9999999999999,0.17479203516535174,seed,
ets_attnseg_ce,ets attnseg ce,2026,-829.9999999999999,0.17870616352955063,seed,
ets_attnseg_ce,ets attnseg ce,2026,-819.9999999999999,0.18265940367064143,seed,
ets_attnseg_ce,ets attnseg ce,2026,-809.9999999999999,0.18602863764403105,seed,
ets_attnseg_ce,ets attnseg ce,2026,-799.9999999999998,0.189870634049484,seed,
ets_attnseg_ce,ets attnseg ce,2026,-789.9999999999998,0.19402132911356815,seed,
ets_attnseg_ce,ets attnseg ce,2026,-779.9999999999998,0.19786556201383573,seed,
ets_attnseg_ce,ets attnseg ce,2026,-769.9999999999998,0.202454650972693,seed,
ets_attnseg_ce,ets attnseg ce,2026,-759.9999999999998,0.2072822139761588,seed,
ets_attnseg_ce,ets attnseg ce,2026,-749.9999999999998,0.21163481208369075,seed,
ets_attnseg_ce,ets attnseg ce,2026,-739.9999999999998,0.21667133442952194,seed,
ets_attnseg_ce,ets attnseg ce,2026,-729.9999999999998,0.22164125871633528,seed,
ets_attnseg_ce,ets attnseg ce,2026,-719.9999999999998,0.2270302745084831,seed,
ets_attnseg_ce,ets attnseg ce,2026,-709.9999999999998,0.23140471193346443,seed,
ets_attnseg_ce,ets attnseg ce,2026,-699.9999999999998,0.23657392162324678,seed,
ets_attnseg_ce,ets attnseg ce,2026,-689.9999999999998,0.24228828643973846,seed,
ets_attnseg_ce,ets attnseg ce,2026,-679.9999999999998,0.2471232790620618,seed,
ets_attnseg_ce,ets attnseg ce,2026,-669.9999999999997,0.2527959226207568,seed,
ets_attnseg_ce,ets attnseg ce,2026,-659.9999999999997,0.2586073965806516,seed,
ets_attnseg_ce,ets attnseg ce,2026,-649.9999999999997,0.26396372510272537,seed,
ets_attnseg_ce,ets attnseg ce,2026,-639.9999999999997,0.26993220448162614,seed,
ets_attnseg_ce,ets attnseg ce,2026,-629.9999999999997,0.27652554585586037,seed,
ets_attnseg_ce,ets attnseg ce,2026,-619.9999999999997,0.28262795927322,seed,
ets_attnseg_ce,ets attnseg ce,2026,-609.9999999999997,0.28979715768349606,seed,
ets_attnseg_ce,ets attnseg ce,2026,-599.9999999999997,0.29700098455063345,seed,
ets_attnseg_ce,ets attnseg ce,2026,-589.9999999999997,0.3037179140095805,seed,
ets_attnseg_ce,ets attnseg ce,2026,-579.9999999999997,0.31074091116645874,seed,
ets_attnseg_ce,ets attnseg ce,2026,-569.9999999999997,0.31806552477696043,seed,
ets_attnseg_ce,ets attnseg ce,2026,-559.9999999999997,0.3255739163519217,seed,
ets_attnseg_ce,ets attnseg ce,2026,-549.9999999999995,0.33417523534801863,seed,
ets_attnseg_ce,ets attnseg ce,2026,-539.9999999999995,0.3429711776797832,seed,
ets_attnseg_ce,ets attnseg ce,2026,-529.9999999999995,0.35156836485710113,seed,
ets_attnseg_ce,ets attnseg ce,2026,-519.9999999999995,0.3606676342003823,seed,
ets_attnseg_ce,ets attnseg ce,2026,-509.99999999999955,0.3700281941798603,seed,
ets_attnseg_ce,ets attnseg ce,2026,-499.99999999999955,0.3793391850262783,seed,
ets_attnseg_ce,ets attnseg ce,2026,-489.99999999999955,0.3899475232624312,seed,
ets_attnseg_ce,ets attnseg ce,2026,-479.99999999999955,0.40053459064076274,seed,
ets_attnseg_ce,ets attnseg ce,2026,-469.99999999999955,0.412562015490082,seed,
ets_attnseg_ce,ets attnseg ce,2026,-459.99999999999955,0.4242497801320302,seed,
ets_attnseg_ce,ets attnseg ce,2026,-449.9999999999995,0.4368424265453853,seed,
ets_attnseg_ce,ets attnseg ce,2026,-439.9999999999995,0.4504464607635186,seed,
ets_attnseg_ce,ets attnseg ce,2026,-429.9999999999995,0.46451091372169256,seed,
ets_attnseg_ce,ets attnseg ce,2026,-419.9999999999995,0.4791166714250681,seed,
ets_attnseg_ce,ets attnseg ce,2026,-409.9999999999995,0.4945075479198529,seed,
ets_attnseg_ce,ets attnseg ce,2026,-399.9999999999995,0.5109984634267687,seed,
ets_attnseg_ce,ets attnseg ce,2026,-389.99999999999943,0.5282424995910115,seed,
ets_attnseg_ce,ets attnseg ce,2026,-379.99999999999943,0.5464085129611221,seed,
ets_attnseg_ce,ets attnseg ce,2026,-369.99999999999943,0.5648943972678644,seed,
ets_attnseg_ce,ets attnseg ce,2026,-359.99999999999943,0.5841423856331233,seed,
ets_attnseg_ce,ets attnseg ce,2026,-349.99999999999943,0.6046652036245512,seed,
ets_attnseg_ce,ets attnseg ce,2026,-339.99999999999943,0.6257340814009249,seed,
ets_attnseg_ce,ets attnseg ce,2026,-329.99999999999943,0.6474756418837465,seed,
ets_attnseg_ce,ets attnseg ce,2026,-319.9999999999994,0.6698426095526435,seed,
ets_attnseg_ce,ets attnseg ce,2026,-309.9999999999994,0.6929518129866485,seed,
ets_attnseg_ce,ets attnseg ce,2026,-299.9999999999994,0.716267202511861,seed,
ets_attnseg_ce,ets attnseg ce,2026,-289.9999999999994,0.7401571951272163,seed,
ets_attnseg_ce,ets attnseg ce,2026,-279.9999999999994,0.7645094563755752,seed,
ets_attnseg_ce,ets attnseg ce,2026,-269.9999999999994,0.7896184220630943,seed,
ets_attnseg_ce,ets attnseg ce,2026,-259.9999999999993,0.814881843905438,seed,
ets_attnseg_ce,ets attnseg ce,2026,-249.99999999999935,0.840337520607876,seed,
ets_attnseg_ce,ets attnseg ce,2026,-239.99999999999932,0.8658304621263999,seed,
ets_attnseg_ce,ets attnseg ce,2026,-229.99999999999932,0.8915090202953139,seed,
ets_attnseg_ce,ets attnseg ce,2026,-219.99999999999932,0.9168237625744626,seed,
ets_attnseg_ce,ets attnseg ce,2026,-209.9999999999993,0.9415427145285472,seed,
ets_attnseg_ce,ets attnseg ce,2026,-199.9999999999993,0.9654168082220047,seed,
ets_attnseg_ce,ets attnseg ce,2026,-189.9999999999993,0.9886763207652319,seed,
ets_attnseg_ce,ets attnseg ce,2026,-179.99999999999926,1.0112660971565133,seed,
ets_attnseg_ce,ets attnseg ce,2026,-169.99999999999926,1.0332999390021063,seed,
ets_attnseg_ce,ets attnseg ce,2026,-159.99999999999926,1.053831358249355,seed,
ets_attnseg_ce,ets attnseg ce,2026,-149.99999999999923,1.0726135415446252,seed,
ets_attnseg_ce,ets attnseg ce,2026,-139.99999999999923,1.0909387008157598,seed,
ets_attnseg_ce,ets attnseg ce,2026,-129.99999999999923,1.1079747236574948,seed,
ets_attnseg_ce,ets attnseg ce,2026,-119.99999999999922,1.1225408914112345,seed,
ets_attnseg_ce,ets attnseg ce,2026,-109.9999999999992,1.135962082781516,seed,
ets_attnseg_ce,ets attnseg ce,2026,-99.9999999999992,1.1478121002798929,seed,
ets_attnseg_ce,ets attnseg ce,2026,-89.99999999999919,1.1579696893110296,seed,
ets_attnseg_ce,ets attnseg ce,2026,-79.99999999999918,1.1663901610976535,seed,
ets_attnseg_ce,ets attnseg ce,2026,-69.99999999999918,1.172725741413188,seed,
ets_attnseg_ce,ets attnseg ce,2026,-59.99999999999916,1.1767622909609006,seed,
ets_attnseg_ce,ets attnseg ce,2026,-49.999999999999154,1.1797572605441677,seed,
ets_attnseg_ce,ets attnseg ce,2026,-39.99999999999915,1.1800081382397505,seed,
ets_attnseg_ce,ets attnseg ce,2026,-29.99999999999914,1.178492383818706,seed,
ets_attnseg_ce,ets attnseg ce,2026,-19.99999999999913,1.1750028490733477,seed,
ets_attnseg_ce,ets attnseg ce,2026,-9.99999999999912,1.170233110977786,seed,
ets_attnseg_ce,ets attnseg ce,2026,8.881784197001252e-13,1.1631148936882132,seed,
ets_attnseg_ce,ets attnseg ce,2026,10.000000000000897,1.1548553565780828,seed,
ets_attnseg_ce,ets attnseg ce,2026,20.000000000000906,1.145041859315136,seed,
ets_attnseg_ce,ets attnseg ce,2026,30.000000000000917,1.1337085259106212,seed,
ets_attnseg_ce,ets attnseg ce,2026,40.000000000000924,1.1207486974831318,seed,
ets_attnseg_ce,ets attnseg ce,2026,50.00000000000093,1.1064181855562418,seed,
ets_attnseg_ce,ets attnseg ce,2026,60.00000000000094,1.0904756448102944,seed,
ets_attnseg_ce,ets attnseg ce,2026,70.00000000000095,1.073500907451894,seed,
ets_attnseg_ce,ets attnseg ce,2026,80.00000000000097,1.0556571961589771,seed,
ets_attnseg_ce,ets attnseg ce,2026,90.00000000000097,1.0374801237890046,seed,
ets_attnseg_ce,ets attnseg ce,2026,100.00000000000098,1.0185266050988036,seed,
ets_attnseg_ce,ets attnseg ce,2026,110.00000000000098,0.9984538954674379,seed,
ets_attnseg_ce,ets attnseg ce,2026,120.000000000001,0.9787397143415,seed,
ets_attnseg_ce,ets attnseg ce,2026,130.000000000001,0.9584689712682479,seed,
ets_attnseg_ce,ets attnseg ce,2026,140.00000000000102,0.9373363648175627,seed,
ets_attnseg_ce,ets attnseg ce,2026,150.00000000000102,0.9167951036491256,seed,
ets_attnseg_ce,ets attnseg ce,2026,160.00000000000102,0.8952090478843675,seed,
ets_attnseg_ce,ets attnseg ce,2026,170.00000000000105,0.8737551721229782,seed,
ets_attnseg_ce,ets attnseg ce,2026,180.00000000000105,0.8535485535242887,seed,
ets_attnseg_ce,ets attnseg ce,2026,190.00000000000105,0.8321989822392435,seed,
ets_attnseg_ce,ets attnseg ce,2026,200.00000000000108,0.810928182114822,seed,
ets_attnseg_ce,ets attnseg ce,2026,210.00000000000108,0.7909059831256459,seed,
ets_attnseg_ce,ets attnseg ce,2026,220.00000000000108,0.769828615258409,seed,
ets_attnseg_ce,ets attnseg ce,2026,230.00000000000108,0.7492038326064285,seed,
ets_attnseg_ce,ets attnseg ce,2026,240.0000000000011,0.72938042798679,seed,
ets_attnseg_ce,ets attnseg ce,2026,250.0000000000011,0.7099454521760745,seed,
ets_attnseg_ce,ets attnseg ce,2026,260.00000000000114,0.6910027309793789,seed,
ets_attnseg_ce,ets attnseg ce,2026,270.00000000000114,0.6722637032628684,seed,
ets_attnseg_ce,ets attnseg ce,2026,280.00000000000114,0.6548526707302748,seed,
ets_attnseg_ce,ets attnseg ce,2026,290.00000000000114,0.6373922322040129,seed,
ets_attnseg_ce,ets attnseg ce,2026,300.00000000000114,0.6205192443206821,seed,
ets_attnseg_ce,ets attnseg ce,2026,310.00000000000114,0.6047854022812732,seed,
ets_attnseg_ce,ets attnseg ce,2026,320.0000000000012,0.5887538136963884,seed,
ets_attnseg_ce,ets attnseg ce,2026,330.0000000000012,0.5731697966315246,seed,
ets_attnseg_ce,ets attnseg ce,2026,340.0000000000012,0.5589606091902122,seed,
ets_attnseg_ce,ets attnseg ce,2026,350.0000000000012,0.5448015908244198,seed,
ets_attnseg_ce,ets attnseg ce,2026,360.0000000000012,0.5306851700044144,seed,
ets_attnseg_ce,ets attnseg ce,2026,370.0000000000012,0.5178684218794958,seed,
ets_attnseg_ce,ets attnseg ce,2026,380.00000000000125,0.5048563996018066,seed,
ets_attnseg_ce,ets attnseg ce,2026,390.00000000000125,0.4920940492618382,seed,
ets_attnseg_ce,ets attnseg ce,2026,400.00000000000125,0.4807582418774092,seed,
ets_attnseg_ce,ets attnseg ce,2026,410.00000000000125,0.4686520538845281,seed,
ets_attnseg_ce,ets attnseg ce,2026,420.00000000000125,0.4582066357637657,seed,
ets_attnseg_ce,ets attnseg ce,2026,430.00000000000125,0.4485148108107597,seed,
ets_attnseg_ce,ets attnseg ce,2026,440.00000000000125,0.43816790298286834,seed,
ets_attnseg_ce,ets attnseg ce,2026,450.0000000000013,0.42809029165462886,seed,
ets_attnseg_ce,ets attnseg ce,2026,460.0000000000013,0.4193973061450513,seed,
ets_attnseg_ce,ets attnseg ce,2026,470.0000000000013,0.40984263945532023,seed,
ets_attnseg_ce,ets attnseg ce,2026,480.0000000000013,0.40104101063921793,seed,
ets_attnseg_ce,ets attnseg ce,2026,490.0000000000013,0.3937172698673792,seed,
ets_attnseg_ce,ets attnseg ce,2026,500.0000000000013,0.3854238782760168,seed,
ets_attnseg_ce,ets attnseg ce,2026,510.00000000000136,0.37787151067797226,seed,
ets_attnseg_ce,ets attnseg ce,2026,520.0000000000014,0.37048068149090935,seed,
ets_attnseg_ce,ets attnseg ce,2026,530.0000000000014,0.36483161050395546,seed,
ets_attnseg_ce,ets attnseg ce,2026,540.0000000000014,0.35846629203584685,seed,
ets_attnseg_ce,ets attnseg ce,2026,550.0000000000014,0.3517766513387622,seed,
ets_attnseg_ce,ets attnseg ce,2026,560.0000000000014,0.34685635843967066,seed,
ets_attnseg_ce,ets attnseg ce,2026,570.0000000000014,0.34142945966402805,seed,
ets_attnseg_ce,ets attnseg ce,2026,580.0000000000014,0.33590478248669015,seed,
ets_attnseg_ce,ets attnseg ce,2026,590.0000000000014,0.331794316266579,seed,
ets_attnseg_ce,ets attnseg ce,2026,600.0000000000014,0.32706743818542416,seed,
ets_attnseg_ce,ets attnseg ce,2026,610.0000000000015,0.32211527064859846,seed,
ets_attnseg_ce,ets attnseg ce,2026,620.0000000000015,0.3192551382375873,seed,
ets_attnseg_ce,ets attnseg ce,2026,630.0000000000015,0.31563595723281,seed,
ets_attnseg_ce,ets attnseg ce,2026,640.0000000000015,0.3114832864430069,seed,
ets_attnseg_ce,ets attnseg ce,2026,650.0000000000015,0.3087336570457106,seed,
ets_attnseg_ce,ets attnseg ce,2026,660.0000000000015,0.30459953306559984,seed,
ets_attnseg_ce,ets attnseg ce,2026,670.0000000000015,0.3013502380922719,seed,
ets_attnseg_ce,ets attnseg ce,2026,680.0000000000015,0.29943312463471816,seed,
ets_attnseg_ce,ets attnseg ce,2026,690.0000000000015,0.29664075982454635,seed,
ets_attnseg_ce,ets attnseg ce,2026,700.0000000000015,0.2939331681558737,seed,
ets_attnseg_ce,ets attnseg ce,2026,710.0000000000015,0.2927368424873567,seed,
ets_attnseg_ce,ets attnseg ce,2026,720.0000000000015,0.28934631198735894,seed,
ets_attnseg_ce,ets attnseg ce,2026,730.0000000000016,0.2873422993545617,seed,
ets_attnseg_ce,ets attnseg ce,2026,740.0000000000016,0.28743979922858176,seed,
ets_attnseg_ce,ets attnseg ce,2026,750.0000000000016,0.28549081182607156,seed,
ets_attnseg_ce,ets attnseg ce,2026,760.0000000000016,0.28359590441508453,seed,
ets_attnseg_ce,ets attnseg ce,2026,770.0000000000016,0.28335436425478866,seed,
ets_attnseg_ce,ets attnseg ce,2026,780.0000000000016,0.28089424495213117,seed,
ets_attnseg_ce,ets attnseg ce,2026,790.0000000000016,0.27998490619386307,seed,
ets_attnseg_ce,ets attnseg ce,2026,800.0000000000016,0.2785379488443382,seed,
ets_attnseg_ce,ets attnseg ce,2026,810.0000000000016,0.2794937162874351,seed,
ets_attnseg_ce,ets attnseg ce,2026,820.0000000000016,0.2784598364557581,seed,
ets_attnseg_ce,ets attnseg ce,2026,830.0000000000016,0.2764325032215416,seed,
ets_attnseg_ce,ets attnseg ce,2026,840.0000000000016,0.27717922908751813,seed,
ets_attnseg_ce,ets attnseg ce,2026,850.0000000000016,0.27724258158899023,seed,
ets_attnseg_ce,ets attnseg ce,2026,860.0000000000017,0.27605785491089896,seed,
ets_attnseg_ce,ets attnseg ce,2026,870.0000000000017,0.27760150189032523,seed,
ets_attnseg_ce,ets attnseg ce,2026,880.0000000000017,0.27627173128921856,seed,
ets_attnseg_ce,ets attnseg ce,2026,890.0000000000017,0.27516984626283153,seed,
ets_attnseg_ce,ets attnseg ce,2026,900.0000000000017,0.27658310124960017,seed,
ets_attnseg_ce,ets attnseg ce,2026,910.0000000000017,0.27611708457430734,seed,
ets_attnseg_ce,ets attnseg ce,2026,920.0000000000017,0.2763801694532914,seed,
ets_attnseg_ce,ets attnseg ce,2026,930.0000000000017,0.27798282309358185,seed,
ets_attnseg_ce,ets attnseg ce,2026,940.0000000000017,0.2766920599517904,seed,
ets_attnseg_ce,ets attnseg ce,2026,950.0000000000017,0.27702890224916227,seed,
ets_attnseg_ce,ets attnseg ce,2026,960.0000000000017,0.27863780836552265,seed,
ets_attnseg_ce,ets attnseg ce,2026,970.0000000000017,0.2778841653804815,seed,
ets_attnseg_ce,ets attnseg ce,2026,980.0000000000017,0.2784268518255804,seed,
ets_attnseg_ce,ets attnseg ce,2026,990.0000000000018,0.2813528189260721,seed,
ets_attnseg_ce,ets attnseg ce,2026,1000.0000000000018,0.28064536753598046,seed,
ets_attnseg_ce,ets attnseg ce,2027,-1000.0,0.13294979885110833,seed,
ets_attnseg_ce,ets attnseg ce,2027,-990.0,0.1355809390056001,seed,
ets_attnseg_ce,ets attnseg ce,2027,-980.0,0.13800100059960485,seed,
ets_attnseg_ce,ets attnseg ce,2027,-970.0,0.14052429196758773,seed,
ets_attnseg_ce,ets attnseg ce,2027,-960.0,0.14227088200174026,seed,
ets_attnseg_ce,ets attnseg ce,2027,-950.0,0.14463371663585045,seed,
ets_attnseg_ce,ets attnseg ce,2027,-940.0,0.14749359246387167,seed,
ets_attnseg_ce,ets attnseg ce,2027,-929.9999999999999,0.14912202945377992,seed,
ets_attnseg_ce,ets attnseg ce,2027,-919.9999999999999,0.1513317041862789,seed,
ets_attnseg_ce,ets attnseg ce,2027,-909.9999999999999,0.15421717818622072,seed,
ets_attnseg_ce,ets attnseg ce,2027,-899.9999999999999,0.15653429003901506,seed,
ets_attnseg_ce,ets attnseg ce,2027,-889.9999999999999,0.1594453577032846,seed,
ets_attnseg_ce,ets attnseg ce,2027,-879.9999999999999,0.16270924988679497,seed,
ets_attnseg_ce,ets attnseg ce,2027,-869.9999999999999,0.1651078405863121,seed,
ets_attnseg_ce,ets attnseg ce,2027,-859.9999999999999,0.16820276704303153,seed,
ets_attnseg_ce,ets attnseg ce,2027,-849.9999999999999,0.17115031122998284,seed,
ets_attnseg_ce,ets attnseg ce,2027,-839.9999999999999,0.17345764592973217,seed,
ets_attnseg_ce,ets attnseg ce,2027,-829.9999999999999,0.17690605752748623,seed,
ets_attnseg_ce,ets attnseg ce,2027,-819.9999999999999,0.1803482860452786,seed,
ets_attnseg_ce,ets attnseg ce,2027,-809.9999999999999,0.18335731911087622,seed,
ets_attnseg_ce,ets attnseg ce,2027,-799.9999999999998,0.18713700208211873,seed,
ets_attnseg_ce,ets attnseg ce,2027,-789.9999999999998,0.19067188342593666,seed,
ets_attnseg_ce,ets attnseg ce,2027,-779.9999999999998,0.19373916233147415,seed,
ets_attnseg_ce,ets attnseg ce,2027,-769.9999999999998,0.19772609156485524,seed,
ets_attnseg_ce,ets attnseg ce,2027,-759.9999999999998,0.20176435020209174,seed,
ets_attnseg_ce,ets attnseg ce,2027,-749.9999999999998,0.2052700378695739,seed,
ets_attnseg_ce,ets attnseg ce,2027,-739.9999999999998,0.20952526019886808,seed,
ets_attnseg_ce,ets attnseg ce,2027,-729.9999999999998,0.2137792448778469,seed,
ets_attnseg_ce,ets attnseg ce,2027,-719.9999999999998,0.21866436395449898,seed,
ets_attnseg_ce,ets attnseg ce,2027,-709.9999999999998,0.22253593261920873,seed,
ets_attnseg_ce,ets attnseg ce,2027,-699.9999999999998,0.22707351997155775,seed,
ets_attnseg_ce,ets attnseg ce,2027,-689.9999999999998,0.23220238207054547,seed,
ets_attnseg_ce,ets attnseg ce,2027,-679.9999999999998,0.23661779810720018,seed,
ets_attnseg_ce,ets attnseg ce,2027,-669.9999999999997,0.24162752993709408,seed,
ets_attnseg_ce,ets attnseg ce,2027,-659.9999999999997,0.24674230136601175,seed,
ets_attnseg_ce,ets attnseg ce,2027,-649.9999999999997,0.2517126924958593,seed,
ets_attnseg_ce,ets attnseg ce,2027,-639.9999999999997,0.25697308693481286,seed,
ets_attnseg_ce,ets attnseg ce,2027,-629.9999999999997,0.2627168335816209,seed,
ets_attnseg_ce,ets attnseg ce,2027,-619.9999999999997,0.26829082251339464,seed,
ets_attnseg_ce,ets attnseg ce,2027,-609.9999999999997,0.2746135763572654,seed,
ets_attnseg_ce,ets attnseg ce,2027,-599.9999999999997,0.28077936620469446,seed,
ets_attnseg_ce,ets attnseg ce,2027,-589.9999999999997,0.286984157099523,seed,
ets_attnseg_ce,ets attnseg ce,2027,-579.9999999999997,0.29359150917413757,seed,
ets_attnseg_ce,ets attnseg ce,2027,-569.9999999999997,0.30046605734937315,seed,
ets_attnseg_ce,ets attnseg ce,2027,-559.9999999999997,0.307512437445722,seed,
ets_attnseg_ce,ets attnseg ce,2027,-549.9999999999995,0.31536204766745,seed,
ets_attnseg_ce,ets attnseg ce,2027,-539.9999999999995,0.3236033582021934,seed,
ets_attnseg_ce,ets attnseg ce,2027,-529.9999999999995,0.33193772545664174,seed,
ets_attnseg_ce,ets attnseg ce,2027,-519.9999999999995,0.340932232420198,seed,
ets_attnseg_ce,ets attnseg ce,2027,-509.99999999999955,0.3499099186627689,seed,
ets_attnseg_ce,ets attnseg ce,2027,-499.99999999999955,0.35890834416477496,seed,
ets_attnseg_ce,ets attnseg ce,2027,-489.99999999999955,0.3692933731279525,seed,
ets_attnseg_ce,ets attnseg ce,2027,-479.99999999999955,0.380055308167,seed,
ets_attnseg_ce,ets attnseg ce,2027,-469.99999999999955,0.39145944644073555,seed,
ets_attnseg_ce,ets attnseg ce,2027,-459.99999999999955,0.40282180631995473,seed,
ets_attnseg_ce,ets attnseg ce,2027,-449.9999999999995,0.4149775183711367,seed,
ets_attnseg_ce,ets attnseg ce,2027,-439.9999999999995,0.4282010174383094,seed,
ets_attnseg_ce,ets attnseg ce,2027,-429.9999999999995,0.44161324280592523,seed,
ets_attnseg_ce,ets attnseg ce,2027,-419.9999999999995,0.45592884751469726,seed,
ets_attnseg_ce,ets attnseg ce,2027,-409.9999999999995,0.4710195659151572,seed,
ets_attnseg_ce,ets attnseg ce,2027,-399.9999999999995,0.4867639700628709,seed,
ets_attnseg_ce,ets attnseg ce,2027,-389.99999999999943,0.5034124107077129,seed,
ets_attnseg_ce,ets attnseg ce,2027,-379.99999999999943,0.5205962749141659,seed,
ets_attnseg_ce,ets attnseg ce,2027,-369.99999999999943,0.5379574124742548,seed,
ets_attnseg_ce,ets attnseg ce,2027,-359.99999999999943,0.5565181144614577,seed,
ets_attnseg_ce,ets attnseg ce,2027,-349.99999999999943,0.5759007514600539,seed,
ets_attnseg_ce,ets attnseg ce,2027,-339.99999999999943,0.5956725948793158,seed,
ets_attnseg_ce,ets attnseg ce,2027,-329.99999999999943,0.6163782494949972,seed,
ets_attnseg_ce,ets attnseg ce,2027,-319.9999999999994,0.6376613301357004,seed,
ets_attnseg_ce,ets attnseg ce,2027,-309.9999999999994,0.659417785835464,seed,
ets_attnseg_ce,ets attnseg ce,2027,-299.9999999999994,0.6819012000245798,seed,
ets_attnseg_ce,ets attnseg ce,2027,-289.9999999999994,0.7046314438867168,seed,
ets_attnseg_ce,ets attnseg ce,2027,-279.9999999999994,0.7276749154774688,seed,
ets_attnseg_ce,ets attnseg ce,2027,-269.9999999999994,0.7515003496588605,seed,
ets_attnseg_ce,ets attnseg ce,2027,-259.9999999999993,0.7751462179067862,seed,
ets_attnseg_ce,ets attnseg ce,2027,-249.99999999999935,0.799197332777117,seed,
ets_attnseg_ce,ets attnseg ce,2027,-239.99999999999932,0.82331392588286,seed,
ets_attnseg_ce,ets attnseg ce,2027,-229.99999999999932,0.8473097171160294,seed,
ets_attnseg_ce,ets attnseg ce,2027,-219.99999999999932,0.8713628521977019,seed,
ets_attnseg_ce,ets attnseg ce,2027,-209.9999999999993,0.8950381764925169,seed,
ets_attnseg_ce,ets attnseg ce,2027,-199.9999999999993,0.9184789097775199,seed,
ets_attnseg_ce,ets attnseg ce,2027,-189.9999999999993,0.9418556380127643,seed,
ets_attnseg_ce,ets attnseg ce,2027,-179.99999999999926,0.9648321692219178,seed,
ets_attnseg_ce,ets attnseg ce,2027,-169.99999999999926,0.9874094032542065,seed,
ets_attnseg_ce,ets attnseg ce,2027,-159.99999999999926,1.0093806524859976,seed,
ets_attnseg_ce,ets attnseg ce,2027,-149.99999999999923,1.0298665947523997,seed,
ets_attnseg_ce,ets attnseg ce,2027,-139.99999999999923,1.0501157482534837,seed,
ets_attnseg_ce,ets attnseg ce,2027,-129.99999999999923,1.0690631563405366,seed,
ets_attnseg_ce,ets attnseg ce,2027,-119.99999999999922,1.086607895229884,seed,
ets_attnseg_ce,ets attnseg ce,2027,-109.9999999999992,1.1032235365062044,seed,
ets_attnseg_ce,ets attnseg ce,2027,-99.9999999999992,1.118467699860568,seed,
ets_attnseg_ce,ets attnseg ce,2027,-89.99999999999919,1.1323200592852178,seed,
ets_attnseg_ce,ets attnseg ce,2027,-79.99999999999918,1.1447680866747143,seed,
ets_attnseg_ce,ets attnseg ce,2027,-69.99999999999918,1.1554274209808306,seed,
ets_attnseg_ce,ets attnseg ce,2027,-59.99999999999916,1.1642346436525188,seed,
ets_attnseg_ce,ets attnseg ce,2027,-49.999999999999154,1.1717013205262474,seed,
ets_attnseg_ce,ets attnseg ce,2027,-39.99999999999915,1.1773784045630855,seed,
ets_attnseg_ce,ets attnseg ce,2027,-29.99999999999914,1.181357193327277,seed,
ets_attnseg_ce,ets attnseg ce,2027,-19.99999999999913,1.1835584826836316,seed,
ets_attnseg_ce,ets attnseg ce,2027,-9.99999999999912,1.183803928280441,seed,
ets_attnseg_ce,ets attnseg ce,2027,8.881784197001252e-13,1.1816958550786787,seed,
ets_attnseg_ce,ets attnseg ce,2027,10.000000000000897,1.1784340735309418,seed,
ets_attnseg_ce,ets attnseg ce,2027,20.000000000000906,1.1732795014312278,seed,
ets_attnseg_ce,ets attnseg ce,2027,30.000000000000917,1.1661656419017146,seed,
ets_attnseg_ce,ets attnseg ce,2027,40.000000000000924,1.1572380693430036,seed,
ets_attnseg_ce,ets attnseg ce,2027,50.00000000000093,1.1467239589278586,seed,
ets_attnseg_ce,ets attnseg ce,2027,60.00000000000094,1.1348165354680262,seed,
ets_attnseg_ce,ets attnseg ce,2027,70.00000000000095,1.1214654329956284,seed,
ets_attnseg_ce,ets attnseg ce,2027,80.00000000000097,1.1066120172811633,seed,
ets_attnseg_ce,ets attnseg ce,2027,90.00000000000097,1.0914259732867244,seed,
ets_attnseg_ce,ets attnseg ce,2027,100.00000000000098,1.075238368024599,seed,
ets_attnseg_ce,ets attnseg ce,2027,110.00000000000098,1.0576216134512906,seed,
ets_attnseg_ce,ets attnseg ce,2027,120.000000000001,1.0402994305596558,seed,
ets_attnseg_ce,ets attnseg ce,2027,130.000000000001,1.021808991135047,seed,
ets_attnseg_ce,ets attnseg ce,2027,140.00000000000102,1.001865542012273,seed,
ets_attnseg_ce,ets attnseg ce,2027,150.00000000000102,0.9823620942812498,seed,
ets_attnseg_ce,ets attnseg ce,2027,160.00000000000102,0.9615678798776955,seed,
ets_attnseg_ce,ets attnseg ce,2027,170.00000000000105,0.9407157181702067,seed,
ets_attnseg_ce,ets attnseg ce,2027,180.00000000000105,0.9208134010306681,seed,
ets_attnseg_ce,ets attnseg ce,2027,190.00000000000105,0.8989235493638722,seed,
ets_attnseg_ce,ets attnseg ce,2027,200.00000000000108,0.8767784259033509,seed,
ets_attnseg_ce,ets attnseg ce,2027,210.00000000000108,0.8557682820207089,seed,
ets_attnseg_ce,ets attnseg ce,2027,220.00000000000108,0.8333421876012786,seed,
ets_attnseg_ce,ets attnseg ce,2027,230.00000000000108,0.811382547663786,seed,
ets_attnseg_ce,ets attnseg ce,2027,240.0000000000011,0.7898891751131986,seed,
ets_attnseg_ce,ets attnseg ce,2027,250.0000000000011,0.768539014085136,seed,
ets_attnseg_ce,ets attnseg ce,2027,260.00000000000114,0.7475657590766674,seed,
ets_attnseg_ce,ets attnseg ce,2027,270.00000000000114,0.7267019206568482,seed,
ets_attnseg_ce,ets attnseg ce,2027,280.00000000000114,0.7072255236497709,seed,
ets_attnseg_ce,ets attnseg ce,2027,290.00000000000114,0.6873531380900676,seed,
ets_attnseg_ce,ets attnseg ce,2027,300.00000000000114,0.6679912775800331,seed,
ets_attnseg_ce,ets attnseg ce,2027,310.00000000000114,0.6501407450910391,seed,
ets_attnseg_ce,ets attnseg ce,2027,320.0000000000012,0.6318772122797023,seed,
ets_attnseg_ce,ets attnseg ce,2027,330.0000000000012,0.6138800008901311,seed,
ets_attnseg_ce,ets attnseg ce,2027,340.0000000000012,0.59744188897863,seed,
ets_attnseg_ce,ets attnseg ce,2027,350.0000000000012,0.5809262531701618,seed,
ets_attnseg_ce,ets attnseg ce,2027,360.0000000000012,0.5645154548785496,seed,
ets_attnseg_ce,ets attnseg ce,2027,370.0000000000012,0.549570493454438,seed,
ets_attnseg_ce,ets attnseg ce,2027,380.00000000000125,0.5342063969877022,seed,
ets_attnseg_ce,ets attnseg ce,2027,390.00000000000125,0.5191899214739121,seed,
ets_attnseg_ce,ets attnseg ce,2027,400.00000000000125,0.5057716519984871,seed,
ets_attnseg_ce,ets attnseg ce,2027,410.00000000000125,0.49144849732435175,seed,
ets_attnseg_ce,ets attnseg ce,2027,420.00000000000125,0.4787166848168315,seed,
ets_attnseg_ce,ets attnseg ce,2027,430.00000000000125,0.4666715658856284,seed,
ets_attnseg_ce,ets attnseg ce,2027,440.00000000000125,0.4539124207239117,seed,
ets_attnseg_ce,ets attnseg ce,2027,450.0000000000013,0.4416515423136816,seed,
ets_attnseg_ce,ets attnseg ce,2027,460.0000000000013,0.4309608353592891,seed,
ets_attnseg_ce,ets attnseg ce,2027,470.0000000000013,0.41951019109878257,seed,
ets_attnseg_ce,ets attnseg ce,2027,480.0000000000013,0.40887396408978316,seed,
ets_attnseg_ce,ets attnseg ce,2027,490.0000000000013,0.3999954325143803,seed,
ets_attnseg_ce,ets attnseg ce,2027,500.0000000000013,0.3902085778304631,seed,
ets_attnseg_ce,ets attnseg ce,2027,510.00000000000136,0.3812734414367078,seed,
ets_attnseg_ce,ets attnseg ce,2027,520.0000000000014,0.3723649381369587,seed,
ets_attnseg_ce,ets attnseg ce,2027,530.0000000000014,0.3653542400158237,seed,
ets_attnseg_ce,ets attnseg ce,2027,540.0000000000014,0.3577746008342287,seed,
ets_attnseg_ce,ets attnseg ce,2027,550.0000000000014,0.3497704789464551,seed,
ets_attnseg_ce,ets attnseg ce,2027,560.0000000000014,0.3439075919537302,seed,
ets_attnseg_ce,ets attnseg ce,2027,570.0000000000014,0.337384085893215,seed,
ets_attnseg_ce,ets attnseg ce,2027,580.0000000000014,0.3308245917926341,seed,
ets_attnseg_ce,ets attnseg ce,2027,590.0000000000014,0.32572928210513125,seed,
ets_attnseg_ce,ets attnseg ce,2027,600.0000000000014,0.32025006719729304,seed,
ets_attnseg_ce,ets attnseg ce,2027,610.0000000000015,0.314246345748298,seed,
ets_attnseg_ce,ets attnseg ce,2027,620.0000000000015,0.3105801672349501,seed,
ets_attnseg_ce,ets attnseg ce,2027,630.0000000000015,0.3061246566775072,seed,
ets_attnseg_ce,ets attnseg ce,2027,640.0000000000015,0.30084496350259143,seed,
ets_attnseg_ce,ets attnseg ce,2027,650.0000000000015,0.2973395131327176,seed,
ets_attnseg_ce,ets attnseg ce,2027,660.0000000000015,0.2923767336259054,seed,
ets_attnseg_ce,ets attnseg ce,2027,670.0000000000015,0.2883159013110384,seed,
ets_attnseg_ce,ets attnseg ce,2027,680.0000000000015,0.28567389154668343,seed,
ets_attnseg_ce,ets attnseg ce,2027,690.0000000000015,0.2819306981738897,seed,
ets_attnseg_ce,ets attnseg ce,2027,700.0000000000015,0.2785128410020173,seed,
ets_attnseg_ce,ets attnseg ce,2027,710.0000000000015,0.27663943658782014,seed,
ets_attnseg_ce,ets attnseg ce,2027,720.0000000000015,0.27273291738293526,seed,
ets_attnseg_ce,ets attnseg ce,2027,730.0000000000016,0.2699973985590028,seed,
ets_attnseg_ce,ets attnseg ce,2027,740.0000000000016,0.2691422999930043,seed,
ets_attnseg_ce,ets attnseg ce,2027,750.0000000000016,0.2666141638427958,seed,
ets_attnseg_ce,ets attnseg ce,2027,760.0000000000016,0.26392937457245524,seed,
ets_attnseg_ce,ets attnseg ce,2027,770.0000000000016,0.2633363581066725,seed,
ets_attnseg_ce,ets attnseg ce,2027,780.0000000000016,0.26053921286486514,seed,
ets_attnseg_ce,ets attnseg ce,2027,790.0000000000016,0.25927575699773847,seed,
ets_attnseg_ce,ets attnseg ce,2027,800.0000000000016,0.2574327962705962,seed,
ets_attnseg_ce,ets attnseg ce,2027,810.0000000000016,0.2583922357926135,seed,
ets_attnseg_ce,ets attnseg ce,2027,820.0000000000016,0.25712444789822514,seed,
ets_attnseg_ce,ets attnseg ce,2027,830.0000000000016,0.254707925461908,seed,
ets_attnseg_ce,ets attnseg ce,2027,840.0000000000016,0.2551853117092239,seed,
ets_attnseg_ce,ets attnseg ce,2027,850.0000000000016,0.25495875776043053,seed,
ets_attnseg_ce,ets attnseg ce,2027,860.0000000000017,0.2532903578701492,seed,
ets_attnseg_ce,ets attnseg ce,2027,870.0000000000017,0.254339327885621,seed,
ets_attnseg_ce,ets attnseg ce,2027,880.0000000000017,0.2526206263012615,seed,
ets_attnseg_ce,ets attnseg ce,2027,890.0000000000017,0.25103593268385666,seed,
ets_attnseg_ce,ets attnseg ce,2027,900.0000000000017,0.25204384116292644,seed,
ets_attnseg_ce,ets attnseg ce,2027,910.0000000000017,0.2511215280221319,seed,
ets_attnseg_ce,ets attnseg ce,2027,920.0000000000017,0.25134844695459857,seed,
ets_attnseg_ce,ets attnseg ce,2027,930.0000000000017,0.2530188422363966,seed,
ets_attnseg_ce,ets attnseg ce,2027,940.0000000000017,0.2515126855604186,seed,
ets_attnseg_ce,ets attnseg ce,2027,950.0000000000017,0.25169744699677615,seed,
ets_attnseg_ce,ets attnseg ce,2027,960.0000000000017,0.25303460331318206,seed,
ets_attnseg_ce,ets attnseg ce,2027,970.0000000000017,0.25210146347333867,seed,
ets_attnseg_ce,ets attnseg ce,2027,980.0000000000017,0.25242510111930744,seed,
ets_attnseg_ce,ets attnseg ce,2027,990.0000000000018,0.25540508060313416,seed,
ets_attnseg_ce,ets attnseg ce,2027,1000.0000000000018,0.25434459225272965,seed,
ets_attnseg_ce,ets attnseg ce,2028,-1000.0,0.1126141350517625,seed,
ets_attnseg_ce,ets attnseg ce,2028,-990.0,0.11542780518702263,seed,
ets_attnseg_ce,ets attnseg ce,2028,-980.0,0.11805911343531152,seed,
ets_attnseg_ce,ets attnseg ce,2028,-970.0,0.12082921654891125,seed,
ets_attnseg_ce,ets attnseg ce,2028,-960.0,0.12303277862326421,seed,
ets_attnseg_ce,ets attnseg ce,2028,-950.0,0.12574550152211553,seed,
ets_attnseg_ce,ets attnseg ce,2028,-940.0,0.12897458267618936,seed,
ets_attnseg_ce,ets attnseg ce,2028,-929.9999999999999,0.13100448384750044,seed,
ets_attnseg_ce,ets attnseg ce,2028,-919.9999999999999,0.13370023483556603,seed,
ets_attnseg_ce,ets attnseg ce,2028,-909.9999999999999,0.13682194161892974,seed,
ets_attnseg_ce,ets attnseg ce,2028,-899.9999999999999,0.1395567805372757,seed,
ets_attnseg_ce,ets attnseg ce,2028,-889.9999999999999,0.14283246076691355,seed,
ets_attnseg_ce,ets attnseg ce,2028,-879.9999999999999,0.14640030354105976,seed,
ets_attnseg_ce,ets attnseg ce,2028,-869.9999999999999,0.1492342137133761,seed,
ets_attnseg_ce,ets attnseg ce,2028,-859.9999999999999,0.1528158105204661,seed,
ets_attnseg_ce,ets attnseg ce,2028,-849.9999999999999,0.156258606328847,seed,
ets_attnseg_ce,ets attnseg ce,2028,-839.9999999999999,0.15924664934201052,seed,
ets_attnseg_ce,ets attnseg ce,2028,-829.9999999999999,0.16307873154810584,seed,
ets_attnseg_ce,ets attnseg ce,2028,-819.9999999999999,0.16709869492019544,seed,
ets_attnseg_ce,ets attnseg ce,2028,-809.9999999999999,0.17071826236824414,seed,
ets_attnseg_ce,ets attnseg ce,2028,-799.9999999999998,0.17490703561091997,seed,
ets_attnseg_ce,ets attnseg ce,2028,-789.9999999999998,0.17891758678424496,seed,
ets_attnseg_ce,ets attnseg ce,2028,-779.9999999999998,0.18256514266264437,seed,
ets_attnseg_ce,ets attnseg ce,2028,-769.9999999999998,0.18704280353417363,seed,
ets_attnseg_ce,ets attnseg ce,2028,-759.9999999999998,0.1916700021718396,seed,
ets_attnseg_ce,ets attnseg ce,2028,-749.9999999999998,0.19563327457017265,seed,
ets_attnseg_ce,ets attnseg ce,2028,-739.9999999999998,0.20037573692677027,seed,
ets_attnseg_ce,ets attnseg ce,2028,-729.9999999999998,0.20533487081939863,seed,
ets_attnseg_ce,ets attnseg ce,2028,-719.9999999999998,0.21067773553360342,seed,
ets_attnseg_ce,ets attnseg ce,2028,-709.9999999999998,0.21511452823065116,seed,
ets_attnseg_ce,ets attnseg ce,2028,-699.9999999999998,0.22023937862043022,seed,
ets_attnseg_ce,ets attnseg ce,2028,-689.9999999999998,0.22572496727149158,seed,
ets_attnseg_ce,ets attnseg ce,2028,-679.9999999999998,0.23079200364591712,seed,
ets_attnseg_ce,ets attnseg ce,2028,-669.9999999999997,0.23635863445856797,seed,
ets_attnseg_ce,ets attnseg ce,2028,-659.9999999999997,0.2420812867908869,seed,
ets_attnseg_ce,ets attnseg ce,2028,-649.9999999999997,0.247406677194703,seed,
ets_attnseg_ce,ets attnseg ce,2028,-639.9999999999997,0.25307339799842793,seed,
ets_attnseg_ce,ets attnseg ce,2028,-629.9999999999997,0.25932894227573733,seed,
ets_attnseg_ce,ets attnseg ce,2028,-619.9999999999997,0.26551810924910807,seed,
ets_attnseg_ce,ets attnseg ce,2028,-609.9999999999997,0.2721232474530646,seed,
ets_attnseg_ce,ets attnseg ce,2028,-599.9999999999997,0.27873268829534165,seed,
ets_attnseg_ce,ets attnseg ce,2028,-589.9999999999997,0.28537493900956223,seed,
ets_attnseg_ce,ets attnseg ce,2028,-579.9999999999997,0.2922806289211313,seed,
ets_attnseg_ce,ets attnseg ce,2028,-569.9999999999997,0.299288598503208,seed,
ets_attnseg_ce,ets attnseg ce,2028,-559.9999999999997,0.3063842210667687,seed,
ets_attnseg_ce,ets attnseg ce,2028,-549.9999999999995,0.314187682651101,seed,
ets_attnseg_ce,ets attnseg ce,2028,-539.9999999999995,0.32213937181673824,seed,
ets_attnseg_ce,ets attnseg ce,2028,-529.9999999999995,0.3301589545131515,seed,
ets_attnseg_ce,ets attnseg ce,2028,-519.9999999999995,0.3386623785282549,seed,
ets_attnseg_ce,ets attnseg ce,2028,-509.99999999999955,0.347066816135762,seed,
ets_attnseg_ce,ets attnseg ce,2028,-499.99999999999955,0.3555407091506436,seed,
ets_attnseg_ce,ets attnseg ce,2028,-489.99999999999955,0.36486194732329486,seed,
ets_attnseg_ce,ets attnseg ce,2028,-479.99999999999955,0.3744036346844308,seed,
ets_attnseg_ce,ets attnseg ce,2028,-469.99999999999955,0.38454525732081624,seed,
ets_attnseg_ce,ets attnseg ce,2028,-459.99999999999955,0.3943801597364988,seed,
ets_attnseg_ce,ets attnseg ce,2028,-449.9999999999995,0.40487812088011504,seed,
ets_attnseg_ce,ets attnseg ce,2028,-439.9999999999995,0.41632439480404126,seed,
ets_attnseg_ce,ets attnseg ce,2028,-429.9999999999995,0.4277501052141365,seed,
ets_attnseg_ce,ets attnseg ce,2028,-419.9999999999995,0.4400154297630425,seed,
ets_attnseg_ce,ets attnseg ce,2028,-409.9999999999995,0.45283682418535587,seed,
ets_attnseg_ce,ets attnseg ce,2028,-399.9999999999995,0.4662456522540914,seed,
ets_attnseg_ce,ets attnseg ce,2028,-389.99999999999943,0.48039013592480817,seed,
ets_attnseg_ce,ets attnseg ce,2028,-379.99999999999943,0.4953690203376306,seed,
ets_attnseg_ce,ets attnseg ce,2028,-369.99999999999943,0.5105223565677626,seed,
ets_attnseg_ce,ets attnseg ce,2028,-359.99999999999943,0.5267579420522268,seed,
ets_attnseg_ce,ets attnseg ce,2028,-349.99999999999943,0.5435623120624327,seed,
ets_attnseg_ce,ets attnseg ce,2028,-339.99999999999943,0.5607188236704908,seed,
ets_attnseg_ce,ets attnseg ce,2028,-329.99999999999943,0.5788776917699818,seed,
ets_attnseg_ce,ets attnseg ce,2028,-319.9999999999994,0.5976300577685975,seed,
ets_attnseg_ce,ets attnseg ce,2028,-309.9999999999994,0.6166977347530733,seed,
ets_attnseg_ce,ets attnseg ce,2028,-299.9999999999994,0.6363830867519492,seed,
ets_attnseg_ce,ets attnseg ce,2028,-289.9999999999994,0.6562710076414425,seed,
ets_attnseg_ce,ets attnseg ce,2028,-279.9999999999994,0.6764190251533078,seed,
ets_attnseg_ce,ets attnseg ce,2028,-269.9999999999994,0.6973259856662154,seed,
ets_attnseg_ce,ets attnseg ce,2028,-259.9999999999993,0.7183839237959343,seed,
ets_attnseg_ce,ets attnseg ce,2028,-249.99999999999935,0.739838206405461,seed,
ets_attnseg_ce,ets attnseg ce,2028,-239.99999999999932,0.7612688163016685,seed,
ets_attnseg_ce,ets attnseg ce,2028,-229.99999999999932,0.7828947175105632,seed,
ets_attnseg_ce,ets attnseg ce,2028,-219.99999999999932,0.8045099342674327,seed,
ets_attnseg_ce,ets attnseg ce,2028,-209.9999999999993,0.8258385065962649,seed,
ets_attnseg_ce,ets attnseg ce,2028,-199.9999999999993,0.8473234423246321,seed,
ets_attnseg_ce,ets attnseg ce,2028,-189.9999999999993,0.8688431568838042,seed,
ets_attnseg_ce,ets attnseg ce,2028,-179.99999999999926,0.8901498580383966,seed,
ets_attnseg_ce,ets attnseg ce,2028,-169.99999999999926,0.9111927768144337,seed,
ets_attnseg_ce,ets attnseg ce,2028,-159.99999999999926,0.9322258292077075,seed,
ets_attnseg_ce,ets attnseg ce,2028,-149.99999999999923,0.9521239202666868,seed,
ets_attnseg_ce,ets attnseg ce,2028,-139.99999999999923,0.9720661343466555,seed,
ets_attnseg_ce,ets attnseg ce,2028,-129.99999999999923,0.991073702617602,seed,
ets_attnseg_ce,ets attnseg ce,2028,-119.99999999999922,1.008992858801759,seed,
ets_attnseg_ce,ets attnseg ce,2028,-109.9999999999992,1.026597748132827,seed,
ets_attnseg_ce,ets attnseg ce,2028,-99.9999999999992,1.0432344826873883,seed,
ets_attnseg_ce,ets attnseg ce,2028,-89.99999999999919,1.0589189629560405,seed,
ets_attnseg_ce,ets attnseg ce,2028,-79.99999999999918,1.0736423712983192,seed,
ets_attnseg_ce,ets attnseg ce,2028,-69.99999999999918,1.0869442672875536,seed,
ets_attnseg_ce,ets attnseg ce,2028,-59.99999999999916,1.0989358313948174,seed,
ets_attnseg_ce,ets attnseg ce,2028,-49.999999999999154,1.1098979188868792,seed,
ets_attnseg_ce,ets attnseg ce,2028,-39.99999999999915,1.1193660825970708,seed,
ets_attnseg_ce,ets attnseg ce,2028,-29.99999999999914,1.1275033826137395,seed,
ets_attnseg_ce,ets attnseg ce,2028,-19.99999999999913,1.1342154940181932,seed,
ets_attnseg_ce,ets attnseg ce,2028,-9.99999999999912,1.1394948353079604,seed,
ets_attnseg_ce,ets attnseg ce,2028,8.881784197001252e-13,1.1426455729276022,seed,
ets_attnseg_ce,ets attnseg ce,2028,10.000000000000897,1.144736892252528,seed,
ets_attnseg_ce,ets attnseg ce,2028,20.000000000000906,1.1451759864603108,seed,
ets_attnseg_ce,ets attnseg ce,2028,30.000000000000917,1.143830591305062,seed,
ets_attnseg_ce,ets attnseg ce,2028,40.000000000000924,1.140743393352899,seed,
ets_attnseg_ce,ets attnseg ce,2028,50.00000000000093,1.1359650208440109,seed,
ets_attnseg_ce,ets attnseg ce,2028,60.00000000000094,1.129668661217458,seed,
ets_attnseg_ce,ets attnseg ce,2028,70.00000000000095,1.1218489943188505,seed,
ets_attnseg_ce,ets attnseg ce,2028,80.00000000000097,1.1125930806339401,seed,
ets_attnseg_ce,ets attnseg ce,2028,90.00000000000097,1.1027020196633484,seed,
ets_attnseg_ce,ets attnseg ce,2028,100.00000000000098,1.0916367308287185,seed,
ets_attnseg_ce,ets attnseg ce,2028,110.00000000000098,1.0787117602303442,seed,
ets_attnseg_ce,ets attnseg ce,2028,120.000000000001,1.0658679796741193,seed,
ets_attnseg_ce,ets attnseg ce,2028,130.000000000001,1.0517501744343076,seed,
ets_attnseg_ce,ets attnseg ce,2028,140.00000000000102,1.036188756592297,seed,
ets_attnseg_ce,ets attnseg ce,2028,150.00000000000102,1.0208292460476127,seed,
ets_attnseg_ce,ets attnseg ce,2028,160.00000000000102,1.0036291052444566,seed,
ets_attnseg_ce,ets attnseg ce,2028,170.00000000000105,0.9861381046816227,seed,
ets_attnseg_ce,ets attnseg ce,2028,180.00000000000105,0.9693114608975933,seed,
ets_attnseg_ce,ets attnseg ce,2028,190.00000000000105,0.9503545059617604,seed,
ets_attnseg_ce,ets attnseg ce,2028,200.00000000000108,0.9309193773944568,seed,
ets_attnseg_ce,ets attnseg ce,2028,210.00000000000108,0.9124245473962969,seed,
ets_attnseg_ce,ets attnseg ce,2028,220.00000000000108,0.891941667778539,seed,
ets_attnseg_ce,ets attnseg ce,2028,230.00000000000108,0.8716774512259919,seed,
ets_attnseg_ce,ets attnseg ce,2028,240.0000000000011,0.8517697988287524,seed,
ets_attnseg_ce,ets attnseg ce,2028,250.0000000000011,0.8317719128366532,seed,
ets_attnseg_ce,ets attnseg ce,2028,260.00000000000114,0.8117092273558423,seed,
ets_attnseg_ce,ets attnseg ce,2028,270.00000000000114,0.7912895475235165,seed,
ets_attnseg_ce,ets attnseg ce,2028,280.00000000000114,0.7721854400042991,seed,
ets_attnseg_ce,ets attnseg ce,2028,290.00000000000114,0.7524875907509868,seed,
ets_attnseg_ce,ets attnseg ce,2028,300.00000000000114,0.7330672051938522,seed,
ets_attnseg_ce,ets attnseg ce,2028,310.00000000000114,0.7149158104256259,seed,
ets_attnseg_ce,ets attnseg ce,2028,320.0000000000012,0.6958128301110404,seed,
ets_attnseg_ce,ets attnseg ce,2028,330.0000000000012,0.6768134067993208,seed,
ets_attnseg_ce,ets attnseg ce,2028,340.0000000000012,0.6595411452317521,seed,
ets_attnseg_ce,ets attnseg ce,2028,350.0000000000012,0.6420714216769616,seed,
ets_attnseg_ce,ets attnseg ce,2028,360.0000000000012,0.6245327845365425,seed,
ets_attnseg_ce,ets attnseg ce,2028,370.0000000000012,0.6083893981231521,seed,
ets_attnseg_ce,ets attnseg ce,2028,380.00000000000125,0.5917443791021908,seed,
ets_attnseg_ce,ets attnseg ce,2028,390.00000000000125,0.575541932394794,seed,
ets_attnseg_ce,ets attnseg ce,2028,400.00000000000125,0.5612621666829873,seed,
ets_attnseg_ce,ets attnseg ce,2028,410.00000000000125,0.5457404809025445,seed,
ets_attnseg_ce,ets attnseg ce,2028,420.00000000000125,0.5321138503023899,seed,
ets_attnseg_ce,ets attnseg ce,2028,430.00000000000125,0.5194555490809765,seed,
ets_attnseg_ce,ets attnseg ce,2028,440.00000000000125,0.5057149341793856,seed,
ets_attnseg_ce,ets attnseg ce,2028,450.0000000000013,0.49271275515080787,seed,
ets_attnseg_ce,ets attnseg ce,2028,460.0000000000013,0.48153462962917165,seed,
ets_attnseg_ce,ets attnseg ce,2028,470.0000000000013,0.4693856857063057,seed,
ets_attnseg_ce,ets attnseg ce,2028,480.0000000000013,0.45813358407980115,seed,
ets_attnseg_ce,ets attnseg ce,2028,490.0000000000013,0.44894244484725615,seed,
ets_attnseg_ce,ets attnseg ce,2028,500.0000000000013,0.4382199091297988,seed,
ets_attnseg_ce,ets attnseg ce,2028,510.00000000000136,0.4285841617955523,seed,
ets_attnseg_ce,ets attnseg ce,2028,520.0000000000014,0.41875154803609016,seed,
ets_attnseg_ce,ets attnseg ce,2028,530.0000000000014,0.41115083751638165,seed,
ets_attnseg_ce,ets attnseg ce,2028,540.0000000000014,0.40271920559411173,seed,
ets_attnseg_ce,ets attnseg ce,2028,550.0000000000014,0.393718064501624,seed,
ets_attnseg_ce,ets attnseg ce,2028,560.0000000000014,0.3873011598240088,seed,
ets_attnseg_ce,ets attnseg ce,2028,570.0000000000014,0.37993332582126704,seed,
ets_attnseg_ce,ets attnseg ce,2028,580.0000000000014,0.3722923282563835,seed,
ets_attnseg_ce,ets attnseg ce,2028,590.0000000000014,0.36661980816404666,seed,
ets_attnseg_ce,ets attnseg ce,2028,600.0000000000014,0.36019521935136667,seed,
ets_attnseg_ce,ets attnseg ce,2028,610.0000000000015,0.35356060192426175,seed,
ets_attnseg_ce,ets attnseg ce,2028,620.0000000000015,0.3496171029316467,seed,
ets_attnseg_ce,ets attnseg ce,2028,630.0000000000015,0.3445221723669783,seed,
ets_attnseg_ce,ets attnseg ce,2028,640.0000000000015,0.3385261208535663,seed,
ets_attnseg_ce,ets attnseg ce,2028,650.0000000000015,0.33493379986263155,seed,
ets_attnseg_ce,ets attnseg ce,2028,660.0000000000015,0.32950617569123375,seed,
ets_attnseg_ce,ets attnseg ce,2028,670.0000000000015,0.32524959395696795,seed,
ets_attnseg_ce,ets attnseg ce,2028,680.0000000000015,0.3227775378222946,seed,
ets_attnseg_ce,ets attnseg ce,2028,690.0000000000015,0.3190478684971871,seed,
ets_attnseg_ce,ets attnseg ce,2028,700.0000000000015,0.31549533767301613,seed,
ets_attnseg_ce,ets attnseg ce,2028,710.0000000000015,0.314104962400765,seed,
ets_attnseg_ce,ets attnseg ce,2028,720.0000000000015,0.309929237552438,seed,
ets_attnseg_ce,ets attnseg ce,2028,730.0000000000016,0.30715064082762183,seed,
ets_attnseg_ce,ets attnseg ce,2028,740.0000000000016,0.30683118098972506,seed,
ets_attnseg_ce,ets attnseg ce,2028,750.0000000000016,0.30428670246106676,seed,
ets_attnseg_ce,ets attnseg ce,2028,760.0000000000016,0.3017661135688286,seed,
ets_attnseg_ce,ets attnseg ce,2028,770.0000000000016,0.30140590443483517,seed,
ets_attnseg_ce,ets attnseg ce,2028,780.0000000000016,0.2984374265990893,seed,
ets_attnseg_ce,ets attnseg ce,2028,790.0000000000016,0.29731067527262284,seed,
ets_attnseg_ce,ets attnseg ce,2028,800.0000000000016,0.295395103451625,seed,
ets_attnseg_ce,ets attnseg ce,2028,810.0000000000016,0.29672209913327247,seed,
ets_attnseg_ce,ets attnseg ce,2028,820.0000000000016,0.29554494906813794,seed,
ets_attnseg_ce,ets attnseg ce,2028,830.0000000000016,0.29299490930603816,seed,
ets_attnseg_ce,ets attnseg ce,2028,840.0000000000016,0.2937503805388713,seed,
ets_attnseg_ce,ets attnseg ce,2028,850.0000000000016,0.29354170659260886,seed,
ets_attnseg_ce,ets attnseg ce,2028,860.0000000000017,0.2920678342570994,seed,
ets_attnseg_ce,ets attnseg ce,2028,870.0000000000017,0.2935951729230591,seed,
ets_attnseg_ce,ets attnseg ce,2028,880.0000000000017,0.29182646245136,seed,
ets_attnseg_ce,ets attnseg ce,2028,890.0000000000017,0.29016768784231783,seed,
ets_attnseg_ce,ets attnseg ce,2028,900.0000000000017,0.29134808123566563,seed,
ets_attnseg_ce,ets attnseg ce,2028,910.0000000000017,0.2908362461501537,seed,
ets_attnseg_ce,ets attnseg ce,2028,920.0000000000017,0.2912222880270393,seed,
ets_attnseg_ce,ets attnseg ce,2028,930.0000000000017,0.29354797152523215,seed,
ets_attnseg_ce,ets attnseg ce,2028,940.0000000000017,0.29202460355281795,seed,
ets_attnseg_ce,ets attnseg ce,2028,950.0000000000017,0.29216746853409126,seed,
ets_attnseg_ce,ets attnseg ce,2028,960.0000000000017,0.2938991891080072,seed,
ets_attnseg_ce,ets attnseg ce,2028,970.0000000000017,0.2930075234134436,seed,
ets_attnseg_ce,ets attnseg ce,2028,980.0000000000017,0.293471825361048,seed,
ets_attnseg_ce,ets attnseg ce,2028,990.0000000000018,0.2972287813592957,seed,
ets_attnseg_ce,ets attnseg ce,2028,1000.0000000000018,0.2960976279556864,seed,
ets_attnseg_ce,ets attnseg ce,2029,-1000.0,0.10400287255042864,seed,
ets_attnseg_ce,ets attnseg ce,2029,-990.0,0.10654428317460408,seed,
ets_attnseg_ce,ets attnseg ce,2029,-980.0,0.10883733304593664,seed,
ets_attnseg_ce,ets attnseg ce,2029,-970.0,0.11119471133805732,seed,
ets_attnseg_ce,ets attnseg ce,2029,-960.0,0.11297885064556398,seed,
ets_attnseg_ce,ets attnseg ce,2029,-950.0,0.11568451799800333,seed,
ets_attnseg_ce,ets attnseg ce,2029,-940.0,0.11847639495275143,seed,
ets_attnseg_ce,ets attnseg ce,2029,-929.9999999999999,0.12017189919367129,seed,
ets_attnseg_ce,ets attnseg ce,2029,-919.9999999999999,0.1224852373817848,seed,
ets_attnseg_ce,ets attnseg ce,2029,-909.9999999999999,0.12571967059201442,seed,
ets_attnseg_ce,ets attnseg ce,2029,-899.9999999999999,0.12825893666864502,seed,
ets_attnseg_ce,ets attnseg ce,2029,-889.9999999999999,0.13107793454978803,seed,
ets_attnseg_ce,ets attnseg ce,2029,-879.9999999999999,0.13432919924058523,seed,
ets_attnseg_ce,ets attnseg ce,2029,-869.9999999999999,0.13658189223229295,seed,
ets_attnseg_ce,ets attnseg ce,2029,-859.9999999999999,0.13971454596950134,seed,
ets_attnseg_ce,ets attnseg ce,2029,-849.9999999999999,0.14260856391479007,seed,
ets_attnseg_ce,ets attnseg ce,2029,-839.9999999999999,0.14518610342743915,seed,
ets_attnseg_ce,ets attnseg ce,2029,-829.9999999999999,0.14851528516207557,seed,
ets_attnseg_ce,ets attnseg ce,2029,-819.9999999999999,0.15216633127259424,seed,
ets_attnseg_ce,ets attnseg ce,2029,-809.9999999999999,0.15552632525428056,seed,
ets_attnseg_ce,ets attnseg ce,2029,-799.9999999999998,0.15984255506727715,seed,
ets_attnseg_ce,ets attnseg ce,2029,-789.9999999999998,0.16380970976310683,seed,
ets_attnseg_ce,ets attnseg ce,2029,-779.9999999999998,0.16724567360260112,seed,
ets_attnseg_ce,ets attnseg ce,2029,-769.9999999999998,0.17135630905248228,seed,
ets_attnseg_ce,ets attnseg ce,2029,-759.9999999999998,0.17574139503533823,seed,
ets_attnseg_ce,ets attnseg ce,2029,-749.9999999999998,0.1797545461567433,seed,
ets_attnseg_ce,ets attnseg ce,2029,-739.9999999999998,0.18400816896720926,seed,
ets_attnseg_ce,ets attnseg ce,2029,-729.9999999999998,0.18866579401074215,seed,
ets_attnseg_ce,ets attnseg ce,2029,-719.9999999999998,0.19374482808270108,seed,
ets_attnseg_ce,ets attnseg ce,2029,-709.9999999999998,0.19813135134100873,seed,
ets_attnseg_ce,ets attnseg ce,2029,-699.9999999999998,0.20273359644247052,seed,
ets_attnseg_ce,ets attnseg ce,2029,-689.9999999999998,0.20771195769236947,seed,
ets_attnseg_ce,ets attnseg ce,2029,-679.9999999999998,0.21238790120161666,seed,
ets_attnseg_ce,ets attnseg ce,2029,-669.9999999999997,0.2177767830579525,seed,
ets_attnseg_ce,ets attnseg ce,2029,-659.9999999999997,0.2235334911118111,seed,
ets_attnseg_ce,ets attnseg ce,2029,-649.9999999999997,0.22871508819642272,seed,
ets_attnseg_ce,ets attnseg ce,2029,-639.9999999999997,0.23443936824366446,seed,
ets_attnseg_ce,ets attnseg ce,2029,-629.9999999999997,0.24047967402316864,seed,
ets_attnseg_ce,ets attnseg ce,2029,-619.9999999999997,0.24659906973635276,seed,
ets_attnseg_ce,ets attnseg ce,2029,-609.9999999999997,0.25326583738269515,seed,
ets_attnseg_ce,ets attnseg ce,2029,-599.9999999999997,0.2596814378677305,seed,
ets_attnseg_ce,ets attnseg ce,2029,-589.9999999999997,0.2662485827649846,seed,
ets_attnseg_ce,ets attnseg ce,2029,-579.9999999999997,0.2731086081392636,seed,
ets_attnseg_ce,ets attnseg ce,2029,-569.9999999999997,0.2804121588710196,seed,
ets_attnseg_ce,ets attnseg ce,2029,-559.9999999999997,0.2879083505866825,seed,
ets_attnseg_ce,ets attnseg ce,2029,-549.9999999999995,0.29594270709257026,seed,
ets_attnseg_ce,ets attnseg ce,2029,-539.9999999999995,0.30454650456614446,seed,
ets_attnseg_ce,ets attnseg ce,2029,-529.9999999999995,0.3135628816591996,seed,
ets_attnseg_ce,ets attnseg ce,2029,-519.9999999999995,0.3233892901636079,seed,
ets_attnseg_ce,ets attnseg ce,2029,-509.99999999999955,0.33325324061436595,seed,
ets_attnseg_ce,ets attnseg ce,2029,-499.99999999999955,0.3433458456591458,seed,
ets_attnseg_ce,ets attnseg ce,2029,-489.99999999999955,0.35442225788272935,seed,
ets_attnseg_ce,ets attnseg ce,2029,-479.99999999999955,0.3659464617688445,seed,
ets_attnseg_ce,ets attnseg ce,2029,-469.99999999999955,0.3784977963448171,seed,
ets_attnseg_ce,ets attnseg ce,2029,-459.99999999999955,0.3910407691716054,seed,
ets_attnseg_ce,ets attnseg ce,2029,-449.9999999999995,0.4037393884859272,seed,
ets_attnseg_ce,ets attnseg ce,2029,-439.9999999999995,0.4177929238822635,seed,
ets_attnseg_ce,ets attnseg ce,2029,-429.9999999999995,0.43207784702187935,seed,
ets_attnseg_ce,ets attnseg ce,2029,-419.9999999999995,0.4474769404849485,seed,
ets_attnseg_ce,ets attnseg ce,2029,-409.9999999999995,0.463728567436395,seed,
ets_attnseg_ce,ets attnseg ce,2029,-399.9999999999995,0.4805928336065801,seed,
ets_attnseg_ce,ets attnseg ce,2029,-389.99999999999943,0.498137071497167,seed,
ets_attnseg_ce,ets attnseg ce,2029,-379.99999999999943,0.5162018666554363,seed,
ets_attnseg_ce,ets attnseg ce,2029,-369.99999999999943,0.5343384184795986,seed,
ets_attnseg_ce,ets attnseg ce,2029,-359.99999999999943,0.5539990368152667,seed,
ets_attnseg_ce,ets attnseg ce,2029,-349.99999999999943,0.5743393729063893,seed,
ets_attnseg_ce,ets attnseg ce,2029,-339.99999999999943,0.5953443497016394,seed,
ets_attnseg_ce,ets attnseg ce,2029,-329.99999999999943,0.617157130322675,seed,
ets_attnseg_ce,ets attnseg ce,2029,-319.9999999999994,0.6402454090741999,seed,
ets_attnseg_ce,ets attnseg ce,2029,-309.9999999999994,0.6629572207339478,seed,
ets_attnseg_ce,ets attnseg ce,2029,-299.9999999999994,0.6867659111083958,seed,
ets_attnseg_ce,ets attnseg ce,2029,-289.9999999999994,0.711004127663302,seed,
ets_attnseg_ce,ets attnseg ce,2029,-279.9999999999994,0.735844555328679,seed,
ets_attnseg_ce,ets attnseg ce,2029,-269.9999999999994,0.7617815204111236,seed,
ets_attnseg_ce,ets attnseg ce,2029,-259.9999999999993,0.7879225930902616,seed,
ets_attnseg_ce,ets attnseg ce,2029,-249.99999999999935,0.8147342836143455,seed,
ets_attnseg_ce,ets attnseg ce,2029,-239.99999999999932,0.8414831752045309,seed,
ets_attnseg_ce,ets attnseg ce,2029,-229.99999999999932,0.8683020410634799,seed,
ets_attnseg_ce,ets attnseg ce,2029,-219.99999999999932,0.8958105905710646,seed,
ets_attnseg_ce,ets attnseg ce,2029,-209.9999999999993,0.9229607130179275,seed,
ets_attnseg_ce,ets attnseg ce,2029,-199.9999999999993,0.9500821492533404,seed,
ets_attnseg_ce,ets attnseg ce,2029,-189.9999999999993,0.9775364484085082,seed,
ets_attnseg_ce,ets attnseg ce,2029,-179.99999999999926,1.0045903142064383,seed,
ets_attnseg_ce,ets attnseg ce,2029,-169.99999999999926,1.0311786370115013,seed,
ets_attnseg_ce,ets attnseg ce,2029,-159.99999999999926,1.057479534222495,seed,
ets_attnseg_ce,ets attnseg ce,2029,-149.99999999999923,1.0826464435838068,seed,
ets_attnseg_ce,ets attnseg ce,2029,-139.99999999999923,1.107787299065614,seed,
ets_attnseg_ce,ets attnseg ce,2029,-129.99999999999923,1.13111990308829,seed,
ets_attnseg_ce,ets attnseg ce,2029,-119.99999999999922,1.1526672206945947,seed,
ets_attnseg_ce,ets attnseg ce,2029,-109.9999999999992,1.173020751975927,seed,
ets_attnseg_ce,ets attnseg ce,2029,-99.9999999999992,1.1920981681758187,seed,
ets_attnseg_ce,ets attnseg ce,2029,-89.99999999999919,1.2100699965397317,seed,
ets_attnseg_ce,ets attnseg ce,2029,-79.99999999999918,1.2264433195336422,seed,
ets_attnseg_ce,ets attnseg ce,2029,-69.99999999999918,1.2401367663973182,seed,
ets_attnseg_ce,ets attnseg ce,2029,-59.99999999999916,1.2522981957493993,seed,
ets_attnseg_ce,ets attnseg ce,2029,-49.999999999999154,1.262416827197633,seed,
ets_attnseg_ce,ets attnseg ce,2029,-39.99999999999915,1.2700587129072176,seed,
ets_attnseg_ce,ets attnseg ce,2029,-29.99999999999914,1.2755225267405002,seed,
ets_attnseg_ce,ets attnseg ce,2029,-19.99999999999913,1.2792194235797318,seed,
ets_attnseg_ce,ets attnseg ce,2029,-9.99999999999912,1.2806014085582442,seed,
ets_attnseg_ce,ets attnseg ce,2029,8.881784197001252e-13,1.27916743203152,seed,
ets_attnseg_ce,ets attnseg ce,2029,10.000000000000897,1.2757452939911686,seed,
ets_attnseg_ce,ets attnseg ce,2029,20.000000000000906,1.269911741299862,seed,
ets_attnseg_ce,ets attnseg ce,2029,30.000000000000917,1.2617019569353112,seed,
ets_attnseg_ce,ets attnseg ce,2029,40.000000000000924,1.2513672135445497,seed,
ets_attnseg_ce,ets attnseg ce,2029,50.00000000000093,1.238802550396928,seed,
ets_attnseg_ce,ets attnseg ce,2029,60.00000000000094,1.2247459856003744,seed,
ets_attnseg_ce,ets attnseg ce,2029,70.00000000000095,1.2087723488905666,seed,
ets_attnseg_ce,ets attnseg ce,2029,80.00000000000097,1.1909684762031116,seed,
ets_attnseg_ce,ets attnseg ce,2029,90.00000000000097,1.1722146655104932,seed,
ets_attnseg_ce,ets attnseg ce,2029,100.00000000000098,1.1524192978137753,seed,
ets_attnseg_ce,ets attnseg ce,2029,110.00000000000098,1.1305078748064008,seed,
ets_attnseg_ce,ets attnseg ce,2029,120.000000000001,1.1088997370235503,seed,
ets_attnseg_ce,ets attnseg ce,2029,130.000000000001,1.0858204459301657,seed,
ets_attnseg_ce,ets attnseg ce,2029,140.00000000000102,1.0612640028018754,seed,
ets_attnseg_ce,ets attnseg ce,2029,150.00000000000102,1.03719829744953,seed,
ets_attnseg_ce,ets attnseg ce,2029,160.00000000000102,1.0115406036085934,seed,
ets_attnseg_ce,ets attnseg ce,2029,170.00000000000105,0.9858274141891744,seed,
ets_attnseg_ce,ets attnseg ce,2029,180.00000000000105,0.9613529908946676,seed,
ets_attnseg_ce,ets attnseg ce,2029,190.00000000000105,0.9350587182426172,seed,
ets_attnseg_ce,ets attnseg ce,2029,200.00000000000108,0.9085718083192799,seed,
ets_attnseg_ce,ets attnseg ce,2029,210.00000000000108,0.8834837517220785,seed,
ets_attnseg_ce,ets attnseg ce,2029,220.00000000000108,0.8564137682763127,seed,
ets_attnseg_ce,ets attnseg ce,2029,230.00000000000108,0.8299693886376813,seed,
ets_attnseg_ce,ets attnseg ce,2029,240.0000000000011,0.8042379279158586,seed,
ets_attnseg_ce,ets attnseg ce,2029,250.0000000000011,0.7789985524058709,seed,
ets_attnseg_ce,ets attnseg ce,2029,260.00000000000114,0.7543925257998942,seed,
ets_attnseg_ce,ets attnseg ce,2029,270.00000000000114,0.7299779206289149,seed,
ets_attnseg_ce,ets attnseg ce,2029,280.00000000000114,0.7071496467304367,seed,
ets_attnseg_ce,ets attnseg ce,2029,290.00000000000114,0.684322128370845,seed,
ets_attnseg_ce,ets attnseg ce,2029,300.00000000000114,0.6620920516318727,seed,
ets_attnseg_ce,ets attnseg ce,2029,310.00000000000114,0.6416861294787898,seed,
ets_attnseg_ce,ets attnseg ce,2029,320.0000000000012,0.62090440531911,seed,
ets_attnseg_ce,ets attnseg ce,2029,330.0000000000012,0.6001212480563854,seed,
ets_attnseg_ce,ets attnseg ce,2029,340.0000000000012,0.5817860458974852,seed,
ets_attnseg_ce,ets attnseg ce,2029,350.0000000000012,0.5636121329013387,seed,
ets_attnseg_ce,ets attnseg ce,2029,360.0000000000012,0.5455276072778055,seed,
ets_attnseg_ce,ets attnseg ce,2029,370.0000000000012,0.529125000375502,seed,
ets_attnseg_ce,ets attnseg ce,2029,380.00000000000125,0.5126259215183284,seed,
ets_attnseg_ce,ets attnseg ce,2029,390.00000000000125,0.4965393896711171,seed,
ets_attnseg_ce,ets attnseg ce,2029,400.00000000000125,0.48273199406287143,seed,
ets_attnseg_ce,ets attnseg ce,2029,410.00000000000125,0.46804100593678943,seed,
ets_attnseg_ce,ets attnseg ce,2029,420.00000000000125,0.45526856666307264,seed,
ets_attnseg_ce,ets attnseg ce,2029,430.00000000000125,0.4432650749944804,seed,
ets_attnseg_ce,ets attnseg ce,2029,440.00000000000125,0.4303330994448707,seed,
ets_attnseg_ce,ets attnseg ce,2029,450.0000000000013,0.41840245613244104,seed,
ets_attnseg_ce,ets attnseg ce,2029,460.0000000000013,0.4082347225619485,seed,
ets_attnseg_ce,ets attnseg ce,2029,470.0000000000013,0.39708330933521835,seed,
ets_attnseg_ce,ets attnseg ce,2029,480.0000000000013,0.3869154289031121,seed,
ets_attnseg_ce,ets attnseg ce,2029,490.0000000000013,0.3786801312886443,seed,
ets_attnseg_ce,ets attnseg ce,2029,500.0000000000013,0.3691767183234172,seed,
ets_attnseg_ce,ets attnseg ce,2029,510.00000000000136,0.36056328006500304,seed,
ets_attnseg_ce,ets attnseg ce,2029,520.0000000000014,0.3518987097505931,seed,
ets_attnseg_ce,ets attnseg ce,2029,530.0000000000014,0.3452584806632851,seed,
ets_attnseg_ce,ets attnseg ce,2029,540.0000000000014,0.3377255292711748,seed,
ets_attnseg_ce,ets attnseg ce,2029,550.0000000000014,0.32953382292110295,seed,
ets_attnseg_ce,ets attnseg ce,2029,560.0000000000014,0.32360935441675925,seed,
ets_attnseg_ce,ets attnseg ce,2029,570.0000000000014,0.31708888443607264,seed,
ets_attnseg_ce,ets attnseg ce,2029,580.0000000000014,0.31023869397496756,seed,
ets_attnseg_ce,ets attnseg ce,2029,590.0000000000014,0.3054143245979922,seed,
ets_attnseg_ce,ets attnseg ce,2029,600.0000000000014,0.29981216655364845,seed,
ets_attnseg_ce,ets attnseg ce,2029,610.0000000000015,0.2937230806896292,seed,
ets_attnseg_ce,ets attnseg ce,2029,620.0000000000015,0.29032760136136404,seed,
ets_attnseg_ce,ets attnseg ce,2029,630.0000000000015,0.28583578045030755,seed,
ets_attnseg_ce,ets attnseg ce,2029,640.0000000000015,0.28037499697237245,seed,
ets_attnseg_ce,ets attnseg ce,2029,650.0000000000015,0.27719441991584576,seed,
ets_attnseg_ce,ets attnseg ce,2029,660.0000000000015,0.27219834732454856,seed,
ets_attnseg_ce,ets attnseg ce,2029,670.0000000000015,0.2683093683196762,seed,
ets_attnseg_ce,ets attnseg ce,2029,680.0000000000015,0.26622397092385824,seed,
ets_attnseg_ce,ets attnseg ce,2029,690.0000000000015,0.2626549178829432,seed,
ets_attnseg_ce,ets attnseg ce,2029,700.0000000000015,0.25904979687578916,seed,
ets_attnseg_ce,ets attnseg ce,2029,710.0000000000015,0.25749269506192757,seed,
ets_attnseg_ce,ets attnseg ce,2029,720.0000000000015,0.25318690179176634,seed,
ets_attnseg_ce,ets attnseg ce,2029,730.0000000000016,0.25052621067359543,seed,
ets_attnseg_ce,ets attnseg ce,2029,740.0000000000016,0.2498497350706031,seed,
ets_attnseg_ce,ets attnseg ce,2029,750.0000000000016,0.2471268661738857,seed,
ets_attnseg_ce,ets attnseg ce,2029,760.0000000000016,0.2450288730157239,seed,
ets_attnseg_ce,ets attnseg ce,2029,770.0000000000016,0.24476523650769808,seed,
ets_attnseg_ce,ets attnseg ce,2029,780.0000000000016,0.2418908479551603,seed,
ets_attnseg_ce,ets attnseg ce,2029,790.0000000000016,0.2406287176221019,seed,
ets_attnseg_ce,ets attnseg ce,2029,800.0000000000016,0.23826906159430247,seed,
ets_attnseg_ce,ets attnseg ce,2029,810.0000000000016,0.2391290632437212,seed,
ets_attnseg_ce,ets attnseg ce,2029,820.0000000000016,0.23752364942456408,seed,
ets_attnseg_ce,ets attnseg ce,2029,830.0000000000016,0.23465953820208288,seed,
ets_attnseg_ce,ets attnseg ce,2029,840.0000000000016,0.234695204838459,seed,
ets_attnseg_ce,ets attnseg ce,2029,850.0000000000016,0.2338190752634221,seed,
ets_attnseg_ce,ets attnseg ce,2029,860.0000000000017,0.23181188291049715,seed,
ets_attnseg_ce,ets attnseg ce,2029,870.0000000000017,0.23279249911892602,seed,
ets_attnseg_ce,ets attnseg ce,2029,880.0000000000017,0.231055131447938,seed,
ets_attnseg_ce,ets attnseg ce,2029,890.0000000000017,0.2292723473376465,seed,
ets_attnseg_ce,ets attnseg ce,2029,900.0000000000017,0.23018758269454906,seed,
ets_attnseg_ce,ets attnseg ce,2029,910.0000000000017,0.22929974906153702,seed,
ets_attnseg_ce,ets attnseg ce,2029,920.0000000000017,0.229144712439258,seed,
ets_attnseg_ce,ets attnseg ce,2029,930.0000000000017,0.23061743906476967,seed,
ets_attnseg_ce,ets attnseg ce,2029,940.0000000000017,0.22857784128235104,seed,
ets_attnseg_ce,ets attnseg ce,2029,950.0000000000017,0.22864138297759284,seed,
ets_attnseg_ce,ets attnseg ce,2029,960.0000000000017,0.2295526943781338,seed,
ets_attnseg_ce,ets attnseg ce,2029,970.0000000000017,0.22831465346572088,seed,
ets_attnseg_ce,ets attnseg ce,2029,980.0000000000017,0.22823251509311326,seed,
ets_attnseg_ce,ets attnseg ce,2029,990.0000000000018,0.23081036975857477,seed,
ets_attnseg_ce,ets attnseg ce,2029,1000.0000000000018,0.2291244041160718,seed,
ets_attnseg_ce,ets attnseg ce,mean,-1000.0,0.12243819196062485,group_mean,0.013421306726453969
ets_attnseg_ce,ets attnseg ce,mean,-990.0,0.12517676387521073,group_mean,0.013434204044710622
ets_attnseg_ce,ets attnseg ce,mean,-980.0,0.12761313449773898,group_mean,0.013412494973851448
ets_attnseg_ce,ets attnseg ce,mean,-970.0,0.13009755990982166,group_mean,0.013355485641660234
ets_attnseg_ce,ets attnseg ce,mean,-960.0,0.13190286565944603,group_mean,0.013223711886089562
ets_attnseg_ce,ets attnseg ce,mean,-950.0,0.13443102546413993,group_mean,0.013053932287180875
ets_attnseg_ce,ets attnseg ce,mean,-940.0,0.13736006427701727,group_mean,0.013021236622097188
ets_attnseg_ce,ets attnseg ce,mean,-929.9999999999999,0.13908213912975115,group_mean,0.012926899429125236
ets_attnseg_ce,ets attnseg ce,mean,-919.9999999999999,0.1414238549688298,group_mean,0.012820868724958197
ets_attnseg_ce,ets attnseg ce,mean,-909.9999999999999,0.14442975419681667,group_mean,0.012654716464997353
ets_attnseg_ce,ets attnseg ce,mean,-899.9999999999999,0.146923515083292,group_mean,0.012548206608737452
ets_attnseg_ce,ets attnseg ce,mean,-889.9999999999999,0.14985223933651085,group_mean,0.012504158159429324
ets_attnseg_ce,ets attnseg ce,mean,-879.9999999999999,0.15312203779888273,group_mean,0.012433112134189536
ets_attnseg_ce,ets attnseg ce,mean,-869.9999999999999,0.15564923844536324,group_mean,0.012504182488746459
ets_attnseg_ce,ets attnseg ce,mean,-859.9999999999999,0.15890434219929528,group_mean,0.01249939111208526
ets_attnseg_ce,ets attnseg ce,mean,-849.9999999999999,0.16198493663218688,group_mean,0.012524754478219255
ets_attnseg_ce,ets attnseg ce,mean,-839.9999999999999,0.16457318969313728,group_mean,0.012440511012055223
ets_attnseg_ce,ets attnseg ce,mean,-829.9999999999999,0.16809340917382354,group_mean,0.01250445189933823
ets_attnseg_ce,ets attnseg ce,mean,-819.9999999999999,0.17175603250379232,group_mean,0.012457261410814881
ets_attnseg_ce,ets attnseg ce,mean,-809.9999999999999,0.17501518031719618,group_mean,0.012336865128093398
ets_attnseg_ce,ets attnseg ce,mean,-799.9999999999998,0.17891752335204159,group_mean,0.012070412343284776
ets_attnseg_ce,ets attnseg ce,mean,-789.9999999999998,0.1827168293705008,group_mean,0.011988207785739814
ets_attnseg_ce,ets attnseg ce,mean,-779.9999999999998,0.18609907778330156,group_mean,0.011975449705514264
ets_attnseg_ce,ets attnseg ce,mean,-769.9999999999998,0.19026056966616717,group_mean,0.012023084608919108
ets_attnseg_ce,ets attnseg ce,mean,-759.9999999999998,0.19460786696770543,group_mean,0.012044956049693795
ets_attnseg_ce,ets attnseg ce,mean,-749.9999999999998,0.19845566000016834,group_mean,0.012043298136406633
ets_attnseg_ce,ets attnseg ce,mean,-739.9999999999998,0.2029078291994685,group_mean,0.01222637857530479
ets_attnseg_ce,ets attnseg ce,mean,-729.9999999999998,0.20747484325902796,group_mean,0.012237455842596048
ets_attnseg_ce,ets attnseg ce,mean,-719.9999999999998,0.21248595443673768,group_mean,0.012290642022132701
ets_attnseg_ce,ets attnseg ce,mean,-709.9999999999998,0.21665216020010464,group_mean,0.012226765542550248
ets_attnseg_ce,ets attnseg ce,mean,-699.9999999999998,0.22137935212731544,group_mean,0.012384252715000104
ets_attnseg_ce,ets attnseg ce,mean,-689.9999999999998,0.22652633271711334,group_mean,0.012635270639859853
ets_attnseg_ce,ets attnseg ce,mean,-679.9999999999998,0.2311681692659257,group_mean,0.012670426466949455
ets_attnseg_ce,ets attnseg ce,mean,-669.9999999999997,0.23642271956422825,group_mean,0.01275805884049028
ets_attnseg_ce,ets attnseg ce,mean,-659.9999999999997,0.24189125562676592,group_mean,0.012762855538737811
ets_attnseg_ce,ets attnseg ce,mean,-649.9999999999997,0.2469627055323363,group_mean,0.012848651190137181
ets_attnseg_ce,ets attnseg ce,mean,-639.9999999999997,0.25243806974527316,group_mean,0.012968592054297979
ets_attnseg_ce,ets attnseg ce,mean,-629.9999999999997,0.25841603028073357,group_mean,0.013209997782065077
ets_attnseg_ce,ets attnseg ce,mean,-619.9999999999997,0.2642747857059463,group_mean,0.013249435152593471
ets_attnseg_ce,ets attnseg ce,mean,-609.9999999999997,0.27081793679404065,group_mean,0.013481593517199656
ets_attnseg_ce,ets attnseg ce,mean,-599.9999999999997,0.27728361091471226,group_mean,0.013809195478039871
ets_attnseg_ce,ets attnseg ce,mean,-589.9999999999997,0.2836926638905768,group_mean,0.013928816027347921
ets_attnseg_ce,ets attnseg ce,mean,-579.9999999999997,0.2903587876233983,group_mean,0.014105050617456889
ets_attnseg_ce,ets attnseg ce,mean,-569.9999999999997,0.297339668161258,group_mean,0.014216331326348053
ets_attnseg_ce,ets attnseg ce,mean,-559.9999999999997,0.30449319586670576,group_mean,0.014323243105055864
ets_attnseg_ce,ets attnseg ce,mean,-549.9999999999995,0.312359520213331,group_mean,0.014683656556278485
ets_attnseg_ce,ets attnseg ce,mean,-539.9999999999995,0.32052268195080963,group_mean,0.014966957837020827
ets_attnseg_ce,ets attnseg ce,mean,-529.9999999999995,0.32884945749227007,group_mean,0.015008593518558887
ets_attnseg_ce,ets attnseg ce,mean,-519.9999999999995,0.33778865795049495,group_mean,0.014980048333945315
ets_attnseg_ce,ets attnseg ce,mean,-509.99999999999955,0.346791788012333,group_mean,0.015036588349534523
ets_attnseg_ce,ets attnseg ce,mean,-499.99999999999955,0.3558950674369989,group_mean,0.015000174199018855
ets_attnseg_ce,ets attnseg ce,mean,-489.99999999999955,0.3660449453898322,group_mean,0.01520000055925057
ets_attnseg_ce,ets attnseg ce,mean,-479.99999999999955,0.3765061192478525,group_mean,0.015234530450006606
ets_attnseg_ce,ets attnseg ce,mean,-469.99999999999955,0.38789826041424097,group_mean,0.015491616447950472
ets_attnseg_ce,ets attnseg ce,mean,-459.99999999999955,0.39911835956531805,group_mean,0.015729054746309853
ets_attnseg_ce,ets attnseg ce,mean,-449.9999999999995,0.41097547118426103,group_mean,0.01618702717520813
ets_attnseg_ce,ets attnseg ce,mean,-439.9999999999995,0.4239019889270999,group_mean,0.016674744667438374
ets_attnseg_ce,ets attnseg ce,mean,-429.9999999999995,0.4370785098476859,group_mean,0.017293263415392845
ets_attnseg_ce,ets attnseg ce,mean,-419.9999999999995,0.45111156104815225,group_mean,0.01782648781230675
ets_attnseg_ce,ets attnseg ce,mean,-409.9999999999995,0.46587213619052303,group_mean,0.018487187707185288
ets_attnseg_ce,ets attnseg ce,mean,-399.9999999999995,0.4813300159060284,group_mean,0.01942664084530914
ets_attnseg_ce,ets attnseg ce,mean,-389.99999999999943,0.49754228053088545,group_mean,0.020445242186666882
ets_attnseg_ce,ets attnseg ce,mean,-379.99999999999943,0.5144594824946942,group_mean,0.02154029062004238
ets_attnseg_ce,ets attnseg ce,mean,-369.99999999999943,0.5315989191795788,group_mean,0.022666915404202362
ets_attnseg_ce,ets attnseg ce,mean,-359.99999999999943,0.5498156667456502,group_mean,0.023786768286095758
ets_attnseg_ce,ets attnseg ce,mean,-349.99999999999943,0.5687693665887814,group_mean,0.025263058804260035
ets_attnseg_ce,ets attnseg ce,mean,-339.99999999999943,0.5882028205117587,group_mean,0.026827269479582604
ets_attnseg_ce,ets attnseg ce,mean,-329.99999999999943,0.608480149539479,group_mean,0.02832387208928372
ets_attnseg_ce,ets attnseg ce,mean,-319.9999999999994,0.6294539047887074,group_mean,0.029948228168643506
ets_attnseg_ce,ets attnseg ce,mean,-309.9999999999994,0.6506704043223133,group_mean,0.03174251994613762
ets_attnseg_ce,ets attnseg ce,mean,-299.9999999999994,0.6725247160582207,group_mean,0.0334848830754427
ets_attnseg_ce,ets attnseg ce,mean,-289.9999999999994,0.6947315529140489,group_mean,0.035368082725091274
ets_attnseg_ce,ets attnseg ce,mean,-279.9999999999994,0.7173380851940914,group_mean,0.037351536720692746
ets_attnseg_ce,ets attnseg ce,mean,-269.9999999999994,0.7407626672718247,group_mean,0.03941048711502871
ets_attnseg_ce,ets attnseg ce,mean,-259.9999999999993,0.7642677209586246,group_mean,0.041492905084858915
ets_attnseg_ce,ets attnseg ce,mean,-249.99999999999935,0.7880915173443163,group_mean,0.04368505740515371
ets_attnseg_ce,ets attnseg ce,mean,-239.99999999999932,0.81196007363598,group_mean,0.045861433787913373
ets_attnseg_ce,ets attnseg ce,mean,-229.99999999999932,0.8359318973640487,group_mean,0.048014607976150064
ets_attnseg_ce,ets attnseg ce,mean,-219.99999999999932,0.8599395218114463,group_mean,0.05025423410029411
ets_attnseg_ce,ets attnseg ce,mean,-209.9999999999993,0.8835218939476208,group_mean,0.05247084462186399
ets_attnseg_ce,ets attnseg ce,mean,-199.9999999999993,0.9069349921384644,group_mean,0.054399945168721764
ets_attnseg_ce,ets attnseg ce,mean,-189.9999999999993,0.9302160819774379,group_mean,0.056347636327494156
ets_attnseg_ce,ets attnseg ce,mean,-179.99999999999926,0.9531063404337236,group_mean,0.05819419675838303
ets_attnseg_ce,ets attnseg ce,mean,-169.99999999999926,0.9755727118851765,group_mean,0.06000989073171965
ets_attnseg_ce,ets attnseg ce,mean,-159.99999999999926,0.9974586051787281,group_mean,0.06155751071351249
ets_attnseg_ce,ets attnseg ce,mean,-149.99999999999923,1.0179998116196995,group_mean,0.06304765306779395
ets_attnseg_ce,ets attnseg ce,mean,-139.99999999999923,1.038391953670737,group_mean,0.0645137989067877
ets_attnseg_ce,ets attnseg ce,mean,-129.99999999999923,1.0575357047615241,group_mean,0.06573061044905645
ets_attnseg_ce,ets attnseg ce,mean,-119.99999999999922,1.0750910072094488,group_mean,0.06658385585904823
ets_attnseg_ce,ets attnseg ce,mean,-109.9999999999992,1.0917818488724544,group_mean,0.06721064722357624
ets_attnseg_ce,ets attnseg ce,mean,-99.9999999999992,1.1071925178547821,group_mean,0.06779139360586985
ets_attnseg_ce,ets attnseg ce,mean,-89.99999999999919,1.1214105017870577,group_mean,0.06827088471371151
ets_attnseg_ce,ets attnseg ce,mean,-79.99999999999918,1.134302137272913,group_mean,0.06853834865724717
ets_attnseg_ce,ets attnseg ce,mean,-69.99999999999918,1.1452757588564662,group_mean,0.0684710895676709
ets_attnseg_ce,ets attnseg ce,mean,-59.99999999999916,1.1546099657319577,group_mean,0.0683210906725807
ets_attnseg_ce,ets attnseg ce,mean,-49.999999999999154,1.1626720642709343,group_mean,0.06791352409470922
ets_attnseg_ce,ets attnseg ce,mean,-39.99999999999915,1.1687683151417914,group_mean,0.06716983013381338
ets_attnseg_ce,ets attnseg ce,mean,-29.99999999999914,1.1731470197088896,group_mean,0.06633322242998303
ets_attnseg_ce,ets attnseg ce,mean,-19.99999999999913,1.1758829581644539,group_mean,0.06550127341363716
ets_attnseg_ce,ets attnseg ce,mean,-9.99999999999912,1.1769762477988113,group_mean,0.06446181813975514
ets_attnseg_ce,ets attnseg ce,mean,8.881784197001252e-13,1.175784259149054,group_mean,0.063269811125181
ets_attnseg_ce,ets attnseg ce,mean,10.000000000000897,1.1733473585439627,group_mean,0.06188241409271537
ets_attnseg_ce,ets attnseg ce,mean,20.000000000000906,1.169105199995841,group_mean,0.060371144216624206
ets_attnseg_ce,ets attnseg ce,mean,30.000000000000917,1.1630369907718254,group_mean,0.058758198161950964
ets_attnseg_ce,ets attnseg ce,mean,40.000000000000924,1.1552154170183613,group_mean,0.057163817299496614
ets_attnseg_ce,ets attnseg ce,mean,50.00000000000093,1.1457137438790026,group_mean,0.05553299594248041
ets_attnseg_ce,ets attnseg ce,mean,60.00000000000094,1.1347628141554902,group_mean,0.05416907143981461
ets_attnseg_ce,ets attnseg ce,mean,70.00000000000095,1.122373193642603,group_mean,0.05281395568729024
ets_attnseg_ce,ets attnseg ce,mean,80.00000000000097,1.1086063408485192,group_mean,0.051461889456237996
ets_attnseg_ce,ets attnseg ce,mean,90.00000000000097,1.094300408755172,group_mean,0.050216309885999906
ets_attnseg_ce,ets attnseg ce,mean,100.00000000000098,1.0789555566127265,group_mean,0.04926244826991001
ets_attnseg_ce,ets attnseg ce,mean,110.00000000000098,1.0619898505186882,group_mean,0.04829795270661803
ets_attnseg_ce,ets attnseg ce,mean,120.000000000001,1.045250309375131,group_mean,0.04766679250235254
ets_attnseg_ce,ets attnseg ce,mean,130.000000000001,1.027448179897267,group_mean,0.04704449219842179
ets_attnseg_ce,ets attnseg ce,mean,140.00000000000102,1.0083143176955216,group_mean,0.04656085344744952
ets_attnseg_ce,ets attnseg ce,mean,150.00000000000102,0.9895520902338688,group_mean,0.04635392236214531
ets_attnseg_ce,ets attnseg ce,mean,160.00000000000102,0.9692856585295411,group_mean,0.04620297462810488
ets_attnseg_ce,ets attnseg ce,mean,170.00000000000105,0.9489036827549848,group_mean,0.046228635945637093
ets_attnseg_ce,ets attnseg ce,mean,180.00000000000105,0.9294882848161942,group_mean,0.04639623278882331
ets_attnseg_ce,ets attnseg ce,mean,190.00000000000105,0.908297346647724,group_mean,0.046478888268332984
ets_attnseg_ce,ets attnseg ce,mean,200.00000000000108,0.8868937859157571,group_mean,0.046627564861392634
ets_attnseg_ce,ets attnseg ce,mean,210.00000000000108,0.8665625619869342,group_mean,0.046878145290859735
ets_attnseg_ce,ets attnseg ce,mean,220.00000000000108,0.8446769489942708,group_mean,0.04701407632781543
ets_attnseg_ce,ets attnseg ce,mean,230.00000000000108,0.8231795549983664,group_mean,0.04727330081889444
ets_attnseg_ce,ets attnseg ce,mean,240.0000000000011,0.8021947394229855,group_mean,0.047533070239660746
ets_attnseg_ce,ets attnseg ce,mean,250.0000000000011,0.7813820930885094,group_mean,0.04777215730604924
ets_attnseg_ce,ets attnseg ce,mean,260.00000000000114,0.7608468666615147,group_mean,0.04791203593483165
ets_attnseg_ce,ets attnseg ce,mean,270.00000000000114,0.7403336329199345,group_mean,0.047990658598053675
ets_attnseg_ce,ets attnseg ce,mean,280.00000000000114,0.7211689239410297,group_mean,0.0481225659582585
ets_attnseg_ce,ets attnseg ce,mean,290.00000000000114,0.7016761962695417,group_mean,0.048111938569773444
ets_attnseg_ce,ets attnseg ce,mean,300.00000000000114,0.6825941814825318,group_mean,0.04799985675524992
ets_attnseg_ce,ets attnseg ce,mean,310.00000000000114,0.6648961845956814,group_mean,0.04790913401337405
ets_attnseg_ce,ets attnseg ce,mean,320.0000000000012,0.6466272868475336,group_mean,0.04760404553529527
ets_attnseg_ce,ets attnseg ce,mean,330.0000000000012,0.6284688738497046,group_mean,0.047171816488811025
ets_attnseg_ce,ets attnseg ce,mean,340.0000000000012,0.6120294798166872,group_mean,0.04674425152128836
ets_attnseg_ce,ets attnseg ce,mean,350.0000000000012,0.5955897290966587,group_mean,0.046295832669772954
ets_attnseg_ce,ets attnseg ce,mean,360.0000000000012,0.5790842827166098,group_mean,0.04570314835627369
ets_attnseg_ce,ets attnseg ce,mean,370.0000000000012,0.5639802490869207,group_mean,0.04505193449678898
ets_attnseg_ce,ets attnseg ce,mean,380.00000000000125,0.5485507773255469,group_mean,0.04429682979341873
ets_attnseg_ce,ets attnseg ce,mean,390.00000000000125,0.5334203128019344,group_mean,0.04352152655285363
ets_attnseg_ce,ets attnseg ce,mean,400.00000000000125,0.520120325053754,group_mean,0.042841343421462036
ets_attnseg_ce,ets attnseg ce,mean,410.00000000000125,0.5058665441807833,group_mean,0.04204785174190471
ets_attnseg_ce,ets attnseg ce,mean,420.00000000000125,0.493337666464918,group_mean,0.04124989760134751
ets_attnseg_ce,ets attnseg ce,mean,430.00000000000125,0.48157863119759714,group_mean,0.040500971265106316
ets_attnseg_ce,ets attnseg ce,mean,440.00000000000125,0.4689742040672886,group_mean,0.0396885606595908
ets_attnseg_ce,ets attnseg ce,mean,450.0000000000013,0.456973823275354,group_mean,0.03888010117145443
ets_attnseg_ce,ets attnseg ce,mean,460.0000000000013,0.44660915241177734,group_mean,0.038151914923122
ets_attnseg_ce,ets attnseg ce,mean,470.0000000000013,0.4353360133080989,group_mean,0.03740084063117517
ets_attnseg_ce,ets attnseg ce,mean,480.0000000000013,0.4248977269598336,group_mean,0.03662220315036208
ets_attnseg_ce,ets attnseg ce,mean,490.0000000000013,0.41624100308250717,group_mean,0.03589884022677134
ets_attnseg_ce,ets attnseg ce,mean,500.0000000000013,0.40645462769369284,group_mean,0.03512775708167038
ets_attnseg_ce,ets attnseg ce,mean,510.00000000000136,0.39755216371689867,group_mean,0.03442550017384476
ets_attnseg_ce,ets attnseg ce,mean,520.0000000000014,0.38861727775361316,group_mean,0.033645980518827404
ets_attnseg_ce,ets attnseg ce,mean,530.0000000000014,0.3816820258224304,group_mean,0.03300102660976136
ets_attnseg_ce,ets attnseg ce,mean,540.0000000000014,0.3739626643150801,group_mean,0.032311604391032575
ets_attnseg_ce,ets attnseg ce,mean,550.0000000000014,0.36577011785581426,group_mean,0.03166793347087791
ets_attnseg_ce,ets attnseg ce,mean,560.0000000000014,0.3597991953563696,group_mean,0.03120114973987345
ets_attnseg_ce,ets attnseg ce,mean,570.0000000000014,0.3531465188342958,group_mean,0.03063501175039784
ets_attnseg_ce,ets attnseg ce,mean,580.0000000000014,0.34626610350562714,group_mean,0.030012762033401672
ets_attnseg_ce,ets attnseg ce,mean,590.0000000000014,0.3411277721952176,group_mean,0.029458692878969385
ets_attnseg_ce,ets attnseg ce,mean,600.0000000000014,0.3353611884824922,group_mean,0.028903976181940932
ets_attnseg_ce,ets attnseg ce,mean,610.0000000000015,0.32925134576021964,group_mean,0.028470012091788705
ets_attnseg_ce,ets attnseg ce,mean,620.0000000000015,0.3256084877691074,group_mean,0.02807868363732772
ets_attnseg_ce,ets attnseg ce,mean,630.0000000000015,0.32099846084206674,group_mean,0.027639640249305347
ets_attnseg_ce,ets attnseg ce,mean,640.0000000000015,0.31560290961362486,group_mean,0.02726527881775771
ets_attnseg_ce,ets attnseg ce,mean,650.0000000000015,0.3122170447305325,group_mean,0.02700260216296953
ets_attnseg_ce,ets attnseg ce,mean,660.0000000000015,0.307203692957129,group_mean,0.026727571013816297
ets_attnseg_ce,ets attnseg ce,mean,670.0000000000015,0.30316787659268346,group_mean,0.026427701231252553
ets_attnseg_ce,ets attnseg ce,mean,680.0000000000015,0.3007721646802789,group_mean,0.026207886091325176
ets_attnseg_ce,ets attnseg ce,mean,690.0000000000015,0.29717370003991234,group_mean,0.026030687127714777
ets_attnseg_ce,ets attnseg ce,mean,700.0000000000015,0.29366238870051137,group_mean,0.02583253275891928
ets_attnseg_ce,ets attnseg ce,mean,710.0000000000015,0.2919945989277913,group_mean,0.02571391789725502
ets_attnseg_ce,ets attnseg ce,mean,720.0000000000015,0.2879887627550191,group_mean,0.025706119484824857
ets_attnseg_ce,ets attnseg ce,mean,730.0000000000016,0.2853334119313873,group_mean,0.02558979940545967
ets_attnseg_ce,ets attnseg ce,mean,740.0000000000016,0.28479378615864176,group_mean,0.02564245663607799
ets_attnseg_ce,ets attnseg ce,mean,750.0000000000016,0.28224186403468654,group_mean,0.025600125803547723
ets_attnseg_ce,ets attnseg ce,mean,760.0000000000016,0.2798402805159078,group_mean,0.02543070181813565
ets_attnseg_ce,ets attnseg ce,mean,770.0000000000016,0.2793390645653585,group_mean,0.025270930128883536
ets_attnseg_ce,ets attnseg ce,mean,780.0000000000016,0.27645781406412884,group_mean,0.0251515619614088
ets_attnseg_ce,ets attnseg ce,mean,790.0000000000016,0.2751828949530533,group_mean,0.025067203631629054
ets_attnseg_ce,ets attnseg ce,mean,800.0000000000016,0.273171252117369,group_mean,0.025099153021926873
ets_attnseg_ce,ets attnseg ce,mean,810.0000000000016,0.27407600701469287,group_mean,0.025093486257358882
ets_attnseg_ce,ets attnseg ce,mean,820.0000000000016,0.2727225281524021,group_mean,0.02515221243680469
ets_attnseg_ce,ets attnseg ce,mean,830.0000000000016,0.27016183146765793,group_mean,0.025186486271132725
ets_attnseg_ce,ets attnseg ce,mean,840.0000000000016,0.27060206023210337,group_mean,0.02536020920357738
ets_attnseg_ce,ets attnseg ce,mean,850.0000000000016,0.27028942883689316,group_mean,0.025595412703269836
ets_attnseg_ce,ets attnseg ce,mean,860.0000000000017,0.2686196717973851,group_mean,0.025722260603902283
ets_attnseg_ce,ets attnseg ce,mean,870.0000000000017,0.26981288663074987,group_mean,0.02585523921976882
ets_attnseg_ce,ets attnseg ce,mean,880.0000000000017,0.2680446193244853,group_mean,0.025766877388409052
ets_attnseg_ce,ets attnseg ce,mean,890.0000000000017,0.2664309828142102,group_mean,0.0257909938081825
ets_attnseg_ce,ets attnseg ce,mean,900.0000000000017,0.26740529663449386,group_mean,0.025774298828222467
ets_attnseg_ce,ets attnseg ce,mean,910.0000000000017,0.26654723509478545,group_mean,0.025791688785776985
ets_attnseg_ce,ets attnseg ce,mean,920.0000000000017,0.2665524656443278,group_mean,0.02580606508223135
ets_attnseg_ce,ets attnseg ce,mean,930.0000000000017,0.26819228559328967,group_mean,0.025935982013376303
ets_attnseg_ce,ets attnseg ce,mean,940.0000000000017,0.26645426412394463,group_mean,0.026008962135926152
ets_attnseg_ce,ets attnseg ce,mean,950.0000000000017,0.2665757274535349,group_mean,0.02600836337611225
ets_attnseg_ce,ets attnseg ce,mean,960.0000000000017,0.26792596566261717,group_mean,0.02626068634832781
ets_attnseg_ce,ets attnseg ce,mean,970.0000000000017,0.26686895379851405,group_mean,0.026317660811224736
ets_attnseg_ce,ets attnseg ce,mean,980.0000000000017,0.26713084482350846,group_mean,0.026484588988484905
ets_attnseg_ce,ets attnseg ce,mean,990.0000000000018,0.2701124014681255,group_mean,0.026775000054344043
ets_attnseg_ce,ets attnseg ce,mean,1000.0000000000018,0.26898706221043367,group_mean,0.02702758812159375
